<?xml version="1.0"?>
<Page Version="4000" TimeStamp="2014-10-02 11:08:38">
	<Location top="23" left="4" bottom="644" right="768" />
	<PageEditSize Type="Inherited">
		<Size Width="772" Height="622" />
	</PageEditSize>
	<ProjectUUID>411D9A29-729E-4E41-B2E9-5D745B24319D</ProjectUUID>
	<TemplatesTabOrderPosition>1</TemplatesTabOrderPosition>
	<ResizeData>
		<MainArea Line="FixedFromTop" Value="99">
			<TopArea Line="FixedFromLeft" Value="200" />
			<BottomArea Line="FixedFromLeft" Value="201">
				<LeftArea Line="FixedFromTop" Value="204" />
				<RightArea Line="FixedFromTop" Value="85" />
			</BottomArea>
		</MainArea>
	</ResizeData>
	<Background Inherited="true" />
	<HorizontalGridDistance>3</HorizontalGridDistance>
	<VerticalGridDistance>3</VerticalGridDistance>
	<PageObject Type="Button">
		<Location top="186" left="6" bottom="210" right="192" />
		<TabOrder>3</TabOrder>
		<LeaveOnEnter>false</LeaveOnEnter>
		<ButtonType>Text</ButtonType>
		<Transparent>true</Transparent>
		<ForegroundColor>
			<UserColor GUID="23F33851-505F-45B5-AA1F-5360CB8B3EFB">Text Blue</UserColor>
		</ForegroundColor>
		<Font GUID="0BDEF216-23B3-4F0F-B5D6-83C5A7303CF9" Name="Buttons" />
		<ActionSequence>
			<Action Type="GotoPage">
				<Destination>Parent</Destination>
			</Action>
		</ActionSequence>
	</PageObject>
	<PageObject Type="Text">
		<Location top="192" left="18" bottom="210" right="195" />
		<StaticText>Problem Description</StaticText>
		<Font GUID="C82FBF27-1614-41C9-B718-A431388D2B5A" Name="General Text" />
		<TextColor>
			<UserColor GUID="1798981A-C40D-4713-BC08-E97545963465">Link</UserColor>
		</TextColor>
	</PageObject>
	<PageObject Type="Pivot Table">
		<Location top="237" left="204" bottom="414" right="765" />
		<TabOrder>4</TabOrder>
		<ObjectUUID>7036325E-A2A3-4BA7-9A2C-94F78E0A8730</ObjectUUID>
		<Font GUID="00000000-0000-0000-0000-000000000001" Name="Main Font" />
		<Border Style="InShadow" Width="2" MarginTop="5" MarginRight="5" MarginBottom="5" MarginLeft="5" />
		<Contents>
			<Explicit_Identifier>
				<Identifier ID="4110">RequiredLabor( p )</Identifier>
				<Title ID="4120">"Required Labor"</Title>
			</Explicit_Identifier>
			<Explicit_Identifier>
				<Identifier ID="4110">ProfitContribution( p )</Identifier>
				<Title ID="4120">"Profit Contribution"</Title>
			</Explicit_Identifier>
			<Explicit_Identifier>
				<Identifier ID="4110">Production( p )</Identifier>
				<Colors>
					<Background_Color ID="4160">CCB23DE4-D3C9-4647-BE46-7A1779576484 Background yellow</Background_Color>
				</Colors>
			</Explicit_Identifier>
		</Contents>
		<Indices>
			<Explicit_Index>
				<Index ID="6510">p</Index>
				<Header_Title ID="6530">"Product"</Header_Title>
			</Explicit_Index>
			<Identifier_Index>
				<Header_Title ID="6230">" "</Header_Title>
			</Identifier_Index>
		</Indices>
		<General>
			<Save_Layout_State>
				<By_End_User ID="1040">"No"</By_End_User>
			</Save_Layout_State>
		</General>
		<Row_Area>
			<Background_Color ID="2010">RGB&lt;255,255,200&gt;</Background_Color>
			<Text_Color ExtraInfo="D4F48705-BFDF-4DF8-8E1F-D38EFF981024" ID="2020">"default selection"</Text_Color>
			<Font ExtraInfo="428A93A5-26E1-4F42-8B0F-227299B289C7" ID="2045">"Table Text"</Font>
			<Headers>
				<Background_Color ExtraInfo="D4F48705-BFDF-4DF8-8E1F-D38EFF981024" ID="2120">"default selection"</Background_Color>
				<Text_Color ID="2130">RGB&lt;255,255,255&gt;</Text_Color>
			</Headers>
		</Row_Area>
		<Grid_Area>
			<Background_Color ID="5010">RGB&lt;255,255,255&gt;</Background_Color>
			<Font ExtraInfo="428A93A5-26E1-4F42-8B0F-227299B289C7" ID="5045">"Table Text"</Font>
			<Aggregators>
				<Background_Color ID="5220">RGB&lt;255,128,128&gt;</Background_Color>
			</Aggregators>
			<Sub_Header_Row_or_Column>
				<Background_Color ID="5320">RGB&lt;255,255,200&gt;</Background_Color>
			</Sub_Header_Row_or_Column>
		</Grid_Area>
	</PageObject>
	<PageObject Type="Button">
		<Location top="216" left="6" bottom="240" right="192" />
		<TabOrder>2</TabOrder>
		<LeaveOnEnter>false</LeaveOnEnter>
		<ButtonType>Text</ButtonType>
		<Transparent>true</Transparent>
		<ForegroundColor>
			<UserColor GUID="23F33851-505F-45B5-AA1F-5360CB8B3EFB">Text Blue</UserColor>
		</ForegroundColor>
		<Font GUID="0BDEF216-23B3-4F0F-B5D6-83C5A7303CF9" Name="Buttons" />
		<ActionSequence>
			<Action Type="LinkedPage">
				<Page PageGUID="09279A00-C23D-4C9F-B2C7-C3CB10452C92" Name="Source Article" />
			</Action>
		</ActionSequence>
	</PageObject>
	<PageObject Type="Text">
		<Location top="222" left="18" bottom="240" right="195" />
		<StaticText>Source Article</StaticText>
		<Font GUID="C82FBF27-1614-41C9-B718-A431388D2B5A" Name="General Text" />
		<TextColor>
			<UserColor GUID="1798981A-C40D-4713-BC08-E97545963465">Link</UserColor>
		</TextColor>
	</PageObject>
	<PageObject Type="Button">
		<Location top="420" left="576" bottom="447" right="765" />
		<TabOrder>5</TabOrder>
		<LeaveOnEnter>false</LeaveOnEnter>
		<ButtonType>Text</ButtonType>
		<Title>"Solve"</Title>
		<Font GUID="0BDEF216-23B3-4F0F-B5D6-83C5A7303CF9" Name="Buttons" />
		<ActionSequence>
			<Action Type="Run">
				<RunWhat>SpecificProcecure</RunWhat>
				<Procedure>MainExecution</Procedure>
				<AbortOnError>true</AbortOnError>
			</Action>
		</ActionSequence>
	</PageObject>
	<PageObject Type="Pivot Table">
		<Location top="456" left="204" bottom="606" right="765" />
		<TabOrder>6</TabOrder>
		<ObjectUUID>432EB6CC-0B0D-4D95-90FC-704DD2432659</ObjectUUID>
		<Font GUID="00000000-0000-0000-0000-000000000001" Name="Main Font" />
		<Border Style="InShadow" Width="2" MarginTop="5" MarginRight="5" MarginBottom="5" MarginLeft="5" />
		<Contents>
			<Explicit_Identifier>
				<Identifier ID="4110">AchieveProfit.Violation</Identifier>
				<Title ID="4120">"Achieve Profit Goal deviation"</Title>
				<Colors>
					<Background_Color ID="4160">CCB23DE4-D3C9-4647-BE46-7A1779576484 Background yellow</Background_Color>
				</Colors>
			</Explicit_Identifier>
			<Explicit_Identifier>
				<Identifier ID="4110">AssureLabor.Violation</Identifier>
				<Title ID="4120">"Assure Labor Goal deviation"</Title>
				<Colors>
					<Background_Color ID="4160">CCB23DE4-D3C9-4647-BE46-7A1779576484 Background yellow</Background_Color>
				</Colors>
			</Explicit_Identifier>
			<Explicit_Identifier>
				<Identifier ID="4110">AssureProductionNeeds.Violation( p )</Identifier>
				<Title ID="4120">"Assure Production Needs Goal deviation"</Title>
				<Colors>
					<Background_Color ID="4160">CCB23DE4-D3C9-4647-BE46-7A1779576484 Background yellow</Background_Color>
				</Colors>
			</Explicit_Identifier>
		</Contents>
		<Indices>
			<Explicit_Index>
				<Index ID="6510">p</Index>
				<Header_Title ID="6530">"Product"</Header_Title>
			</Explicit_Index>
			<Identifier_Index>
				<Header_Title ID="6230">" "</Header_Title>
			</Identifier_Index>
		</Indices>
		<Row_Area>
			<Background_Color ID="2010">RGB&lt;255,255,200&gt;</Background_Color>
			<Text_Color ExtraInfo="D4F48705-BFDF-4DF8-8E1F-D38EFF981024" ID="2020">"default selection"</Text_Color>
			<Font ExtraInfo="428A93A5-26E1-4F42-8B0F-227299B289C7" ID="2045">"Table Text"</Font>
			<Headers>
				<Background_Color ExtraInfo="D4F48705-BFDF-4DF8-8E1F-D38EFF981024" ID="2120">"default selection"</Background_Color>
				<Text_Color ID="2130">RGB&lt;255,255,255&gt;</Text_Color>
			</Headers>
		</Row_Area>
		<Grid_Area>
			<Background_Color ID="5010">RGB&lt;255,255,255&gt;</Background_Color>
			<Alternating_Background_Color ID="5011">RGB&lt;225,225,225&gt;</Alternating_Background_Color>
			<Font ExtraInfo="428A93A5-26E1-4F42-8B0F-227299B289C7" ID="5045">"Table Text"</Font>
			<Aggregators>
				<Background_Color ID="5220">RGB&lt;255,128,128&gt;</Background_Color>
			</Aggregators>
			<Sub_Header_Row_or_Column>
				<Background_Color ID="5320">RGB&lt;255,255,200&gt;</Background_Color>
			</Sub_Header_Row_or_Column>
		</Grid_Area>
	</PageObject>
	<PageObject Type="Scalar">
		<Location top="189" left="204" bottom="231" right="477" />
		<TabOrder>7</TabOrder>
		<Font GUID="428A93A5-26E1-4F42-8B0F-227299B289C7" Name="Table Text" />
		<Border Style="InShadow" Width="2" MarginTop="5" MarginRight="5" MarginBottom="5" MarginLeft="5" />
		<BackgroundColor RGB="#ffffff" />
		<Layout>Text-Value</Layout>
		<SeparatorSign>=</SeparatorSign>
		<ExplicitIdentifier>
			<Identifier>AvailableLabor</Identifier>
			<NumberFormat Width="5" Decimals="1" Scientific="IfTooSmallorLarge" Alignment="Center" ShowDefaults="true" />
			<Title>"Available Labor"</Title>
		</ExplicitIdentifier>
		<ExplicitIdentifier>
			<Identifier>ProfitGoal</Identifier>
			<NumberFormat Width="5" Decimals="1" Scientific="IfTooSmallorLarge" Alignment="Center" ShowDefaults="true" />
			<Title>"Company goal in profits"</Title>
			<DescriptionFromIdentifierName>false</DescriptionFromIdentifierName>
		</ExplicitIdentifier>
	</PageObject>
	<UsedReferences>
		<Model>
			<Symbol>RequiredLabor</Symbol>
			<Symbol>AvailableLabor</Symbol>
			<Symbol>ProfitContribution</Symbol>
			<Symbol>ProfitGoal</Symbol>
			<Symbol>Production</Symbol>
			<Symbol>AchieveProfit</Symbol>
			<Symbol>AssureLabor</Symbol>
			<Symbol>AssureProductionNeeds</Symbol>
			<Symbol>MainExecution</Symbol>
			<Symbol>p</Symbol>
		</Model>
	</UsedReferences>
</Page>
