<?xml version="1.0" encoding="UTF-8"?><!-- generated by jsonxx 0.22-a -->
<json:object xsi:schemaLocation="http://www.datapower.com/schemas/json jsonx.xsd" xmlns:xsi="http://www.w3.org/2001/XMLSchema-instance" xmlns:json="http://www.ibm.com/xmlns/prod/2009/jsonx">
	<json:number name="result_index">0</json:number>
	<json:array name="results">
		<json:object>
			<json:array name="alternatives">
				<json:object>
					<json:number name="confidence">0.99</json:number>
					<json:string name="transcript">the space shuttle enterprise was the first orbiter of the space shuttle system rolled out on September seventeenth nineteen seventy six it was built for NASA is part of the space shuttle program to perform atmospheric test flights after being launched from a modified Boeing seven forty seven </json:string>
				</json:object>
			</json:array>
			<json:boolean name="final">true</json:boolean>
		</json:object>
	</json:array>
	<json:array name="warnings">
		<json:string>Unknown arguments: continuous.</json:string>
	</json:array>
</json:object>

