<?xml version="1.0"?>
<Page Version="4000" TimeStamp="2010-07-23 00:22:34">
	<Location top="23" left="4" bottom="644" right="768" />
	<PageEditSize Type="Inherited">
		<Size Width="772" Height="622" />
	</PageEditSize>
	<ProjectUUID>2B7E71F6-A21C-40EE-A485-B75A84B1EEB2</ProjectUUID>
	<TemplatesTabOrderPosition>2</TemplatesTabOrderPosition>
	<ResizeData>
		<MainArea Line="FixedFromTop" Value="99">
			<TopArea Line="FixedFromLeft" Value="200" />
			<BottomArea Line="FixedFromLeft" Value="200">
				<LeftArea Line="FixedFromTop" Value="204">
					<BottomArea Line="FixedFromTop" Value="134" />
				</LeftArea>
				<RightArea Line="FixedFromTop" Value="85" />
			</BottomArea>
		</MainArea>
	</ResizeData>
	<Background Inherited="true" />
	<HorizontalGridDistance>3</HorizontalGridDistance>
	<VerticalGridDistance>3</VerticalGridDistance>
	<PageObject Type="Selection Object">
		<SelectionType>CheckBoxes</SelectionType>
		<Location top="189" left="207" bottom="219" right="762" />
		<ReadOnly>"Yes"</ReadOnly>
		<TabOrder>11</TabOrder>
		<Font GUID="00000000-0000-0000-0000-000000000001" Name="Main Font" />
		<TextShown>IdentifierText</TextShown>
		<Border Style="InShadow" Width="2" MarginTop="5" MarginRight="5" MarginBottom="5" MarginLeft="5" />
		<BackgroundColor RGB="#ffffff" />
		<ExplicitIdentifier>
			<Identifier>DoSurvey</Identifier>
		</ExplicitIdentifier>
	</PageObject>
	<PageObject Type="Table">
		<Location top="237" left="207" bottom="309" right="474" />
		<ReadOnly>"Yes"</ReadOnly>
		<TabOrder>10</TabOrder>
		<Font GUID="00000000-0000-0000-0000-000000000001" Name="Main Font" />
		<Border Style="InShadow" Width="2" MarginTop="5" MarginRight="5" MarginBottom="5" MarginLeft="5" />
		<BackgroundColor RGB="#ffffff" />
		<RowIndentation>3</RowIndentation>
		<ElementTextAsTooltip>false</ElementTextAsTooltip>
		<ExplicitIdentifier>
			<Identifier>Drill( s )</Identifier>
			<FirstColumn>1</FirstColumn>
			<NumberFormat Width="3" Decimals="0" Alignment="Center" Binary="true" />
		</ExplicitIdentifier>
		<ExplicitIdentifier>
			<Identifier>DrillDepth( s )</Identifier>
			<FirstColumn>1</FirstColumn>
			<NumberFormat Width="5" Decimals="1" />
		</ExplicitIdentifier>
		<ExplicitIdentifier>
			<Identifier>HoleDiameter( s )</Identifier>
			<FirstColumn>1</FirstColumn>
			<NumberFormat Width="5" Decimals="1" />
		</ExplicitIdentifier>
	</PageObject>
	<PageObject Type="Composite Table">
		<Location top="318" left="207" bottom="405" right="762" />
		<ReadOnly>"Yes"</ReadOnly>
		<TabOrder>3</TabOrder>
		<Font GUID="00000000-0000-0000-0000-000000000001" Name="Main Font" />
		<Border Style="InShadow" Width="2" MarginTop="5" MarginRight="5" MarginBottom="5" MarginLeft="5" />
		<BackgroundColor RGB="#ffffff" />
		<Domain>
			<Identifier>s</Identifier>
			<Index Name="s">
				<TitleText>"Survey Outcome"</TitleText>
			</Index>
		</Domain>
		<ExplicitIdentifier>
			<Identifier>InputExpression_CostOfDrilling</Identifier>
			<NumberFormat Width="15" Decimals="0" Alignment="Left" />
			<TitleText>"Input Expression"</TitleText>
		</ExplicitIdentifier>
		<ExplicitIdentifier>
			<Identifier>CostOfDrilling( s )</Identifier>
			<NumberFormat Width="12" Decimals="1" ThousandSeparator="true" Alignment="Center" />
			<TitleText>"Cost of drilling"</TitleText>
		</ExplicitIdentifier>
	</PageObject>
	<PageObject Type="Composite Table">
		<Location top="420" left="207" bottom="507" right="762" />
		<ReadOnly>"Yes"</ReadOnly>
		<TabOrder>4</TabOrder>
		<Font GUID="00000000-0000-0000-0000-000000000001" Name="Main Font" />
		<Border Style="InShadow" Width="2" MarginTop="5" MarginRight="5" MarginBottom="5" MarginLeft="5" />
		<BackgroundColor RGB="#ffffff" />
		<Domain>
			<Identifier>s</Identifier>
			<Index Name="s">
				<TitleText>"Survey Outcome"</TitleText>
			</Index>
		</Domain>
		<ExplicitIdentifier>
			<Identifier>InputExpression_ProbabilityOfOutcome( s )</Identifier>
			<NumberFormat Width="15" Decimals="0" Alignment="Left" />
			<TitleText>"Input Expression"</TitleText>
		</ExplicitIdentifier>
		<ExplicitIdentifier>
			<Identifier>ProbabilityOfOutcome( s )</Identifier>
			<NumberFormat Width="6" Decimals="3" Alignment="Center" />
		</ExplicitIdentifier>
	</PageObject>
	<PageObject Type="Composite Table">
		<Location top="528" left="207" bottom="615" right="762" />
		<ReadOnly>"Yes"</ReadOnly>
		<TabOrder>8</TabOrder>
		<Font GUID="00000000-0000-0000-0000-000000000001" Name="Main Font" />
		<Border Style="InShadow" Width="2" MarginTop="5" MarginRight="5" MarginBottom="5" MarginLeft="5" />
		<BackgroundColor RGB="#ffffff" />
		<Domain>
			<Identifier>s</Identifier>
			<Index Name="s">
				<TitleText>"Survey Outcome"</TitleText>
			</Index>
		</Domain>
		<ExplicitIdentifier>
			<Identifier>InputExpression_PayOffForOil</Identifier>
			<NumberFormat Width="15" Decimals="0" Alignment="Left" />
			<TitleText>"Probability of finding oil"</TitleText>
		</ExplicitIdentifier>
		<ExplicitIdentifier>
			<Identifier>PayOffForOil( s )</Identifier>
			<NumberFormat Width="12" Decimals="1" ThousandSeparator="true" Alignment="Center" />
			<TitleText>"Oil Payoff"</TitleText>
		</ExplicitIdentifier>
	</PageObject>
	<PageObject Type="Button">
		<Location top="336" left="6" bottom="360" right="192" />
		<TabOrder>12</TabOrder>
		<ButtonType>Text</ButtonType>
		<Title>"Solve"</Title>
		<ForegroundColor>
			<UserColor GUID="23F33851-505F-45B5-AA1F-5360CB8B3EFB">Text Blue</UserColor>
		</ForegroundColor>
		<Font GUID="0BDEF216-23B3-4F0F-B5D6-83C5A7303CF9" Name="Buttons" />
		<ActionSequence>
			<Action Type="Run">
				<RunWhat>SpecificProcecure</RunWhat>
				<Procedure>MainExecution</Procedure>
				<AbortOnError>true</AbortOnError>
			</Action>
		</ActionSequence>
	</PageObject>
	<PageObject Type="Rectangle">
		<Location top="309" left="6" bottom="333" right="192" />
		<FillColor>
			<UserColor GUID="A3839E01-47DC-46BB-819D-6CECB851B151">Bar Blue</UserColor>
		</FillColor>
		<LineColor>
			<UserColor GUID="A3839E01-47DC-46BB-819D-6CECB851B151">Bar Blue</UserColor>
		</LineColor>
	</PageObject>
	<PageObject Type="Text">
		<Location top="312" left="18" bottom="330" right="186" />
		<StaticText>Execution</StaticText>
		<Font GUID="107CF1DD-5B8E-41FC-BD55-10C950947E3C" Name="Headers" />
		<TextColor>
			<UserColor GUID="23F33851-505F-45B5-AA1F-5360CB8B3EFB">Text Blue</UserColor>
		</TextColor>
	</PageObject>
	<PageObject Type="Button">
		<Location top="186" left="6" bottom="210" right="192" />
		<TabOrder>5</TabOrder>
		<LeaveOnEnter>false</LeaveOnEnter>
		<ButtonType>Text</ButtonType>
		<Title>"Problem Description"</Title>
		<Transparent>true</Transparent>
		<ForegroundColor>
			<UserColor GUID="23F33851-505F-45B5-AA1F-5360CB8B3EFB">Text Blue</UserColor>
		</ForegroundColor>
		<Font GUID="0BDEF216-23B3-4F0F-B5D6-83C5A7303CF9" Name="Buttons" />
		<ActionSequence>
			<Action Type="LinkedPage">
				<Page PageGUID="BD25F234-2DC7-4967-B746-8F89D38169E0" Name="Problem Description" />
			</Action>
		</ActionSequence>
	</PageObject>
	<PageObject Type="Button">
		<Location top="216" left="6" bottom="240" right="192" />
		<TabOrder>7</TabOrder>
		<LeaveOnEnter>false</LeaveOnEnter>
		<ButtonType>Text</ButtonType>
		<Title>"Formulations"</Title>
		<Transparent>true</Transparent>
		<ForegroundColor>
			<UserColor GUID="23F33851-505F-45B5-AA1F-5360CB8B3EFB">Text Blue</UserColor>
		</ForegroundColor>
		<Font GUID="0BDEF216-23B3-4F0F-B5D6-83C5A7303CF9" Name="Buttons" />
		<ActionSequence>
			<Action Type="LinkedPage">
				<Page PageGUID="AC500DFE-C555-4902-8AE8-91722D740F35" Name="Input Formulation" />
			</Action>
		</ActionSequence>
	</PageObject>
	<PageObject Type="Button">
		<Location top="276" left="6" bottom="300" right="192" />
		<TabOrder>1</TabOrder>
		<LeaveOnEnter>false</LeaveOnEnter>
		<ButtonType>Text</ButtonType>
		<Title>"Quit AIMMS"</Title>
		<Transparent>true</Transparent>
		<ForegroundColor>
			<UserColor GUID="23F33851-505F-45B5-AA1F-5360CB8B3EFB">Text Blue</UserColor>
		</ForegroundColor>
		<Font GUID="0BDEF216-23B3-4F0F-B5D6-83C5A7303CF9" Name="Buttons" />
		<ActionSequence>
			<Action Type="MenuCommand">
				<Command>File-Exit</Command>
			</Action>
		</ActionSequence>
	</PageObject>
	<UsedReferences>
		<Model>
			<Symbol>DrillDepth</Symbol>
			<Symbol>MainExecution</Symbol>
			<Symbol>CostOfDrilling</Symbol>
			<Symbol>InputExpression_CostOfDrilling</Symbol>
			<Symbol>Drill</Symbol>
			<Symbol>PayOffForOil</Symbol>
			<Symbol>DoSurvey</Symbol>
			<Symbol>InputExpression_ProbabilityOfOutcome</Symbol>
			<Symbol>InputExpression_PayOffForOil</Symbol>
			<Symbol>HoleDiameter</Symbol>
			<Symbol>ProbabilityOfOutcome</Symbol>
			<Symbol>s</Symbol>
		</Model>
	</UsedReferences>
</Page>
