<?xml version="1.0"?>
<Page Version="4000" TimeStamp="2014-10-02 11:08:38">
	<Location top="23" left="4" bottom="644" right="768" />
	<PageEditSize Type="Inherited">
		<Size Width="772" Height="622" />
	</PageEditSize>
	<ProjectUUID>2B7E71F6-A21C-40EE-A485-B75A84B1EEB2</ProjectUUID>
	<TemplatesTabOrderPosition>3</TemplatesTabOrderPosition>
	<ResizeData>
		<MainArea Line="FixedFromTop" Value="99">
			<TopArea Line="FixedFromLeft" Value="200" />
			<BottomArea Line="FixedFromLeft" Value="201">
				<LeftArea Line="FixedFromTop" Value="204">
					<BottomArea Line="FixedFromTop" Value="310" />
				</LeftArea>
				<RightArea Line="FixedFromTop" Value="85">
					<BottomArea Line="FixedFromTop" Value="116">
						<TopArea Line="FixedFromLeft" Value="86">
							<RightArea Line="FixedFromLeft" Value="413" />
						</TopArea>
						<BottomArea Line="FixedFromTop" Value="199">
							<TopArea Line="FixedFromLeft" Value="87">
								<RightArea Line="FixedFromLeft" Value="412" />
							</TopArea>
							<BottomArea Line="FixedFromLeft" Value="87">
								<RightArea Line="FixedFromLeft" Value="412">
									<LeftArea Line="FixedFromTop" Value="115" />
								</RightArea>
							</BottomArea>
						</BottomArea>
					</BottomArea>
				</RightArea>
			</BottomArea>
		</MainArea>
	</ResizeData>
	<Background Inherited="true" />
	<HorizontalGridDistance>3</HorizontalGridDistance>
	<VerticalGridDistance>3</VerticalGridDistance>
	<PageObject Type="Scalar">
		<Location top="315" left="453" bottom="351" right="687" />
		<TabOrder>6</TabOrder>
		<Font GUID="00000000-0000-0000-0000-000000000001" Name="Main Font" />
		<Border Style="None" Width="2" MarginTop="5" MarginRight="5" MarginBottom="5" MarginLeft="5" />
		<BackgroundColor>
			<UserColor GUID="8387D389-3F4A-4D87-9199-53B0EDCD0359">navy blue</UserColor>
		</BackgroundColor>
		<TextColor RGB="#ffffff" />
		<Layout>Value</Layout>
		<SeparatorSign>:</SeparatorSign>
		<ExplicitIdentifier>
			<Identifier>Results_DrillDecision</Identifier>
			<NumberFormat Width="15" Decimals="0" Alignment="Left" ShowDefaults="true" />
		</ExplicitIdentifier>
	</PageObject>
	<PageObject Type="Selection Object">
		<SelectionType>RadioButtons</SelectionType>
		<Location top="249" left="471" bottom="284" right="687" />
		<Hidden>VALUE := not DoSurvey</Hidden>
		<TabOrder>11</TabOrder>
		<Font GUID="00000000-0000-0000-0000-000000000001" Name="Main Font" />
		<TextShown>ElementName</TextShown>
		<Border Style="None" Width="2" MarginTop="4" MarginRight="5" MarginBottom="4" MarginLeft="5" />
		<BackgroundColor RGB="#ffb895" />
		<TextColor RGB="#000040" />
		<ProcedureUponChange>SolutionsOutput</ProcedureUponChange>
		<ExplicitIdentifier>
			<Identifier>ObtainedResult_Survey</Identifier>
		</ExplicitIdentifier>
	</PageObject>
	<PageObject Type="Scalar">
		<Location top="204" left="453" bottom="240" right="687" />
		<TabOrder>10</TabOrder>
		<Font GUID="00000000-0000-0000-0000-000000000001" Name="Main Font" />
		<Border Style="None" Width="2" MarginTop="5" MarginRight="5" MarginBottom="5" MarginLeft="5" />
		<BackgroundColor>
			<UserColor GUID="8387D389-3F4A-4D87-9199-53B0EDCD0359">navy blue</UserColor>
		</BackgroundColor>
		<TextColor RGB="#ffffff" />
		<Layout>Value</Layout>
		<SeparatorSign>:</SeparatorSign>
		<ExplicitIdentifier>
			<Identifier>Results_SurveyDecision</Identifier>
			<NumberFormat Width="15" Decimals="0" Alignment="Left" ShowDefaults="true" />
		</ExplicitIdentifier>
	</PageObject>
	<PageObject Type="Scalar">
		<Location top="204" left="300" bottom="240" right="453" />
		<TabOrder>24</TabOrder>
		<Font GUID="00000000-0000-0000-0000-000000000001" Name="Main Font" />
		<Border Style="None" Width="2" MarginTop="5" MarginRight="5" MarginBottom="5" MarginLeft="5" />
		<BackgroundColor>
			<UserColor GUID="8387D389-3F4A-4D87-9199-53B0EDCD0359">navy blue</UserColor>
		</BackgroundColor>
		<TextColor RGB="#ffffff" />
		<Layout>Text-Value</Layout>
		<SeparatorSign>=</SeparatorSign>
		<ExplicitIdentifier>
			<Identifier>"Survey"</Identifier>
		</ExplicitIdentifier>
	</PageObject>
	<PageObject Type="Scalar">
		<Location top="315" left="300" bottom="351" right="453" />
		<TabOrder>14</TabOrder>
		<Font GUID="00000000-0000-0000-0000-000000000001" Name="Main Font" />
		<Border Style="None" Width="2" MarginTop="5" MarginRight="5" MarginBottom="5" MarginLeft="5" />
		<BackgroundColor>
			<UserColor GUID="8387D389-3F4A-4D87-9199-53B0EDCD0359">navy blue</UserColor>
		</BackgroundColor>
		<TextColor RGB="#ffffff" />
		<Layout>Text-Value</Layout>
		<SeparatorSign>=</SeparatorSign>
		<ExplicitIdentifier>
			<Identifier>"Oil well"</Identifier>
		</ExplicitIdentifier>
	</PageObject>
	<PageObject Type="Rectangle">
		<Location top="195" left="291" bottom="294" right="696" />
		<Hidden>VALUE := not DoSurvey</Hidden>
		<FillColor>
			<UserColor GUID="B318F277-14B6-4E36-A0D8-9426964E43E5">My Background</UserColor>
		</FillColor>
		<LineColor RGB="#000000" />
	</PageObject>
	<PageObject Type="Scalar">
		<Location top="360" left="453" bottom="396" right="687" />
		<Hidden>VALUE := not Drill( ObtainedResult_Survey )</Hidden>
		<TabOrder>9</TabOrder>
		<Font GUID="00000000-0000-0000-0000-000000000001" Name="Main Font" />
		<Border Style="None" Width="2" MarginTop="5" MarginRight="5" MarginBottom="5" MarginLeft="5" />
		<BackgroundColor>
			<UserColor GUID="8387D389-3F4A-4D87-9199-53B0EDCD0359">navy blue</UserColor>
		</BackgroundColor>
		<TextColor RGB="#ffffff" />
		<Layout>Value</Layout>
		<SeparatorSign>:</SeparatorSign>
		<ExplicitIdentifier>
			<Identifier>Results_DrillDepthDecision</Identifier>
			<NumberFormat Width="15" Decimals="0" Alignment="Left" ShowDefaults="true" />
		</ExplicitIdentifier>
	</PageObject>
	<PageObject Type="Scalar">
		<Location top="405" left="453" bottom="441" right="687" />
		<Hidden>VALUE := not Drill( ObtainedResult_Survey )</Hidden>
		<TabOrder>8</TabOrder>
		<Font GUID="00000000-0000-0000-0000-000000000001" Name="Main Font" />
		<Border Style="None" Width="2" MarginTop="5" MarginRight="5" MarginBottom="5" MarginLeft="5" />
		<BackgroundColor>
			<UserColor GUID="8387D389-3F4A-4D87-9199-53B0EDCD0359">navy blue</UserColor>
		</BackgroundColor>
		<TextColor RGB="#ffffff" />
		<Layout>Value</Layout>
		<SeparatorSign>:</SeparatorSign>
		<ExplicitIdentifier>
			<Identifier>Results_HoleDiameterDecision</Identifier>
			<NumberFormat Width="15" Decimals="0" Alignment="Left" ShowDefaults="true" />
		</ExplicitIdentifier>
	</PageObject>
	<PageObject Type="Scalar">
		<Location top="360" left="300" bottom="396" right="453" />
		<Hidden>VALUE := not Drill( ObtainedResult_Survey )</Hidden>
		<TabOrder>13</TabOrder>
		<Font GUID="00000000-0000-0000-0000-000000000001" Name="Main Font" />
		<Border Style="None" Width="2" MarginTop="5" MarginRight="5" MarginBottom="5" MarginLeft="5" />
		<BackgroundColor>
			<UserColor GUID="8387D389-3F4A-4D87-9199-53B0EDCD0359">navy blue</UserColor>
		</BackgroundColor>
		<TextColor RGB="#ffffff" />
		<Layout>Text-Value</Layout>
		<SeparatorSign>=</SeparatorSign>
		<ExplicitIdentifier>
			<Identifier>"Drill Depth "</Identifier>
		</ExplicitIdentifier>
	</PageObject>
	<PageObject Type="Scalar">
		<Location top="405" left="300" bottom="441" right="453" />
		<Hidden>VALUE := not Drill( ObtainedResult_Survey )</Hidden>
		<TabOrder>12</TabOrder>
		<Font GUID="00000000-0000-0000-0000-000000000001" Name="Main Font" />
		<Border Style="None" Width="2" MarginTop="5" MarginRight="5" MarginBottom="5" MarginLeft="5" />
		<BackgroundColor>
			<UserColor GUID="8387D389-3F4A-4D87-9199-53B0EDCD0359">navy blue</UserColor>
		</BackgroundColor>
		<TextColor RGB="#ffffff" />
		<Layout>Text-Value</Layout>
		<SeparatorSign>=</SeparatorSign>
		<ExplicitIdentifier>
			<Identifier>"Hole Diameter"</Identifier>
		</ExplicitIdentifier>
	</PageObject>
	<PageObject Type="Scalar">
		<Location top="249" left="300" bottom="284" right="471" />
		<Hidden>VALUE := not DoSurvey</Hidden>
		<TabOrder>22</TabOrder>
		<Font GUID="00000000-0000-0000-0000-000000000001" Name="Main Font" />
		<Border Style="None" Width="2" MarginTop="5" MarginRight="5" MarginBottom="5" MarginLeft="5" />
		<BackgroundColor RGB="#ffb895" />
		<TextColor RGB="#000040" />
		<Layout>Text-Value</Layout>
		<SeparatorSign>=</SeparatorSign>
		<ExplicitIdentifier>
			<Identifier>"Enter Survey Result:"</Identifier>
		</ExplicitIdentifier>
	</PageObject>
	<PageObject Type="Rectangle">
		<Location top="306" left="291" bottom="495" right="696" />
		<Hidden>VALUE := not Drill( ObtainedResult_Survey )</Hidden>
		<FillColor>
			<UserColor GUID="B318F277-14B6-4E36-A0D8-9426964E43E5">My Background</UserColor>
		</FillColor>
		<LineColor RGB="#000000" />
	</PageObject>
	<PageObject Type="Scalar">
		<Location top="450" left="300" bottom="485" right="471" />
		<Hidden>VALUE := not Drill( ObtainedResult_Survey )</Hidden>
		<TabOrder>21</TabOrder>
		<Font GUID="00000000-0000-0000-0000-000000000001" Name="Main Font" />
		<Border Style="None" Width="2" MarginTop="5" MarginRight="5" MarginBottom="5" MarginLeft="5" />
		<BackgroundColor RGB="#ffb895" />
		<TextColor RGB="#000040" />
		<Layout>Text-Value</Layout>
		<SeparatorSign>=</SeparatorSign>
		<ExplicitIdentifier>
			<Identifier>"Enter Drill Result:"</Identifier>
		</ExplicitIdentifier>
	</PageObject>
	<PageObject Type="Rectangle">
		<Location top="306" left="291" bottom="360" right="696" />
		<Hidden>VALUE := Drill( ObtainedResult_Survey )</Hidden>
		<FillColor>
			<UserColor GUID="B318F277-14B6-4E36-A0D8-9426964E43E5">My Background</UserColor>
		</FillColor>
		<LineColor RGB="#000000" />
	</PageObject>
	<PageObject Type="Rectangle">
		<Location top="195" left="291" bottom="249" right="696" />
		<Hidden>VALUE := DoSurvey</Hidden>
		<FillColor>
			<UserColor GUID="B318F277-14B6-4E36-A0D8-9426964E43E5">My Background</UserColor>
		</FillColor>
		<LineColor RGB="#000000" />
	</PageObject>
	<PageObject Type="Rectangle">
		<Location top="504" left="291" bottom="600" right="696" />
		<FillColor>
			<UserColor GUID="B318F277-14B6-4E36-A0D8-9426964E43E5">My Background</UserColor>
		</FillColor>
		<LineColor RGB="#000000" />
	</PageObject>
	<PageObject Type="Scalar">
		<Location top="513" left="462" bottom="549" right="552" />
		<TabOrder>7</TabOrder>
		<Font GUID="00000000-0000-0000-0000-000000000001" Name="Main Font" />
		<Border Style="None" Width="2" MarginTop="5" MarginRight="5" MarginBottom="5" MarginLeft="5" />
		<BackgroundColor>
			<UserColor GUID="8387D389-3F4A-4D87-9199-53B0EDCD0359">navy blue</UserColor>
		</BackgroundColor>
		<TextColor RGB="#ffffff" />
		<Layout>Value</Layout>
		<SeparatorSign>:</SeparatorSign>
		<ExplicitIdentifier>
			<Identifier>CostOfDrilling( ObtainedResult_Survey )</Identifier>
			<NumberFormat Width="15" Decimals="0" ThousandSeparator="true" Alignment="Center" ShowDefaults="true" />
		</ExplicitIdentifier>
	</PageObject>
	<PageObject Type="Scalar">
		<Location top="513" left="300" bottom="549" right="438" />
		<TabOrder>19</TabOrder>
		<Font GUID="00000000-0000-0000-0000-000000000001" Name="Main Font" />
		<Border Style="None" Width="2" MarginTop="5" MarginRight="5" MarginBottom="5" MarginLeft="5" />
		<BackgroundColor>
			<UserColor GUID="8387D389-3F4A-4D87-9199-53B0EDCD0359">navy blue</UserColor>
		</BackgroundColor>
		<TextColor RGB="#ffffff" />
		<Layout>Text-Value</Layout>
		<SeparatorSign>=</SeparatorSign>
		<ExplicitIdentifier>
			<Identifier>"Cost"</Identifier>
		</ExplicitIdentifier>
	</PageObject>
	<PageObject Type="Scalar">
		<Location top="555" left="300" bottom="591" right="438" />
		<TabOrder>20</TabOrder>
		<Font GUID="00000000-0000-0000-0000-000000000001" Name="Main Font" />
		<Border Style="None" Width="2" MarginTop="5" MarginRight="5" MarginBottom="5" MarginLeft="5" />
		<BackgroundColor>
			<UserColor GUID="8387D389-3F4A-4D87-9199-53B0EDCD0359">navy blue</UserColor>
		</BackgroundColor>
		<TextColor RGB="#ffffff" />
		<Layout>Text-Value</Layout>
		<SeparatorSign>=</SeparatorSign>
		<ExplicitIdentifier>
			<Identifier>"Pay Off"</Identifier>
		</ExplicitIdentifier>
	</PageObject>
	<PageObject Type="Scalar">
		<Location top="513" left="438" bottom="549" right="462" />
		<TabOrder>17</TabOrder>
		<Font GUID="00000000-0000-0000-0000-000000000001" Name="Main Font" />
		<Border Style="None" Width="2" MarginTop="5" MarginRight="5" MarginBottom="5" MarginLeft="5" />
		<BackgroundColor>
			<UserColor GUID="8387D389-3F4A-4D87-9199-53B0EDCD0359">navy blue</UserColor>
		</BackgroundColor>
		<TextColor RGB="#ffffff" />
		<Layout>Text-Value</Layout>
		<SeparatorSign>=</SeparatorSign>
		<ExplicitIdentifier>
			<Identifier>"$"</Identifier>
		</ExplicitIdentifier>
	</PageObject>
	<PageObject Type="Scalar">
		<Location top="555" left="438" bottom="591" right="462" />
		<TabOrder>16</TabOrder>
		<Font GUID="00000000-0000-0000-0000-000000000001" Name="Main Font" />
		<Border Style="None" Width="2" MarginTop="5" MarginRight="5" MarginBottom="5" MarginLeft="5" />
		<BackgroundColor>
			<UserColor GUID="8387D389-3F4A-4D87-9199-53B0EDCD0359">navy blue</UserColor>
		</BackgroundColor>
		<TextColor RGB="#ffffff" />
		<Layout>Text-Value</Layout>
		<SeparatorSign>=</SeparatorSign>
		<ExplicitIdentifier>
			<Identifier>"$"</Identifier>
		</ExplicitIdentifier>
	</PageObject>
	<PageObject Type="Rectangle">
		<Location top="513" left="552" bottom="549" right="687" />
		<FillColor>
			<UserColor GUID="8387D389-3F4A-4D87-9199-53B0EDCD0359">navy blue</UserColor>
		</FillColor>
		<LineColor>
			<UserColor GUID="8387D389-3F4A-4D87-9199-53B0EDCD0359">navy blue</UserColor>
		</LineColor>
	</PageObject>
	<PageObject Type="Rectangle">
		<Location top="555" left="552" bottom="591" right="687" />
		<FillColor>
			<UserColor GUID="8387D389-3F4A-4D87-9199-53B0EDCD0359">navy blue</UserColor>
		</FillColor>
		<LineColor>
			<UserColor GUID="8387D389-3F4A-4D87-9199-53B0EDCD0359">navy blue</UserColor>
		</LineColor>
	</PageObject>
	<PageObject Type="Scalar">
		<Location top="360" left="504" bottom="396" right="612" />
		<Hidden>VALUE := not Drill( ObtainedResult_Survey )</Hidden>
		<TabOrder>18</TabOrder>
		<Font GUID="00000000-0000-0000-0000-000000000001" Name="Main Font" />
		<Border Style="None" Width="2" MarginTop="5" MarginRight="5" MarginBottom="5" MarginLeft="5" />
		<BackgroundColor>
			<UserColor GUID="8387D389-3F4A-4D87-9199-53B0EDCD0359">navy blue</UserColor>
		</BackgroundColor>
		<TextColor RGB="#ffffff" />
		<Layout>Text-Value</Layout>
		<SeparatorSign>=</SeparatorSign>
		<ExplicitIdentifier>
			<Identifier>"x100 feet"</Identifier>
		</ExplicitIdentifier>
	</PageObject>
	<PageObject Type="Scalar">
		<Location top="405" left="504" bottom="441" right="612" />
		<Hidden>VALUE := not Drill( ObtainedResult_Survey )</Hidden>
		<TabOrder>15</TabOrder>
		<Font GUID="00000000-0000-0000-0000-000000000001" Name="Main Font" />
		<Border Style="None" Width="2" MarginTop="5" MarginRight="5" MarginBottom="5" MarginLeft="5" />
		<BackgroundColor>
			<UserColor GUID="8387D389-3F4A-4D87-9199-53B0EDCD0359">navy blue</UserColor>
		</BackgroundColor>
		<TextColor RGB="#ffffff" />
		<Layout>Text-Value</Layout>
		<SeparatorSign>=</SeparatorSign>
		<ExplicitIdentifier>
			<Identifier>"inches"</Identifier>
		</ExplicitIdentifier>
	</PageObject>
	<PageObject Type="Button">
		<Location top="276" left="6" bottom="300" right="192" />
		<TabOrder>1</TabOrder>
		<LeaveOnEnter>false</LeaveOnEnter>
		<ButtonType>Text</ButtonType>
		<Transparent>true</Transparent>
		<ForegroundColor>
			<UserColor GUID="23F33851-505F-45B5-AA1F-5360CB8B3EFB">Text Blue</UserColor>
		</ForegroundColor>
		<Font GUID="0BDEF216-23B3-4F0F-B5D6-83C5A7303CF9" Name="Buttons" />
		<ActionSequence>
			<Action Type="MenuCommand">
				<Command>File-Exit</Command>
			</Action>
		</ActionSequence>
	</PageObject>
	<PageObject Type="Text">
		<Location top="282" left="18" bottom="300" right="195" />
		<StaticText>Quit AIMMS</StaticText>
		<Font GUID="C82FBF27-1614-41C9-B718-A431388D2B5A" Name="General Text" />
		<TextColor>
			<UserColor GUID="1798981A-C40D-4713-BC08-E97545963465">Link</UserColor>
		</TextColor>
	</PageObject>
	<PageObject Type="Button">
		<Location top="216" left="6" bottom="240" right="192" />
		<TabOrder>5</TabOrder>
		<LeaveOnEnter>false</LeaveOnEnter>
		<ButtonType>Text</ButtonType>
		<Transparent>true</Transparent>
		<ForegroundColor>
			<UserColor GUID="23F33851-505F-45B5-AA1F-5360CB8B3EFB">Text Blue</UserColor>
		</ForegroundColor>
		<Font GUID="0BDEF216-23B3-4F0F-B5D6-83C5A7303CF9" Name="Buttons" />
		<ActionSequence>
			<Action Type="LinkedPage">
				<Page PageGUID="AC500DFE-C555-4902-8AE8-91722D740F35" Name="Input Formulation" />
			</Action>
		</ActionSequence>
	</PageObject>
	<PageObject Type="Text">
		<Location top="222" left="18" bottom="240" right="195" />
		<StaticText>Formulations</StaticText>
		<Font GUID="C82FBF27-1614-41C9-B718-A431388D2B5A" Name="General Text" />
		<TextColor>
			<UserColor GUID="1798981A-C40D-4713-BC08-E97545963465">Link</UserColor>
		</TextColor>
	</PageObject>
	<PageObject Type="Button">
		<Location top="246" left="6" bottom="270" right="192" />
		<TabOrder>2</TabOrder>
		<LeaveOnEnter>false</LeaveOnEnter>
		<ButtonType>Text</ButtonType>
		<Transparent>true</Transparent>
		<ForegroundColor>
			<UserColor GUID="23F33851-505F-45B5-AA1F-5360CB8B3EFB">Text Blue</UserColor>
		</ForegroundColor>
		<Font GUID="0BDEF216-23B3-4F0F-B5D6-83C5A7303CF9" Name="Buttons" />
		<ActionSequence>
			<Action Type="MenuCommand">
				<Command>Tools-Model Explorer</Command>
			</Action>
		</ActionSequence>
	</PageObject>
	<PageObject Type="Text">
		<Location top="252" left="18" bottom="270" right="195" />
		<StaticText>Open Model Explorer</StaticText>
		<Font GUID="C82FBF27-1614-41C9-B718-A431388D2B5A" Name="General Text" />
		<TextColor>
			<UserColor GUID="1798981A-C40D-4713-BC08-E97545963465">Link</UserColor>
		</TextColor>
	</PageObject>
	<PageObject Type="Button">
		<Location top="186" left="6" bottom="210" right="192" />
		<TabOrder>4</TabOrder>
		<LeaveOnEnter>false</LeaveOnEnter>
		<ButtonType>Text</ButtonType>
		<Transparent>true</Transparent>
		<ForegroundColor>
			<UserColor GUID="23F33851-505F-45B5-AA1F-5360CB8B3EFB">Text Blue</UserColor>
		</ForegroundColor>
		<Font GUID="0BDEF216-23B3-4F0F-B5D6-83C5A7303CF9" Name="Buttons" />
		<ActionSequence>
			<Action Type="LinkedPage">
				<Page PageGUID="BD25F234-2DC7-4967-B746-8F89D38169E0" Name="Problem Description" />
			</Action>
		</ActionSequence>
	</PageObject>
	<PageObject Type="Text">
		<Location top="192" left="18" bottom="210" right="195" />
		<StaticText>Problem Description</StaticText>
		<Font GUID="C82FBF27-1614-41C9-B718-A431388D2B5A" Name="General Text" />
		<TextColor>
			<UserColor GUID="1798981A-C40D-4713-BC08-E97545963465">Link</UserColor>
		</TextColor>
	</PageObject>
	<UsedReferences>
		<Model>
			<Symbol>SurveyResults_AfterDrilling</Symbol>
			<Symbol>DoSurvey</Symbol>
			<Symbol>Drill</Symbol>
			<Symbol>CostOfDrilling</Symbol>
			<Symbol>ObtainedResult_Survey</Symbol>
			<Symbol>Results_DrillDecision</Symbol>
			<Symbol>Results_SurveyDecision</Symbol>
			<Symbol>Results_DrillDepthDecision</Symbol>
			<Symbol>Results_HoleDiameterDecision</Symbol>
			<Symbol>SolutionsOutput</Symbol>
		</Model>
	</UsedReferences>
</Page>
