{
  "version": "4.67.0",
  "application": {
    "aimms.widget.type": {
      "literal": "application"
    },
    "browser.language": {
      "aimms": {
        "contents": [
          "webui::ClientBrowserLanguage"
        ]
      }
    },
    "browser.name": {
      "aimms": {
        "contents": [
          "webui::ClientBrowserName"
        ]
      }
    },
    "browser.timezone": {
      "aimms": {
        "contents": [
          "webui::BrowserTimeZone"
        ]
      }
    },
    "ignoredst": {
      "aimms": {
        "contents": [
          "webui::IgnoreDST"
        ]
      }
    },
    "pages": {
      "literal": {
        "name": "root",
        "slug": "root",
        "children": [
          {
            "name": "Main Project",
            "slug": "main_project",
            "children": [
              {
                "name": "home",
                "slug": "home",
                "type": "pagev2-grid",
                "children": []
              },
              {
                "name": "Model is infeasible!",
                "type": "pagev2-grid-dialog",
                "slug": "new_dialog_page",
                "children": []
              }
            ]
          }
        ]
      }
    },
    "theme.classic": {
      "literal": "NOT_ALLOWED"
    },
    "timezone": {
      "aimms": {
        "contents": [
          "webui::DisplayTimeZone"
        ]
      }
    },
    "timezone.dst.readonly": {
      "aimms": {
        "contents": [
          "webui::DefaultDSTSettingForDisplayTimeZone"
        ]
      }
    }
  },
  "layouts/custom_0f66331a-1141-42ea-83fe-4ebe4a105648": {
    "definition": {
      "literal": {
        "componentName": "Grid",
        "props": {
          "gridTemplateColumns": "5fr 2fr",
          "gridTemplateRows": "1fr 1fr",
          "gridTemplateAreas": "\"area-a area-c\" \"area-b area-c\""
        },
        "items": [
          {
            "componentName": "WidgetArea",
            "props": {
              "gridArea": "area-a",
              "name": "Area A",
              "gridAutoFlow": "column"
            }
          },
          {
            "componentName": "WidgetArea",
            "props": {
              "gridArea": "area-b",
              "name": "Area B",
              "gridAutoFlow": "row"
            }
          },
          {
            "componentName": "WidgetArea",
            "props": {
              "gridArea": "area-c",
              "name": "Area C",
              "gridAutoFlow": "row"
            }
          }
        ]
      }
    },
    "displayName": {
      "literal": "Layout42"
    }
  },
  "layouts/custom_bdc744c4-9f07-46ff-b060-d178a0bc2f57": {
    "definition": {
      "literal": {
        "componentName": "Grid",
        "props": {
          "gridTemplateColumns": "6fr 1fr",
          "gridTemplateRows": "1fr 1fr",
          "gridTemplateAreas": "\"area-a area-a\" \"area-b area-c\""
        },
        "items": [
          {
            "componentName": "WidgetArea",
            "props": {
              "gridArea": "area-a",
              "name": "Area A",
              "gridAutoFlow": "column"
            }
          },
          {
            "componentName": "WidgetArea",
            "props": {
              "gridArea": "area-b",
              "name": "Area B",
              "gridAutoFlow": "row"
            }
          },
          {
            "componentName": "WidgetArea",
            "props": {
              "gridArea": "area-c",
              "name": "Area C",
              "gridAutoFlow": "row"
            }
          }
        ]
      }
    },
    "displayName": {
      "literal": "Layout4 Copy"
    }
  },
  "layouts/custom_fbbf5e11-cf3b-4f79-9e97-d2cfec3f22bf": {
    "definition": {
      "literal": {
        "componentName": "Grid",
        "props": {
          "gridTemplateColumns": "1fr",
          "gridTemplateRows": "1fr 3fr",
          "gridTemplateAreas": "\"area-a\" \"area-b\""
        },
        "items": [
          {
            "componentName": "WidgetArea",
            "props": {
              "gridArea": "area-a",
              "name": "Area A",
              "gridAutoFlow": "column"
            }
          },
          {
            "componentName": "WidgetArea",
            "props": {
              "gridArea": "area-b",
              "name": "Area B",
              "gridAutoFlow": "column"
            }
          }
        ]
      }
    },
    "displayName": {
      "literal": "Layout1 Copy"
    }
  },
  "pages/home": {
    "aimms.widget.type": {
      "literal": "pagev2-grid"
    },
    "bindings": {
      "literal": [
        {
          "widgetUri": "capcost",
          "gridArea": "area-b",
          "dndId": "area-bcapcost0"
        },
        {
          "widgetUri": "Dem",
          "gridArea": "area-b",
          "dndId": "area-bDem1"
        },
        {
          "widgetUri": "AC",
          "gridArea": "area-a",
          "dndId": "area-aAC2"
        },
        {
          "widgetUri": "Initialize",
          "gridArea": "area-c",
          "dndId": "area-cInitialize7"
        },
        {
          "widgetUri": "Solve",
          "gridArea": "area-c",
          "dndId": "area-cSolve3"
        },
        {
          "widgetUri": "ModelState",
          "gridArea": "area-c",
          "dndId": "area-cModelState4"
        },
        {
          "widgetUri": "FindInexactData",
          "gridArea": "area-c",
          "dndId": "area-cFindInexactData5"
        },
        {
          "widgetUri": "mess_1",
          "gridArea": "area-c",
          "dndId": "area-cmess_16"
        }
      ]
    },
    "layoutId": {
      "literal": "custom_0f66331a-1141-42ea-83fe-4ebe4a105648"
    },
    "onload": {
      "aimms": {
        "run": "MainInitialization"
      }
    },
    "widgets": {
      "literal": [
        {
          "uri": "AC",
          "layoutInfo": {
            "width": "2",
            "height": "1"
          }
        },
        {
          "uri": "capcost",
          "layoutInfo": {
            "width": "2",
            "height": "1"
          }
        },
        {
          "uri": "Dem",
          "layoutInfo": {
            "width": "2",
            "height": "1"
          }
        },
        {
          "uri": "Solve",
          "layoutInfo": {
            "width": "2",
            "height": "1"
          }
        },
        {
          "uri": "ModelState",
          "layoutInfo": {
            "width": "2",
            "height": "1"
          }
        },
        {
          "uri": "FindInexactData",
          "layoutInfo": {
            "width": "2",
            "height": "1"
          }
        },
        {
          "uri": "mess_1",
          "layoutInfo": {
            "width": "2",
            "height": "1"
          }
        },
        {
          "uri": "Initialize",
          "layoutInfo": {
            "width": "2",
            "height": "1"
          }
        }
      ]
    }
  },
  "pages/new_dialog_page": {
    "aimms.widget.type": {
      "literal": "pagev2-grid-dialog"
    },
    "bindings": {
      "literal": [
        {
          "widgetUri": "Find Infeasible Data",
          "gridArea": "area-a",
          "dndId": "area-aFind Infeasible Data0"
        },
        {
          "widgetUri": "mess",
          "gridArea": "area-b",
          "dndId": "area-bmess1"
        }
      ]
    },
    "layoutId": {
      "literal": "custom_fbbf5e11-cf3b-4f79-9e97-d2cfec3f22bf"
    },
    "maxcolumns": {
      "literal": 3
    },
    "maxrows": {
      "literal": 2
    },
    "widgets": {
      "literal": [
        {
          "uri": "Find Infeasible Data",
          "layoutInfo": {
            "width": "2",
            "height": "1"
          }
        },
        {
          "uri": "mess",
          "layoutInfo": {
            "width": "2",
            "height": "1"
          }
        }
      ]
    }
  },
  "widgets/AC": {
    "aimms.widget.type": {
      "literal": "table"
    },
    "contents": {
      "aimms": {
        "contents": [
          "AllocationCost"
        ]
      }
    },
    "contents.partition": {
      "literal": {
        "rowHeader": [
          "i"
        ],
        "colHeader": [
          "j"
        ],
        "aggregated": [
          "<IDENTIFIER-SET>"
        ]
      }
    },
    "default.row.height": {
      "literal": 1
    },
    "name": {
      "literal": "AC"
    },
    "title": {
      "literal": "Allocation Cost"
    },
    "views": {
      "literal": {}
    },
    "views.__display_order__": {
      "literal": [
        "views.0",
        "views.1"
      ]
    },
    "views.0.type": {
      "literal": "template"
    },
    "views.1.type": {
      "literal": "view"
    }
  },
  "widgets/capcost": {
    "aimms.widget.type": {
      "literal": "table"
    },
    "contents": {
      "aimms": {
        "contents": [
          "Capacity",
          "FixedCost"
        ]
      }
    },
    "contents.numdecimals": {
      "literal": 0
    },
    "contents.partition": {
      "literal": {
        "rowHeader": [
          "<IDENTIFIER-SET>"
        ],
        "colHeader": [
          "i"
        ],
        "aggregated": []
      }
    },
    "custom.column.widths": {
      "literal": [
        {
          "type": "colHeader",
          "colKey": {
            "i": "L01"
          },
          "width": 10.25
        }
      ]
    },
    "default.column.width": {
      "literal": 12
    },
    "default.row.height": {
      "literal": 1
    },
    "name": {
      "literal": "capcost"
    },
    "title": {
      "literal": "Capacity & Fixed Cost"
    },
    "views": {
      "literal": {}
    },
    "views.__display_order__": {
      "literal": [
        "views.0",
        "views.1"
      ]
    },
    "views.0.type": {
      "literal": "template"
    },
    "views.1.type": {
      "literal": "view"
    }
  },
  "widgets/Dem": {
    "aimms.widget.type": {
      "literal": "table"
    },
    "contents": {
      "aimms": {
        "contents": [
          "Demand"
        ]
      }
    },
    "contents.displaydomain": {
      "literal": {
        "demand": "1"
      }
    },
    "contents.numdecimals": {
      "literal": 1
    },
    "contents.partition": {
      "literal": {
        "rowHeader": [
          "<IDENTIFIER-SET>"
        ],
        "colHeader": [
          "j"
        ],
        "aggregated": []
      }
    },
    "custom.column.widths": {
      "literal": [
        {
          "type": "colHeader",
          "colKey": {
            "<IDENTIFIER-SET>": "p_Demand"
          },
          "width": 29.16
        },
        {
          "type": "colHeader",
          "colKey": {
            "j": "C10"
          },
          "width": 15.17
        }
      ]
    },
    "default.row.height": {
      "literal": 1
    },
    "name": {
      "literal": "Dem"
    },
    "title": {
      "literal": "Demand"
    },
    "views": {
      "literal": {}
    },
    "views.__display_order__": {
      "literal": [
        "views.0",
        "views.1"
      ]
    },
    "views.0.type": {
      "literal": "view"
    },
    "views.1.type": {
      "literal": "template"
    }
  },
  "widgets/Find Infeasible Data": {
    "action": {
      "literal": {
        "type": "procedure",
        "value": "FindInfData"
      }
    },
    "aimms.widget.type": {
      "literal": "button"
    },
    "name": {
      "literal": "Find Infeasible Data"
    },
    "title": {
      "literal": "Find Infeasible Data"
    }
  },
  "widgets/FindInexactData": {
    "action": {
      "literal": {
        "type": "procedure",
        "value": "FindInfData"
      }
    },
    "aimms.widget.type": {
      "literal": "button"
    },
    "name": {
      "literal": "FindInexactData"
    },
    "title": {
      "literal": "Find Infeasible Data"
    }
  },
  "widgets/Initialize": {
    "action": {
      "literal": {
        "type": "procedure",
        "value": "MainInitialization"
      }
    },
    "aimms.widget.type": {
      "literal": "button"
    },
    "name": {
      "literal": "Initialize"
    },
    "title": {
      "literal": "Initialize"
    }
  },
  "widgets/mess": {
    "aimms.widget.type": {
      "literal": "text"
    },
    "contents": {
      "aimms": {
        "contents": [
          "p_mess_html"
        ],
        "slices": []
      }
    },
    "name": {
      "literal": "mess"
    }
  },
  "widgets/mess_1": {
    "aimms.widget.type": {
      "literal": "text"
    },
    "contents": {
      "aimms": {
        "contents": [
          "p_mess_html"
        ],
        "slices": []
      }
    },
    "name": {
      "literal": "Message"
    }
  },
  "widgets/ModelState": {
    "aimms.widget.type": {
      "literal": "scalar"
    },
    "compact": {
      "literal": 1
    },
    "contents": {
      "aimms": {
        "contents": [
          "ModelStatus"
        ]
      }
    },
    "name": {
      "literal": "ModelState"
    },
    "views": {
      "literal": {}
    }
  },
  "widgets/Solve": {
    "action": {
      "literal": {
        "type": "procedure",
        "value": "MainExecution"
      }
    },
    "aimms.widget.type": {
      "literal": "button"
    },
    "name": {
      "literal": "Solve"
    },
    "title": {
      "literal": "Solve"
    }
  }
}