{
  "version": "4.67.0",
  "application": {
    "aimms.widget.type": {
      "literal": "application"
    },
    "pages": {
      "literal": {
        "children": [
          {
            "children": [
              {
                "children": [],
                "name": "home",
                "slug": "home"
              },
              {
                "name": "GSS page",
                "type": "page",
                "slug": "GSS_page",
                "children": [
                  {
                    "name": "ErrorPanel",
                    "type": "sidepanel",
                    "slug": "errorpanel_1",
                    "children": []
                  }
                ]
              }
            ],
            "name": "Main Project",
            "slug": "main_project"
          }
        ],
        "name": "root",
        "slug": "root"
      }
    },
    "statusmessages": {
      "aimms": {
        "contents": [
          "gss::sp_messageStatusBar"
        ],
        "slices": [
          {
            "identifier": "gss::sp_messageStatusBar",
            "slice": [
              {
                "index": "webui::indexApplicationExtension",
                "type": "free",
                "value": "webui::indexApplicationExtension"
              },
              {
                "index": "webui::indexStatusBarSpec",
                "type": "free",
                "value": "webui::indexStatusBarSpec"
              }
            ]
          }
        ]
      }
    },
    "theme.classic": {
      "literal": false
    },
    "timezonesetting": {
      "literal": true
    },
    "widget.visibility.greyout": {
      "literal": true
    }
  },
  "pages/errorpanel_1": {
    "widgets": {
      "literal": [
        {
          "uri": "DownloadReport",
          "layoutInfo": {
            "width": "2",
            "height": "1"
          }
        },
        {
          "uri": "DownloadData",
          "layoutInfo": {
            "width": "2",
            "height": "1"
          }
        },
        {
          "uri": "UploadErrorData",
          "layoutInfo": {
            "width": "2",
            "height": "1"
          }
        },
        {
          "uri": "ClearError",
          "layoutInfo": {
            "width": "2",
            "height": "1"
          }
        }
      ]
    },
    "aimms.widget.type": {
      "literal": "sidepanel"
    }
  },
  "pages/GSS_page": {
    "aimms.widget.type": {
      "literal": "page"
    },
    "maxcolumns": {
      "literal": 12
    },
    "onload": {
      "aimms": {
        "run": "gss::pr_openPageErrorWarningProfiler"
      }
    },
    "widgets": {
      "literal": [
        {
          "uri": "ErrorWarningMessageTable",
          "layoutInfo": {
            "width": "8",
            "height": "2",
            "customPosition": ""
          }
        },
        {
          "uri": "JobProfilerData",
          "layoutInfo": {
            "width": "4",
            "height": "2",
            "customPosition": ""
          }
        },
        {
          "uri": "ErrorWarningStack",
          "layoutInfo": {
            "width": "8",
            "height": "2",
            "customPosition": ""
          }
        },
        {
          "uri": "LineBasedProfilerData",
          "layoutInfo": {
            "width": "4",
            "height": "2",
            "customPosition": ""
          }
        },
        {
          "uri": "ShownSession",
          "layoutInfo": {
            "width": "8",
            "height": "1",
            "customPosition": ""
          }
        },
        {
          "uri": "UploadErrorWarningData",
          "layoutInfo": {
            "width": "4",
            "height": "1"
          }
        },
        {
          "uri": "DownloadModelLog",
          "layoutInfo": {
            "width": "4",
            "height": "1"
          }
        },
        {
          "uri": "DownloadErrorReport",
          "layoutInfo": {
            "width": "4",
            "height": "1"
          }
        },
        {
          "uri": "downloadErrorWarningData",
          "layoutInfo": {
            "width": "4",
            "height": "1"
          }
        }
      ]
    }
  },
  "pages/home": {
    "aimms.widget.type": {
      "literal": "page"
    },
    "sidepanels": {
      "aimms": {
        "contents": [
          "gss::sp_SidePanelErrorPage"
        ],
        "slices": [
          {
            "identifier": "gss::sp_SidePanelErrorPage",
            "slice": [
              {
                "index": "webui::indexApplicationExtension",
                "type": "free",
                "value": "webui::indexApplicationExtension"
              },
              {
                "index": "webui::indexSidePanelSpec",
                "type": "free",
                "value": "webui::indexSidePanelSpec"
              }
            ]
          }
        ]
      }
    },
    "widgets": {
      "literal": [
        {
          "uri": "GanttChart_Flowshop",
          "layoutInfo": {
            "width": "6",
            "height": "2",
            "customPosition": ""
          }
        }
      ]
    }
  },
  "widgets/ClearError": {
    "action": {
      "literal": {
        "type": "procedure",
        "value": "gss::pr_dataSessionClearErrors"
      }
    },
    "aimms.widget.type": {
      "literal": "button"
    },
    "title": {
      "literal": "ClearError"
    }
  },
  "widgets/DownloadData": {
    "action": {
      "literal": {
        "type": "procedure",
        "value": "gss::pr_downloadErrorData"
      }
    },
    "aimms.widget.type": {
      "literal": "download"
    },
    "title": {
      "literal": "Download Error Data"
    }
  },
  "widgets/DownloadErrorReport": {
    "action": {
      "literal": {
        "type": "procedure",
        "value": "gss::pr_downloadErrorReport"
      }
    },
    "aimms.widget.type": {
      "literal": "download"
    },
    "title": {
      "literal": "Download error report shown session"
    }
  },
  "widgets/downloadErrorWarningData": {
    "action": {
      "literal": {
        "type": "procedure",
        "value": "gss::pr_downloadErrorData"
      }
    },
    "aimms.widget.type": {
      "literal": "download"
    },
    "title": {
      "literal": "Download error data shown session"
    }
  },
  "widgets/DownloadModelLog": {
    "action": {
      "literal": {
        "type": "procedure",
        "value": "gss::pr_downloadActionLog"
      }
    },
    "aimms.widget.type": {
      "literal": "download"
    },
    "title": {
      "aimms": {
        "contents": [
          "gss::sp_downloadActionLogTitle"
        ],
        "slices": []
      }
    }
  },
  "widgets/DownloadReport": {
    "action": {
      "literal": {
        "type": "procedure",
        "value": "gss::pr_downloadErrorReport"
      }
    },
    "aimms.widget.type": {
      "literal": "download"
    },
    "title": {
      "literal": "Download Error Report"
    }
  },
  "widgets/ErrorWarningMessageTable": {
    "aimms.widget.type": {
      "literal": "table"
    },
    "contents": {
      "aimms": {
        "contents": [
          "gss::ep_shownJobErrorSeverity",
          "gss::sp_shownJobErrorMoments",
          "gss::sp_shownJobErrorMessages"
        ]
      }
    },
    "contents.partition": {
      "literal": {
        "rowHeader": [
          "gss::i_jobErrorMessageNumber"
        ],
        "colHeader": [
          "<IDENTIFIER-SET>"
        ],
        "aggregated": []
      }
    },
    "contents.sorting": {
      "literal": [
        {
          "partIndex": 0,
          "partOffsets": [
            -1,
            1
          ],
          "mode": "increasing"
        }
      ]
    },
    "contextmenu": {
      "aimms": {
        "contents": [
          "gss::sp_itemActionMessageList"
        ],
        "slices": [
          {
            "identifier": "gss::sp_itemActionMessageList",
            "slice": [
              {
                "index": "webui::indexWidgetItemActionSpec",
                "type": "free",
                "value": "webui::indexWidgetItemActionSpec"
              },
              {
                "index": "webui::indexPageExtension",
                "type": "free",
                "value": "webui::indexPageExtension"
              },
              {
                "index": "webui::indexWidgetActionSpec",
                "type": "free",
                "value": "webui::indexWidgetActionSpec"
              }
            ]
          }
        ]
      }
    },
    "custom.column.widths": {
      "literal": [
        {
          "type": "rowHeader",
          "colKey": "i_JobErrorMessageNumber",
          "width": 7.844594594594593
        },
        {
          "type": "colHeader",
          "colKey": {},
          "width": 63.845805707044409
        },
        {
          "type": "colHeader",
          "colKey": {
            "<IDENTIFIER-SET>": "gss::sp_shownJobErrorMessages"
          },
          "width": 150.33929313929313
        },
        {
          "type": "colHeader",
          "colKey": {
            "<IDENTIFIER-SET>": "gss::ep_shownJobErrorSeverity"
          },
          "width": 13.47
        },
        {
          "type": "colHeader",
          "colKey": {
            "<IDENTIFIER-SET>": "gss::sp_shownJobErrorMoments"
          },
          "width": 40.21
        }
      ]
    },
    "store.focus.in": {
      "literal": {
        "gss::i_jobErrorMessageNumber": "gss::ep_errorWarningSelectedMessage"
      }
    },
    "title": {
      "aimms": {
        "contents": [
          "gss::sp_titleErrorWarningMessagesTable"
        ],
        "slices": []
      }
    },
    "widgetactions": {
      "aimms": {
        "contents": [
          "gss::sp_widgetActionMessageList"
        ],
        "slices": [
          {
            "identifier": "gss::sp_widgetActionMessageList",
            "slice": [
              {
                "index": "webui::indexPageExtension",
                "type": "free",
                "value": "webui::indexPageExtension"
              },
              {
                "index": "webui::indexWidgetActionSpec",
                "type": "free",
                "value": "webui::indexWidgetActionSpec"
              }
            ]
          }
        ]
      }
    }
  },
  "widgets/ErrorWarningStack": {
    "aimms.widget.type": {
      "literal": "table"
    },
    "contents": {
      "aimms": {
        "slices": [
          {
            "identifier": "gss::ep_shownJobErrorAttributes",
            "slice": [
              {
                "index": "gss::i_jobErrorMessageNumber",
                "type": "element-parameter",
                "value": "gss::ep_errorWarningSelectedMessage"
              },
              {
                "index": "gss::i_stackPosition",
                "type": "free",
                "value": "gss::i_stackPosition"
              }
            ]
          },
          {
            "identifier": "gss::ep_shownJobErrorNodes",
            "slice": [
              {
                "index": "gss::i_jobErrorMessageNumber",
                "type": "element-parameter",
                "value": "gss::ep_errorWarningSelectedMessage"
              },
              {
                "index": "gss::i_stackPosition",
                "type": "free",
                "value": "gss::i_stackPosition"
              }
            ]
          },
          {
            "identifier": "gss::p_shownJobErrorLines",
            "slice": [
              {
                "index": "gss::i_jobErrorMessageNumber",
                "type": "element-parameter",
                "value": "gss::ep_errorWarningSelectedMessage"
              },
              {
                "index": "gss::i_stackPosition",
                "type": "free",
                "value": "gss::i_stackPosition"
              }
            ]
          },
          {
            "identifier": "gss::ep_shownJobErrorAttributes",
            "slice": [
              {
                "index": "gss::i_jobErrorMessageNumber",
                "type": "element-parameter",
                "value": "gss::ep_errorWarningSelectedMessage"
              },
              {
                "index": "gss::i_stackPosition",
                "type": "free",
                "value": "gss::i_stackPosition"
              }
            ]
          }
        ],
        "contents": [
          "gss::ep_shownJobErrorNodes",
          "gss::ep_shownJobErrorAttributes",
          "gss::p_shownJobErrorLines"
        ],
        "prefix": "aimms",
        "partition": {
          "rowHeader": [
            "gss::i_jobErrorMessageNumber",
            "gss::i_stackPosition"
          ],
          "colHeader": [
            "<IDENTIFIER-SET>"
          ],
          "aggregated": []
        }
      }
    },
    "contents.numdecimals": {
      "literal": 0
    },
    "contents.partition": {
      "literal": {
        "rowHeader": [
          "gss::i_jobErrorMessageNumber",
          "gss::i_stackPosition"
        ],
        "colHeader": [
          "<IDENTIFIER-SET>"
        ],
        "aggregated": []
      }
    },
    "contextmenu": {
      "aimms": {
        "contents": [
          "gss::sp_itemActionMessageStack"
        ],
        "slices": [
          {
            "identifier": "gss::sp_itemActionMessageStack",
            "slice": [
              {
                "index": "webui::indexWidgetItemActionSpec",
                "type": "free",
                "value": "webui::indexWidgetItemActionSpec"
              },
              {
                "index": "webui::indexPageExtension",
                "type": "free",
                "value": "webui::indexPageExtension"
              },
              {
                "index": "webui::indexWidgetActionSpec",
                "type": "free",
                "value": "webui::indexWidgetActionSpec"
              }
            ]
          }
        ]
      }
    },
    "custom.column.widths": {
      "literal": [
        {
          "type": "colHeader",
          "colKey": {
            "<IDENTIFIER-SET>": "gss::p_JobErrorLines"
          },
          "width": 10.735714285714286
        },
        {
          "type": "colHeader",
          "colKey": {
            "<IDENTIFIER-SET>": "gss::ep_JobErrorAttributes"
          },
          "width": 16.919431279620853
        },
        {
          "type": "colHeader",
          "colKey": {
            "<IDENTIFIER-SET>": "gss::ep_JobErrorNodes"
          },
          "width": 53.9887659574468
        },
        {
          "type": "colHeader",
          "colKey": {
            "<IDENTIFIER-SET>": "gss::ep_shownJobErrorNodes"
          },
          "width": 58.57
        },
        {
          "type": "colHeader",
          "colKey": {
            "<IDENTIFIER-SET>": "gss::ep_shownJobErrorAttributes"
          },
          "width": 15.22
        }
      ]
    },
    "store.focus.in": {
      "literal": {
        "gss::i_stackPosition": "gss::ep_stackPos"
      }
    },
    "title": {
      "aimms": {
        "contents": [
          "gss::sp_titleStackMessage"
        ],
        "slices": []
      }
    },
    "widgetactions": {
      "aimms": {
        "contents": [
          "gss::sp_widgetActionMessageStack"
        ],
        "slices": [
          {
            "identifier": "gss::sp_widgetActionMessageStack",
            "slice": [
              {
                "index": "webui::indexPageExtension",
                "type": "free",
                "value": "webui::indexPageExtension"
              },
              {
                "index": "webui::indexWidgetActionSpec",
                "type": "free",
                "value": "webui::indexWidgetActionSpec"
              }
            ]
          }
        ]
      }
    }
  },
  "widgets/GanttChart_Flowshop": {
    "aimms.widget.type": {
      "literal": "ganttchart"
    },
    "time.reference": {
      "aimms": {
        "contents": [
          "sp_refTime"
        ]
      }
    },
    "time.resolution": {
      "literal": 1
    },
    "time.viewport.start": {
      "aimms": {
        "contents": [
          "sp_refTime"
        ]
      }
    },
    "time.viewport.end": {
      "aimms": {
        "contents": [
          "sp_EndTime"
        ]
      }
    },
    "contents": {
      "aimms": {
        "contents": [
          "p_gcJobStart",
          "p_gcJobDuration"
        ]
      }
    },
    "contents.partition": {
      "literal": {
        "resources": [
          "m"
        ],
        "jobs": [
          "<IDENTIFIER-SET>",
          "j"
        ],
        "aggregated": []
      }
    },
    "widgetactions": {
      "aimms": {
        "contents": [
          "sp_gcWidgetActions"
        ],
        "slices": [
          {
            "identifier": "sp_gcWidgetActions",
            "slice": [
              {
                "index": "i_gcwan",
                "type": "free",
                "value": "i_gcwan"
              },
              {
                "index": "webui::indexWidgetActionSpec",
                "type": "free",
                "value": "webui::indexWidgetActionSpec"
              }
            ]
          }
        ]
      }
    },
    "title": {
      "literal": "Flow shop Gantt Chart"
    }
  },
  "widgets/JobProfilerData": {
    "aimms.widget.type": {
      "literal": "table"
    },
    "contents": {
      "aimms": {
        "contents": [
          "gss::p_shownJobProfilerData"
        ],
        "prefix": "aimms",
        "slices": [
          {
            "identifier": "gss::p_shownJobProfilerData",
            "slice": [
              {
                "index": "IndexIdentifiers",
                "type": "free",
                "value": "IndexIdentifiers"
              },
              {
                "index": "gss::i_lineNumber",
                "type": "fixed-element",
                "value": "0"
              },
              {
                "index": "IndexProfilerTypes",
                "type": "free",
                "value": "IndexProfilerTypes"
              }
            ]
          }
        ]
      }
    },
    "contents.numdecimals": {
      "literal": 3
    },
    "contents.partition": {
      "literal": {
        "rowHeader": [
          "IndexIdentifiers"
        ],
        "colHeader": [
          "IndexProfilerTypes"
        ],
        "aggregated": [
          "<IDENTIFIER-SET>"
        ]
      }
    },
    "contents.sorting": {
      "literal": [
        {
          "partIndex": 0,
          "partOffsets": [
            -1,
            2
          ],
          "mode": "decreasing"
        }
      ]
    },
    "contextmenu": {
      "aimms": {
        "contents": [
          "gss::sp_itemActionIdentifierProfiler"
        ],
        "slices": [
          {
            "identifier": "gss::sp_itemActionIdentifierProfiler",
            "slice": [
              {
                "index": "webui::indexWidgetItemActionSpec",
                "type": "free",
                "value": "webui::indexWidgetItemActionSpec"
              },
              {
                "index": "webui::indexPageExtension",
                "type": "free",
                "value": "webui::indexPageExtension"
              },
              {
                "index": "webui::indexWidgetActionSpec",
                "type": "free",
                "value": "webui::indexWidgetActionSpec"
              }
            ]
          }
        ]
      }
    },
    "custom.column.widths": {
      "literal": [
        {
          "type": "colHeader",
          "colKey": {
            "IndexProfilerTypes": "net time"
          },
          "width": 16.53061224489796
        },
        {
          "type": "colHeader",
          "colKey": {
            "IndexProfilerTypes": "gross time"
          },
          "width": 18
        },
        {
          "type": "colHeader",
          "colKey": {
            "IndexProfilerTypes": "hits"
          },
          "width": 10.599999999999998
        },
        {
          "type": "rowHeader",
          "colKey": "IndexIdentifiers",
          "width": 49.62449174838555
        }
      ]
    },
    "store.focus.in": {
      "literal": {
        "IndexIdentifiers": "gss::ep_profilerDataSelectedIdentifier"
      }
    },
    "title": {
      "aimms": {
        "contents": [
          "gss::sp_titleProfilerOverview"
        ],
        "slices": []
      }
    },
    "widgetactions": {
      "aimms": {
        "contents": [
          "gss::sp_widgetActionIdentifierProfiler"
        ],
        "slices": [
          {
            "identifier": "gss::sp_widgetActionIdentifierProfiler",
            "slice": [
              {
                "index": "webui::indexPageExtension",
                "type": "free",
                "value": "webui::indexPageExtension"
              },
              {
                "index": "webui::indexWidgetActionSpec",
                "type": "free",
                "value": "webui::indexWidgetActionSpec"
              }
            ]
          }
        ]
      }
    }
  },
  "widgets/LineBasedProfilerData": {
    "aimms.widget.type": {
      "literal": "table"
    },
    "contents": {
      "aimms": {
        "contents": [
          "gss::p_shownJobProfilerData"
        ],
        "prefix": "aimms",
        "partition": {
          "rowHeader": [
            "IndexIdentifiers",
            "gss::i_LineNumber"
          ],
          "colHeader": [
            "IndexProfilerTypes"
          ],
          "aggregated": [
            "<IDENTIFIER-SET>"
          ]
        },
        "slices": [
          {
            "identifier": "gss::p_shownJobProfilerData",
            "slice": [
              {
                "index": "IndexIdentifiers",
                "type": "element-parameter",
                "value": "gss::ep_profilerDataSelectedIdentifier"
              },
              {
                "index": "gss::i_lineNumber",
                "type": "subset",
                "value": "gss::i_actualLineNumber"
              },
              {
                "index": "IndexProfilerTypes",
                "type": "free",
                "value": "IndexProfilerTypes"
              }
            ]
          }
        ]
      }
    },
    "contents.displaydomain": {
      "literal": {
        "gss::p_jobProfilerData": "1"
      }
    },
    "contents.numdecimals": {
      "literal": 3
    },
    "contents.partition": {
      "literal": {
        "rowHeader": [
          "IndexIdentifiers",
          "gss::i_lineNumber"
        ],
        "colHeader": [
          "IndexProfilerTypes"
        ],
        "aggregated": [
          "<IDENTIFIER-SET>"
        ]
      }
    },
    "custom.column.widths": {
      "literal": [
        {
          "type": "colHeader",
          "colKey": {
            "IndexProfilerTypes": "gross time"
          },
          "width": 17.4
        },
        {
          "type": "colHeader",
          "colKey": {
            "IndexProfilerTypes": "net time"
          },
          "width": 18.4
        },
        {
          "type": "colHeader",
          "colKey": {
            "IndexProfilerTypes": "hits"
          },
          "width": 13.333333333333333
        }
      ]
    },
    "title": {
      "aimms": {
        "contents": [
          "gss::sp_titleProfilerDetail"
        ],
        "slices": []
      }
    }
  },
  "widgets/ShownSession": {
    "aimms.widget.type": {
      "literal": "scalar"
    },
    "compact": {
      "literal": 1
    },
    "contents": {
      "aimms": {
        "contents": [
          "gss::ep_shownSession"
        ]
      }
    }
  },
  "widgets/UploadErrorData": {
    "action": {
      "literal": {
        "type": "procedure",
        "value": "gss::pr_uploadErrorData"
      }
    },
    "aimms.widget.type": {
      "literal": "upload"
    },
    "title": {
      "literal": "Upload Error Data"
    }
  },
  "widgets/UploadErrorWarningData": {
    "action": {
      "literal": {
        "type": "procedure",
        "value": "gss::pr_uploadErrorData"
      }
    },
    "aimms.widget.type": {
      "literal": "upload"
    },
    "title": {
      "literal": "Upload Error Warning Data"
    }
  }
}