{
  "version": "4.67.0",
  "application": {
    "aimms.widget.type": {
      "literal": "application"
    },
    "pages": {
      "literal": {
        "children": [
          {
            "children": [
              {
                "children": [
                  {
                    "name": "ServerJobMessagesProfilerInfo",
                    "type": "page",
                    "slug": "serverjobmessagesprofilerinfo_1",
                    "children": []
                  },
                  {
                    "name": "ErrorPanel",
                    "type": "sidepanel",
                    "slug": "errorpanel_1",
                    "children": []
                  }
                ],
                "name": "home",
                "slug": "home"
              }
            ],
            "name": "Main Project",
            "slug": "main_project"
          }
        ],
        "name": "root",
        "slug": "root"
      }
    },
    "theme.classic": {
      "literal": false
    },
    "widget.visibility.greyout": {
      "literal": true
    }
  },
  "pages/errorpanel_1": {
    "widgets": {
      "literal": [
        {
          "uri": "DownloadReport",
          "layoutInfo": {
            "width": "2",
            "height": "1"
          }
        },
        {
          "uri": "DownloadData",
          "layoutInfo": {
            "width": "2",
            "height": "1"
          }
        },
        {
          "uri": "UploadErrorData",
          "layoutInfo": {
            "width": "2",
            "height": "1"
          }
        },
        {
          "uri": "ClearError",
          "layoutInfo": {
            "width": "2",
            "height": "1"
          }
        }
      ]
    }
  },
  "pages/home": {
    "aimms.widget.type": {
      "literal": "page"
    },
    "sidepanels": {
      "aimms": {
        "contents": [
          "gss::sp_SidePanelErrorPage"
        ],
        "slices": [
          {
            "identifier": "gss::sp_SidePanelErrorPage",
            "slice": [
              {
                "index": "webui::indexApplicationExtension",
                "type": "free",
                "value": "webui::indexApplicationExtension"
              },
              {
                "index": "webui::indexSidePanelSpec",
                "type": "free",
                "value": "webui::indexSidePanelSpec"
              }
            ]
          }
        ]
      }
    },
    "widgets": {
      "literal": [
        {
          "uri": "GanttChart_Flowshop",
          "layoutInfo": {
            "width": "6",
            "height": "2",
            "customPosition": ""
          }
        }
      ]
    }
  },
  "pages/serverjobmessagesprofilerinfo_1": {
    "maxcolumns": {
      "literal": 12
    },
    "widgets": {
      "literal": [
        {
          "uri": "ErrorWarningMessageTable",
          "layoutInfo": {
            "width": "8",
            "height": "2",
            "customPosition": ""
          }
        },
        {
          "uri": "JobProfilerData",
          "layoutInfo": {
            "width": "4",
            "height": "2",
            "customPosition": ""
          }
        },
        {
          "uri": "ErrorWarningStack",
          "layoutInfo": {
            "width": "8",
            "height": "2",
            "customPosition": ""
          }
        },
        {
          "uri": "LineBasedProfilerData",
          "layoutInfo": {
            "width": "4",
            "height": "2",
            "customPosition": ""
          }
        }
      ]
    }
  },
  "widgets/ClearError": {
    "action": {
      "literal": {
        "type": "procedure",
        "value": "gss::pr_clearErrors"
      }
    },
    "aimms.widget.type": {
      "literal": "button"
    },
    "title": {
      "literal": "ClearError"
    }
  },
  "widgets/DownloadData": {
    "action": {
      "literal": {
        "type": "procedure",
        "value": "gss::pr_downloadErrorData"
      }
    },
    "aimms.widget.type": {
      "literal": "download"
    },
    "title": {
      "literal": "Download Error Data"
    }
  },
  "widgets/DownloadReport": {
    "action": {
      "literal": {
        "type": "procedure",
        "value": "gss::pr_downloadErrorReport"
      }
    },
    "aimms.widget.type": {
      "literal": "download"
    },
    "title": {
      "literal": "Download Error Report"
    }
  },
  "widgets/ErrorWarningMessageTable": {
    "aimms.widget.type": {
      "literal": "table"
    },
    "contents": {
      "aimms": {
        "contents": [
          "gss::sp_jobErrorMoments",
          "gss::sp_jobErrorMessages"
        ]
      }
    },
    "contents.partition": {
      "literal": {
        "rowHeader": [
          "gss::i_jobErrorMessageNumber"
        ],
        "colHeader": [
          "<IDENTIFIER-SET>"
        ],
        "aggregated": []
      }
    },
    "contents.sorting": {
      "literal": [
        {
          "partIndex": 0,
          "partOffsets": [
            -1,
            0
          ],
          "mode": "increasing"
        }
      ]
    },
    "custom.column.widths": {
      "literal": [
        {
          "type": "rowHeader",
          "colKey": "i_JobErrorMessageNumber",
          "width": 7.844594594594593
        },
        {
          "type": "colHeader",
          "colKey": {},
          "width": 63.845805707044409
        },
        {
          "type": "colHeader",
          "colKey": {
            "<IDENTIFIER-SET>": "gss::sp_JobErrorMoments"
          },
          "width": 30.937815126050418
        },
        {
          "type": "colHeader",
          "colKey": {
            "<IDENTIFIER-SET>": "gss::sp_JobErrorMessages"
          },
          "width": 150.33929313929313
        }
      ]
    },
    "store.focus.in": {
      "literal": {
        "gss::i_jobErrorMessageNumber": "gss::ep_errorWarningSelectedMessage"
      }
    },
    "title": {
      "literal": "Error and Warning messages"
    },
    "widgetactions": {
      "aimms": {
        "contents": [
          "gss::sp_widgetActionMessageList"
        ],
        "slices": [
          {
            "identifier": "gss::sp_widgetActionMessageList",
            "slice": [
              {
                "index": "webui::indexPageExtension",
                "type": "free",
                "value": "webui::indexPageExtension"
              },
              {
                "index": "webui::indexWidgetActionSpec",
                "type": "free",
                "value": "webui::indexWidgetActionSpec"
              }
            ]
          }
        ]
      }
    }
  },
  "widgets/ErrorWarningStack": {
    "aimms.widget.type": {
      "literal": "table"
    },
    "contents": {
      "aimms": {
        "slices": [
          {
            "identifier": "gss::ep_JobErrorAttributes",
            "slice": [
              {
                "index": "gss::i_jobErrorMessageNumber",
                "type": "element-parameter",
                "value": "gss::ep_errorWarningSelectedMessage"
              },
              {
                "index": "gss::i_stackPosition",
                "type": "free",
                "value": "gss::i_stackPosition"
              }
            ]
          },
          {
            "identifier": "gss::ep_jobErrorNodes",
            "slice": [
              {
                "index": "gss::i_jobErrorMessageNumber",
                "type": "element-parameter",
                "value": "gss::ep_errorWarningSelectedMessage"
              },
              {
                "index": "gss::i_stackPosition",
                "type": "free",
                "value": "gss::i_stackPosition"
              }
            ]
          },
          {
            "identifier": "gss::p_jobErrorLines",
            "slice": [
              {
                "index": "gss::i_jobErrorMessageNumber",
                "type": "element-parameter",
                "value": "gss::ep_errorWarningSelectedMessage"
              },
              {
                "index": "gss::i_stackPosition",
                "type": "free",
                "value": "gss::i_stackPosition"
              }
            ]
          },
          {
            "identifier": "gss::ep_jobErrorSeverity",
            "slice": [
              {
                "index": "gss::i_jobErrorMessageNumber",
                "type": "element-parameter",
                "value": "gss::ep_errorWarningSelectedMessage"
              }
            ]
          }
        ],
        "contents": [
          "gss::ep_jobErrorNodes",
          "gss::ep_JobErrorAttributes",
          "gss::p_jobErrorLines"
        ]
      }
    },
    "contents.numdecimals": {
      "literal": 0
    },
    "contents.partition": {
      "literal": {
        "rowHeader": [
          "gss::i_jobErrorMessageNumber",
          "gss::i_stackPosition"
        ],
        "colHeader": [
          "<IDENTIFIER-SET>"
        ],
        "aggregated": []
      }
    },
    "custom.column.widths": {
      "literal": [
        {
          "type": "colHeader",
          "colKey": {
            "<IDENTIFIER-SET>": "gss::p_JobErrorLines"
          },
          "width": 10.735714285714286
        },
        {
          "type": "colHeader",
          "colKey": {
            "<IDENTIFIER-SET>": "gss::ep_JobErrorAttributes"
          },
          "width": 16.919431279620853
        },
        {
          "type": "colHeader",
          "colKey": {
            "<IDENTIFIER-SET>": "gss::ep_JobErrorNodes"
          },
          "width": 53.9887659574468
        }
      ]
    },
    "store.focus.in": {
      "literal": {
        "gss::i_stackPosition": "gss::ep_stackPos"
      }
    },
    "title": {
      "aimms": {
        "contents": [
          "gss::sp_titleStackMessage"
        ],
        "slices": []
      }
    },
    "widgetactions": {
      "aimms": {
        "contents": [
          "gss::sp_widgetActionMessageStack"
        ],
        "slices": [
          {
            "identifier": "gss::sp_widgetActionMessageStack",
            "slice": [
              {
                "index": "webui::indexPageExtension",
                "type": "free",
                "value": "webui::indexPageExtension"
              },
              {
                "index": "webui::indexWidgetActionSpec",
                "type": "free",
                "value": "webui::indexWidgetActionSpec"
              }
            ]
          }
        ]
      }
    }
  },
  "widgets/GanttChart_Flowshop": {
    "aimms.widget.type": {
      "literal": "ganttchart"
    },
    "time.reference": {
      "aimms": {
        "contents": [
          "sp_refTime"
        ]
      }
    },
    "time.resolution": {
      "literal": 1
    },
    "time.viewport.start": {
      "aimms": {
        "contents": [
          "sp_refTime"
        ]
      }
    },
    "time.viewport.end": {
      "aimms": {
        "contents": [
          "sp_EndTime"
        ]
      }
    },
    "contents": {
      "aimms": {
        "contents": [
          "p_gcJobStart",
          "p_gcJobDuration"
        ]
      }
    },
    "contents.partition": {
      "literal": {
        "resources": [
          "m"
        ],
        "jobs": [
          "<IDENTIFIER-SET>",
          "j"
        ],
        "aggregated": []
      }
    },
    "widgetactions": {
      "aimms": {
        "contents": [
          "sp_gcWidgetActions"
        ],
        "slices": [
          {
            "identifier": "sp_gcWidgetActions",
            "slice": [
              {
                "index": "i_gcwan",
                "type": "free",
                "value": "i_gcwan"
              },
              {
                "index": "webui::indexWidgetActionSpec",
                "type": "free",
                "value": "webui::indexWidgetActionSpec"
              }
            ]
          }
        ]
      }
    },
    "title": {
      "literal": "Flow shop Gantt Chart"
    }
  },
  "widgets/JobProfilerData": {
    "aimms.widget.type": {
      "literal": "table"
    },
    "contents": {
      "aimms": {
        "contents": [
          "gss::p_jobProfilerData"
        ],
        "prefix": "aimms",
        "slices": [
          {
            "identifier": "gss::p_jobProfilerData",
            "slice": [
              {
                "index": "IndexIdentifiers",
                "type": "free",
                "value": "IndexIdentifiers"
              },
              {
                "index": "gss::i_lineNumber",
                "type": "fixed-element",
                "value": "0"
              },
              {
                "index": "IndexProfilerTypes",
                "type": "free",
                "value": "IndexProfilerTypes"
              }
            ]
          }
        ]
      }
    },
    "contents.numdecimals": {
      "literal": 3
    },
    "contents.partition": {
      "literal": {
        "rowHeader": [
          "IndexIdentifiers"
        ],
        "colHeader": [
          "IndexProfilerTypes"
        ],
        "aggregated": [
          "<IDENTIFIER-SET>"
        ]
      }
    },
    "contents.sorting": {
      "literal": [
        {
          "partIndex": 0,
          "partOffsets": [
            -1,
            1
          ],
          "mode": "decreasing"
        }
      ]
    },
    "custom.column.widths": {
      "literal": [
        {
          "type": "colHeader",
          "colKey": {
            "IndexProfilerTypes": "net time"
          },
          "width": 16.53061224489796
        },
        {
          "type": "colHeader",
          "colKey": {
            "IndexProfilerTypes": "gross time"
          },
          "width": 18
        },
        {
          "type": "colHeader",
          "colKey": {
            "IndexProfilerTypes": "hits"
          },
          "width": 10.599999999999998
        },
        {
          "type": "rowHeader",
          "colKey": "IndexIdentifiers",
          "width": 49.62449174838555
        }
      ]
    },
    "store.focus.in": {
      "literal": {
        "IndexIdentifiers": "gss::ep_profilerDataSelectedIdentifier",
        "<IDENTIFIER-SET>": "gss::ep_profilerDataSelectedIdentifier"
      }
    },
    "title": {
      "literal": "Identifier based Profiler Data"
    },
    "widgetactions": {
      "aimms": {
        "contents": [
          "gss::sp_widgetActionIdentifierProfiler"
        ],
        "slices": [
          {
            "identifier": "gss::sp_widgetActionIdentifierProfiler",
            "slice": [
              {
                "index": "webui::indexPageExtension",
                "type": "free",
                "value": "webui::indexPageExtension"
              },
              {
                "index": "webui::indexWidgetActionSpec",
                "type": "free",
                "value": "webui::indexWidgetActionSpec"
              }
            ]
          }
        ]
      }
    }
  },
  "widgets/LineBasedProfilerData": {
    "aimms.widget.type": {
      "literal": "table"
    },
    "contents": {
      "aimms": {
        "contents": [
          "gss::p_jobProfilerData"
        ],
        "prefix": "aimms",
        "partition": {
          "rowHeader": [
            "IndexIdentifiers",
            "gss::i_LineNumber"
          ],
          "colHeader": [
            "IndexProfilerTypes"
          ],
          "aggregated": [
            "<IDENTIFIER-SET>"
          ]
        },
        "slices": [
          {
            "identifier": "gss::p_jobProfilerData",
            "slice": [
              {
                "index": "IndexIdentifiers",
                "type": "element-parameter",
                "value": "gss::ep_profilerDataSelectedIdentifier"
              },
              {
                "index": "gss::i_lineNumber",
                "type": "subset",
                "value": "gss::i_actualLineNumber"
              },
              {
                "index": "IndexProfilerTypes",
                "type": "free",
                "value": "IndexProfilerTypes"
              }
            ]
          }
        ]
      }
    },
    "contents.displaydomain": {
      "literal": {
        "gss::p_jobProfilerData": "1"
      }
    },
    "contents.numdecimals": {
      "literal": 3
    },
    "contents.partition": {
      "literal": {
        "rowHeader": [
          "IndexIdentifiers",
          "gss::i_lineNumber"
        ],
        "colHeader": [
          "IndexProfilerTypes"
        ],
        "aggregated": [
          "<IDENTIFIER-SET>"
        ]
      }
    },
    "custom.column.widths": {
      "literal": [
        {
          "type": "colHeader",
          "colKey": {
            "IndexProfilerTypes": "gross time"
          },
          "width": 17.4
        },
        {
          "type": "colHeader",
          "colKey": {
            "IndexProfilerTypes": "net time"
          },
          "width": 18.4
        },
        {
          "type": "colHeader",
          "colKey": {
            "IndexProfilerTypes": "hits"
          },
          "width": 13.333333333333333
        }
      ]
    },
    "title": {
      "aimms": {
        "contents": [
          "gss::sp_titleProfilerDetail"
        ],
        "slices": []
      }
    }
  },
  "widgets/UploadErrorData": {
    "action": {
      "literal": {
        "type": "procedure",
        "value": "gss::pr_uploadErrorData"
      }
    },
    "aimms.widget.type": {
      "literal": "upload"
    },
    "title": {
      "literal": "Upload Error Data"
    }
  }
}