{
  "version": "4.67.0",
  "application": {
    "aimms.widget.type": {
      "literal": "application"
    },
    "pages": {
      "literal": {
        "children": [
          {
            "children": [
              {
                "children": [],
                "name": "home",
                "slug": "home",
                "type": "pagev2-grid"
              },
              {
                "name": "GSS Session History Management",
                "type": "pagev2-grid",
                "slug": "gss_session_history_management",
                "children": [
                  {
                    "name": "GSS Incident report",
                    "type": "dialog",
                    "slug": "gss_incident_report",
                    "children": []
                  },
                  {
                    "name": "sp_controls",
                    "type": "sidepanel",
                    "slug": "sp_controls_1",
                    "children": []
                  }
                ]
              }
            ],
            "name": "Main Project",
            "slug": "main_project"
          }
        ],
        "name": "root",
        "slug": "root"
      }
    },
    "statusmessages": {
      "aimms": {
        "contents": [
          "gss::sp_messageStatusBar"
        ],
        "slices": [
          {
            "identifier": "gss::sp_messageStatusBar",
            "slice": [
              {
                "index": "webui::indexApplicationExtension",
                "type": "free",
                "value": "webui::indexApplicationExtension"
              },
              {
                "index": "webui::indexStatusBarSpec",
                "type": "free",
                "value": "webui::indexStatusBarSpec"
              }
            ]
          }
        ]
      }
    },
    "theme.classic": {
      "literal": false
    },
    "timezonesetting": {
      "literal": false
    },
    "widget.visibility.greyout": {
      "literal": true
    }
  },
  "layouts/custom_5702d503-3fe9-4d6c-9f4e-e302155388ef": {
    "definition": {
      "literal": {
        "componentName": "Grid",
        "props": {
          "gridTemplateColumns": "1fr 1fr 1fr",
          "gridTemplateRows": "1fr 1fr",
          "gridTemplateAreas": "\"area-a area-a area-b\" \"area-c area-c area-d\""
        },
        "items": [
          {
            "componentName": "WidgetArea",
            "props": {
              "gridArea": "area-a",
              "name": "Area A",
              "gridAutoFlow": "row"
            }
          },
          {
            "componentName": "WidgetArea",
            "props": {
              "gridArea": "area-b",
              "name": "Area B",
              "gridAutoFlow": "column"
            }
          },
          {
            "componentName": "WidgetArea",
            "props": {
              "gridArea": "area-c",
              "name": "Area C",
              "gridAutoFlow": "row"
            }
          },
          {
            "componentName": "WidgetArea",
            "props": {
              "gridArea": "area-d",
              "name": "Area D",
              "gridAutoFlow": "row"
            }
          }
        ]
      }
    },
    "displayName": {
      "literal": "Layout5 Copy"
    }
  },
  "pages/gss_incident_report": {
    "aimms.widget.type": {
      "literal": "dialog"
    },
    "maxcolumns": {
      "literal": 8
    },
    "maxrows": {
      "literal": 3
    },
    "widgets": {
      "literal": [
        {
          "uri": "ErrorAndWarningMessages",
          "layoutInfo": {
            "width": "8",
            "height": "2"
          }
        },
        {
          "uri": "IncidentSummary",
          "layoutInfo": {
            "width": "4",
            "height": "1",
            "customPosition": ""
          }
        },
        {
          "uri": "downloadIncidentSummary",
          "layoutInfo": {
            "width": "4",
            "height": "1"
          }
        },
        {
          "uri": "ClearDataSessionErrors",
          "layoutInfo": {
            "width": "4",
            "height": "1"
          }
        }
      ]
    }
  },
  "pages/gss_session_history_management": {
    "aimms.widget.type": {
      "literal": "pagev2-grid"
    },
    "bindings": {
      "literal": [
        {
          "widgetUri": "LineBasedProfilerData",
          "gridArea": "area-d",
          "dndId": "area-eLineBasedProfilerData6"
        },
        {
          "widgetUri": "ErrorWarningStack",
          "gridArea": "area-c",
          "dndId": "area-cErrorWarningStack0"
        },
        {
          "widgetUri": "JobProfilerData",
          "gridArea": "area-b",
          "dndId": "area-bJobProfilerData7"
        },
        {
          "widgetUri": "ErrorWarningMessageTable",
          "gridArea": "area-a",
          "dndId": "area-aErrorWarningMessageTable8"
        }
      ]
    },
    "layoutId": {
      "literal": "Layout5"
    },
    "maxcolumns": {
      "literal": 12
    },
    "onload": {
      "aimms": {
        "run": "gss::pr_openPageErrorWarningProfiler"
      }
    },
    "sidepanels": {
      "aimms": {
        "contents": [
          "gss::sp_sidePanel"
        ],
        "slices": [
          {
            "identifier": "gss::sp_sidePanel",
            "slice": [
              {
                "index": "webui::indexPageExtension",
                "type": "free",
                "value": "webui::indexPageExtension"
              },
              {
                "index": "webui::indexSidePanelSpec",
                "type": "free",
                "value": "webui::indexSidePanelSpec"
              }
            ]
          }
        ]
      }
    },
    "widgets": {
      "literal": [
        {
          "uri": "ErrorWarningMessageTable",
          "layoutInfo": {
            "width": "8",
            "height": "2",
            "customPosition": ""
          }
        },
        {
          "uri": "ErrorWarningStack",
          "layoutInfo": {
            "width": "8",
            "height": "2",
            "customPosition": ""
          }
        },
        {
          "uri": "LineBasedProfilerData",
          "layoutInfo": {
            "width": "4",
            "height": "2",
            "customPosition": ""
          }
        },
        {
          "uri": "JobProfilerData",
          "layoutInfo": {
            "width": "2",
            "height": "1"
          }
        }
      ]
    }
  },
  "pages/home": {
    "aimms.widget.type": {
      "literal": "pagev2-grid"
    },
    "bindings": {
      "literal": [
        {
          "widgetUri": "GanttChart_Flowshop",
          "gridArea": "area-a",
          "dndId": "Unassigned widgetsGanttChart_Flowshop0"
        }
      ]
    },
    "layoutId": {
      "literal": "Layout9"
    },
    "widgets": {
      "literal": [
        {
          "uri": "GanttChart_Flowshop",
          "layoutInfo": {
            "width": "6",
            "height": "2",
            "customPosition": ""
          }
        }
      ]
    }
  },
  "pages/sp_controls_1": {
    "aimms.widget.type": {
      "literal": "sidepanel"
    },
    "widgets": {
      "literal": [
        {
          "uri": "sc_currentSession",
          "layoutInfo": {
            "width": "2",
            "height": "1"
          }
        },
        {
          "uri": "dl_modelLog",
          "layoutInfo": {
            "width": "2",
            "height": "1"
          }
        },
        {
          "uri": "dl_errorLog",
          "layoutInfo": {
            "width": "2",
            "height": "1"
          }
        },
        {
          "uri": "dl_modeldata",
          "layoutInfo": {
            "width": "2",
            "height": "1"
          }
        },
        {
          "uri": "ul_errordata",
          "layoutInfo": {
            "width": "2",
            "height": "1"
          }
        },
        {
          "uri": "IncidentSummary_1",
          "layoutInfo": {
            "width": "2",
            "height": "1"
          }
        }
      ]
    }
  },
  "widgets/ClearDataSessionErrors": {
    "action": {
      "literal": {
        "type": "procedure",
        "value": "gss::pr_clearDataSessionErrors"
      }
    },
    "aimms.widget.type": {
      "literal": "button"
    },
    "name": {
      "literal": "ClearDataSessionErrors"
    },
    "title": {
      "aimms": {
        "contents": [
          "gss::sp_titleClearDataSessionErrors"
        ],
        "slices": []
      }
    }
  },
  "widgets/dl_errorLog": {
    "action": {
      "literal": {
        "type": "procedure",
        "value": "gss::pr_downloadActionLog"
      }
    },
    "aimms.widget.type": {
      "literal": "download"
    },
    "name": {
      "literal": "dl_errorLog"
    },
    "title": {
      "literal": "Download Model Log"
    }
  },
  "widgets/dl_modeldata": {
    "action": {
      "literal": {
        "type": "procedure",
        "value": "gss::pr_downloadErrorData"
      }
    },
    "aimms.widget.type": {
      "literal": "download"
    },
    "name": {
      "literal": "dl_modeldata"
    },
    "title": {
      "literal": "Download Error Data"
    }
  },
  "widgets/dl_modelLog": {
    "action": {
      "literal": {
        "type": "procedure",
        "value": "gss::pr_downloadErrorReport"
      }
    },
    "aimms.widget.type": {
      "literal": "download"
    },
    "name": {
      "literal": "dl_modelLog"
    },
    "title": {
      "literal": "Download Error Report"
    }
  },
  "widgets/downloadIncidentSummary": {
    "action": {
      "literal": {
        "type": "procedure",
        "value": "gss::pr_downloadIncidentSummary"
      }
    },
    "aimms.widget.type": {
      "literal": "download"
    },
    "name": {
      "literal": "downloadIncidentSummary"
    },
    "title": {
      "aimms": {
        "contents": [
          "gss::sp_titleDowloadIncidentSummary"
        ],
        "slices": []
      }
    }
  },
  "widgets/ErrorAndWarningMessages": {
    "aimms.widget.type": {
      "literal": "table"
    },
    "contents": {
      "aimms": {
        "contents": [
          "gss::ep_dataSessionErrorSeverity",
          "gss::sp_dataSessionErrorMoments",
          "gss::sp_dataSessionErrorMessages"
        ]
      }
    },
    "contents.partition": {
      "literal": {
        "rowHeader": [
          "gss::i_dataSessionErrorMessageNumber"
        ],
        "colHeader": [
          "<IDENTIFIER-SET>"
        ],
        "aggregated": []
      }
    },
    "custom.column.widths": {
      "literal": [
        {
          "type": "colHeader",
          "colKey": {
            "<IDENTIFIER-SET>": "gss::ep_dataSessionErrorSeverity"
          },
          "width": 11.42
        },
        {
          "type": "colHeader",
          "colKey": {
            "<IDENTIFIER-SET>": "gss::sp_dataSessionErrorMoments"
          },
          "width": 32.79
        },
        {
          "type": "colHeader",
          "colKey": {
            "<IDENTIFIER-SET>": "gss::sp_dataSessionErrorMessages"
          },
          "width": 145.2
        }
      ]
    },
    "name": {
      "literal": "ErrorAndWarningMessages"
    },
    "title": {
      "literal": "Errors and warnings encountered"
    }
  },
  "widgets/ErrorWarningMessageTable": {
    "aimms.widget.type": {
      "literal": "table"
    },
    "contents": {
      "aimms": {
        "contents": [
          "gss::ep_shownJobErrorSeverity",
          "gss::sp_shownJobErrorMoments",
          "gss::sp_shownJobErrorMessages"
        ]
      }
    },
    "contents.partition": {
      "literal": {
        "rowHeader": [
          "gss::i_jobErrorMessageNumber"
        ],
        "colHeader": [
          "<IDENTIFIER-SET>"
        ],
        "aggregated": []
      }
    },
    "contents.sorting": {
      "literal": [
        {
          "partIndex": 0,
          "partOffsets": [
            -1,
            1
          ],
          "mode": "increasing"
        }
      ]
    },
    "contextmenu": {
      "aimms": {
        "contents": [
          "gss::sp_itemActionMessageList"
        ],
        "slices": [
          {
            "identifier": "gss::sp_itemActionMessageList",
            "slice": [
              {
                "index": "webui::indexWidgetItemActionSpec",
                "type": "free",
                "value": "webui::indexWidgetItemActionSpec"
              },
              {
                "index": "webui::indexPageExtension",
                "type": "free",
                "value": "webui::indexPageExtension"
              },
              {
                "index": "webui::indexWidgetActionSpec",
                "type": "free",
                "value": "webui::indexWidgetActionSpec"
              }
            ]
          }
        ]
      }
    },
    "custom.column.widths": {
      "literal": [
        {
          "type": "rowHeader",
          "colKey": "i_JobErrorMessageNumber",
          "width": 7.844594594594593
        },
        {
          "type": "colHeader",
          "colKey": {},
          "width": 63.845805707044409
        },
        {
          "type": "colHeader",
          "colKey": {
            "<IDENTIFIER-SET>": "gss::ep_shownJobErrorSeverity"
          },
          "width": 13.47
        },
        {
          "type": "colHeader",
          "colKey": {
            "<IDENTIFIER-SET>": "gss::sp_shownJobErrorMoments"
          },
          "width": 34.17
        },
        {
          "type": "colHeader",
          "colKey": {
            "<IDENTIFIER-SET>": "gss::sp_shownJobErrorMessages"
          },
          "width": 54.37
        }
      ]
    },
    "name": {
      "literal": "ErrorWarningMessageTable"
    },
    "store.focus.in": {
      "literal": {
        "gss::i_jobErrorMessageNumber": "gss::ep_errorWarningSelectedMessage"
      }
    },
    "title": {
      "aimms": {
        "contents": [
          "gss::sp_titleErrorWarningMessagesTable"
        ],
        "slices": []
      }
    },
    "widgetactions": {
      "aimms": {
        "contents": [
          "gss::sp_widgetActionMessageList"
        ],
        "slices": [
          {
            "identifier": "gss::sp_widgetActionMessageList",
            "slice": [
              {
                "index": "webui::indexPageExtension",
                "type": "free",
                "value": "webui::indexPageExtension"
              },
              {
                "index": "webui::indexWidgetActionSpec",
                "type": "free",
                "value": "webui::indexWidgetActionSpec"
              }
            ]
          }
        ]
      }
    }
  },
  "widgets/ErrorWarningStack": {
    "aimms.widget.type": {
      "literal": "table"
    },
    "contents": {
      "aimms": {
        "slices": [
          {
            "identifier": "gss::ep_shownJobErrorAttributes",
            "slice": [
              {
                "index": "gss::i_jobErrorMessageNumber",
                "type": "element-parameter",
                "value": "gss::ep_errorWarningSelectedMessage"
              },
              {
                "index": "gss::i_stackPosition",
                "type": "free",
                "value": "gss::i_stackPosition"
              }
            ]
          },
          {
            "identifier": "gss::ep_shownJobErrorNodes",
            "slice": [
              {
                "index": "gss::i_jobErrorMessageNumber",
                "type": "element-parameter",
                "value": "gss::ep_errorWarningSelectedMessage"
              },
              {
                "index": "gss::i_stackPosition",
                "type": "free",
                "value": "gss::i_stackPosition"
              }
            ]
          },
          {
            "identifier": "gss::p_shownJobErrorLines",
            "slice": [
              {
                "index": "gss::i_jobErrorMessageNumber",
                "type": "element-parameter",
                "value": "gss::ep_errorWarningSelectedMessage"
              },
              {
                "index": "gss::i_stackPosition",
                "type": "free",
                "value": "gss::i_stackPosition"
              }
            ]
          },
          {
            "identifier": "gss::ep_shownJobErrorAttributes",
            "slice": [
              {
                "index": "gss::i_jobErrorMessageNumber",
                "type": "element-parameter",
                "value": "gss::ep_errorWarningSelectedMessage"
              },
              {
                "index": "gss::i_stackPosition",
                "type": "free",
                "value": "gss::i_stackPosition"
              }
            ]
          }
        ],
        "contents": [
          "gss::ep_shownJobErrorNodes",
          "gss::ep_shownJobErrorAttributes",
          "gss::p_shownJobErrorLines"
        ],
        "prefix": "aimms",
        "partition": {
          "rowHeader": [
            "gss::i_jobErrorMessageNumber",
            "gss::i_stackPosition"
          ],
          "colHeader": [
            "<IDENTIFIER-SET>"
          ],
          "aggregated": []
        }
      }
    },
    "contents.numdecimals": {
      "literal": 0
    },
    "contents.partition": {
      "literal": {
        "rowHeader": [
          "gss::i_jobErrorMessageNumber",
          "gss::i_stackPosition"
        ],
        "colHeader": [
          "<IDENTIFIER-SET>"
        ],
        "aggregated": []
      }
    },
    "contextmenu": {
      "aimms": {
        "contents": [
          "gss::sp_itemActionMessageStack"
        ],
        "slices": [
          {
            "identifier": "gss::sp_itemActionMessageStack",
            "slice": [
              {
                "index": "webui::indexWidgetItemActionSpec",
                "type": "free",
                "value": "webui::indexWidgetItemActionSpec"
              },
              {
                "index": "webui::indexPageExtension",
                "type": "free",
                "value": "webui::indexPageExtension"
              },
              {
                "index": "webui::indexWidgetActionSpec",
                "type": "free",
                "value": "webui::indexWidgetActionSpec"
              }
            ]
          }
        ]
      }
    },
    "custom.column.widths": {
      "literal": [
        {
          "type": "colHeader",
          "colKey": {
            "<IDENTIFIER-SET>": "gss::p_JobErrorLines"
          },
          "width": 10.735714285714286
        },
        {
          "type": "colHeader",
          "colKey": {
            "<IDENTIFIER-SET>": "gss::ep_JobErrorAttributes"
          },
          "width": 16.919431279620853
        },
        {
          "type": "colHeader",
          "colKey": {
            "<IDENTIFIER-SET>": "gss::ep_JobErrorNodes"
          },
          "width": 53.9887659574468
        },
        {
          "type": "colHeader",
          "colKey": {
            "<IDENTIFIER-SET>": "gss::ep_shownJobErrorNodes"
          },
          "width": 58.57
        },
        {
          "type": "colHeader",
          "colKey": {
            "<IDENTIFIER-SET>": "gss::ep_shownJobErrorAttributes"
          },
          "width": 15.22
        }
      ]
    },
    "store.focus.in": {
      "literal": {
        "gss::i_stackPosition": "gss::ep_stackPos"
      }
    },
    "title": {
      "aimms": {
        "contents": [
          "gss::sp_titleStackMessage"
        ],
        "slices": []
      }
    },
    "widgetactions": {
      "aimms": {
        "contents": [
          "gss::sp_widgetActionMessageStack"
        ],
        "slices": [
          {
            "identifier": "gss::sp_widgetActionMessageStack",
            "slice": [
              {
                "index": "webui::indexPageExtension",
                "type": "free",
                "value": "webui::indexPageExtension"
              },
              {
                "index": "webui::indexWidgetActionSpec",
                "type": "free",
                "value": "webui::indexWidgetActionSpec"
              }
            ]
          }
        ]
      }
    },
    "name": {
      "literal": "ErrorWarningStack"
    }
  },
  "widgets/GanttChart_Flowshop": {
    "aimms.widget.type": {
      "literal": "ganttchart"
    },
    "contents": {
      "aimms": {
        "contents": [
          "p_gcJobStart",
          "p_gcJobDuration"
        ]
      }
    },
    "contents.partition": {
      "literal": {
        "resources": [
          "m"
        ],
        "jobs": [
          "<IDENTIFIER-SET>",
          "j"
        ],
        "aggregated": []
      }
    },
    "name": {
      "literal": "GanttChart_Flowshop"
    },
    "time.reference": {
      "aimms": {
        "contents": [
          "sp_refTime"
        ]
      }
    },
    "time.resolution": {
      "literal": 1
    },
    "time.viewport.end": {
      "aimms": {
        "contents": [
          "sp_EndTime"
        ]
      }
    },
    "time.viewport.start": {
      "aimms": {
        "contents": [
          "sp_refTime"
        ]
      }
    },
    "timezone": {
      "aimms": {
        "contents": [
          "webui::DisplayTimeZone"
        ]
      }
    },
    "title": {
      "literal": "Flow shop Gantt Chart"
    },
    "widgetactions": {
      "aimms": {
        "contents": [
          "sp_gcWidgetActions"
        ],
        "slices": [
          {
            "identifier": "sp_gcWidgetActions",
            "slice": [
              {
                "index": "i_gcwan",
                "type": "free",
                "value": "i_gcwan"
              },
              {
                "index": "webui::indexWidgetActionSpec",
                "type": "free",
                "value": "webui::indexWidgetActionSpec"
              }
            ]
          }
        ]
      }
    }
  },
  "widgets/IncidentSummary": {
    "aimms.widget.type": {
      "literal": "scalar"
    },
    "contents": {
      "aimms": {
        "contents": [
          "gss::sp_incidentSummarySuppliedByEndUser"
        ]
      }
    },
    "contents.labels.visible": {
      "literal": 0
    },
    "multi.line": {
      "literal": 1
    },
    "name": {
      "literal": "IncidentSummary"
    },
    "title": {
      "aimms": {
        "contents": [
          "gss::sp_incidentSummaryTitle"
        ],
        "slices": []
      }
    }
  },
  "widgets/IncidentSummary_1": {
    "action": {
      "literal": {
        "type": "procedure",
        "value": "gss::pr_openIncidentSummary"
      }
    },
    "aimms.widget.type": {
      "literal": "button"
    },
    "name": {
      "literal": "IncidentSummary (1)"
    },
    "title": {
      "literal": "Incident Summary"
    }
  },
  "widgets/JobProfilerData": {
    "aimms.widget.type": {
      "literal": "table"
    },
    "contents": {
      "aimms": {
        "slices": [
          {
            "identifier": "gss::p_shownJobProfilerHits",
            "slice": [
              {
                "index": "IndexIdentifiers",
                "type": "free",
                "value": "IndexIdentifiers"
              },
              {
                "index": "gss::i_lineNumber",
                "type": "fixed-element",
                "value": "0"
              }
            ]
          },
          {
            "identifier": "gss::p_shownJobProfilerGross",
            "slice": [
              {
                "index": "IndexIdentifiers",
                "type": "free",
                "value": "IndexIdentifiers"
              },
              {
                "index": "gss::i_lineNumber",
                "type": "fixed-element",
                "value": "0"
              }
            ]
          },
          {
            "identifier": "gss::p_shownJobProfilerNetto",
            "slice": [
              {
                "index": "IndexIdentifiers",
                "type": "free",
                "value": "IndexIdentifiers"
              },
              {
                "index": "gss::i_lineNumber",
                "type": "fixed-element",
                "value": "0"
              }
            ]
          }
        ],
        "contents": [
          "gss::p_shownJobProfilerHits",
          "gss::p_shownJobProfilerGross",
          "gss::p_shownJobProfilerNetto"
        ],
        "prefix": "aimms",
        "partition": {
          "rowHeader": [
            "IndexIdentifiers"
          ],
          "colHeader": [
            "<IDENTIFIER-SET>"
          ],
          "aggregated": [
            "webui::ffn"
          ]
        }
      }
    },
    "contents.numdecimals": {
      "literal": 3
    },
    "contents.partition": {
      "literal": {
        "rowHeader": [
          "IndexIdentifiers"
        ],
        "colHeader": [
          "<IDENTIFIER-SET>"
        ],
        "aggregated": [
          "webui::ffn"
        ]
      }
    },
    "contextmenu": {
      "aimms": {
        "contents": [
          "gss::sp_itemActionIdentifierProfiler"
        ],
        "slices": [
          {
            "identifier": "gss::sp_itemActionIdentifierProfiler",
            "slice": [
              {
                "index": "webui::indexWidgetItemActionSpec",
                "type": "free",
                "value": "webui::indexWidgetItemActionSpec"
              },
              {
                "index": "webui::indexPageExtension",
                "type": "free",
                "value": "webui::indexPageExtension"
              },
              {
                "index": "webui::indexWidgetActionSpec",
                "type": "free",
                "value": "webui::indexWidgetActionSpec"
              }
            ]
          }
        ]
      }
    },
    "custom.column.widths": {
      "literal": [
        {
          "type": "colHeader",
          "colKey": {
            "<IDENTIFIER-SET>": "gss::p_shownJobProfilerNetto"
          },
          "width": 12.7
        },
        {
          "type": "rowHeader",
          "colKey": "IndexIdentifiers",
          "width": 51.27
        },
        {
          "type": "colHeader",
          "colKey": {
            "<IDENTIFIER-SET>": "gss::p_shownJobProfilerHits"
          },
          "width": 16.04
        },
        {
          "type": "colHeader",
          "colKey": {
            "<IDENTIFIER-SET>": "gss::p_shownJobProfilerGross"
          },
          "width": 15.62
        }
      ]
    },
    "name": {
      "literal": "JobProfilerData"
    },
    "store.focus.in": {
      "literal": {
        "IndexIdentifiers": "gss::ep_profilerDataSelectedIdentifier"
      }
    },
    "title": {
      "aimms": {
        "contents": [
          "gss::sp_titleProfilerOverview"
        ],
        "slices": []
      }
    },
    "widgetactions": {
      "aimms": {
        "contents": [
          "gss::sp_widgetActionIdentifierProfiler"
        ],
        "slices": [
          {
            "identifier": "gss::sp_widgetActionIdentifierProfiler",
            "slice": [
              {
                "index": "webui::indexPageExtension",
                "type": "free",
                "value": "webui::indexPageExtension"
              },
              {
                "index": "webui::indexWidgetActionSpec",
                "type": "free",
                "value": "webui::indexWidgetActionSpec"
              }
            ]
          }
        ]
      }
    }
  },
  "widgets/LineBasedProfilerData": {
    "aimms.widget.type": {
      "literal": "table"
    },
    "contents": {
      "aimms": {
        "slices": [
          {
            "identifier": "gss::p_shownJobProfilerHits",
            "slice": [
              {
                "index": "IndexIdentifiers",
                "type": "element-parameter",
                "value": "gss::ep_profilerDataSelectedIdentifier"
              },
              {
                "index": "gss::i_lineNumber",
                "type": "subset",
                "value": "gss::i_actualLineNumber"
              }
            ]
          },
          {
            "identifier": "gss::p_shownJobProfilerGross",
            "slice": [
              {
                "index": "IndexIdentifiers",
                "type": "element-parameter",
                "value": "gss::ep_profilerDataSelectedIdentifier"
              },
              {
                "index": "gss::i_lineNumber",
                "type": "subset",
                "value": "gss::i_actualLineNumber"
              }
            ]
          },
          {
            "identifier": "gss::p_shownJobProfilerNetto",
            "slice": [
              {
                "index": "IndexIdentifiers",
                "type": "element-parameter",
                "value": "gss::ep_profilerDataSelectedIdentifier"
              },
              {
                "index": "gss::i_lineNumber",
                "type": "subset",
                "value": "gss::i_actualLineNumber"
              }
            ]
          }
        ],
        "contents": [
          "gss::p_shownJobProfilerHits",
          "gss::p_shownJobProfilerGross",
          "gss::p_shownJobProfilerNetto"
        ],
        "prefix": "aimms",
        "partition": {
          "rowHeader": [
            "IndexIdentifiers",
            "gss::i_lineNumber"
          ],
          "colHeader": [
            "IndexProfilerTypes",
            "<IDENTIFIER-SET>"
          ],
          "aggregated": []
        },
        "displaydomain": {
          "gss::p_jobProfilerData": "1"
        },
        "numdecimals": 3
      }
    },
    "contents.displaydomain": {
      "literal": {
        "gss::p_jobProfilerData": "1"
      }
    },
    "contents.numdecimals": {
      "literal": 3
    },
    "contents.partition": {
      "literal": {
        "rowHeader": [
          "IndexIdentifiers",
          "gss::i_lineNumber"
        ],
        "colHeader": [
          "IndexProfilerTypes",
          "<IDENTIFIER-SET>"
        ],
        "aggregated": []
      }
    },
    "custom.column.widths": {
      "literal": [
        {
          "type": "colHeader",
          "colKey": {
            "IndexProfilerTypes": "gross time"
          },
          "width": 17.4
        },
        {
          "type": "colHeader",
          "colKey": {
            "IndexProfilerTypes": "net time"
          },
          "width": 18.4
        },
        {
          "type": "colHeader",
          "colKey": {
            "IndexProfilerTypes": "hits"
          },
          "width": 13.333333333333333
        },
        {
          "type": "colHeader",
          "colKey": {
            "<IDENTIFIER-SET>": "gss::p_shownJobProfilerHits"
          },
          "width": 15.62
        },
        {
          "type": "colHeader",
          "colKey": {
            "<IDENTIFIER-SET>": "gss::p_shownJobProfilerGross"
          },
          "width": 13.54
        },
        {
          "type": "colHeader",
          "colKey": {
            "<IDENTIFIER-SET>": "gss::p_shownJobProfilerNetto"
          },
          "width": 13.12
        }
      ]
    },
    "name": {
      "literal": "LineBasedProfilerData"
    },
    "title": {
      "aimms": {
        "contents": [
          "gss::sp_titleProfilerDetail"
        ],
        "slices": []
      }
    }
  },
  "widgets/sc_currentSession": {
    "aimms.widget.type": {
      "literal": "scalar"
    },
    "compact": {
      "literal": 0
    },
    "contents": {
      "aimms": {
        "contents": [
          "gss::ep_shownSession",
          "gss::sp_shownSessionDescription"
        ]
      }
    },
    "contents.labels.visible": {
      "literal": 0
    },
    "multi.line": {
      "literal": 1
    },
    "name": {
      "literal": "sc_currentSession"
    },
    "title": {
      "literal": "Selection Session & Type"
    }
  },
  "widgets/ul_errordata": {
    "action": {
      "literal": {
        "type": "procedure",
        "value": "gss::pr_uploadErrorData"
      }
    },
    "aimms.widget.type": {
      "literal": "upload"
    },
    "name": {
      "literal": "ul_errordata"
    },
    "title": {
      "literal": "Upload Error data"
    }
  }
}