<?xml version="1.0"?>
<Page Version="4000" TimeStamp="2010-05-11 08:35:53">
	<Location top="27" left="8" bottom="864" right="1020" />
	<PageEditSize Type="Inherited" />
	<ProjectUUID>69E2AF0F-ED8E-4ABE-8F66-1D09D7A2CB6D</ProjectUUID>
	<TemplatesTabOrderPosition>1</TemplatesTabOrderPosition>
	<Background Inherited="true" />
	<PageObject Type="Pivot Table">
		<Location top="12" left="6" bottom="120" right="378" />
		<TabOrder>1</TabOrder>
		<ObjectUUID>85FAFF16-B400-43DC-AFC6-5EF555ECF8BC</ObjectUUID>
		<Font GUID="00000000-0000-0000-0000-000000000001" Name="Main Font" />
		<Border Style="None" />
		<Contents>
			<Explicit_Identifier>
				<Identifier ID="4110">RO_ExistingCap( p )</Identifier>
				<Title ID="4120">"Existing Capacity"</Title>
				<Format>
					<Decimal_Places ID="4312">2</Decimal_Places>
				</Format>
			</Explicit_Identifier>
			<Explicit_Identifier>
				<Identifier ID="4110">RO_NewCap.robust( p )</Identifier>
				<Title ID="4120">"New Capacity"</Title>
				<Format>
					<Decimal_Places ID="4312">2</Decimal_Places>
				</Format>
			</Explicit_Identifier>
			<Explicit_Identifier>
				<Identifier ID="4110">RO_SolutionTotalCap( p )</Identifier>
				<Title ID="4120">"Total Capacity"</Title>
				<Format>
					<Decimal_Places ID="4312">2</Decimal_Places>
				</Format>
			</Explicit_Identifier>
		</Contents>
		<Indices>
			<Explicit_Index>
				<Index ID="6510">p</Index>
				<Header_Title ID="6530">"plant"</Header_Title>
			</Explicit_Index>
			<Identifier_Index>
				<Header_Title ID="6230">"Capacity Type"</Header_Title>
			</Identifier_Index>
		</Indices>
		<General>
			<Dense_Aggregation_restricts_to_Domain ID="1022">"Yes"</Dense_Aggregation_restricts_to_Domain>
			<Save_Layout_State>
				<Store_Entire_Tree_Layout ID="1110">1</Store_Entire_Tree_Layout>
			</Save_Layout_State>
		</General>
		<Row_Area>
			<Background_Color ID="2010">RGB&lt;255,255,200&gt;</Background_Color>
			<Text_Color ExtraInfo="D4F48705-BFDF-4DF8-8E1F-D38EFF981024" ID="2020">"default selection"</Text_Color>
			<Headers>
				<Background_Color ExtraInfo="D4F48705-BFDF-4DF8-8E1F-D38EFF981024" ID="2120">"default selection"</Background_Color>
				<Text_Color ID="2130">RGB&lt;255,255,255&gt;</Text_Color>
			</Headers>
			<Grid_Focus_Indicator>
				<Background_Color ExtraInfo="D4F48705-BFDF-4DF8-8E1F-D38EFF981024" ID="2270">"default selection"</Background_Color>
				<Text_Color ID="2280">RGB&lt;255,255,200&gt;</Text_Color>
			</Grid_Focus_Indicator>
		</Row_Area>
		<Grid_Area>
			<Background_Color ID="5010">RGB&lt;255,255,255&gt;</Background_Color>
			<Alternating_Background_Color ID="5011">RGB&lt;225,225,225&gt;</Alternating_Background_Color>
			<Aggregators>
				<Background_Color ID="5220">RGB&lt;255,128,128&gt;</Background_Color>
			</Aggregators>
			<Sub_Header_Row_or_Column>
				<Background_Color ID="5320">RGB&lt;255,255,200&gt;</Background_Color>
			</Sub_Header_Row_or_Column>
		</Grid_Area>
	</PageObject>
	<PageObject Type="Pivot Table">
		<Location top="138" left="6" bottom="264" right="228" />
		<TabOrder>2</TabOrder>
		<ObjectUUID>CE161BD9-8305-4F30-9AAA-B18AEE178A35</ObjectUUID>
		<Font GUID="00000000-0000-0000-0000-000000000001" Name="Main Font" />
		<Border Style="None" />
		<Contents>
			<Explicit_Identifier>
				<Identifier ID="4110">RO_TotalCosts.robust</Identifier>
				<Title ID="4120">"Total Costs"</Title>
				<Format>
					<Decimal_Places ID="4312">2</Decimal_Places>
				</Format>
			</Explicit_Identifier>
			<Explicit_Identifier>
				<Identifier ID="4110">RO_TotalCapitalCosts.robust</Identifier>
				<Title ID="4120">"Capital Costs"</Title>
				<Format>
					<Decimal_Places ID="4312">2</Decimal_Places>
				</Format>
			</Explicit_Identifier>
			<Explicit_Identifier>
				<Identifier ID="4110">RO_TotalImportCosts.robust</Identifier>
				<Title ID="4120">"Import Costs"</Title>
				<Format>
					<Decimal_Places ID="4312">2</Decimal_Places>
				</Format>
			</Explicit_Identifier>
			<Explicit_Identifier>
				<Identifier ID="4110">RO_TotalOperationCosts.robust</Identifier>
				<Title ID="4120">"Operation Costs"</Title>
				<Format>
					<Decimal_Places ID="4312">2</Decimal_Places>
				</Format>
			</Explicit_Identifier>
		</Contents>
		<Indices>
			<Identifier_Index>
				<Header_Title ID="6230">"Costs Type"</Header_Title>
				<Hide_if_Single_Identifier ID="6270">"No"</Hide_if_Single_Identifier>
			</Identifier_Index>
			<Suffix_Index>
				<Explicit_Suffix>
					<Suffix ID="6620">"Robust"</Suffix>
					<Element_Text ID="6621">"Robust Solution"</Element_Text>
				</Explicit_Suffix>
				<Header_Title ID="6630">""</Header_Title>
				<Column_Width ID="6655">15</Column_Width>
			</Suffix_Index>
		</Indices>
		<General>
			<Dense_Aggregation_restricts_to_Domain ID="1022">"Yes"</Dense_Aggregation_restricts_to_Domain>
			<Save_Layout_State>
				<Store_Entire_Tree_Layout ID="1110">1</Store_Entire_Tree_Layout>
			</Save_Layout_State>
		</General>
		<Row_Area>
			<Background_Color ID="2010">RGB&lt;255,255,200&gt;</Background_Color>
			<Text_Color ExtraInfo="D4F48705-BFDF-4DF8-8E1F-D38EFF981024" ID="2020">"default selection"</Text_Color>
			<Headers>
				<Background_Color ExtraInfo="D4F48705-BFDF-4DF8-8E1F-D38EFF981024" ID="2120">"default selection"</Background_Color>
				<Text_Color ID="2130">RGB&lt;255,255,255&gt;</Text_Color>
			</Headers>
			<Grid_Focus_Indicator>
				<Background_Color ExtraInfo="D4F48705-BFDF-4DF8-8E1F-D38EFF981024" ID="2270">"default selection"</Background_Color>
				<Text_Color ID="2280">RGB&lt;255,255,200&gt;</Text_Color>
			</Grid_Focus_Indicator>
		</Row_Area>
		<Grid_Area>
			<Background_Color ID="5010">RGB&lt;255,255,255&gt;</Background_Color>
			<Alternating_Background_Color ID="5011">RGB&lt;225,225,225&gt;</Alternating_Background_Color>
			<Aggregators>
				<Background_Color ID="5220">RGB&lt;255,128,128&gt;</Background_Color>
			</Aggregators>
			<Sub_Header_Row_or_Column>
				<Background_Color ID="5320">RGB&lt;255,255,200&gt;</Background_Color>
			</Sub_Header_Row_or_Column>
		</Grid_Area>
	</PageObject>
	<UsedReferences>
		<Model>
			<Symbol>p</Symbol>
			<Symbol>RO_NewCap</Symbol>
			<Symbol>RO_TotalOperationCosts</Symbol>
			<Symbol>RO_SolutionTotalCap</Symbol>
			<Symbol>RO_TotalCosts</Symbol>
			<Symbol>RO_TotalImportCosts</Symbol>
			<Symbol>RO_TotalCapitalCosts</Symbol>
			<Symbol>RO_ExistingCap</Symbol>
		</Model>
	</UsedReferences>
</Page>
