<?xml version="1.0"?>
<Page Version="4000" TimeStamp="2023-12-14 14:57:48">
	<Location top="23" left="4" bottom="644" right="768" />
	<PageEditSize Type="Inherited">
		<Size Width="772" Height="622" />
	</PageEditSize>
	<ProjectUUID>CDFB6C8D-067D-4490-BB30-D0174299E222</ProjectUUID>
	<TemplatesTabOrderPosition>1</TemplatesTabOrderPosition>
	<ResizeData>
		<MainArea Line="FixedFromTop" Value="99">
			<TopArea Line="FixedFromLeft" Value="200" />
			<BottomArea Line="FixedFromLeft" Value="201">
				<LeftArea Line="FixedFromTop" Value="204">
					<BottomArea Line="FixedFromTop" Value="221" />
				</LeftArea>
				<RightArea Line="FixedFromTop" Value="85">
					<BottomArea Line="FixedFromTop" Value="110" />
				</RightArea>
			</BottomArea>
		</MainArea>
	</ResizeData>
	<Background>
		<UserColor GUID="4A495150-9A3B-4EA9-A957-B4EB3C7B7E73">white</UserColor>
	</Background>
	<HorizontalGridDistance>3</HorizontalGridDistance>
	<VerticalGridDistance>3</VerticalGridDistance>
	<PageObject Type="Text">
		<Location top="339" left="18" bottom="486" right="186" />
		<StaticText>Jobs and machines can be added by specifying the size of those sets. The remaining input data is generated randomly. The number of binary variables is equal to square of the number of jobs.</StaticText>
		<Font GUID="C82FBF27-1614-41C9-B718-A431388D2B5A" Name="General Text" />
		<TextColor>
			<UserColor GUID="23F33851-505F-45B5-AA1F-5360CB8B3EFB">Text Blue</UserColor>
		</TextColor>
	</PageObject>
	<PageObject Type="Button">
		<Location top="492" left="9" bottom="519" right="195" />
		<TabOrder>6</TabOrder>
		<ButtonType>Text</ButtonType>
		<Title>"Solve Model using task"</Title>
		<Font GUID="0BDEF216-23B3-4F0F-B5D6-83C5A7303CF9" Name="Buttons" />
		<ActionSequence>
			<Action Type="Run">
				<RunWhat>SpecificProcecure</RunWhat>
				<Procedure>pr_buttonSolveFlowshopUsingTask</Procedure>
				<AbortOnError>true</AbortOnError>
				<BackgroundRun>true</BackgroundRun>
			</Action>
		</ActionSequence>
	</PageObject>
	<PageObject Type="Text">
		<Location top="192" left="18" bottom="210" right="195" />
		<StaticText>Problem Description</StaticText>
		<Font GUID="C82FBF27-1614-41C9-B718-A431388D2B5A" Name="General Text" />
		<TextColor>
			<UserColor GUID="1798981A-C40D-4713-BC08-E97545963465">Link</UserColor>
		</TextColor>
	</PageObject>
	<PageObject Type="Button">
		<Location top="186" left="6" bottom="210" right="192" />
		<TabOrder>2</TabOrder>
		<LeaveOnEnter>false</LeaveOnEnter>
		<ButtonType>Text</ButtonType>
		<Transparent>true</Transparent>
		<Font GUID="64997158-3D5B-41FC-BAC0-3F921D1A96BD" Name="default" />
		<ActionSequence>
			<Action Type="GotoPage">
				<Destination>Parent</Destination>
			</Action>
		</ActionSequence>
	</PageObject>
	<PageObject Type="Rectangle">
		<Location top="309" left="6" bottom="333" right="192" />
		<FillColor>
			<UserColor GUID="A3839E01-47DC-46BB-819D-6CECB851B151">Bar Blue</UserColor>
		</FillColor>
		<LineColor>
			<UserColor GUID="A3839E01-47DC-46BB-819D-6CECB851B151">Bar Blue</UserColor>
		</LineColor>
	</PageObject>
	<PageObject Type="Text">
		<Location top="312" left="18" bottom="330" right="186" />
		<StaticText>Execution</StaticText>
		<Font GUID="107CF1DD-5B8E-41FC-BD55-10C950947E3C" Name="Headers" />
		<TextColor>
			<UserColor GUID="B5956EEA-5F3E-4BD0-85C7-9F70EB490991">Header Blue</UserColor>
		</TextColor>
	</PageObject>
	<PageObject Type="Gantt Chart">
		<Location top="300" left="207" bottom="444" right="762" />
		<TabOrder>7</TabOrder>
		<TabStop>false</TabStop>
		<Font GUID="64997158-3D5B-41FC-BAC0-3F921D1A96BD" Name="default" />
		<Border Style="InShadow" Width="2" MarginTop="5" MarginRight="5" MarginBottom="5" MarginLeft="5" />
		<BackgroundColor>
			<UserColor GUID="CCB23DE4-D3C9-4647-BE46-7A1779576484">Background yellow</UserColor>
		</BackgroundColor>
		<ColorScheme Number="0" />
		<Y-Labels>true</Y-Labels>
		<X-Labels>true</X-Labels>
		<VerticalGridLines>true</VerticalGridLines>
		<StatusLine>true</StatusLine>
		<TimeRange>
			<Upper>v_timeSpan</Upper>
			<GridPoints>8</GridPoints>
		</TimeRange>
		<IndexLocations>
			<RowDomain>m</RowDomain>
			<LegendDomain>j</LegendDomain>
		</IndexLocations>
		<TaskGroup>
			<Domain>p_procesTime( j, m )</Domain>
			<Start>InterfaceStartTime( j, m )</Start>
			<Duration>p_procesTime( j, m )</Duration>
			<InsideBarText>JobDescription( j )</InsideBarText>
		</TaskGroup>
	</PageObject>
	<PageObject Type="Scalar">
		<Location top="237" left="207" bottom="288" right="480" />
		<TabOrder>9</TabOrder>
		<TabStop>false</TabStop>
		<Font GUID="C82FBF27-1614-41C9-B718-A431388D2B5A" Name="General Text" />
		<Border Style="InShadow" Width="2" MarginTop="5" MarginRight="5" MarginBottom="5" MarginLeft="5" />
		<BackgroundColor RGB="#ffffff" />
		<TextColor>
			<UserColor GUID="23F33851-505F-45B5-AA1F-5360CB8B3EFB">Text Blue</UserColor>
		</TextColor>
		<Layout>Text-Value</Layout>
		<SeparatorSign>=</SeparatorSign>
		<ExplicitIdentifier>
			<Identifier>p_maxJobs</Identifier>
			<NumberFormat Width="4" Decimals="0" Alignment="Center" ShowDefaults="true" />
			<ProcedureUponChange>GenerateData</ProcedureUponChange>
		</ExplicitIdentifier>
		<ExplicitIdentifier>
			<Identifier>p_maxMachines</Identifier>
			<NumberFormat Width="4" Decimals="0" Alignment="Center" ShowDefaults="true" />
			<ProcedureUponChange>GenerateData</ProcedureUponChange>
		</ExplicitIdentifier>
	</PageObject>
	<PageObject Type="Gantt Chart">
		<Location top="447" left="207" bottom="591" right="762" />
		<TabOrder>8</TabOrder>
		<TabStop>false</TabStop>
		<Font GUID="64997158-3D5B-41FC-BAC0-3F921D1A96BD" Name="default" />
		<Border Style="InShadow" Width="2" MarginTop="5" MarginRight="5" MarginBottom="5" MarginLeft="5" />
		<BackgroundColor>
			<UserColor GUID="CCB23DE4-D3C9-4647-BE46-7A1779576484">Background yellow</UserColor>
		</BackgroundColor>
		<ColorScheme Number="0" />
		<Y-Labels>true</Y-Labels>
		<X-Labels>true</X-Labels>
		<VerticalGridLines>true</VerticalGridLines>
		<StatusLine>true</StatusLine>
		<TimeRange>
			<Upper>v_timeSpan</Upper>
			<GridPoints>10</GridPoints>
		</TimeRange>
		<IndexLocations>
			<RowDomain>j</RowDomain>
			<LegendDomain>m</LegendDomain>
		</IndexLocations>
		<TaskGroup>
			<Domain>p_procesTime( j, m )</Domain>
			<Start>InterfaceStartTime( j, m )</Start>
			<Duration>p_procesTime( j, m )</Duration>
			<InsideBarText>MachineDescription( m )</InsideBarText>
		</TaskGroup>
	</PageObject>
	<PageObject Type="Scalar">
		<Location top="237" left="486" bottom="288" right="762" />
		<TabOrder>10</TabOrder>
		<TabStop>false</TabStop>
		<Font GUID="C82FBF27-1614-41C9-B718-A431388D2B5A" Name="General Text" />
		<Border Style="InShadow" Width="2" MarginTop="5" MarginRight="5" MarginBottom="5" MarginLeft="5" />
		<BackgroundColor RGB="#ffffff" />
		<TextColor>
			<UserColor GUID="23F33851-505F-45B5-AA1F-5360CB8B3EFB">Text Blue</UserColor>
		</TextColor>
		<Layout>Text-Value</Layout>
		<SeparatorSign>=</SeparatorSign>
		<ExplicitIdentifier>
			<Identifier>v_timeSpan</Identifier>
			<NumberFormat Width="6" Decimals="1" Alignment="Center" ShowDefaults="true" />
		</ExplicitIdentifier>
	</PageObject>
	<PageObject Type="Text">
		<Location top="189" left="213" bottom="246" right="768" />
		<StaticText>On this page, two Gantt charts are displayed. In the upper Gantt chart the row domain consists of the machines, while in the lower Gantt chart the jobs form the row domain.</StaticText>
		<Font GUID="C82FBF27-1614-41C9-B718-A431388D2B5A" Name="General Text" />
		<TextColor>
			<UserColor GUID="23F33851-505F-45B5-AA1F-5360CB8B3EFB">Text Blue</UserColor>
		</TextColor>
	</PageObject>
	<PageObject Type="Text">
		<Location top="219" left="18" bottom="237" right="195" />
		<StaticText>Using Start Values</StaticText>
		<Font GUID="C82FBF27-1614-41C9-B718-A431388D2B5A" Name="General Text" />
		<TextColor>
			<UserColor GUID="1798981A-C40D-4713-BC08-E97545963465">Link</UserColor>
		</TextColor>
	</PageObject>
	<PageObject Type="Button">
		<Location top="216" left="6" bottom="240" right="192" />
		<TabOrder>3</TabOrder>
		<LeaveOnEnter>false</LeaveOnEnter>
		<ButtonType>Text</ButtonType>
		<Transparent>true</Transparent>
		<Font GUID="64997158-3D5B-41FC-BAC0-3F921D1A96BD" Name="default" />
		<ActionSequence>
			<Action Type="GotoPage">
				<Destination>TreeNext</Destination>
			</Action>
		</ActionSequence>
	</PageObject>
	<PageObject Type="Text">
		<Location top="249" left="18" bottom="267" right="195" />
		<StaticText>Multiple scenarios parallel</StaticText>
		<Font GUID="C82FBF27-1614-41C9-B718-A431388D2B5A" Name="General Text" />
		<TextColor>
			<UserColor GUID="1798981A-C40D-4713-BC08-E97545963465">Link</UserColor>
		</TextColor>
	</PageObject>
	<PageObject Type="Button">
		<Location top="246" left="6" bottom="270" right="192" />
		<TabOrder>4</TabOrder>
		<LeaveOnEnter>false</LeaveOnEnter>
		<ButtonType>Text</ButtonType>
		<Transparent>true</Transparent>
		<Font GUID="64997158-3D5B-41FC-BAC0-3F921D1A96BD" Name="default" />
		<ActionSequence>
			<Action Type="LinkedPage">
				<Page PageGUID="D58BF4EF-A57D-48DB-955D-8799015425AE" Name="Solve multiple scenarios with parallel solver sessions" />
			</Action>
		</ActionSequence>
	</PageObject>
	<PageObject Type="Button">
		<Location top="459" left="9" bottom="486" right="195" />
		<TabOrder>5</TabOrder>
		<ButtonType>Text</ButtonType>
		<Title>"Solve Model"</Title>
		<Font GUID="0BDEF216-23B3-4F0F-B5D6-83C5A7303CF9" Name="Buttons" />
		<ActionSequence>
			<Action Type="Run">
				<RunWhat>SpecificProcecure</RunWhat>
				<Procedure>MainExecution</Procedure>
				<AbortOnError>true</AbortOnError>
				<BackgroundRun>true</BackgroundRun>
			</Action>
		</ActionSequence>
	</PageObject>
	<UsedReferences>
		<Model>
			<Symbol>p_maxJobs</Symbol>
			<Symbol>p_maxMachines</Symbol>
			<Symbol>p_procesTime</Symbol>
			<Symbol>v_timeSpan</Symbol>
			<Symbol>InterfaceStartTime</Symbol>
			<Symbol>JobDescription</Symbol>
			<Symbol>MachineDescription</Symbol>
			<Symbol>GenerateData</Symbol>
			<Symbol>MainExecution</Symbol>
			<Symbol>pr_buttonSolveFlowshopUsingTask</Symbol>
			<Symbol>j</Symbol>
			<Symbol>m</Symbol>
		</Model>
	</UsedReferences>
</Page>
