<?xml version="1.0"?>
<Page Version="4000" TimeStamp="2014-10-02 11:08:38">
	<Location top="23" left="4" bottom="644" right="768" />
	<PageEditSize Type="Inherited">
		<Size Width="772" Height="622" />
	</PageEditSize>
	<ProjectUUID>A534D003-5767-4553-8B11-12B925DEEFE4</ProjectUUID>
	<TemplatesTabOrderPosition>1</TemplatesTabOrderPosition>
	<ResizeData>
		<MainArea Line="FixedFromTop" Value="99">
			<TopArea Line="FixedFromLeft" Value="200" />
			<BottomArea Line="FixedFromLeft" Value="201">
				<LeftArea Line="FixedFromTop" Value="204">
					<BottomArea Line="FixedFromTop" Value="125" />
				</LeftArea>
				<RightArea Line="FixedFromTop" Value="85">
					<BottomArea Line="FixedFromLeft" Value="355">
						<LeftArea Line="FixedFromTop" Value="430" />
						<RightArea Line="FixedFromTop" Value="220">
							<BottomArea Line="FixedFromTop" Value="210" />
						</RightArea>
					</BottomArea>
				</RightArea>
			</BottomArea>
		</MainArea>
	</ResizeData>
	<Background>
		<UserColor GUID="55BD98DF-5FC7-4311-9052-4D55708FF869">white</UserColor>
	</Background>
	<HorizontalGridDistance>3</HorizontalGridDistance>
	<VerticalGridDistance>3</VerticalGridDistance>
	<PageObject Type="Button">
		<Location top="186" left="6" bottom="210" right="192" />
		<TabOrder>2</TabOrder>
		<ButtonType>Text</ButtonType>
		<Transparent>true</Transparent>
		<Font GUID="0BDEF216-23B3-4F0F-B5D6-83C5A7303CF9" Name="Buttons" />
		<ActionSequence>
			<Action Type="GotoPage">
				<Destination>Parent</Destination>
			</Action>
			<Action Type="ClosePage" />
		</ActionSequence>
	</PageObject>
	<PageObject Type="Network Object">
		<Location top="216" left="210" bottom="612" right="552" />
		<TabOrder>7</TabOrder>
		<TabStop>false</TabStop>
		<Font GUID="63F4EE0C-E571-4F16-8DA6-68F5FD48A56E" Name="default" />
		<Border Style="InShadow" Width="2" MarginTop="5" MarginRight="5" MarginBottom="5" MarginLeft="5" />
		<BackgroundColor>
			<UserColor GUID="CCB23DE4-D3C9-4647-BE46-7A1779576484">Background yellow</UserColor>
		</BackgroundColor>
		<AllowZoom>false</AllowZoom>
		<ScrollControl>NoScrolling</ScrollControl>
		<AutoAdjust>Right</AutoAdjust>
		<VisibleArea>
			<Left>-0.118582126503</Left>
			<Right>0.705711067215</Right>
			<Top>0.78</Top>
			<Bottom>-0.18</Bottom>
		</VisibleArea>
		<TotalArea>
			<Left>-0.2</Left>
			<Right>0.803246286388</Right>
			<Top>0.8</Top>
			<Bottom>-0.2</Bottom>
		</TotalArea>
		<Node>
			<Identifier>i</Identifier>
			<XCoordinate>NodePosition( i -&gt; SelectedNode, 'x' )</XCoordinate>
			<YCoordinate>NodePosition( i, 'y' )</YCoordinate>
			<NumberFormat Width="6" Decimals="2" />
			<MinimumSize>3</MinimumSize>
			<MaximumSize>15</MaximumSize>
			<ScaleFactor>0.3</ScaleFactor>
			<TextPosition>Right</TextPosition>
			<TextShowWhat>ElementName</TextShowWhat>
			<Color>NodeColor( i, SelectedProduct )</Color>
			<Size>NodeSize( i, SelectedProduct )</Size>
			<Shape>Circle</Shape>
		</Node>
		<Arc>
			<Identifier>NetworkTopology( a -&gt; SelectedArc, i -&gt; SourceNode, j -&gt; DestinationNode )</Identifier>
			<NumberFormat Width="6" Decimals="2" />
			<MinimumSize>1</MinimumSize>
			<MaximumSize>8</MaximumSize>
			<ScaleFactor>0.2</ScaleFactor>
			<TextPosition>Left</TextPosition>
			<TextShowWhat>OtherIdentifier</TextShowWhat>
			<Color>ArcColor( a )</Color>
			<Size>Transport( a, SelectedProduct )</Size>
			<Text>"a"</Text>
			<Shape>Straight</Shape>
			<FirstSegment>Horizontal</FirstSegment>
			<ClickWhere>EntireArc</ClickWhere>
		</Arc>
	</PageObject>
	<PageObject Type="Table">
		<Location top="408" left="558" bottom="612" right="674" />
		<TabOrder>9</TabOrder>
		<TabStop>false</TabStop>
		<Font GUID="428A93A5-26E1-4F42-8B0F-227299B289C7" Name="Table Text" />
		<Border Style="InShadow" Width="2" MarginTop="5" MarginRight="5" MarginBottom="5" MarginLeft="5" />
		<MaxColWidth>10</MaxColWidth>
		<BackgroundColor RGB="#ffffff" />
		<TextColor>
			<UserColor GUID="BAF17DBF-9D5C-4477-96DD-831D685B0E07">default selection</UserColor>
		</TextColor>
		<RowIndentation>3</RowIndentation>
		<MultiLineHeaders>true</MultiLineHeaders>
		<ElementTextAsTooltip>false</ElementTextAsTooltip>
		<ExplicitIdentifier>
			<Identifier>Transport( SelectedArc, p )</Identifier>
			<Permutation>[1,0]</Permutation>
			<FirstColumn>2</FirstColumn>
			<NumberFormat Width="7" Decimals="3" />
			<Color>ProductColor( p )</Color>
		</ExplicitIdentifier>
		<ExplicitIdentifier>
			<Identifier>Supply( SourceNode, p )</Identifier>
			<Permutation>[1,0]</Permutation>
			<FirstColumn>2</FirstColumn>
			<HeaderText>"Source Supply"</HeaderText>
			<NumberFormat Width="7" Decimals="3" />
			<Color>ProductColor( p )</Color>
		</ExplicitIdentifier>
		<ExplicitIdentifier>
			<Identifier>Demand( DestinationNode, p )</Identifier>
			<Permutation>[1,0]</Permutation>
			<FirstColumn>2</FirstColumn>
			<HeaderText>"Destination Demand"</HeaderText>
			<NumberFormat Width="7" Decimals="3" />
			<Color>ProductColor( p )</Color>
		</ExplicitIdentifier>
	</PageObject>
	<PageObject Type="Table">
		<Location top="216" left="678" bottom="300" right="768" />
		<TabOrder>10</TabOrder>
		<TabStop>false</TabStop>
		<Font GUID="428A93A5-26E1-4F42-8B0F-227299B289C7" Name="Table Text" />
		<Border Style="InShadow" Width="2" MarginTop="5" MarginRight="5" MarginBottom="5" MarginLeft="5" />
		<BackgroundColor RGB="#ffffff" />
		<TextColor>
			<UserColor GUID="BAF17DBF-9D5C-4477-96DD-831D685B0E07">default selection</UserColor>
		</TextColor>
		<RowIndentation>3</RowIndentation>
		<ElementTextAsTooltip>false</ElementTextAsTooltip>
		<ExplicitIdentifier>
			<Identifier>Composition( SelectedProduct, c )</Identifier>
			<Permutation>[1,0]</Permutation>
			<FirstColumn>2</FirstColumn>
			<NumberFormat Width="7" Decimals="3" />
		</ExplicitIdentifier>
	</PageObject>
	<PageObject Type="Selection Object">
		<SelectionType>DropDownList</SelectionType>
		<Location top="276" left="120" bottom="300" right="192" />
		<TabOrder>3</TabOrder>
		<Font GUID="428A93A5-26E1-4F42-8B0F-227299B289C7" Name="Table Text" />
		<TextShown>ElementName</TextShown>
		<Border Style="None" />
		<BackgroundColor RGB="#ffffff" />
		<TextColor>
			<UserColor GUID="BAF17DBF-9D5C-4477-96DD-831D685B0E07">default selection</UserColor>
		</TextColor>
		<ExplicitIdentifier>
			<Identifier>SelectedProduct</Identifier>
		</ExplicitIdentifier>
	</PageObject>
	<PageObject Type="Scalar">
		<Location top="342" left="6" bottom="366" right="192" />
		<ReadOnly>"Yes"</ReadOnly>
		<TabOrder>5</TabOrder>
		<Font GUID="428A93A5-26E1-4F42-8B0F-227299B289C7" Name="Table Text" />
		<Border Style="InShadow" Width="2" MarginTop="2" MarginRight="2" MarginBottom="2" MarginLeft="2" />
		<BackgroundColor RGB="#ffffff" />
		<TextColor>
			<UserColor GUID="BAF17DBF-9D5C-4477-96DD-831D685B0E07">default selection</UserColor>
		</TextColor>
		<Layout>Text-Value</Layout>
		<SeparatorSign>=</SeparatorSign>
		<ExplicitIdentifier>
			<Identifier>SelectedNode</Identifier>
			<NumberFormat Width="8" Decimals="0" Alignment="Center" ShowDefaults="true" />
		</ExplicitIdentifier>
	</PageObject>
	<PageObject Type="Table">
		<Location top="216" left="558" bottom="402" right="674" />
		<TabOrder>8</TabOrder>
		<TabStop>false</TabStop>
		<Font GUID="428A93A5-26E1-4F42-8B0F-227299B289C7" Name="Table Text" />
		<Border Style="InShadow" Width="2" MarginTop="5" MarginRight="5" MarginBottom="5" MarginLeft="5" />
		<MaxColWidth>8</MaxColWidth>
		<BackgroundColor RGB="#ffffff" />
		<TextColor>
			<UserColor GUID="BAF17DBF-9D5C-4477-96DD-831D685B0E07">default selection</UserColor>
		</TextColor>
		<RowIndentation>3</RowIndentation>
		<MultiLineHeaders>true</MultiLineHeaders>
		<ElementTextAsTooltip>false</ElementTextAsTooltip>
		<ExplicitIdentifier>
			<Identifier>Supply( SelectedNode, p )</Identifier>
			<Permutation>[1,0]</Permutation>
			<FirstColumn>2</FirstColumn>
			<HeaderText>"Node Supply"</HeaderText>
			<NumberFormat Width="5" Decimals="1" />
			<Color>ProductColor( p )</Color>
		</ExplicitIdentifier>
		<ExplicitIdentifier>
			<Identifier>Demand( SelectedNode, p )</Identifier>
			<Permutation>[1,0]</Permutation>
			<FirstColumn>2</FirstColumn>
			<HeaderText>"Node Demand"</HeaderText>
			<NumberFormat Width="5" Decimals="1" />
			<Color>ProductColor( p )</Color>
		</ExplicitIdentifier>
	</PageObject>
	<PageObject Type="Text">
		<Location top="276" left="6" bottom="300" right="102" />
		<StaticText>Select a product</StaticText>
		<Font GUID="428A93A5-26E1-4F42-8B0F-227299B289C7" Name="Table Text" />
		<TextColor>
			<UserColor GUID="BAF17DBF-9D5C-4477-96DD-831D685B0E07">default selection</UserColor>
		</TextColor>
	</PageObject>
	<PageObject Type="Scalar">
		<Location top="372" left="6" bottom="420" right="192" />
		<ReadOnly>"Yes"</ReadOnly>
		<TabOrder>6</TabOrder>
		<Font GUID="428A93A5-26E1-4F42-8B0F-227299B289C7" Name="Table Text" />
		<Border Style="InShadow" Width="2" MarginTop="2" MarginRight="2" MarginBottom="2" MarginLeft="2" />
		<BackgroundColor RGB="#ffffff" />
		<TextColor>
			<UserColor GUID="BAF17DBF-9D5C-4477-96DD-831D685B0E07">default selection</UserColor>
		</TextColor>
		<Layout>Text-Value</Layout>
		<SeparatorSign>=</SeparatorSign>
		<ExplicitIdentifier>
			<Identifier>SelectedArc</Identifier>
			<NumberFormat Width="8" Decimals="0" Alignment="Center" ShowDefaults="true" />
		</ExplicitIdentifier>
		<ExplicitIdentifier>
			<Identifier>SourceNode</Identifier>
			<NumberFormat Width="8" Decimals="0" Alignment="Center" ShowDefaults="true" />
		</ExplicitIdentifier>
		<ExplicitIdentifier>
			<Identifier>DestinationNode</Identifier>
			<NumberFormat Width="8" Decimals="0" Alignment="Center" ShowDefaults="true" />
		</ExplicitIdentifier>
	</PageObject>
	<PageObject Type="Scalar">
		<Location top="312" left="6" bottom="336" right="192" />
		<ReadOnly>"Yes"</ReadOnly>
		<TabOrder>4</TabOrder>
		<Font GUID="428A93A5-26E1-4F42-8B0F-227299B289C7" Name="Table Text" />
		<Border Style="InShadow" Width="2" MarginTop="2" MarginRight="2" MarginBottom="2" MarginLeft="2" />
		<BackgroundColor RGB="#ffffff" />
		<TextColor>
			<UserColor GUID="BAF17DBF-9D5C-4477-96DD-831D685B0E07">default selection</UserColor>
		</TextColor>
		<Layout>Text-Value</Layout>
		<SeparatorSign>=</SeparatorSign>
		<ExplicitIdentifier>
			<Identifier>SelectedProduct</Identifier>
			<NumberFormat Width="6" Decimals="0" Alignment="Center" ShowDefaults="true" />
		</ExplicitIdentifier>
	</PageObject>
	<PageObject Type="Text">
		<Location top="192" left="210" bottom="210" right="762" />
		<StaticText>Select a product, arc or node, and observe the changes, accomplished by object links, in the other objects.</StaticText>
		<Font GUID="C82FBF27-1614-41C9-B718-A431388D2B5A" Name="General Text" />
		<TextColor>
			<UserColor GUID="23F33851-505F-45B5-AA1F-5360CB8B3EFB">Text Blue</UserColor>
		</TextColor>
	</PageObject>
	<PageObject Type="Text">
		<Location top="192" left="18" bottom="210" right="195" />
		<StaticText>Problem Description</StaticText>
		<Font GUID="0BDEF216-23B3-4F0F-B5D6-83C5A7303CF9" Name="Buttons" />
		<TextColor>
			<UserColor GUID="1798981A-C40D-4713-BC08-E97545963465">Link</UserColor>
		</TextColor>
	</PageObject>
	<PageObject Type="Rectangle">
		<Location top="246" left="6" bottom="270" right="192" />
		<FillColor>
			<UserColor GUID="A3839E01-47DC-46BB-819D-6CECB851B151">Bar Blue</UserColor>
		</FillColor>
		<LineColor>
			<UserColor GUID="A3839E01-47DC-46BB-819D-6CECB851B151">Bar Blue</UserColor>
		</LineColor>
	</PageObject>
	<PageObject Type="Text">
		<Location top="249" left="18" bottom="267" right="186" />
		<StaticText>Information</StaticText>
		<Font GUID="107CF1DD-5B8E-41FC-BD55-10C950947E3C" Name="Headers" />
		<TextColor>
			<UserColor GUID="B5956EEA-5F3E-4BD0-85C7-9F70EB490991">Header Blue</UserColor>
		</TextColor>
	</PageObject>
	<UsedReferences>
		<Model>
			<Symbol>Products</Symbol>
			<Symbol>Composition</Symbol>
			<Symbol>NodePosition</Symbol>
			<Symbol>NetworkTopology</Symbol>
			<Symbol>Demand</Symbol>
			<Symbol>Supply</Symbol>
			<Symbol>Transport</Symbol>
			<Symbol>NodeSize</Symbol>
			<Symbol>NodeColor</Symbol>
			<Symbol>ArcColor</Symbol>
			<Symbol>ProductColor</Symbol>
			<Symbol>p</Symbol>
			<Symbol>SelectedProduct</Symbol>
			<Symbol>c</Symbol>
			<Symbol>i</Symbol>
			<Symbol>j</Symbol>
			<Symbol>SelectedNode</Symbol>
			<Symbol>SourceNode</Symbol>
			<Symbol>DestinationNode</Symbol>
			<Symbol>a</Symbol>
			<Symbol>SelectedArc</Symbol>
		</Model>
	</UsedReferences>
</Page>
