<?xml version="1.0"?>
<Page Version="4000" TimeStamp="2014-04-29 16:06:21">
	<Location top="23" left="4" bottom="644" right="768" />
	<PageEditSize Type="Inherited">
		<Size Width="772" Height="622" />
	</PageEditSize>
	<ProjectUUID>D989AEA3-3E13-4FB5-B08D-534E94525677</ProjectUUID>
	<TemplatesTabOrderPosition>1</TemplatesTabOrderPosition>
	<ResizeData>
		<MainArea Line="FixedFromTop" Value="99">
			<TopArea Line="FixedFromLeft" Value="200" />
			<BottomArea Line="FixedFromLeft" Value="200">
				<LeftArea Line="FixedFromTop" Value="204" />
				<RightArea Line="FixedFromTop" Value="85" />
			</BottomArea>
		</MainArea>
	</ResizeData>
	<Background Inherited="true" />
	<PageObject Type="Button">
		<Location top="186" left="6" bottom="210" right="192" />
		<TabOrder>1</TabOrder>
		<ButtonType>Text</ButtonType>
		<Transparent>true</Transparent>
		<Font GUID="0BDEF216-23B3-4F0F-B5D6-83C5A7303CF9" Name="Buttons" />
		<ActionSequence>
			<Action Type="ClosePage" />
			<Action Type="LinkedPage">
				<Page PageGUID="01157EE4-7A7D-40F3-ACEE-C738B6FF6588" Name="AIMMS Demo" />
			</Action>
		</ActionSequence>
	</PageObject>
	<PageObject Type="Text">
		<Location top="192" left="18" bottom="207" right="189" />
		<StaticText>Problem Description</StaticText>
		<Font GUID="C82FBF27-1614-41C9-B718-A431388D2B5A" Name="General Text" />
		<TextColor>
			<UserColor GUID="23F33851-505F-45B5-AA1F-5360CB8B3EFB">Text Blue</UserColor>
		</TextColor>
	</PageObject>
	<PageObject Type="Button">
		<Location top="216" left="6" bottom="240" right="192" />
		<TabOrder>4</TabOrder>
		<LeaveOnEnter>false</LeaveOnEnter>
		<ButtonType>Text</ButtonType>
		<Transparent>true</Transparent>
		<Font GUID="F5DD1C3A-58B5-41DF-8AE5-7265ACC293EA" Name="default" />
		<ActionSequence>
			<Action Type="ClosePage" />
			<Action Type="LinkedPage">
				<Page PageGUID="47046A9B-C225-42C7-A6C1-3A7200DCA4D6" Name="Calendar Data" />
			</Action>
		</ActionSequence>
	</PageObject>
	<PageObject Type="Text">
		<Location top="219" left="18" bottom="240" right="117" />
		<StaticText>Calendar Data</StaticText>
		<Font GUID="0BDEF216-23B3-4F0F-B5D6-83C5A7303CF9" Name="Buttons" />
		<TextColor>
			<UserColor GUID="23F33851-505F-45B5-AA1F-5360CB8B3EFB">Text Blue</UserColor>
		</TextColor>
	</PageObject>
	<PageObject Type="Selection Object">
		<SelectionType>CheckBoxes</SelectionType>
		<Location top="192" left="414" bottom="612" right="762" />
		<TabOrder>5</TabOrder>
		<Font GUID="F5DD1C3A-58B5-41DF-8AE5-7265ACC293EA" Name="default" />
		<TextShown>ElementName</TextShown>
		<Border Style="InShadow" Width="2" MarginTop="5" MarginRight="5" MarginBottom="5" MarginLeft="5" />
		<BackgroundColor RGB="#ffffff" />
		<ExplicitIdentifier>
			<Identifier>InactiveDays( DailyCalendar2 )</Identifier>
		</ExplicitIdentifier>
	</PageObject>
	<PageObject Type="Selection Object">
		<SelectionType>RadioButtons</SelectionType>
		<Location top="228" left="300" bottom="342" right="408" />
		<TabOrder>6</TabOrder>
		<Font GUID="F5DD1C3A-58B5-41DF-8AE5-7265ACC293EA" Name="default" />
		<TextShown>ElementName</TextShown>
		<Border Style="InShadow" Width="2" MarginTop="5" MarginRight="5" MarginBottom="5" MarginLeft="5" />
		<BackgroundColor RGB="#ffffff" />
		<ProcedureUponChange>AddRemoveGroupToInactiveDays</ProcedureUponChange>
		<ExplicitIdentifier>
			<Identifier>SelectedInactiveDayChoice( idc )</Identifier>
		</ExplicitIdentifier>
	</PageObject>
	<UsedReferences>
		<Model>
			<Symbol>DailyCalendar2</Symbol>
			<Symbol>SelectedInactiveDayChoice</Symbol>
			<Symbol>InactiveDays</Symbol>
			<Symbol>idc</Symbol>
			<Symbol>AddRemoveGroupToInactiveDays</Symbol>
		</Model>
	</UsedReferences>
</Page>
