<?xml version="1.0"?>
<TemplateManager>
	<Template Name="Size Template" PageGUID="1999DFB0-8E87-4032-B6D5-E88B4ECA0AD2" CrossLibraryDuplicate="66E08D8C-5677-49B5-970F-BB85475A48BE|6A8815C4-5811-47AB-BC76-82C3180C1295|Size Template">
		<Template Name="Navigation Template" PageGUID="65C3D773-1052-4F37-9631-3E6107E7ABEF" CrossLibraryDuplicate="66E08D8C-5677-49B5-970F-BB85475A48BE|3241DDB1-55C5-441B-9DC8-359086631B74|Navigation Template">
			<Template Name="Background Info Template" PageGUID="6EA3E9DB-1F18-45C3-B834-57AE78CB8019" CrossLibraryDuplicate="66E08D8C-5677-49B5-970F-BB85475A48BE|153A8CDB-E916-4F3B-B652-41C25F2C9CB5|Background Info Template">
				<Page Name="AIMMS Demo" PageGUID="0624786D-83F8-496B-95EF-97B05A2E2E37" />
			</Template>
			<Page Name="Telecommunication Input" PageGUID="16DDC6C4-83CE-4D03-BD27-D3C78B0E89B9" />
			<Page Name="Telecommunication Output" PageGUID="953B3106-54D2-4592-9E16-6C319861EA96" />
		</Template>
	</Template>
	<Template Name="Page Size" PageGUID="F13DD6C0-73E9-4791-9C5F-02531CC729CE" />
</TemplateManager>
