{
  "version": "4.67.0",
  "application": {
    "aimms.widget.type": {
      "literal": "application"
    },
    "theme.classic": {
      "literal": "NOT_ALLOWED"
    }
  },
  "pages/home": {
    "widgets": {
      "literal": [
        {
          "uri": "paletteBarChart",
          "layoutInfo": {
            "width": "6",
            "height": "1",
            "customPosition": ""
          }
        }
      ]
    }
  },
  "widgets/paletteBarChart": {
    "aimms.widget.type": {
      "literal": "barchart"
    },
    "contents": {
      "aimms": {
        "contents": [
          "p_value"
        ]
      }
    },
    "contents.partition": {
      "literal": {
        "header": [
          "i_barNo"
        ],
        "grouped": [],
        "stacked": [],
        "aggregated": [
          "<IDENTIFIER-SET>"
        ]
      }
    },
    "title": {
      "literal": "Show bars to compare colors"
    },
    "yaxis.step": {
      "literal": 1
    }
  }
}