<?xml version="1.0"?>
<Page Version="4000" TimeStamp="2014-10-02 11:08:38">
	<Location top="237" left="211" bottom="637" right="761" />
	<PageEditSize Type="Inherited">
		<Size Width="782" Height="414" />
	</PageEditSize>
	<ProjectUUID>573E518E-6648-4442-913F-D6BBC6547C13</ProjectUUID>
	<Positioning>Save Last Position</Positioning>
	<TemplatesTabOrderPosition>1</TemplatesTabOrderPosition>
	<ResizeData>
		<MainArea Line="PercentageFromLeft" Value="0.5" />
	</ResizeData>
	<Background RGB="#ffffff" />
	<PageObject Type="Table">
		<Location top="36" left="402" bottom="168" right="780" />
		<TabOrder>1</TabOrder>
		<Font GUID="428A93A5-26E1-4F42-8B0F-227299B289C7" Name="Table Text" />
		<Border Style="InShadow" Width="2" MarginTop="5" MarginRight="5" MarginBottom="5" MarginLeft="5" />
		<BackgroundColor RGB="#ffffff" />
		<RowIndentation>3</RowIndentation>
		<MultiLineHeaders>true</MultiLineHeaders>
		<ElementTextAsTooltip>false</ElementTextAsTooltip>
		<ExplicitIdentifier>
			<Identifier>AmountPlanted( c )</Identifier>
			<FirstColumn>1</FirstColumn>
			<HeaderText>"Planted"</HeaderText>
			<NumberFormat Width="7" Decimals="2" Alignment="Center" />
			<Unit Display="InTitle" />
		</ExplicitIdentifier>
		<ExplicitIdentifier>
			<Identifier>AbsYield( c )</Identifier>
			<FirstColumn>1</FirstColumn>
			<HeaderText>"Yield"</HeaderText>
			<NumberFormat Width="7" Decimals="2" Alignment="Center" />
			<Unit Display="InTitle" />
		</ExplicitIdentifier>
		<ExplicitIdentifier>
			<Identifier>Sales( c )</Identifier>
			<FirstColumn>1</FirstColumn>
			<HeaderText>"Sold"</HeaderText>
			<NumberFormat Width="7" Decimals="2" Alignment="Center" />
			<Unit Display="InTitle" />
		</ExplicitIdentifier>
		<ExplicitIdentifier>
			<Identifier>Consumption( c )</Identifier>
			<FirstColumn>1</FirstColumn>
			<HeaderText>"Consumed"</HeaderText>
			<NumberFormat Width="7" Decimals="2" Alignment="Center" />
			<Unit Display="InTitle" />
		</ExplicitIdentifier>
	</PageObject>
	<PageObject Type="Scalar">
		<Location top="36" left="6" bottom="66" right="384" />
		<TabOrder>2</TabOrder>
		<Font GUID="428A93A5-26E1-4F42-8B0F-227299B289C7" Name="Table Text" />
		<Border Style="InShadow" Width="2" MarginTop="5" MarginRight="5" MarginBottom="5" MarginLeft="5" />
		<BackgroundColor RGB="#ffffff" />
		<Layout>Text-Value</Layout>
		<SeparatorSign>=</SeparatorSign>
		<ExplicitIdentifier>
			<Identifier>PermanentLaborHired</Identifier>
			<Unit Display="PerValue" />
			<NumberFormat Width="7" Decimals="2" Alignment="Center" ShowDefaults="true" />
			<Title>"Permanent staff"</Title>
		</ExplicitIdentifier>
	</PageObject>
	<PageObject Type="Table">
		<Location top="72" left="6" bottom="336" right="384" />
		<TabOrder>3</TabOrder>
		<Font GUID="428A93A5-26E1-4F42-8B0F-227299B289C7" Name="Table Text" />
		<Border Style="InShadow" Width="2" MarginTop="5" MarginRight="5" MarginBottom="5" MarginLeft="5" />
		<BackgroundColor RGB="#ffffff" />
		<RowIndentation>3</RowIndentation>
		<ElementTextAsTooltip>false</ElementTextAsTooltip>
		<ExplicitIdentifier>
			<Identifier>TemporaryLaborHired( t )</Identifier>
			<FirstColumn>1</FirstColumn>
			<HeaderText>"Temporary staff"</HeaderText>
			<NumberFormat Width="7" Decimals="2" Alignment="Center" />
			<Unit Display="InTitle" />
		</ExplicitIdentifier>
	</PageObject>
	<PageObject Type="Rectangle">
		<Location top="6" left="402" bottom="30" right="780" />
		<FillColor>
			<UserColor GUID="A3839E01-47DC-46BB-819D-6CECB851B151">Bar Blue</UserColor>
		</FillColor>
		<LineColor>
			<UserColor GUID="A3839E01-47DC-46BB-819D-6CECB851B151">Bar Blue</UserColor>
		</LineColor>
	</PageObject>
	<PageObject Type="Rectangle">
		<Location top="6" left="6" bottom="30" right="384" />
		<FillColor>
			<UserColor GUID="A3839E01-47DC-46BB-819D-6CECB851B151">Bar Blue</UserColor>
		</FillColor>
		<LineColor>
			<UserColor GUID="A3839E01-47DC-46BB-819D-6CECB851B151">Bar Blue</UserColor>
		</LineColor>
	</PageObject>
	<PageObject Type="Text">
		<Location top="12" left="6" bottom="30" right="396" />
		<StaticText>  Labor</StaticText>
		<Font GUID="107CF1DD-5B8E-41FC-BD55-10C950947E3C" Name="Headers" />
		<TextColor>
			<UserColor GUID="B5956EEA-5F3E-4BD0-85C7-9F70EB490991">Header Blue</UserColor>
		</TextColor>
	</PageObject>
	<PageObject Type="Text">
		<Location top="12" left="402" bottom="30" right="786" />
		<StaticText>  Land</StaticText>
		<Font GUID="107CF1DD-5B8E-41FC-BD55-10C950947E3C" Name="Headers" />
		<TextColor>
			<UserColor GUID="B5956EEA-5F3E-4BD0-85C7-9F70EB490991">Header Blue</UserColor>
		</TextColor>
	</PageObject>
	<PageObject Type="Scalar">
		<Location top="372" left="6" bottom="402" right="384" />
		<TabOrder>4</TabOrder>
		<Font GUID="428A93A5-26E1-4F42-8B0F-227299B289C7" Name="Table Text" />
		<Border Style="InShadow" Width="2" MarginTop="5" MarginRight="5" MarginBottom="5" MarginLeft="5" />
		<BackgroundColor RGB="#ffffff" />
		<Layout>Text-Value</Layout>
		<SeparatorSign>=</SeparatorSign>
		<ExplicitIdentifier>
			<Identifier>ObjectiveFunction</Identifier>
			<Unit Display="PerValue" />
			<NumberFormat Width="7" Decimals="0" Scientific="IfTooSmallorLarge" Alignment="Center" ShowDefaults="true" />
			<Title>"Total Revenue"</Title>
		</ExplicitIdentifier>
	</PageObject>
	<PageObject Type="Rectangle">
		<Location top="342" left="6" bottom="366" right="384" />
		<FillColor>
			<UserColor GUID="A3839E01-47DC-46BB-819D-6CECB851B151">Bar Blue</UserColor>
		</FillColor>
		<LineColor>
			<UserColor GUID="A3839E01-47DC-46BB-819D-6CECB851B151">Bar Blue</UserColor>
		</LineColor>
	</PageObject>
	<PageObject Type="Text">
		<Location top="348" left="6" bottom="366" right="390" />
		<StaticText>  Objective Function</StaticText>
		<Font GUID="107CF1DD-5B8E-41FC-BD55-10C950947E3C" Name="Headers" />
		<TextColor>
			<UserColor GUID="B5956EEA-5F3E-4BD0-85C7-9F70EB490991">Header Blue</UserColor>
		</TextColor>
	</PageObject>
	<UsedReferences>
		<Model>
			<Symbol>AmountPlanted</Symbol>
			<Symbol>PermanentLaborHired</Symbol>
			<Symbol>TemporaryLaborHired</Symbol>
			<Symbol>Sales</Symbol>
			<Symbol>ObjectiveFunction</Symbol>
			<Symbol>AbsYield</Symbol>
			<Symbol>Consumption</Symbol>
			<Symbol>c</Symbol>
			<Symbol>t</Symbol>
		</Model>
	</UsedReferences>
</Page>
