<?xml version="1.0"?>
<Page Version="4000" TimeStamp="2015-10-01 09:56:20" NeedsCompiledModel="false">
	<Location top="326" left="497" bottom="597" right="1103" />
	<PageEditSize Type="Specified">
		<Size Width="600" Height="265" />
	</PageEditSize>
	<ProjectUUID>F61FB701-B6B9-4AEC-AF68-AE143BB4C3C6</ProjectUUID>
	<IsDialogPage>true</IsDialogPage>
	<DockAlways>true</DockAlways>
	<TemplatesTabOrderPosition>1</TemplatesTabOrderPosition>
	<Background Inherited="true" />
	<PageObject Type="Picture">
		<Location top="24" left="24" bottom="198" right="318" />
		<FileName LiteralFileName="true">"Bitmaps\AIMMS Logo.bmp"</FileName>
		<Display>ActualSize</Display>
	</PageObject>
	<PageObject Type="Rectangle">
		<Location top="24" left="24" bottom="186" right="318" />
		<Shape>Open</Shape>
		<FillColor RGB="#ffffff" />
		<LineColor>
			<UserColor GUID="8387D389-3F4A-4D87-9199-53B0EDCD0359">navy blue</UserColor>
		</LineColor>
		<LineWidth>3</LineWidth>
	</PageObject>
	<PageObject Type="Text">
		<Location top="18" left="342" bottom="174" right="576" />
		<StaticText>© AIMMS Inc.

This application provides a tour through various aspects of the AIMMS modeling system.</StaticText>
		<Font GUID="3899D8A0-274F-43BD-B743-B90D075AE42E" Name="About Dialog Font" />
		<TextColor RGB="#000000" />
	</PageObject>
	<PageObject Type="Text">
		<Location top="204" left="18" bottom="300" right="306" />
		<StaticText>October 2015
Version 1.0</StaticText>
		<Font GUID="3899D8A0-274F-43BD-B743-B90D075AE42E" Name="About Dialog Font" />
		<TextColor RGB="#000000" />
	</PageObject>
	<PageObject Type="Button">
		<Location top="210" left="438" bottom="252" right="582" />
		<TabOrder>1</TabOrder>
		<LeaveOnEnter>false</LeaveOnEnter>
		<ButtonType>Text</ButtonType>
		<Title>"Close"</Title>
		<Font GUID="00000000-0000-0000-0000-000000000001" Name="Main Font" />
		<ActionSequence>
			<Action Type="ClosePage" />
		</ActionSequence>
	</PageObject>
	<UsedReferences>
		<Model />
	</UsedReferences>
</Page>
