<?xml version="1.0"?>
<Page Version="4000" TimeStamp="2014-07-23 19:23:10">
	<PageEditSize Type="Inherited" />
	<ProjectUUID>F61FB701-B6B9-4AEC-AF68-AE143BB4C3C6</ProjectUUID>
	<TemplatesTabOrderPosition>1</TemplatesTabOrderPosition>
	<Background Inherited="true" />
	<PageObject Type="Gantt Chart">
		<Location top="96" left="18" bottom="258" right="990" />
		<TabOrder>2</TabOrder>
		<Font GUID="3DB5736E-F42D-496D-B22A-29D8CFD8C15F" Name="Gantt Chart Font" />
		<Border Style="InShadow" Width="2" MarginTop="5" MarginRight="5" MarginBottom="5" MarginLeft="5" />
		<BackgroundColor RGB="#ffffff" />
		<ColorScheme Number="0" />
		<Legend>true</Legend>
		<Y-Labels>true</Y-Labels>
		<X-Labels>true</X-Labels>
		<VerticalGridLines>true</VerticalGridLines>
		<StatusLine>true</StatusLine>
		<Calendar>
			<Items>mwY</Items>
			<MeasurementFactor>1</MeasurementFactor>
			<MeasurementUnit>weeks</MeasurementUnit>
			<ReferenceTime>"2000-06-26"</ReferenceTime>
			<LeftBound>BeginDateOfCalendar</LeftBound>
			<RightBound>EndDateOfCalendar</RightBound>
		</Calendar>
		<IndexLocations>
			<RowDomain>f</RowDomain>
			<LegendDomain>v</LegendDomain>
		</IndexLocations>
		<TaskGroup>
			<Domain>VacationGanttChartDuration( f, w, v )</Domain>
			<Start>VacationGanttChartStartingWeek( w )</Start>
			<Duration>VacationGanttChartDuration( f, w, v )</Duration>
			<ProcedureUponSelect>ToggleVacationGanttChart( f, w )</ProcedureUponSelect>
		</TaskGroup>
	</PageObject>
	<PageObject Type="Gantt Chart">
		<Location top="306" left="18" bottom="438" right="990" />
		<TabOrder>6</TabOrder>
		<Font GUID="3DB5736E-F42D-496D-B22A-29D8CFD8C15F" Name="Gantt Chart Font" />
		<Border Style="InShadow" Width="2" MarginTop="5" MarginRight="5" MarginBottom="5" MarginLeft="5" />
		<BackgroundColor RGB="#ffffff" />
		<ColorScheme Number="0" />
		<Legend>true</Legend>
		<X-Labels>true</X-Labels>
		<VerticalGridLines>true</VerticalGridLines>
		<StatusLine>true</StatusLine>
		<Calendar>
			<Items>dm7Y</Items>
			<MeasurementFactor>1</MeasurementFactor>
			<MeasurementUnit>days</MeasurementUnit>
			<ReferenceTime>BeginDateOfCalendar</ReferenceTime>
			<LeftBound>HolidayGanttChartLeftBound</LeftBound>
			<RightBound>HolidayGanttChartRightBound</RightBound>
		</Calendar>
		<IndexLocations>
			<LegendDomain>h</LegendDomain>
		</IndexLocations>
		<TaskGroup>
			<Domain>HolidayGanttChartDuration( d, h )</Domain>
			<Start>HolidayGanttChartStartingDay( d )</Start>
			<Duration>HolidayGanttChartDuration( d, h )</Duration>
			<ProcedureUponSelect>ToggleHolidayGanttChart( d )</ProcedureUponSelect>
		</TaskGroup>
	</PageObject>
	<PageObject Type="Composite Table">
		<Location top="516" left="24" bottom="834" right="186" />
		<TabOrder>5</TabOrder>
		<Font GUID="75FDED67-EC9D-4839-B976-E64C0E8456DC" Name="Data Font" />
		<Border Style="InShadow" Width="2" MarginTop="5" MarginRight="5" MarginBottom="5" MarginLeft="5" />
		<BackgroundColor RGB="#ffffff" />
		<Domain>
			<Identifier>VacationWeeks( 'Eindhoven', Weeks )</Identifier>
			<Index Name="Weeks" />
		</Domain>
	</PageObject>
	<PageObject Type="Composite Table">
		<Location top="516" left="204" bottom="834" right="366" />
		<TabOrder>3</TabOrder>
		<Font GUID="75FDED67-EC9D-4839-B976-E64C0E8456DC" Name="Data Font" />
		<Border Style="InShadow" Width="2" MarginTop="5" MarginRight="5" MarginBottom="5" MarginLeft="5" />
		<BackgroundColor RGB="#ffffff" />
		<Domain>
			<Identifier>VacationWeeks( 'Haarlem', Weeks )</Identifier>
			<Index Name="Weeks" />
		</Domain>
	</PageObject>
	<PageObject Type="Composite Table">
		<Location top="516" left="384" bottom="834" right="546" />
		<TabOrder>4</TabOrder>
		<Font GUID="75FDED67-EC9D-4839-B976-E64C0E8456DC" Name="Data Font" />
		<Border Style="InShadow" Width="2" MarginTop="5" MarginRight="5" MarginBottom="5" MarginLeft="5" />
		<BackgroundColor RGB="#ffffff" />
		<Domain>
			<Identifier>VacationWeeks( 'Zwolle', Weeks )</Identifier>
			<Index Name="Weeks" />
		</Domain>
	</PageObject>
	<PageObject Type="Composite Table">
		<Location top="486" left="570" bottom="840" right="990" />
		<TabOrder>7</TabOrder>
		<Font GUID="75FDED67-EC9D-4839-B976-E64C0E8456DC" Name="Data Font" />
		<Border Style="InShadow" Width="2" MarginTop="5" MarginRight="5" MarginBottom="5" MarginLeft="5" />
		<BackgroundColor RGB="#ffffff" />
		<Domain>
			<Identifier>OfficialHolidays( Days )</Identifier>
			<Index Name="Days" />
		</Domain>
	</PageObject>
	<PageObject Type="Text">
		<Location top="66" left="18" bottom="96" right="474" />
		<StaticText>Vacation Specification</StaticText>
		<Font GUID="F1D4701A-10E9-4349-862A-DDA5CE028DFB" Name="Title Font" />
		<TextColor>
			<UserColor GUID="8387D389-3F4A-4D87-9199-53B0EDCD0359">navy blue</UserColor>
		</TextColor>
	</PageObject>
	<PageObject Type="Text">
		<Location top="276" left="18" bottom="306" right="480" />
		<StaticText>Holiday Specification</StaticText>
		<Font GUID="F1D4701A-10E9-4349-862A-DDA5CE028DFB" Name="Title Font" />
		<TextColor>
			<UserColor GUID="8387D389-3F4A-4D87-9199-53B0EDCD0359">navy blue</UserColor>
		</TextColor>
	</PageObject>
	<PageObject Type="Text">
		<Location top="492" left="24" bottom="522" right="198" />
		<StaticText>Eindhoven</StaticText>
		<Font GUID="F1D4701A-10E9-4349-862A-DDA5CE028DFB" Name="Title Font" />
		<TextColor>
			<UserColor GUID="8387D389-3F4A-4D87-9199-53B0EDCD0359">navy blue</UserColor>
		</TextColor>
	</PageObject>
	<PageObject Type="Text">
		<Location top="492" left="204" bottom="516" right="372" />
		<StaticText>Haarlem</StaticText>
		<Font GUID="F1D4701A-10E9-4349-862A-DDA5CE028DFB" Name="Title Font" />
		<TextColor>
			<UserColor GUID="8387D389-3F4A-4D87-9199-53B0EDCD0359">navy blue</UserColor>
		</TextColor>
	</PageObject>
	<PageObject Type="Text">
		<Location top="492" left="384" bottom="516" right="558" />
		<StaticText>Zwolle</StaticText>
		<Font GUID="F1D4701A-10E9-4349-862A-DDA5CE028DFB" Name="Title Font" />
		<TextColor>
			<UserColor GUID="8387D389-3F4A-4D87-9199-53B0EDCD0359">navy blue</UserColor>
		</TextColor>
	</PageObject>
	<PageObject Type="Text">
		<Location top="456" left="570" bottom="486" right="948" />
		<StaticText>Official Holidays</StaticText>
		<Font GUID="F1D4701A-10E9-4349-862A-DDA5CE028DFB" Name="Title Font" />
		<TextColor>
			<UserColor GUID="8387D389-3F4A-4D87-9199-53B0EDCD0359">navy blue</UserColor>
		</TextColor>
	</PageObject>
	<PageObject Type="Rectangle">
		<Location top="492" left="18" bottom="840" right="192" />
		<Shape>Open</Shape>
		<FillColor RGB="#ffffff" />
		<LineColor>
			<UserColor GUID="8387D389-3F4A-4D87-9199-53B0EDCD0359">navy blue</UserColor>
		</LineColor>
		<LineWidth>3</LineWidth>
	</PageObject>
	<PageObject Type="Rectangle">
		<Location top="492" left="198" bottom="840" right="372" />
		<Shape>Open</Shape>
		<FillColor RGB="#ffffff" />
		<LineColor>
			<UserColor GUID="8387D389-3F4A-4D87-9199-53B0EDCD0359">navy blue</UserColor>
		</LineColor>
		<LineWidth>3</LineWidth>
	</PageObject>
	<PageObject Type="Rectangle">
		<Location top="492" left="378" bottom="840" right="552" />
		<Shape>Open</Shape>
		<FillColor RGB="#ffffff" />
		<LineColor>
			<UserColor GUID="8387D389-3F4A-4D87-9199-53B0EDCD0359">navy blue</UserColor>
		</LineColor>
		<LineWidth>3</LineWidth>
	</PageObject>
	<PageObject Type="Text">
		<Location top="456" left="18" bottom="486" right="396" />
		<StaticText>Vacation Weeks</StaticText>
		<Font GUID="F1D4701A-10E9-4349-862A-DDA5CE028DFB" Name="Title Font" />
		<TextColor>
			<UserColor GUID="8387D389-3F4A-4D87-9199-53B0EDCD0359">navy blue</UserColor>
		</TextColor>
	</PageObject>
	<PageObject Type="Rectangle">
		<Location top="450" left="12" bottom="846" right="558" />
		<Shape>Open</Shape>
		<FillColor RGB="#ffffff" />
		<LineColor>
			<UserColor GUID="8387D389-3F4A-4D87-9199-53B0EDCD0359">navy blue</UserColor>
		</LineColor>
		<LineWidth>3</LineWidth>
	</PageObject>
	<PageObject Type="Rectangle">
		<Location top="450" left="564" bottom="846" right="996" />
		<Shape>Open</Shape>
		<FillColor RGB="#ffffff" />
		<LineColor>
			<UserColor GUID="8387D389-3F4A-4D87-9199-53B0EDCD0359">navy blue</UserColor>
		</LineColor>
		<LineWidth>3</LineWidth>
	</PageObject>
	<PageObject Type="Rectangle">
		<Location top="270" left="12" bottom="444" right="996" />
		<Shape>Open</Shape>
		<FillColor RGB="#ffffff" />
		<LineColor>
			<UserColor GUID="8387D389-3F4A-4D87-9199-53B0EDCD0359">navy blue</UserColor>
		</LineColor>
		<LineWidth>3</LineWidth>
	</PageObject>
	<PageObject Type="Rectangle">
		<Location top="60" left="12" bottom="264" right="996" />
		<Shape>Open</Shape>
		<FillColor RGB="#ffffff" />
		<LineColor>
			<UserColor GUID="8387D389-3F4A-4D87-9199-53B0EDCD0359">navy blue</UserColor>
		</LineColor>
		<LineWidth>3</LineWidth>
	</PageObject>
	<UsedReferences>
		<Model>
			<Symbol>EndDateOfCalendar</Symbol>
			<Symbol>BeginDateOfCalendar</Symbol>
			<Symbol>Days</Symbol>
			<Symbol>OfficialHolidays</Symbol>
			<Symbol>Weeks</Symbol>
			<Symbol>VacationWeeks</Symbol>
			<Symbol>VacationGanttChartStartingWeek</Symbol>
			<Symbol>VacationGanttChartDuration</Symbol>
			<Symbol>HolidayGanttChartLeftBound</Symbol>
			<Symbol>HolidayGanttChartRightBound</Symbol>
			<Symbol>HolidayGanttChartStartingDay</Symbol>
			<Symbol>HolidayGanttChartDuration</Symbol>
			<Symbol>ToggleVacationGanttChart</Symbol>
			<Symbol>ToggleHolidayGanttChart</Symbol>
			<Symbol>d</Symbol>
			<Symbol>w</Symbol>
			<Symbol>f</Symbol>
			<Symbol>v</Symbol>
			<Symbol>h</Symbol>
		</Model>
	</UsedReferences>
</Page>
