<?xml version="1.0"?>
<Page Version="4000" TimeStamp="2015-10-01 09:56:20" NeedsCompiledModel="false">
	<PageEditSize Type="Inherited" />
	<ProjectUUID>F61FB701-B6B9-4AEC-AF68-AE143BB4C3C6</ProjectUUID>
	<DockAllow>true</DockAllow>
	<TemplatesTabOrderPosition>1</TemplatesTabOrderPosition>
	<Background Inherited="true" />
	<PageObject Type="Navigation Object">
		<Location top="222" left="540" bottom="690" right="1080" />
		<TabOrder>2</TabOrder>
		<Font GUID="F0835640-916E-4B1E-9636-6EBC5EFD0FA3" Name="Navigation Object Font" />
		<Border Style="InShadow" Width="2" MarginTop="5" MarginRight="5" MarginBottom="5" MarginLeft="5" />
		<Display>Button+Text</Display>
		<Spacing>6</Spacing>
		<BackgroundColor Transparent="true" />
		<TextColor>
			<UserColor GUID="8387D389-3F4A-4D87-9199-53B0EDCD0359">navy blue</UserColor>
		</TextColor>
		<NavigationData>
			<ReferencePage>ThisPage</ReferencePage>
			<NumberOfGenerations>1</NumberOfGenerations>
			<ActionSequence>
				<Action Type="GotoNavigationPage" />
			</ActionSequence>
		</NavigationData>
	</PageObject>
	<PageObject Type="Picture">
		<Location top="12" left="1368" bottom="174" right="1662" />
		<FileName LiteralFileName="true">"Bitmaps\AIMMS Logo.bmp"</FileName>
		<Display>ActualSize</Display>
	</PageObject>
	<PageObject Type="Button">
		<Location top="702" left="1422" bottom="756" right="1650" />
		<TabOrder>3</TabOrder>
		<LeaveOnEnter>false</LeaveOnEnter>
		<ButtonType>Text</ButtonType>
		<Title>"Multiple Cases"</Title>
		<Font GUID="F0835640-916E-4B1E-9636-6EBC5EFD0FA3" Name="Navigation Object Font" />
		<ActionSequence>
			<Action Type="LinkedPage">
				<Page PageGUID="B395FB2C-4EE8-4C73-9749-6719662F3A61" Name="Multiple Case Oveview" />
			</Action>
		</ActionSequence>
	</PageObject>
	<UsedReferences>
		<Model />
	</UsedReferences>
</Page>
