<?xml version="1.0"?>
<Page Version="4000" TimeStamp="2015-01-14 23:29:57">
	<PageEditSize Type="Inherited" />
	<ProjectUUID>F61FB701-B6B9-4AEC-AF68-AE143BB4C3C6</ProjectUUID>
	<TemplatesTabOrderPosition>1</TemplatesTabOrderPosition>
	<Background Inherited="true" />
	<PageObject Type="Table">
		<MultipleCases>true</MultipleCases>
		<Location top="42" left="36" bottom="108" right="666" />
		<TabOrder>1</TabOrder>
		<Font GUID="00000000-0000-0000-0000-000000000001" Name="Main Font" />
		<Border Style="InShadow" Width="2" MarginTop="5" MarginRight="5" MarginBottom="5" MarginLeft="5" />
		<BackgroundColor RGB="#ffffff" />
		<RowIndentation>3</RowIndentation>
		<ExplicitIdentifier>
			<Identifier>AccumulatedTotalCostInCurrentPeriod</Identifier>
			<FirstColumn>0</FirstColumn>
			<NumberFormat Width="8" Decimals="0" Alignment="Center" />
		</ExplicitIdentifier>
	</PageObject>
	<PageObject Type="Button">
		<Location top="138" left="30" bottom="168" right="168" />
		<TabOrder>2</TabOrder>
		<LeaveOnEnter>false</LeaveOnEnter>
		<ButtonType>Text</ButtonType>
		<Title>"Run Multiple Cases"</Title>
		<Font GUID="00000000-0000-0000-0000-000000000001" Name="Main Font" />
		<ActionSequence>
			<Action Type="Run">
				<RunWhat>SpecificProcecure</RunWhat>
				<Procedure>RunExperiment</Procedure>
				<AbortOnError>true</AbortOnError>
			</Action>
		</ActionSequence>
	</PageObject>
	<UsedReferences>
		<Model>
			<Symbol>AccumulatedTotalCostInCurrentPeriod</Symbol>
			<Symbol>RunExperiment</Symbol>
		</Model>
	</UsedReferences>
</Page>
