<?xml version="1.0"?>
<Page Version="4000" TimeStamp="2015-01-14 23:29:57">
	<PageEditSize Type="Inherited">
		<Size Width="1671" Height="924" />
	</PageEditSize>
	<ProjectUUID>F61FB701-B6B9-4AEC-AF68-AE143BB4C3C6</ProjectUUID>
	<TemplatesTabOrderPosition>1</TemplatesTabOrderPosition>
	<ResizeData>
		<MainArea Line="FixedFromRight" Value="128">
			<RightArea Line="FixedFromBottom" Value="116" />
		</MainArea>
	</ResizeData>
	<Background Inherited="true" />
	<PageObject Type="Gantt Chart">
		<Location top="60" left="96" bottom="408" right="1140" />
		<TabOrder>5</TabOrder>
		<Font GUID="3DB5736E-F42D-496D-B22A-29D8CFD8C15F" Name="Gantt Chart Font" />
		<Border Style="InShadow" Width="2" MarginTop="5" MarginRight="5" MarginBottom="5" MarginLeft="5" />
		<BackgroundColor RGB="#ffffff" />
		<ColorScheme Number="0" />
		<Legend>true</Legend>
		<Y-Labels>true</Y-Labels>
		<X-Labels>true</X-Labels>
		<VerticalGridLines>true</VerticalGridLines>
		<StatusLine>true</StatusLine>
		<Calendar>
			<Items>mwY</Items>
			<MeasurementFactor>1</MeasurementFactor>
			<MeasurementUnit>weeks</MeasurementUnit>
			<ReferenceTime>"2000-06-26"</ReferenceTime>
			<LeftBound>BeginDateOfCalendar</LeftBound>
			<RightBound>EndDateOfCalendar</RightBound>
		</Calendar>
		<IndexLocations>
			<RowDomain>r</RowDomain>
			<LegendDomain>b</LegendDomain>
		</IndexLocations>
		<TaskGroup>
			<Domain>PlanningGanttChartDuration( r, w, b )</Domain>
			<Start>PlanningGanttChartStartingWeek( w )</Start>
			<Duration>PlanningGanttChartDuration( r, w, b )</Duration>
			<ProcedureUponSelect>UpdatePlanningGanttChart( w )</ProcedureUponSelect>
		</TaskGroup>
	</PageObject>
	<PageObject Type="Composite Table">
		<Location top="486" left="102" bottom="876" right="432" />
		<TabOrder>2</TabOrder>
		<Font GUID="75FDED67-EC9D-4839-B976-E64C0E8456DC" Name="Data Font" />
		<Border Style="InShadow" Width="2" MarginTop="5" MarginRight="5" MarginBottom="5" MarginLeft="5" />
		<BackgroundColor RGB="#ffffff" />
		<Domain>
			<Identifier>OverallMaintenancePlanning( 'Eindhoven', p, w )</Identifier>
			<Index Name="p" />
			<Index Name="w" />
		</Domain>
		<ExplicitIdentifier>
			<Identifier>OverallMaintenancePlanning( 'Eindhoven', p, w )</Identifier>
			<NumberFormat Width="7" Decimals="3" Alignment="Center" />
		</ExplicitIdentifier>
	</PageObject>
	<PageObject Type="Composite Table">
		<Location top="486" left="450" bottom="876" right="786" />
		<TabOrder>3</TabOrder>
		<Font GUID="75FDED67-EC9D-4839-B976-E64C0E8456DC" Name="Data Font" />
		<Border Style="InShadow" Width="2" MarginTop="5" MarginRight="5" MarginBottom="5" MarginLeft="5" />
		<BackgroundColor RGB="#ffffff" />
		<Domain>
			<Identifier>OverallMaintenancePlanning( 'Haarlem', p, w )</Identifier>
			<Index Name="p" />
			<Index Name="w" />
		</Domain>
		<ExplicitIdentifier>
			<Identifier>OverallMaintenancePlanning( 'Haarlem', p, w )</Identifier>
			<NumberFormat Width="7" Decimals="3" Alignment="Center" />
		</ExplicitIdentifier>
	</PageObject>
	<PageObject Type="Composite Table">
		<Location top="486" left="804" bottom="876" right="1134" />
		<TabOrder>4</TabOrder>
		<Font GUID="75FDED67-EC9D-4839-B976-E64C0E8456DC" Name="Data Font" />
		<Border Style="InShadow" Width="2" MarginTop="5" MarginRight="5" MarginBottom="5" MarginLeft="5" />
		<BackgroundColor RGB="#ffffff" />
		<Domain>
			<Identifier>OverallMaintenancePlanning( 'Zwolle', p, w )</Identifier>
			<Index Name="p" />
			<Index Name="w" />
		</Domain>
		<ExplicitIdentifier>
			<Identifier>OverallMaintenancePlanning( 'Zwolle', p, w )</Identifier>
			<NumberFormat Width="7" Decimals="3" Alignment="Center" />
		</ExplicitIdentifier>
	</PageObject>
	<PageObject Type="Text">
		<Location top="30" left="96" bottom="60" right="660" />
		<StaticText>Maintenance and Production Planning</StaticText>
		<Font GUID="F1D4701A-10E9-4349-862A-DDA5CE028DFB" Name="Title Font" />
		<TextColor>
			<UserColor GUID="8387D389-3F4A-4D87-9199-53B0EDCD0359">navy blue</UserColor>
		</TextColor>
	</PageObject>
	<PageObject Type="Text">
		<Location top="462" left="102" bottom="486" right="426" />
		<StaticText>Eindhoven
</StaticText>
		<Font GUID="F1D4701A-10E9-4349-862A-DDA5CE028DFB" Name="Title Font" />
		<TextColor>
			<UserColor GUID="8387D389-3F4A-4D87-9199-53B0EDCD0359">navy blue</UserColor>
		</TextColor>
	</PageObject>
	<PageObject Type="Text">
		<Location top="462" left="450" bottom="486" right="774" />
		<StaticText>Haarlem</StaticText>
		<Font GUID="F1D4701A-10E9-4349-862A-DDA5CE028DFB" Name="Title Font" />
		<TextColor>
			<UserColor GUID="8387D389-3F4A-4D87-9199-53B0EDCD0359">navy blue</UserColor>
		</TextColor>
	</PageObject>
	<PageObject Type="Text">
		<Location top="462" left="804" bottom="486" right="1128" />
		<StaticText>Zwolle</StaticText>
		<Font GUID="F1D4701A-10E9-4349-862A-DDA5CE028DFB" Name="Title Font" />
		<TextColor>
			<UserColor GUID="8387D389-3F4A-4D87-9199-53B0EDCD0359">navy blue</UserColor>
		</TextColor>
	</PageObject>
	<PageObject Type="Rectangle">
		<Location top="462" left="96" bottom="882" right="438" />
		<Shape>Open</Shape>
		<FillColor RGB="#ffffff" />
		<LineColor>
			<UserColor GUID="8387D389-3F4A-4D87-9199-53B0EDCD0359">navy blue</UserColor>
		</LineColor>
		<LineWidth>3</LineWidth>
	</PageObject>
	<PageObject Type="Rectangle">
		<Location top="462" left="444" bottom="882" right="792" />
		<Shape>Open</Shape>
		<FillColor RGB="#ffffff" />
		<LineColor>
			<UserColor GUID="8387D389-3F4A-4D87-9199-53B0EDCD0359">navy blue</UserColor>
		</LineColor>
		<LineWidth>3</LineWidth>
	</PageObject>
	<PageObject Type="Rectangle">
		<Location top="462" left="798" bottom="882" right="1140" />
		<Shape>Open</Shape>
		<FillColor RGB="#ffffff" />
		<LineColor>
			<UserColor GUID="8387D389-3F4A-4D87-9199-53B0EDCD0359">navy blue</UserColor>
		</LineColor>
		<LineWidth>3</LineWidth>
	</PageObject>
	<PageObject Type="Text">
		<Location top="432" left="96" bottom="456" right="660" />
		<StaticText>Maintenance Planning</StaticText>
		<Font GUID="F1D4701A-10E9-4349-862A-DDA5CE028DFB" Name="Title Font" />
		<TextColor>
			<UserColor GUID="8387D389-3F4A-4D87-9199-53B0EDCD0359">navy blue</UserColor>
		</TextColor>
	</PageObject>
	<PageObject Type="Rectangle">
		<Location top="426" left="90" bottom="888" right="1146" />
		<Shape>Open</Shape>
		<FillColor RGB="#ffffff" />
		<LineColor>
			<UserColor GUID="8387D389-3F4A-4D87-9199-53B0EDCD0359">navy blue</UserColor>
		</LineColor>
		<LineWidth>3</LineWidth>
	</PageObject>
	<PageObject Type="Rectangle">
		<Location top="30" left="90" bottom="414" right="1146" />
		<Shape>Open</Shape>
		<FillColor RGB="#ffffff" />
		<LineColor>
			<UserColor GUID="8387D389-3F4A-4D87-9199-53B0EDCD0359">navy blue</UserColor>
		</LineColor>
		<LineWidth>3</LineWidth>
	</PageObject>
	<UsedReferences>
		<Model>
			<Symbol>EndDateOfCalendar</Symbol>
			<Symbol>BeginDateOfCalendar</Symbol>
			<Symbol>OverallMaintenancePlanning</Symbol>
			<Symbol>UpdatePlanningGanttChart</Symbol>
			<Symbol>PlanningGanttChartStartingWeek</Symbol>
			<Symbol>PlanningGanttChartDuration</Symbol>
			<Symbol>w</Symbol>
			<Symbol>p</Symbol>
			<Symbol>r</Symbol>
			<Symbol>b</Symbol>
		</Model>
	</UsedReferences>
</Page>
