<?xml version="1.0"?>
<Page Version="4000" TimeStamp="2014-07-25 00:01:02">
	<PageEditSize Type="Inherited">
		<Size Width="1671" Height="924" />
	</PageEditSize>
	<ProjectUUID>F61FB701-B6B9-4AEC-AF68-AE143BB4C3C6</ProjectUUID>
	<TemplatesTabOrderPosition>1</TemplatesTabOrderPosition>
	<ResizeData>
		<MainArea Line="FixedFromRight" Value="123">
			<RightArea Line="FixedFromTop" Value="116">
				<BottomArea Line="FixedFromBottom" Value="115" />
			</RightArea>
		</MainArea>
	</ResizeData>
	<Background Inherited="true" />
	<PageObject Type="Button">
		<Location top="18" left="1560" bottom="48" right="1638" />
		<TabOrder>5</TabOrder>
		<LeaveOnEnter>false</LeaveOnEnter>
		<ButtonType>Text</ButtonType>
		<Title>"Run Next"</Title>
		<Font GUID="00000000-0000-0000-0000-000000000001" Name="Main Font" />
		<ActionSequence>
			<Action Type="Run">
				<RunWhat>SpecificProcecure</RunWhat>
				<Procedure>RollHorizonOnce</Procedure>
				<AbortOnError>true</AbortOnError>
			</Action>
		</ActionSequence>
	</PageObject>
	<PageObject Type="Button">
		<Location top="48" left="1560" bottom="78" right="1638" />
		<TabOrder>4</TabOrder>
		<LeaveOnEnter>false</LeaveOnEnter>
		<ButtonType>Text</ButtonType>
		<Title>"Run All"</Title>
		<Font GUID="00000000-0000-0000-0000-000000000001" Name="Main Font" />
		<ActionSequence>
			<Action Type="Run">
				<RunWhat>SpecificProcecure</RunWhat>
				<Procedure>RollHorizonToEnd</Procedure>
				<AbortOnError>true</AbortOnError>
			</Action>
		</ActionSequence>
	</PageObject>
	<PageObject Type="Button">
		<Location top="78" left="1560" bottom="108" right="1638" />
		<TabOrder>2</TabOrder>
		<LeaveOnEnter>false</LeaveOnEnter>
		<ButtonType>Text</ButtonType>
		<Title>"Restart"</Title>
		<Font GUID="00000000-0000-0000-0000-000000000001" Name="Main Font" />
		<ActionSequence>
			<Action Type="Run">
				<RunWhat>SpecificProcecure</RunWhat>
				<Procedure>MovePlanningIntervalToStartOfCalendar</Procedure>
				<AbortOnError>true</AbortOnError>
			</Action>
		</ActionSequence>
	</PageObject>
	<PageObject Type="Table">
		<Location top="66" left="48" bottom="342" right="924" />
		<TabOrder>3</TabOrder>
		<Font GUID="75FDED67-EC9D-4839-B976-E64C0E8456DC" Name="Data Font" />
		<Border Style="InShadow" Width="2" MarginTop="5" MarginRight="5" MarginBottom="5" MarginLeft="5" />
		<BackgroundColor RGB="#ffffff" />
		<TextColor>
			<UserColor GUID="8387D389-3F4A-4D87-9199-53B0EDCD0359">navy blue</UserColor>
		</TextColor>
		<RowIndentation>3</RowIndentation>
		<ExplicitIdentifier>
			<Identifier>DeteriorationLevel( f, p )</Identifier>
			<FirstColumn>2</FirstColumn>
			<HeaderText>"Deterioration"</HeaderText>
			<NumberFormat Width="8" Decimals="2" Alignment="Center" />
			<Color>DeteriorationColor( f, p )</Color>
		</ExplicitIdentifier>
		<ExplicitIdentifier>
			<Identifier>ActualProduction( f, p, t )</Identifier>
			<FirstColumn>2</FirstColumn>
			<HeaderText>"Production"</HeaderText>
			<NumberFormat Width="8" Decimals="2" Alignment="Center" />
		</ExplicitIdentifier>
		<ExplicitIdentifier>
			<Identifier>AcctualNumverOfDaysInPeriod( t )</Identifier>
			<FirstColumn>0</FirstColumn>
			<HeaderText>"Number of Working Days"</HeaderText>
			<NumberFormat Width="5" Decimals="0" Alignment="Center" />
		</ExplicitIdentifier>
		<ElementText Index="t">PeriodDescription( t )</ElementText>
	</PageObject>
	<PageObject Type="Bar Chart">
		<Location top="390" left="48" bottom="654" right="924" />
		<TabOrder>10</TabOrder>
		<Font GUID="75FDED67-EC9D-4839-B976-E64C0E8456DC" Name="Data Font" />
		<Border Style="InShadow" Width="2" MarginTop="5" MarginRight="5" MarginBottom="5" MarginLeft="5" />
		<BackgroundColor RGB="#ffffff" />
		<TextColor>
			<UserColor GUID="8387D389-3F4A-4D87-9199-53B0EDCD0359">navy blue</UserColor>
		</TextColor>
		<ColorScheme Number="0" />
		<Title>true</Title>
		<Legend>true</Legend>
		<Y-Labels>true</Y-Labels>
		<X-Labels>true</X-Labels>
		<HorizontalGridLines>true</HorizontalGridLines>
		<StatusLine>true</StatusLine>
		<ExplicitIdentifier>
			<Identifier>Production( f, t )</Identifier>
		</ExplicitIdentifier>
		<FillWithColor>true</FillWithColor>
	</PageObject>
	<PageObject Type="Table">
		<Location top="702" left="48" bottom="846" right="924" />
		<TabOrder>9</TabOrder>
		<Font GUID="75FDED67-EC9D-4839-B976-E64C0E8456DC" Name="Data Font" />
		<Border Style="InShadow" Width="2" MarginTop="5" MarginRight="5" MarginBottom="5" MarginLeft="5" />
		<BackgroundColor RGB="#ffffff" />
		<TextColor>
			<UserColor GUID="8387D389-3F4A-4D87-9199-53B0EDCD0359">navy blue</UserColor>
		</TextColor>
		<RowIndentation>3</RowIndentation>
		<ExplicitIdentifier>
			<Identifier>IsVacationPeriod( f, t )</Identifier>
			<FirstColumn>1</FirstColumn>
			<NumberFormat Width="4" Decimals="0" Alignment="Center" Binary="true" />
		</ExplicitIdentifier>
		<ElementText Index="t">PeriodDescription( t )</ElementText>
	</PageObject>
	<PageObject Type="Composite Table">
		<Location top="66" left="942" bottom="342" right="1212" />
		<TabOrder>6</TabOrder>
		<Font GUID="75FDED67-EC9D-4839-B976-E64C0E8456DC" Name="Data Font" />
		<Border Style="InShadow" Width="2" MarginTop="5" MarginRight="5" MarginBottom="5" MarginLeft="5" />
		<BackgroundColor RGB="#ffffff" />
		<TextColor>
			<UserColor GUID="8387D389-3F4A-4D87-9199-53B0EDCD0359">navy blue</UserColor>
		</TextColor>
		<Domain>
			<Identifier>WeekInPeriod( t )</Identifier>
			<Index Name="t" />
		</Domain>
		<ExplicitIdentifier>
			<Identifier>WeekInPeriod( t )</Identifier>
			<NumberFormat Width="15" Decimals="0" Alignment="Left" />
		</ExplicitIdentifier>
	</PageObject>
	<PageObject Type="Composite Table">
		<Location top="66" left="1224" bottom="342" right="1452" />
		<TabOrder>7</TabOrder>
		<Font GUID="75FDED67-EC9D-4839-B976-E64C0E8456DC" Name="Data Font" />
		<Border Style="InShadow" Width="2" MarginTop="5" MarginRight="5" MarginBottom="5" MarginLeft="5" />
		<BackgroundColor RGB="#ffffff" />
		<TextColor>
			<UserColor GUID="8387D389-3F4A-4D87-9199-53B0EDCD0359">navy blue</UserColor>
		</TextColor>
		<Domain>
			<Identifier>DaysInPeriod( t, Days )</Identifier>
			<Index Name="t" />
			<Index Name="Days" />
		</Domain>
	</PageObject>
	<PageObject Type="Composite Table">
		<Location top="390" left="942" bottom="504" right="1452" />
		<TabOrder>8</TabOrder>
		<Font GUID="75FDED67-EC9D-4839-B976-E64C0E8456DC" Name="Data Font" />
		<Border Style="InShadow" Width="2" MarginTop="5" MarginRight="5" MarginBottom="5" MarginLeft="5" />
		<BackgroundColor RGB="#ffffff" />
		<TextColor>
			<UserColor GUID="8387D389-3F4A-4D87-9199-53B0EDCD0359">navy blue</UserColor>
		</TextColor>
		<Domain>
			<Identifier>LineInMaintenance( f, p, t )</Identifier>
			<Index Name="f" />
			<Index Name="p" />
			<Index Name="t" />
		</Domain>
		<ExplicitIdentifier>
			<Identifier>LineInMaintenance( f, p, t )</Identifier>
			<NumberFormat Width="3" Decimals="0" Alignment="Center" />
		</ExplicitIdentifier>
		<ElementText Index="t">PeriodDescription( t )</ElementText>
	</PageObject>
	<PageObject Type="Composite Table">
		<Location top="552" left="942" bottom="654" right="1452" />
		<TabOrder>12</TabOrder>
		<Font GUID="75FDED67-EC9D-4839-B976-E64C0E8456DC" Name="Data Font" />
		<Border Style="InShadow" Width="2" MarginTop="5" MarginRight="5" MarginBottom="5" MarginLeft="5" />
		<BackgroundColor RGB="#ffffff" />
		<TextColor>
			<UserColor GUID="8387D389-3F4A-4D87-9199-53B0EDCD0359">navy blue</UserColor>
		</TextColor>
		<Domain>
			<Identifier>ProductionLineLevelChange( f, p, t )</Identifier>
			<Index Name="f" />
			<Index Name="p" />
			<Index Name="t" />
		</Domain>
		<ExplicitIdentifier>
			<Identifier>ProductionLineLevelChange( f, p, t )</Identifier>
			<NumberFormat Width="5" Decimals="2" Alignment="Center" />
		</ExplicitIdentifier>
		<ElementText Index="t">PeriodDescription( t )</ElementText>
	</PageObject>
	<PageObject Type="Bar Chart">
		<Location top="702" left="942" bottom="846" right="1452" />
		<TabOrder>11</TabOrder>
		<Font GUID="75FDED67-EC9D-4839-B976-E64C0E8456DC" Name="Data Font" />
		<Border Style="InShadow" Width="2" MarginTop="5" MarginRight="5" MarginBottom="5" MarginLeft="5" />
		<BackgroundColor RGB="#ffffff" />
		<TextColor>
			<UserColor GUID="8387D389-3F4A-4D87-9199-53B0EDCD0359">navy blue</UserColor>
		</TextColor>
		<ColorScheme Number="0" />
		<Title>true</Title>
		<Legend>true</Legend>
		<Y-Labels>true</Y-Labels>
		<X-Labels>true</X-Labels>
		<HorizontalGridLines>true</HorizontalGridLines>
		<StatusLine>true</StatusLine>
		<ExplicitIdentifier>
			<Identifier>TotalProductionCost</Identifier>
		</ExplicitIdentifier>
		<ExplicitIdentifier>
			<Identifier>TotalTransportCost</Identifier>
		</ExplicitIdentifier>
		<ExplicitIdentifier>
			<Identifier>TotalStockCost</Identifier>
		</ExplicitIdentifier>
		<ExplicitIdentifier>
			<Identifier>TotalModelSwitchCost</Identifier>
		</ExplicitIdentifier>
		<FillWithColor>true</FillWithColor>
	</PageObject>
	<PageObject Type="Text">
		<Location top="36" left="48" bottom="66" right="828" />
		<StaticText>Production Lines</StaticText>
		<Font GUID="F1D4701A-10E9-4349-862A-DDA5CE028DFB" Name="Title Font" />
		<TextColor>
			<UserColor GUID="8387D389-3F4A-4D87-9199-53B0EDCD0359">navy blue</UserColor>
		</TextColor>
	</PageObject>
	<PageObject Type="Text">
		<Location top="360" left="48" bottom="390" right="570" />
		<StaticText>Factory Production
</StaticText>
		<Font GUID="F1D4701A-10E9-4349-862A-DDA5CE028DFB" Name="Title Font" />
		<TextColor>
			<UserColor GUID="8387D389-3F4A-4D87-9199-53B0EDCD0359">navy blue</UserColor>
		</TextColor>
	</PageObject>
	<PageObject Type="Text">
		<Location top="672" left="48" bottom="702" right="570" />
		<StaticText>Vacation Weeks</StaticText>
		<Font GUID="F1D4701A-10E9-4349-862A-DDA5CE028DFB" Name="Title Font" />
		<TextColor>
			<UserColor GUID="8387D389-3F4A-4D87-9199-53B0EDCD0359">navy blue</UserColor>
		</TextColor>
	</PageObject>
	<PageObject Type="Text">
		<Location top="36" left="942" bottom="66" right="1464" />
		<StaticText>Horizon-Calendar Mapping</StaticText>
		<Font GUID="F1D4701A-10E9-4349-862A-DDA5CE028DFB" Name="Title Font" />
		<TextColor>
			<UserColor GUID="8387D389-3F4A-4D87-9199-53B0EDCD0359">navy blue</UserColor>
		</TextColor>
	</PageObject>
	<PageObject Type="Text">
		<Location top="360" left="942" bottom="390" right="1446" />
		<StaticText>Maintenance</StaticText>
		<Font GUID="F1D4701A-10E9-4349-862A-DDA5CE028DFB" Name="Title Font" />
		<TextColor>
			<UserColor GUID="8387D389-3F4A-4D87-9199-53B0EDCD0359">navy blue</UserColor>
		</TextColor>
	</PageObject>
	<PageObject Type="Text">
		<Location top="522" left="942" bottom="552" right="1464" />
		<StaticText>Mode Switches</StaticText>
		<Font GUID="F1D4701A-10E9-4349-862A-DDA5CE028DFB" Name="Title Font" />
		<TextColor>
			<UserColor GUID="8387D389-3F4A-4D87-9199-53B0EDCD0359">navy blue</UserColor>
		</TextColor>
	</PageObject>
	<PageObject Type="Text">
		<Location top="672" left="942" bottom="702" right="1464" />
		<StaticText>Total Cost</StaticText>
		<Font GUID="F1D4701A-10E9-4349-862A-DDA5CE028DFB" Name="Title Font" />
		<TextColor>
			<UserColor GUID="8387D389-3F4A-4D87-9199-53B0EDCD0359">navy blue</UserColor>
		</TextColor>
	</PageObject>
	<PageObject Type="Rectangle">
		<Location top="30" left="42" bottom="348" right="930" />
		<Shape>Open</Shape>
		<FillColor RGB="#ffffff" />
		<LineColor>
			<UserColor GUID="8387D389-3F4A-4D87-9199-53B0EDCD0359">navy blue</UserColor>
		</LineColor>
		<LineWidth>3</LineWidth>
	</PageObject>
	<PageObject Type="Rectangle">
		<Location top="354" left="42" bottom="660" right="930" />
		<Shape>Open</Shape>
		<FillColor RGB="#ffffff" />
		<LineColor>
			<UserColor GUID="8387D389-3F4A-4D87-9199-53B0EDCD0359">navy blue</UserColor>
		</LineColor>
		<LineWidth>3</LineWidth>
	</PageObject>
	<PageObject Type="Rectangle">
		<Location top="666" left="42" bottom="852" right="930" />
		<Shape>Open</Shape>
		<FillColor RGB="#ffffff" />
		<LineColor>
			<UserColor GUID="8387D389-3F4A-4D87-9199-53B0EDCD0359">navy blue</UserColor>
		</LineColor>
		<LineWidth>3</LineWidth>
	</PageObject>
	<PageObject Type="Rectangle">
		<Location top="30" left="936" bottom="348" right="1458" />
		<Shape>Open</Shape>
		<FillColor RGB="#ffffff" />
		<LineColor>
			<UserColor GUID="8387D389-3F4A-4D87-9199-53B0EDCD0359">navy blue</UserColor>
		</LineColor>
		<LineWidth>3</LineWidth>
	</PageObject>
	<PageObject Type="Rectangle">
		<Location top="354" left="936" bottom="660" right="1458" />
		<Shape>Open</Shape>
		<FillColor RGB="#ffffff" />
		<LineColor>
			<UserColor GUID="8387D389-3F4A-4D87-9199-53B0EDCD0359">navy blue</UserColor>
		</LineColor>
		<LineWidth>3</LineWidth>
	</PageObject>
	<PageObject Type="Rectangle">
		<Location top="666" left="936" bottom="852" right="1458" />
		<Shape>Open</Shape>
		<FillColor RGB="#ffffff" />
		<LineColor>
			<UserColor GUID="8387D389-3F4A-4D87-9199-53B0EDCD0359">navy blue</UserColor>
		</LineColor>
		<LineWidth>3</LineWidth>
	</PageObject>
	<UsedReferences>
		<Model>
			<Symbol>AcctualNumverOfDaysInPeriod</Symbol>
			<Symbol>Days</Symbol>
			<Symbol>DaysInPeriod</Symbol>
			<Symbol>WeekInPeriod</Symbol>
			<Symbol>DeteriorationLevel</Symbol>
			<Symbol>LineInMaintenance</Symbol>
			<Symbol>IsVacationPeriod</Symbol>
			<Symbol>Production</Symbol>
			<Symbol>ProductionLineLevelChange</Symbol>
			<Symbol>RollHorizonOnce</Symbol>
			<Symbol>RollHorizonToEnd</Symbol>
			<Symbol>MovePlanningIntervalToStartOfCalendar</Symbol>
			<Symbol>DeteriorationColor</Symbol>
			<Symbol>PeriodDescription</Symbol>
			<Symbol>ActualProduction</Symbol>
			<Symbol>TotalProductionCost</Symbol>
			<Symbol>TotalTransportCost</Symbol>
			<Symbol>TotalStockCost</Symbol>
			<Symbol>TotalModelSwitchCost</Symbol>
			<Symbol>t</Symbol>
			<Symbol>f</Symbol>
			<Symbol>p</Symbol>
		</Model>
	</UsedReferences>
</Page>
