<?xml version="1.0"?>
<Page Version="4000" TimeStamp="2014-07-25 00:01:02">
	<PageEditSize Type="Inherited">
		<Size Width="1671" Height="924" />
	</PageEditSize>
	<ProjectUUID>F61FB701-B6B9-4AEC-AF68-AE143BB4C3C6</ProjectUUID>
	<TemplatesTabOrderPosition>1</TemplatesTabOrderPosition>
	<ResizeData>
		<MainArea Line="FixedFromRight" Value="128">
			<RightArea Line="FixedFromBottom" Value="116" />
		</MainArea>
	</ResizeData>
	<Background Inherited="true" />
	<PageObject Type="Selection Object">
		<SelectionType>RadioButtons</SelectionType>
		<Location top="120" left="42" bottom="210" right="300" />
		<TabOrder>2</TabOrder>
		<Font GUID="00000000-0000-0000-0000-000000000001" Name="Main Font" />
		<TextShown>ElementName</TextShown>
		<Border Style="InShadow" Width="2" MarginTop="5" MarginRight="5" MarginBottom="5" MarginLeft="5" />
		<BackgroundColor RGB="#ffffff" />
		<ExplicitIdentifier>
			<Identifier>DisplayScenario</Identifier>
		</ExplicitIdentifier>
	</PageObject>
	<PageObject Type="Selection Object">
		<SelectionType>CheckBoxes</SelectionType>
		<Location top="216" left="42" bottom="504" right="300" />
		<TabOrder>3</TabOrder>
		<Font GUID="00000000-0000-0000-0000-000000000001" Name="Main Font" />
		<TextShown>ElementName</TextShown>
		<Border Style="InShadow" Width="2" MarginTop="5" MarginRight="5" MarginBottom="5" MarginLeft="5" />
		<BackgroundColor RGB="#ffffff" />
		<ProcedureUponChange>UpdateWeeklyDemand</ProcedureUponChange>
		<ExplicitIdentifier>
			<Identifier>DisplayedCenters( Centers )</Identifier>
		</ExplicitIdentifier>
	</PageObject>
	<PageObject Type="Bar Chart">
		<Location top="90" left="318" bottom="504" right="1446" />
		<TabOrder>4</TabOrder>
		<Font GUID="00000000-0000-0000-0000-000000000001" Name="Main Font" />
		<Border Style="InShadow" Width="2" MarginTop="5" MarginRight="5" MarginBottom="5" MarginLeft="5" />
		<BackgroundColor RGB="#ffffff" />
		<ColorScheme Number="0" />
		<SwappedAxes>true</SwappedAxes>
		<RemoveDefaults>true</RemoveDefaults>
		<Title>true</Title>
		<Legend>true</Legend>
		<Y-Labels>true</Y-Labels>
		<X-Labels>true</X-Labels>
		<HorizontalScrollbar>true</HorizontalScrollbar>
		<HorizontalGridLines>true</HorizontalGridLines>
		<StatusLine>true</StatusLine>
		<ExplicitIdentifier>
			<Identifier>WeeklyDemand( c, w, DisplayScenario )</Identifier>
		</ExplicitIdentifier>
		<FillWithColor>true</FillWithColor>
		<BarSpacing>10</BarSpacing>
	</PageObject>
	<PageObject Type="Curve">
		<Location top="552" left="42" bottom="858" right="1446" />
		<TabOrder>5</TabOrder>
		<Font GUID="00000000-0000-0000-0000-000000000001" Name="Main Font" />
		<Border Style="InShadow" Width="2" MarginTop="5" MarginRight="5" MarginBottom="5" MarginLeft="5" />
		<BackgroundColor RGB="#ffffff" />
		<ColorScheme Number="0" />
		<Title>true</Title>
		<Legend>true</Legend>
		<Y-Labels>true</Y-Labels>
		<X-Labels>true</X-Labels>
		<StatusLine>true</StatusLine>
		<YRange Automatic="false">
			<Lower>14000</Lower>
			<Upper>18000</Upper>
		</YRange>
		<ExplicitIdentifier>
			<Identifier>TotalWeeklyDemand( w, s )</Identifier>
		</ExplicitIdentifier>
		<DrawLines>true</DrawLines>
	</PageObject>
	<PageObject Type="Text">
		<Location top="60" left="42" bottom="126" right="300" />
		<StaticText>Scenario and
center selection</StaticText>
		<Font GUID="F1D4701A-10E9-4349-862A-DDA5CE028DFB" Name="Title Font" />
		<TextColor>
			<UserColor GUID="8387D389-3F4A-4D87-9199-53B0EDCD0359">navy blue</UserColor>
		</TextColor>
	</PageObject>
	<PageObject Type="Text">
		<Location top="60" left="318" bottom="90" right="804" />
		<StaticText>Weekly Demand</StaticText>
		<Font GUID="F1D4701A-10E9-4349-862A-DDA5CE028DFB" Name="Title Font" />
		<TextColor>
			<UserColor GUID="8387D389-3F4A-4D87-9199-53B0EDCD0359">navy blue</UserColor>
		</TextColor>
	</PageObject>
	<PageObject Type="Text">
		<Location top="522" left="42" bottom="552" right="528" />
		<StaticText>Total Weekly Demand</StaticText>
		<Font GUID="F1D4701A-10E9-4349-862A-DDA5CE028DFB" Name="Title Font" />
		<TextColor>
			<UserColor GUID="8387D389-3F4A-4D87-9199-53B0EDCD0359">navy blue</UserColor>
		</TextColor>
	</PageObject>
	<PageObject Type="Rectangle">
		<Location top="516" left="36" bottom="864" right="1452" />
		<Shape>Open</Shape>
		<FillColor RGB="#ffffff" />
		<LineColor>
			<UserColor GUID="8387D389-3F4A-4D87-9199-53B0EDCD0359">navy blue</UserColor>
		</LineColor>
		<LineWidth>3</LineWidth>
	</PageObject>
	<PageObject Type="Rectangle">
		<Location top="54" left="36" bottom="510" right="306" />
		<Shape>Open</Shape>
		<FillColor RGB="#ffffff" />
		<LineColor>
			<UserColor GUID="8387D389-3F4A-4D87-9199-53B0EDCD0359">navy blue</UserColor>
		</LineColor>
		<LineWidth>3</LineWidth>
	</PageObject>
	<PageObject Type="Rectangle">
		<Location top="54" left="312" bottom="510" right="1452" />
		<Shape>Open</Shape>
		<FillColor RGB="#ffffff" />
		<LineColor>
			<UserColor GUID="8387D389-3F4A-4D87-9199-53B0EDCD0359">navy blue</UserColor>
		</LineColor>
		<LineWidth>3</LineWidth>
	</PageObject>
	<UsedReferences>
		<Model>
			<Symbol>Centers</Symbol>
			<Symbol>Scenarios</Symbol>
			<Symbol>WeeklyDemand</Symbol>
			<Symbol>TotalWeeklyDemand</Symbol>
			<Symbol>DisplayScenario</Symbol>
			<Symbol>DisplayedCenters</Symbol>
			<Symbol>UpdateWeeklyDemand</Symbol>
			<Symbol>w</Symbol>
			<Symbol>c</Symbol>
			<Symbol>s</Symbol>
		</Model>
	</UsedReferences>
</Page>
