<?xml version="1.0"?>
<Page Version="4000" TimeStamp="2015-01-14 23:29:57">
	<PageEditSize Type="Inherited">
		<Size Width="1671" Height="924" />
	</PageEditSize>
	<ProjectUUID>F61FB701-B6B9-4AEC-AF68-AE143BB4C3C6</ProjectUUID>
	<TemplatesTabOrderPosition>3</TemplatesTabOrderPosition>
	<ResizeData>
		<MainArea Line="FixedFromRight" Value="128">
			<RightArea Line="FixedFromBottom" Value="116" />
		</MainArea>
	</ResizeData>
	<Background Inherited="true" />
	<PageObject Type="Selection Object">
		<SelectionType>RadioButtons</SelectionType>
		<Location top="66" left="24" bottom="168" right="516" />
		<TabOrder>9</TabOrder>
		<Font GUID="00000000-0000-0000-0000-000000000001" Name="Main Font" />
		<TextShown>ElementName</TextShown>
		<Border Style="InShadow" Width="2" MarginTop="5" MarginRight="5" MarginBottom="5" MarginLeft="5" />
		<BackgroundColor RGB="#ffffff" />
		<ExplicitIdentifier>
			<Identifier>DisplayScenario</Identifier>
		</ExplicitIdentifier>
	</PageObject>
	<PageObject Type="Selection Object">
		<SelectionType>DropDownList</SelectionType>
		<Location top="174" left="24" bottom="198" right="516" />
		<TabOrder>7</TabOrder>
		<Font GUID="00000000-0000-0000-0000-000000000001" Name="Main Font" />
		<TextShown>ElementName</TextShown>
		<Border Style="None" />
		<BackgroundColor RGB="#ffffff" />
		<ExplicitIdentifier>
			<Identifier>DisplayedPeriod</Identifier>
		</ExplicitIdentifier>
		<ElementText Index="Periods">PeriodDescription( t )</ElementText>
	</PageObject>
	<PageObject Type="Network Object">
		<Location top="216" left="24" bottom="894" right="522" />
		<TabOrder>1</TabOrder>
		<Font GUID="00000000-0000-0000-0000-000000000001" Name="Main Font" />
		<Border Style="InShadow" Width="2" MarginTop="5" MarginRight="5" MarginBottom="5" MarginLeft="5" />
		<BackgroundColor RGB="#ffffff" />
		<HorizontalScrollbar>true</HorizontalScrollbar>
		<VerticalScrollbar>true</VerticalScrollbar>
		<EqualXYScale>false</EqualXYScale>
		<ScrollControl>NoScrolling</ScrollControl>
		<VisibleArea>
			<Left>3.3</Left>
			<Right>7.3</Right>
			<Top>53.5</Top>
			<Bottom>50.7</Bottom>
		</VisibleArea>
		<Background>
			<Background_Image_Source ID="101">"From File"</Background_Image_Source>
			<Image_File_Name ID="200" LiteralFileName="true">"Bitmaps\Netherlands.bmp"</Image_File_Name>
			<Left ID="210">3.3</Left>
			<Right ID="211">7.3</Right>
			<Top ID="212">53.5</Top>
			<Bottom ID="213">50.7</Bottom>
		</Background>
		<Node>
			<Identifier>l</Identifier>
			<XCoordinate>XCoordinate( l )</XCoordinate>
			<YCoordinate>YCoordinate( l )</YCoordinate>
			<NumberFormat Width="6" Decimals="2" />
			<MaximumSize>15</MaximumSize>
			<TextPosition>Right</TextPosition>
			<TextShowWhat>ElementName</TextShowWhat>
			<Color>8C1FFC91-A781-4272-831D-2D86F23592E4 red</Color>
			<Size>15</Size>
			<ProcedureUponSelect>SelectLocationInNetwork( l )</ProcedureUponSelect>
			<Shape>Circle</Shape>
		</Node>
		<Arc>
			<Identifier>Transport( f -&gt; DisplayedFactory, c -&gt; DisplayedCenter, DisplayedPeriod, DisplayScenario )</Identifier>
			<NumberFormat Width="6" Decimals="2" />
			<MaximumSize>8</MaximumSize>
			<TextPosition>Right</TextPosition>
			<Size>Transport( f, c, DisplayedPeriod, DisplayScenario )</Size>
			<Shape>Straight</Shape>
			<FirstSegment>Horizontal</FirstSegment>
			<ClickWhere>EntireArc</ClickWhere>
		</Arc>
	</PageObject>
	<PageObject Type="Text">
		<Location top="36" left="1020" bottom="66" right="1326" />
		<SourceType>StringParameter</SourceType>
		<StringParameter>FactoryDescription</StringParameter>
		<Alignment>Right</Alignment>
		<Font GUID="F1D4701A-10E9-4349-862A-DDA5CE028DFB" Name="Title Font" />
		<TextColor>
			<UserColor GUID="8387D389-3F4A-4D87-9199-53B0EDCD0359">navy blue</UserColor>
		</TextColor>
	</PageObject>
	<PageObject Type="Bar Chart">
		<Location top="66" left="546" bottom="198" right="990" />
		<TabOrder>13</TabOrder>
		<Font GUID="75FDED67-EC9D-4839-B976-E64C0E8456DC" Name="Data Font" />
		<Border Style="InShadow" Width="2" MarginTop="5" MarginRight="5" MarginBottom="5" MarginLeft="5" />
		<BackgroundColor RGB="#ffffff" />
		<ColorScheme Number="0" />
		<Title>true</Title>
		<Legend>true</Legend>
		<Y-Labels>true</Y-Labels>
		<X-Labels>true</X-Labels>
		<HorizontalGridLines>true</HorizontalGridLines>
		<StatusLine>true</StatusLine>
		<ExplicitIdentifier>
			<Identifier>Production( DisplayedFactory, t )</Identifier>
		</ExplicitIdentifier>
		<FillWithColor>true</FillWithColor>
	</PageObject>
	<PageObject Type="Bar Chart">
		<Location top="204" left="546" bottom="336" right="990" />
		<TabOrder>11</TabOrder>
		<Font GUID="75FDED67-EC9D-4839-B976-E64C0E8456DC" Name="Data Font" />
		<Border Style="InShadow" Width="2" MarginTop="5" MarginRight="5" MarginBottom="5" MarginLeft="5" />
		<BackgroundColor RGB="#ffffff" />
		<ColorScheme Number="0" />
		<Title>true</Title>
		<Legend>true</Legend>
		<Y-Labels>true</Y-Labels>
		<X-Labels>true</X-Labels>
		<HorizontalGridLines>true</HorizontalGridLines>
		<StatusLine>true</StatusLine>
		<ExplicitIdentifier>
			<Identifier>Stock( DisplayedFactory, t, DisplayScenario )</Identifier>
		</ExplicitIdentifier>
		<FillWithColor>true</FillWithColor>
	</PageObject>
	<PageObject Type="Composite Table">
		<Location top="66" left="1014" bottom="264" right="1326" />
		<TabOrder>15</TabOrder>
		<Font GUID="75FDED67-EC9D-4839-B976-E64C0E8456DC" Name="Data Font" />
		<Border Style="InShadow" Width="2" MarginTop="5" MarginRight="5" MarginBottom="5" MarginLeft="5" />
		<BackgroundColor RGB="#ffffff" />
		<Domain>
			<Identifier>Transport( DisplayedFactory, c, t, DisplayScenario )</Identifier>
			<Index Name="c" />
			<Index Name="t">
				<Width>30</Width>
				<AutomaticWidth>false</AutomaticWidth>
				<WidthAsPercentage>true</WidthAsPercentage>
			</Index>
		</Domain>
		<ExplicitIdentifier>
			<Identifier>Transport( DisplayedFactory, c, t, DisplayScenario )</Identifier>
			<NumberFormat Width="5" Decimals="1" Alignment="Center" />
		</ExplicitIdentifier>
		<ElementText Index="t">PeriodDescription( t )</ElementText>
	</PageObject>
	<PageObject Type="Scalar">
		<Location top="276" left="1014" bottom="336" right="1326" />
		<TabOrder>17</TabOrder>
		<Font GUID="75FDED67-EC9D-4839-B976-E64C0E8456DC" Name="Data Font" />
		<Border Style="InShadow" Width="2" MarginTop="5" MarginRight="5" MarginBottom="5" MarginLeft="5" />
		<BackgroundColor RGB="#ffffff" />
		<Layout>Text-Value</Layout>
		<SeparatorSign>=</SeparatorSign>
		<ExplicitIdentifier>
			<Identifier>MinimumStock( DisplayedFactory )</Identifier>
			<Unit Display="PerValue" />
			<NumberFormat Width="5" Decimals="0" Scientific="IfTooSmallorLarge" Alignment="Center" ShowDefaults="true" />
		</ExplicitIdentifier>
		<ExplicitIdentifier>
			<Identifier>MaximumStock( DisplayedFactory )</Identifier>
			<Unit Display="PerValue" />
			<NumberFormat Width="6" Decimals="0" Scientific="IfTooSmallorLarge" Alignment="Center" ShowDefaults="true" />
		</ExplicitIdentifier>
		<ExplicitIdentifier>
			<Identifier>MaximumTransportCapacity( DisplayedFactory )</Identifier>
			<Unit Display="PerValue" />
			<NumberFormat Width="5" Decimals="1" Scientific="IfTooSmallorLarge" Alignment="Center" ShowDefaults="true" />
		</ExplicitIdentifier>
	</PageObject>
	<PageObject Type="Table">
		<Location top="342" left="546" bottom="456" right="1326" />
		<TabOrder>6</TabOrder>
		<Font GUID="75FDED67-EC9D-4839-B976-E64C0E8456DC" Name="Data Font" />
		<Border Style="InShadow" Width="2" MarginTop="5" MarginRight="5" MarginBottom="5" MarginLeft="5" />
		<BackgroundColor RGB="#ffffff" />
		<TextColor>
			<UserColor GUID="8387D389-3F4A-4D87-9199-53B0EDCD0359">navy blue</UserColor>
		</TextColor>
		<RowIndentation>3</RowIndentation>
		<ExplicitIdentifier>
			<Identifier>DeteriorationLevel( DisplayedFactory, p )</Identifier>
			<Permutation>[1,0]</Permutation>
			<FirstColumn>2</FirstColumn>
			<HeaderText>"Deterioration"</HeaderText>
			<NumberFormat Width="8" Decimals="2" Alignment="Center" />
			<Color>DeteriorationColor( DisplayedFactory, p )</Color>
		</ExplicitIdentifier>
		<ExplicitIdentifier>
			<Identifier>ActualProduction( DisplayedFactory, p, t )</Identifier>
			<Permutation>[1,2,0]</Permutation>
			<FirstColumn>1</FirstColumn>
			<HeaderText>"Production"</HeaderText>
			<NumberFormat Width="5" Decimals="0" Alignment="Center" />
		</ExplicitIdentifier>
		<ElementText Index="t">PeriodDescription( t )</ElementText>
	</PageObject>
	<PageObject Type="Text">
		<Location top="474" left="1020" bottom="504" right="1326" />
		<SourceType>StringParameter</SourceType>
		<StringParameter>CenterDescription</StringParameter>
		<Alignment>Right</Alignment>
		<Font GUID="F1D4701A-10E9-4349-862A-DDA5CE028DFB" Name="Title Font" />
		<TextColor>
			<UserColor GUID="8387D389-3F4A-4D87-9199-53B0EDCD0359">navy blue</UserColor>
		</TextColor>
	</PageObject>
	<PageObject Type="Bar Chart">
		<Location top="504" left="546" bottom="636" right="990" />
		<TabOrder>12</TabOrder>
		<Font GUID="75FDED67-EC9D-4839-B976-E64C0E8456DC" Name="Data Font" />
		<Border Style="InShadow" Width="2" MarginTop="5" MarginRight="5" MarginBottom="5" MarginLeft="5" />
		<BackgroundColor RGB="#ffffff" />
		<ColorScheme Number="0" />
		<Title>true</Title>
		<Legend>true</Legend>
		<Y-Labels>true</Y-Labels>
		<X-Labels>true</X-Labels>
		<HorizontalGridLines>true</HorizontalGridLines>
		<StatusLine>true</StatusLine>
		<ExplicitIdentifier>
			<Identifier>Demand( c, DisplayedPeriod, DisplayScenario )</Identifier>
		</ExplicitIdentifier>
		<FillWithColor>true</FillWithColor>
	</PageObject>
	<PageObject Type="Bar Chart">
		<Location top="642" left="546" bottom="774" right="990" />
		<TabOrder>10</TabOrder>
		<Font GUID="75FDED67-EC9D-4839-B976-E64C0E8456DC" Name="Data Font" />
		<Border Style="InShadow" Width="2" MarginTop="5" MarginRight="5" MarginBottom="5" MarginLeft="5" />
		<BackgroundColor RGB="#ffffff" />
		<ColorScheme Number="0" />
		<Title>true</Title>
		<Legend>true</Legend>
		<Y-Labels>true</Y-Labels>
		<X-Labels>true</X-Labels>
		<HorizontalGridLines>true</HorizontalGridLines>
		<StatusLine>true</StatusLine>
		<ExplicitIdentifier>
			<Identifier>Stock( DisplayedCenter, t, DisplayScenario )</Identifier>
		</ExplicitIdentifier>
		<FillWithColor>true</FillWithColor>
	</PageObject>
	<PageObject Type="Composite Table">
		<Location top="504" left="1014" bottom="702" right="1326" />
		<TabOrder>14</TabOrder>
		<Font GUID="75FDED67-EC9D-4839-B976-E64C0E8456DC" Name="Data Font" />
		<Border Style="InShadow" Width="2" MarginTop="5" MarginRight="5" MarginBottom="5" MarginLeft="5" />
		<BackgroundColor RGB="#ffffff" />
		<Domain>
			<Identifier>Transport( f, DisplayedCenter, DisplayedPeriod, DisplayScenario )</Identifier>
			<Index Name="f" />
		</Domain>
		<ExplicitIdentifier>
			<Identifier>Transport( f, DisplayedCenter, DisplayedPeriod, DisplayScenario )</Identifier>
			<NumberFormat Width="5" Decimals="1" Alignment="Center" />
		</ExplicitIdentifier>
	</PageObject>
	<PageObject Type="Scalar">
		<Location top="714" left="1014" bottom="774" right="1326" />
		<TabOrder>16</TabOrder>
		<Font GUID="75FDED67-EC9D-4839-B976-E64C0E8456DC" Name="Data Font" />
		<Border Style="InShadow" Width="2" MarginTop="5" MarginRight="5" MarginBottom="5" MarginLeft="5" />
		<BackgroundColor RGB="#ffffff" />
		<Layout>Text-Value</Layout>
		<SeparatorSign>=</SeparatorSign>
		<ExplicitIdentifier>
			<Identifier>MinimumStock( DisplayedCenter )</Identifier>
			<Unit Display="PerValue" />
			<NumberFormat Width="5" Decimals="0" Scientific="IfTooSmallorLarge" Alignment="Center" ShowDefaults="true" />
		</ExplicitIdentifier>
		<ExplicitIdentifier>
			<Identifier>MaximumStock( DisplayedCenter )</Identifier>
			<Unit Display="PerValue" />
			<NumberFormat Width="6" Decimals="0" Scientific="IfTooSmallorLarge" Alignment="Center" ShowDefaults="true" />
		</ExplicitIdentifier>
	</PageObject>
	<PageObject Type="Table">
		<Location top="780" left="546" bottom="894" right="1326" />
		<TabOrder>4</TabOrder>
		<Font GUID="75FDED67-EC9D-4839-B976-E64C0E8456DC" Name="Data Font" />
		<Border Style="InShadow" Width="2" MarginTop="5" MarginRight="5" MarginBottom="5" MarginLeft="5" />
		<BackgroundColor RGB="#ffffff" />
		<TextColor>
			<UserColor GUID="8387D389-3F4A-4D87-9199-53B0EDCD0359">navy blue</UserColor>
		</TextColor>
		<RowIndentation>3</RowIndentation>
		<ExplicitIdentifier>
			<Identifier>DeteriorationLevel( DisplayedFactory, p )</Identifier>
			<Permutation>[1,0]</Permutation>
			<FirstColumn>2</FirstColumn>
			<HeaderText>"Deterioration"</HeaderText>
			<NumberFormat Width="8" Decimals="2" Alignment="Center" />
			<Color>DeteriorationColor( DisplayedFactory, p )</Color>
		</ExplicitIdentifier>
		<ExplicitIdentifier>
			<Identifier>ActualProduction( DisplayedFactory, p, t )</Identifier>
			<Permutation>[1,2,0]</Permutation>
			<FirstColumn>1</FirstColumn>
			<HeaderText>"Production"</HeaderText>
			<NumberFormat Width="5" Decimals="0" Alignment="Center" />
		</ExplicitIdentifier>
		<ElementText Index="t">PeriodDescription( t )</ElementText>
	</PageObject>
	<PageObject Type="Button">
		<Location top="60" left="1560" bottom="90" right="1638" />
		<TabOrder>8</TabOrder>
		<LeaveOnEnter>false</LeaveOnEnter>
		<ButtonType>Text</ButtonType>
		<Title>"Run Next"</Title>
		<Font GUID="00000000-0000-0000-0000-000000000001" Name="Main Font" />
		<ActionSequence>
			<Action Type="Run">
				<RunWhat>SpecificProcecure</RunWhat>
				<Procedure>RollHorizonOnce</Procedure>
				<AbortOnError>true</AbortOnError>
			</Action>
		</ActionSequence>
	</PageObject>
	<PageObject Type="Button">
		<Location top="90" left="1560" bottom="120" right="1638" />
		<TabOrder>5</TabOrder>
		<LeaveOnEnter>false</LeaveOnEnter>
		<ButtonType>Text</ButtonType>
		<Title>"Run All"</Title>
		<Font GUID="00000000-0000-0000-0000-000000000001" Name="Main Font" />
		<ActionSequence>
			<Action Type="Run">
				<RunWhat>SpecificProcecure</RunWhat>
				<Procedure>RollHorizonToEnd</Procedure>
				<AbortOnError>true</AbortOnError>
			</Action>
		</ActionSequence>
	</PageObject>
	<PageObject Type="Button">
		<Location top="120" left="1560" bottom="150" right="1638" />
		<TabOrder>2</TabOrder>
		<LeaveOnEnter>false</LeaveOnEnter>
		<ButtonType>Text</ButtonType>
		<Title>"Restart"</Title>
		<Font GUID="00000000-0000-0000-0000-000000000001" Name="Main Font" />
		<ActionSequence>
			<Action Type="Run">
				<RunWhat>SpecificProcecure</RunWhat>
				<Procedure>MovePlanningIntervalToStartOfCalendar</Procedure>
				<AbortOnError>true</AbortOnError>
			</Action>
		</ActionSequence>
	</PageObject>
	<PageObject Type="Text">
		<Location top="36" left="24" bottom="66" right="504" />
		<StaticText>Scenario and period selection</StaticText>
		<Font GUID="F1D4701A-10E9-4349-862A-DDA5CE028DFB" Name="Title Font" />
		<TextColor>
			<UserColor GUID="8387D389-3F4A-4D87-9199-53B0EDCD0359">navy blue</UserColor>
		</TextColor>
	</PageObject>
	<PageObject Type="Text">
		<Location top="36" left="546" bottom="66" right="1026" />
		<StaticText>Factory:</StaticText>
		<Font GUID="F1D4701A-10E9-4349-862A-DDA5CE028DFB" Name="Title Font" />
		<TextColor>
			<UserColor GUID="8387D389-3F4A-4D87-9199-53B0EDCD0359">navy blue</UserColor>
		</TextColor>
	</PageObject>
	<PageObject Type="Text">
		<Location top="474" left="552" bottom="504" right="1026" />
		<StaticText>Distribution Center:</StaticText>
		<Font GUID="F1D4701A-10E9-4349-862A-DDA5CE028DFB" Name="Title Font" />
		<TextColor>
			<UserColor GUID="8387D389-3F4A-4D87-9199-53B0EDCD0359">navy blue</UserColor>
		</TextColor>
	</PageObject>
	<PageObject Type="Rectangle">
		<Location top="36" left="18" bottom="204" right="528" />
		<Shape>Open</Shape>
		<FillColor RGB="#ffffff" />
		<LineColor>
			<UserColor GUID="8387D389-3F4A-4D87-9199-53B0EDCD0359">navy blue</UserColor>
		</LineColor>
		<LineWidth>3</LineWidth>
	</PageObject>
	<PageObject Type="Rectangle">
		<Location top="210" left="18" bottom="900" right="528" />
		<Shape>Open</Shape>
		<FillColor RGB="#ffffff" />
		<LineColor>
			<UserColor GUID="8387D389-3F4A-4D87-9199-53B0EDCD0359">navy blue</UserColor>
		</LineColor>
		<LineWidth>3</LineWidth>
	</PageObject>
	<PageObject Type="Rectangle">
		<Location top="36" left="540" bottom="468" right="1344" />
		<Shape>Open</Shape>
		<FillColor RGB="#ffffff" />
		<LineColor>
			<UserColor GUID="8387D389-3F4A-4D87-9199-53B0EDCD0359">navy blue</UserColor>
		</LineColor>
		<LineWidth>3</LineWidth>
	</PageObject>
	<PageObject Type="Rectangle">
		<Location top="474" left="540" bottom="900" right="1344" />
		<Shape>Open</Shape>
		<FillColor RGB="#ffffff" />
		<LineColor>
			<UserColor GUID="8387D389-3F4A-4D87-9199-53B0EDCD0359">navy blue</UserColor>
		</LineColor>
		<LineWidth>3</LineWidth>
	</PageObject>
	<UsedReferences>
		<Model>
			<Symbol>Periods</Symbol>
			<Symbol>XCoordinate</Symbol>
			<Symbol>YCoordinate</Symbol>
			<Symbol>Scenarios</Symbol>
			<Symbol>DeteriorationLevel</Symbol>
			<Symbol>Demand</Symbol>
			<Symbol>MinimumStock</Symbol>
			<Symbol>MaximumStock</Symbol>
			<Symbol>MaximumTransportCapacity</Symbol>
			<Symbol>Production</Symbol>
			<Symbol>Transport</Symbol>
			<Symbol>Stock</Symbol>
			<Symbol>RollHorizonOnce</Symbol>
			<Symbol>RollHorizonToEnd</Symbol>
			<Symbol>MovePlanningIntervalToStartOfCalendar</Symbol>
			<Symbol>DeteriorationColor</Symbol>
			<Symbol>PeriodDescription</Symbol>
			<Symbol>ActualProduction</Symbol>
			<Symbol>SelectLocationInNetwork</Symbol>
			<Symbol>CenterDescription</Symbol>
			<Symbol>FactoryDescription</Symbol>
			<Symbol>DisplayedFactory</Symbol>
			<Symbol>DisplayedCenter</Symbol>
			<Symbol>DisplayedPeriod</Symbol>
			<Symbol>DisplayScenario</Symbol>
			<Symbol>t</Symbol>
			<Symbol>l</Symbol>
			<Symbol>f</Symbol>
			<Symbol>c</Symbol>
			<Symbol>p</Symbol>
		</Model>
	</UsedReferences>
</Page>
