<?xml version="1.0"?>
<TemplateManager>
	<Template Name="Size Template" PageGUID="87920FD9-C588-48A8-AE76-B9646B1329D3" CrossLibraryDuplicate="66E08D8C-5677-49B5-970F-BB85475A48BE|6A8815C4-5811-47AB-BC76-82C3180C1295|Size Template">
		<Template Name="Navigation Template" PageGUID="350CD83B-8DB3-412B-BBA9-A81DACE02073" CrossLibraryDuplicate="66E08D8C-5677-49B5-970F-BB85475A48BE|3241DDB1-55C5-441B-9DC8-359086631B74|Navigation Template">
			<Template Name="Background Info Template" PageGUID="B1A64AE5-64E3-4465-9B58-E2B259362EFB" CrossLibraryDuplicate="66E08D8C-5677-49B5-970F-BB85475A48BE|153A8CDB-E916-4F3B-B652-41C25F2C9CB5|Background Info Template">
				<Page Name="AIMMS Demo" PageGUID="10A3AC0A-B685-46FC-8D3E-841FF3F2FB1F" />
			</Template>
			<Page Name="Network Model" PageGUID="D52EBD04-8A4B-42A6-852C-26CCA57CA912" />
		</Template>
	</Template>
</TemplateManager>
