<?xml version="1.0"?>
<Page Version="4000" TimeStamp="2014-10-02 11:08:38">
	<Location top="23" left="4" bottom="644" right="768" />
	<PageEditSize Type="Inherited">
		<Size Width="772" Height="622" />
	</PageEditSize>
	<ProjectUUID>6507CA3F-4C34-4225-B480-18278461BD5C</ProjectUUID>
	<TemplatesTabOrderPosition>1</TemplatesTabOrderPosition>
	<ResizeData>
		<MainArea Line="FixedFromTop" Value="99">
			<TopArea Line="FixedFromLeft" Value="200" />
			<BottomArea Line="FixedFromLeft" Value="201">
				<LeftArea Line="FixedFromTop" Value="204">
					<BottomArea Line="FixedFromTop" Value="65" />
				</LeftArea>
				<RightArea Line="FixedFromTop" Value="85">
					<BottomArea Line="FixedFromTop" Value="22">
						<BottomArea Line="FixedFromBottom" Value="108" />
					</BottomArea>
				</RightArea>
			</BottomArea>
		</MainArea>
	</ResizeData>
	<Background>
		<UserColor GUID="2ADAEA11-DCE0-4900-BA4B-C05F23F14B44">white</UserColor>
	</Background>
	<HorizontalGridDistance>3</HorizontalGridDistance>
	<VerticalGridDistance>3</VerticalGridDistance>
	<PageObject Type="Text">
		<Location top="192" left="18" bottom="210" right="195" />
		<StaticText>Problem Description</StaticText>
		<Font GUID="C82FBF27-1614-41C9-B718-A431388D2B5A" Name="General Text" />
		<TextColor>
			<UserColor GUID="1798981A-C40D-4713-BC08-E97545963465">Link</UserColor>
		</TextColor>
	</PageObject>
	<PageObject Type="Button">
		<Location top="186" left="6" bottom="210" right="192" />
		<TabOrder>2</TabOrder>
		<ButtonType>Text</ButtonType>
		<Transparent>true</Transparent>
		<Font GUID="0BDEF216-23B3-4F0F-B5D6-83C5A7303CF9" Name="Buttons" />
		<ActionSequence>
			<Action Type="ClosePage" />
			<Action Type="GotoPage">
				<Destination>Parent</Destination>
			</Action>
		</ActionSequence>
	</PageObject>
	<PageObject Type="Button">
		<Location top="336" left="6" bottom="360" right="192" />
		<TabOrder>3</TabOrder>
		<ButtonType>Text</ButtonType>
		<Title>"Perform experiment"</Title>
		<Font GUID="0BDEF216-23B3-4F0F-B5D6-83C5A7303CF9" Name="Buttons" />
		<ActionSequence>
			<Action Type="Run">
				<RunWhat>SpecificProcecure</RunWhat>
				<Procedure>PerformExperiment</Procedure>
				<AbortOnError>true</AbortOnError>
				<BackgroundRun>true</BackgroundRun>
			</Action>
		</ActionSequence>
	</PageObject>
	<PageObject Type="Text">
		<Location top="188" left="210" bottom="204" right="768" />
		<StaticText>Observe the effect of modifying the unit product margin.</StaticText>
		<Font GUID="C82FBF27-1614-41C9-B718-A431388D2B5A" Name="General Text" />
		<TextColor>
			<UserColor GUID="B4F083EB-985E-44C3-AEEC-775C0B327CEC">default selection</UserColor>
		</TextColor>
	</PageObject>
	<PageObject Type="Composite Table">
		<Location top="210" left="504" bottom="504" right="762" />
		<TabOrder>7</TabOrder>
		<TabStop>false</TabStop>
		<Font GUID="428A93A5-26E1-4F42-8B0F-227299B289C7" Name="Table Text" />
		<Border Style="InShadow" Width="2" />
		<BackgroundColor RGB="#ffffff" />
		<TextColor>
			<UserColor GUID="B4F083EB-985E-44C3-AEEC-775C0B327CEC">default selection</UserColor>
		</TextColor>
		<CellSelection>false</CellSelection>
		<RowSelection>false</RowSelection>
		<AutomaticReSort>false</AutomaticReSort>
		<Domain>
			<Identifier>vi</Identifier>
			<Index Name="vi">
				<Hidden>1</Hidden>
			</Index>
		</Domain>
		<ExplicitIdentifier>
			<Identifier>IntervalLB( vi )</Identifier>
			<NumberFormat Width="10" Decimals="0" Scientific="IfTooLarge" ThousandSeparator="true" Alignment="Center" ShowDefaults="true" />
			<TitleText>"Lower bound"</TitleText>
		</ExplicitIdentifier>
		<ExplicitIdentifier>
			<Identifier>IntervalUB( vi )</Identifier>
			<NumberFormat Width="15" Decimals="0" Scientific="IfTooLarge" ThousandSeparator="true" Alignment="Center" ShowDefaults="true" />
			<TitleText>"Upper bound"</TitleText>
		</ExplicitIdentifier>
		<ExplicitIdentifier>
			<Identifier>IntervalFrequency( vi )</Identifier>
			<NumberFormat Width="4" Decimals="0" Alignment="Center" />
			<TitleText>"Frequency"</TitleText>
		</ExplicitIdentifier>
	</PageObject>
	<PageObject Type="Scalar">
		<Location top="585" left="210" bottom="615" right="498" />
		<TabOrder>5</TabOrder>
		<Font GUID="428A93A5-26E1-4F42-8B0F-227299B289C7" Name="Table Text" />
		<Border Style="InShadow" Width="2" MarginTop="5" MarginRight="5" MarginBottom="5" MarginLeft="5" />
		<BackgroundColor RGB="#ffffff" />
		<TextColor>
			<UserColor GUID="B4F083EB-985E-44C3-AEEC-775C0B327CEC">default selection</UserColor>
		</TextColor>
		<Layout>Text-Value</Layout>
		<SeparatorSign>=</SeparatorSign>
		<ExplicitIdentifier>
			<Identifier>UnitProductMargin</Identifier>
			<NumberFormat Width="7" Decimals="3" Alignment="Center" ShowDefaults="true" />
		</ExplicitIdentifier>
	</PageObject>
	<PageObject Type="Table">
		<Location top="519" left="504" bottom="615" right="762" />
		<TabOrder>6</TabOrder>
		<Font GUID="428A93A5-26E1-4F42-8B0F-227299B289C7" Name="Table Text" />
		<Border Style="InShadow" Width="2" MarginTop="5" MarginRight="5" MarginBottom="5" MarginLeft="5" />
		<BackgroundColor RGB="#ffffff" />
		<TextColor>
			<UserColor GUID="B4F083EB-985E-44C3-AEEC-775C0B327CEC">default selection</UserColor>
		</TextColor>
		<RowIndentation>3</RowIndentation>
		<ElementTextAsTooltip>false</ElementTextAsTooltip>
		<ExplicitIdentifier>
			<Identifier>ProfitDistribution( m )</Identifier>
			<FirstColumn>1</FirstColumn>
			<HeaderText>"Moments of distribution"</HeaderText>
			<NumberFormat Width="10" Decimals="2" Alignment="Center" />
		</ExplicitIdentifier>
	</PageObject>
	<PageObject Type="Scalar">
		<Location top="519" left="210" bottom="581" right="498" />
		<TabOrder>4</TabOrder>
		<Font GUID="428A93A5-26E1-4F42-8B0F-227299B289C7" Name="Table Text" />
		<Border Style="InShadow" Width="2" MarginTop="5" MarginRight="5" MarginBottom="5" MarginLeft="5" />
		<BackgroundColor RGB="#ffffff" />
		<TextColor>
			<UserColor GUID="B4F083EB-985E-44C3-AEEC-775C0B327CEC">default selection</UserColor>
		</TextColor>
		<Layout>Text-Value</Layout>
		<SeparatorSign>=</SeparatorSign>
		<ExplicitIdentifier>
			<Identifier>NrOfExperiments</Identifier>
			<NumberFormat Width="4" Decimals="0" Alignment="Center" ShowDefaults="true" />
			<Title>"Number of model runs per experiment"</Title>
		</ExplicitIdentifier>
		<ExplicitIdentifier>
			<Identifier>UnitProductMargin</Identifier>
			<NumberFormat Width="7" Decimals="2" Alignment="Center" ShowDefaults="true" />
			<Title>"Unit product margin"</Title>
		</ExplicitIdentifier>
		<ExplicitIdentifier>
			<Identifier>InfeasibleRuns</Identifier>
			<NumberFormat Width="7" Decimals="0" Alignment="Center" ShowDefaults="true" />
			<Title>"Number of infeasible runs encountered during experiment"</Title>
		</ExplicitIdentifier>
	</PageObject>
	<PageObject Type="2D Chart">
		<Location top="210" left="210" bottom="504" right="498" />
		<TabOrder>8</TabOrder>
		<TabStop>false</TabStop>
		<Border Style="InShadow" Width="2" />
		<X_Axis>
			<Domain ID="1004">IntervalText( vi )</Domain>
		</X_Axis>
		<Y_Axis>
			<Chart_type ID="2001">"Bar"</Chart_type>
			<Identifier>
				<Value ID="2007">IntervalFrequency( vi )</Value>
				<Appearance>
					<Fill>
						<Foreground_color ID="2013">RGB 800000</Foreground_color>
					</Fill>
				</Appearance>
			</Identifier>
			<Annotation>
				<Tick_spacing ID="2049">20</Tick_spacing>
			</Annotation>
			<Gridlines>
				<Spacing ID="2043">20</Spacing>
			</Gridlines>
		</Y_Axis>
		<Display>
			<Surrounding_area>
				<Background_color ExtraInfo="CCB23DE4-D3C9-4647-BE46-7A1779576484" ID="2">"Background yellow"</Background_color>
			</Surrounding_area>
			<Misc_display_settings>
				<Show_outlines ID="68">1</Show_outlines>
			</Misc_display_settings>
		</Display>
		<Header_Footer>
			<Header>
				<Text ID="23">"Profit Frequencies (interval boundaries x 1000 US$)"</Text>
				<Font ExtraInfo="3D4F8FDE-28E6-4338-998E-C89108819645" ID="22">"Legend"</Font>
			</Header>
		</Header_Footer>
		<Style>
			<_Stacking_bar_chart>
				<Cluster_width ID="4003">80</Cluster_width>
			</_Stacking_bar_chart>
		</Style>
	</PageObject>
	<PageObject Type="Rectangle">
		<Location top="306" left="6" bottom="330" right="192" />
		<FillColor>
			<UserColor GUID="A3839E01-47DC-46BB-819D-6CECB851B151">Bar Blue</UserColor>
		</FillColor>
		<LineColor>
			<UserColor GUID="A3839E01-47DC-46BB-819D-6CECB851B151">Bar Blue</UserColor>
		</LineColor>
	</PageObject>
	<PageObject Type="Text">
		<Location top="309" left="18" bottom="327" right="186" />
		<StaticText>Execution</StaticText>
		<Font GUID="107CF1DD-5B8E-41FC-BD55-10C950947E3C" Name="Headers" />
		<TextColor>
			<UserColor GUID="B5956EEA-5F3E-4BD0-85C7-9F70EB490991">Header Blue</UserColor>
		</TextColor>
	</PageObject>
	<UsedReferences>
		<Model>
			<Symbol>UnitProductMargin</Symbol>
			<Symbol>NrOfExperiments</Symbol>
			<Symbol>InfeasibleRuns</Symbol>
			<Symbol>IntervalText</Symbol>
			<Symbol>IntervalFrequency</Symbol>
			<Symbol>IntervalLB</Symbol>
			<Symbol>IntervalUB</Symbol>
			<Symbol>ProfitDistribution</Symbol>
			<Symbol>PerformExperiment</Symbol>
			<Symbol>vi</Symbol>
			<Symbol>m</Symbol>
		</Model>
	</UsedReferences>
</Page>
