<?xml version="1.0"?>
<TemplateManager>
	<Template Name="Size Template" PageGUID="844BB2FE-41E7-4C93-9622-F83393A99E8D" CrossLibraryDuplicate="66E08D8C-5677-49B5-970F-BB85475A48BE|6A8815C4-5811-47AB-BC76-82C3180C1295|Size Template">
		<Template Name="Navigation Template" PageGUID="66D3AD49-2257-4BE6-9D0C-86E76EFF4502" CrossLibraryDuplicate="66E08D8C-5677-49B5-970F-BB85475A48BE|3241DDB1-55C5-441B-9DC8-359086631B74|Navigation Template">
			<Template Name="Background Info Template" PageGUID="7927E339-1C3B-445B-8D7A-4C764E04F795" CrossLibraryDuplicate="66E08D8C-5677-49B5-970F-BB85475A48BE|153A8CDB-E916-4F3B-B652-41C25F2C9CB5|Background Info Template">
				<Page Name="AIMMS Demo" PageGUID="8DCB1672-4748-4569-899A-BDA756954EE6" />
			</Template>
			<Page Name="Data Feed in Action" PageGUID="BDA5A9A5-144B-4F7D-8D64-27FBA1641C22" />
		</Template>
	</Template>
</TemplateManager>
