<?xml version="1.0"?>
<Page Version="4000" TimeStamp="2010-09-20 18:55:06">
	<Location top="29" left="8" bottom="798" right="1180" />
	<PageEditSize Type="Inherited">
		<Size Width="650" Height="548" />
	</PageEditSize>
	<ProjectUUID>DF3BEC5E-9D0D-4DEE-8E27-EBE8628E79DA</ProjectUUID>
	<Title>"Parato"</Title>
	<TemplatesTabOrderPosition>1</TemplatesTabOrderPosition>
	<ResizeData>
		<MainArea Line="PercentageFromTop" Value="0.53" />
	</ResizeData>
	<Background RGB="#ffffff" />
	<PageObject Type="2D Chart">
		<Location top="300" left="222" bottom="540" right="426" />
		<TabOrder>2</TabOrder>
		<Border Style="Line" Width="2" MarginTop="5" MarginRight="5" MarginBottom="5" MarginLeft="5" />
		<X_Axis>
			<Domain ID="1004">Pval( p )</Domain>
			<Misc_settings>
				<Title ID="1002">"Inverse cumulative graphs"</Title>
			</Misc_settings>
		</X_Axis>
		<Y_Axis>
			<Identifier>
				<Value ExtraInfo="1 0 " ID="2007">inversecumulative( paretoindex, p )</Value>
				<Appearance>
					<Line>
						<Width ID="2025">2</Width>
					</Line>
				</Appearance>
			</Identifier>
			<Annotation>
				<X_Axis_origin ID="2053">-1</X_Axis_origin>
			</Annotation>
			<Scale>
				<Maximum ID="2036">3</Maximum>
			</Scale>
		</Y_Axis>
		<Display>
			<Surrounding_area>
				<Background_color ExtraInfo="CCB23DE4-D3C9-4647-BE46-7A1779576484" ID="2">"Background yellow"</Background_color>
			</Surrounding_area>
		</Display>
	</PageObject>
	<PageObject Type="2D Chart">
		<Location top="6" left="6" bottom="288" right="318" />
		<TabOrder>4</TabOrder>
		<Border Style="Line" Width="2" MarginTop="5" MarginRight="5" MarginBottom="5" MarginLeft="5" />
		<X_Axis>
			<Domain ID="1004">Xval( p )</Domain>
			<Scale>
				<Minimum ID="1014">-1</Minimum>
				<Maximum ID="1015">2</Maximum>
			</Scale>
			<Misc_settings>
				<Title ID="1002">"Density graphs"</Title>
			</Misc_settings>
		</X_Axis>
		<Y_Axis>
			<Identifier>
				<Value ExtraInfo="1 0 " ID="2007">density( paretoindex, p )</Value>
				<Appearance>
					<Line>
						<Width ID="2025">2</Width>
					</Line>
				</Appearance>
			</Identifier>
			<Scale>
				<Maximum ID="2036">3</Maximum>
			</Scale>
		</Y_Axis>
		<Display>
			<Surrounding_area>
				<Background_color ExtraInfo="CCB23DE4-D3C9-4647-BE46-7A1779576484" ID="2">"Background yellow"</Background_color>
			</Surrounding_area>
		</Display>
		<Legend>
			<Show ID="53">"Show"</Show>
		</Legend>
	</PageObject>
	<PageObject Type="2D Chart">
		<Location top="300" left="6" bottom="540" right="210" />
		<TabOrder>3</TabOrder>
		<Border Style="Line" Width="2" MarginTop="5" MarginRight="5" MarginBottom="5" MarginLeft="5" />
		<X_Axis>
			<Domain ID="1004">Xval( p )</Domain>
			<Scale>
				<Minimum ID="1014">-1</Minimum>
				<Maximum ID="1015">2</Maximum>
			</Scale>
			<Misc_settings>
				<Title ID="1002">"Cumulative graphs"</Title>
			</Misc_settings>
		</X_Axis>
		<Y_Axis>
			<Identifier>
				<Value ExtraInfo="1 0 " ID="2007">cumulative( paretoindex, p )</Value>
				<Appearance>
					<Line>
						<Width ID="2025">2</Width>
					</Line>
				</Appearance>
			</Identifier>
		</Y_Axis>
		<Display>
			<Surrounding_area>
				<Background_color ExtraInfo="CCB23DE4-D3C9-4647-BE46-7A1779576484" ID="2">"Background yellow"</Background_color>
			</Surrounding_area>
		</Display>
	</PageObject>
	<PageObject Type="2D Chart">
		<Location top="300" left="438" bottom="540" right="642" />
		<TabOrder>5</TabOrder>
		<Border Style="Line" Width="2" MarginTop="5" MarginRight="5" MarginBottom="5" MarginLeft="5" />
		<X_Axis>
			<Domain ID="1004">Pval( p )</Domain>
			<Misc_settings>
				<Title ID="1002">"Inverse density graphs"</Title>
			</Misc_settings>
		</X_Axis>
		<Y_Axis>
			<Identifier>
				<Value ExtraInfo="1 0 " ID="2007">inversedensity( paretoindex, p )</Value>
				<Appearance>
					<Line>
						<Width ID="2025">2</Width>
					</Line>
				</Appearance>
			</Identifier>
			<Scale>
				<Maximum ID="2036">3</Maximum>
			</Scale>
		</Y_Axis>
		<Display>
			<Surrounding_area>
				<Background_color ExtraInfo="CCB23DE4-D3C9-4647-BE46-7A1779576484" ID="2">"Background yellow"</Background_color>
			</Surrounding_area>
		</Display>
	</PageObject>
	<PageObject Type="2D Chart">
		<Location top="6" left="330" bottom="288" right="642" />
		<TabOrder>6</TabOrder>
		<Border Style="Line" Width="2" MarginTop="5" MarginRight="5" MarginBottom="5" MarginLeft="5" />
		<X_Axis>
			<Domain ID="1004">XvalS( s )</Domain>
			<Scale>
				<Minimum ID="1014">-1</Minimum>
				<Maximum ID="1015">2</Maximum>
			</Scale>
			<Misc_settings>
				<Title ID="1002">"Sample  (density graph)"</Title>
			</Misc_settings>
		</X_Axis>
		<Y_Axis>
			<Identifier>
				<Value ID="2007">samplefrequency( s, paretoindex )</Value>
				<Appearance>
					<Line>
						<Width ID="2025">2</Width>
					</Line>
				</Appearance>
			</Identifier>
			<Scale>
				<Maximum ID="2036">3</Maximum>
			</Scale>
		</Y_Axis>
		<Display>
			<Surrounding_area>
				<Background_color ExtraInfo="CCB23DE4-D3C9-4647-BE46-7A1779576484" ID="2">"Background yellow"</Background_color>
			</Surrounding_area>
		</Display>
	</PageObject>
	<UsedReferences>
		<Model>
			<Symbol>p</Symbol>
			<Symbol>s</Symbol>
			<Symbol>Xval</Symbol>
			<Symbol>inversedensity</Symbol>
			<Symbol>XvalS</Symbol>
			<Symbol>Pval</Symbol>
			<Symbol>cumulative</Symbol>
			<Symbol>paretoindex</Symbol>
			<Symbol>density</Symbol>
			<Symbol>samplefrequency</Symbol>
			<Symbol>inversecumulative</Symbol>
		</Model>
	</UsedReferences>
</Page>
