<?xml version="1.0"?>
<Page Version="4000" TimeStamp="2014-10-02 11:08:38" NeedsCompiledModel="false">
	<Location top="23" left="4" bottom="644" right="768" />
	<PageEditSize Type="Inherited">
		<Size Width="772" Height="622" />
	</PageEditSize>
	<ProjectUUID>DF3BEC5E-9D0D-4DEE-8E27-EBE8628E79DA</ProjectUUID>
	<TemplatesTabOrderPosition>1</TemplatesTabOrderPosition>
	<ResizeData>
		<MainArea Line="FixedFromTop" Value="99">
			<TopArea Line="FixedFromLeft" Value="200" />
			<BottomArea Line="FixedFromLeft" Value="201">
				<LeftArea Line="FixedFromTop" Value="204">
					<BottomArea Line="FixedFromTop" Value="311" />
				</LeftArea>
				<RightArea Line="FixedFromTop" Value="85" />
			</BottomArea>
		</MainArea>
	</ResizeData>
	<Background Inherited="true" />
	<HorizontalGridDistance>3</HorizontalGridDistance>
	<VerticalGridDistance>3</VerticalGridDistance>
	<PageObject Type="Text">
		<Location top="189" left="207" bottom="615" right="762" />
		<StaticText>A distribution with fixed shape parameters can be matched to a sample, using the location and scale parameters to match mean and deviation. 

The shape parameters can sometimes also be used to get matching skewness and/or kurtosis. This is done before mean and deviation are matched, because mean and deviation are influenced by all parameters, and only shape parameters influence skewness and kurtosis,  However this does not always work due to their nonlinear relation with the shape parameters.

There is no best way to find the best fitting approximation of a sample. It depends on the norm that is applied. For example, the lognormal distribution seems closer to the Extreme Value distribution when kurtosis is matched, while the Gamma distribution seems closer when skewness is matched.  

When using operator DistributionInverseDensity, one should be aware that it is the density (the first derivative) of the inverse cumulative operator; not the inverse of the DistributionDensity operator!</StaticText>
		<Font GUID="C82FBF27-1614-41C9-B718-A431388D2B5A" Name="General Text" />
		<TextColor>
			<UserColor GUID="23F33851-505F-45B5-AA1F-5360CB8B3EFB">Text Blue</UserColor>
		</TextColor>
	</PageObject>
	<UsedReferences>
		<Model />
	</UsedReferences>
</Page>
