<?xml version="1.0"?>
<Page Version="4000" TimeStamp="2010-09-20 18:55:06" NeedsCompiledModel="false">
	<Location top="23" left="8" bottom="644" right="772" />
	<PageEditSize Type="Inherited">
		<Size Width="772" Height="622" />
	</PageEditSize>
	<ProjectUUID>DF3BEC5E-9D0D-4DEE-8E27-EBE8628E79DA</ProjectUUID>
	<TemplatesTabOrderPosition>1</TemplatesTabOrderPosition>
	<ResizeData>
		<MainArea Line="FixedFromTop" Value="99">
			<TopArea Line="FixedFromLeft" Value="200" />
			<BottomArea Line="FixedFromLeft" Value="200">
				<LeftArea Line="FixedFromTop" Value="204">
					<BottomArea Line="FixedFromTop" Value="311" />
				</LeftArea>
				<RightArea Line="FixedFromTop" Value="85" />
			</BottomArea>
		</MainArea>
	</ResizeData>
	<Background Inherited="true" />
	<HorizontalGridDistance>3</HorizontalGridDistance>
	<VerticalGridDistance>3</VerticalGridDistance>
	<PageObject Type="Tabbed Page Object">
		<Location top="189" left="207" bottom="615" right="762" />
		<TabOrder>2</TabOrder>
		<PrintingOccurrence>Never</PrintingOccurrence>
		<Font GUID="C82FBF27-1614-41C9-B718-A431388D2B5A" Name="General Text" />
		<MultipleTabRows>true</MultipleTabRows>
	</PageObject>
	<UsedReferences>
		<Model />
	</UsedReferences>
</Page>
