<?xml version="1.0"?>
<Page Version="4000" TimeStamp="2010-09-20 18:55:06" NeedsCompiledModel="false">
	<Location top="185" left="271" bottom="502" right="728" />
	<PageEditSize Type="Inherited" />
	<ProjectUUID>DF3BEC5E-9D0D-4DEE-8E27-EBE8628E79DA</ProjectUUID>
	<IsDialogPage>true</IsDialogPage>
	<TemplatesTabOrderPosition>1</TemplatesTabOrderPosition>
	<Background RGB="#ffffff" />
	<PageObject Type="Button">
		<Location top="264" left="156" bottom="288" right="294" />
		<TabOrder>2</TabOrder>
		<LeaveOnEnter>false</LeaveOnEnter>
		<ButtonType>Text</ButtonType>
		<Title>"Close"</Title>
		<Font GUID="0BDEF216-23B3-4F0F-B5D6-83C5A7303CF9" Name="Buttons" />
		<ActionSequence>
			<Action Type="ClosePage" />
		</ActionSequence>
	</PageObject>
	<PageObject Type="Text">
		<Location top="36" left="30" bottom="228" right="426" />
		<StaticText>'Take Sample' gets sample from the distribution and then uses the "Histogram" functionality in AIMMS to create density graphs of the sample. 

'Smooth Sample' makes the graph somewhat more readable but less acurate. It middles the value at a point with its neighbors (a proces that can applied more than once).</StaticText>
		<Font GUID="C82FBF27-1614-41C9-B718-A431388D2B5A" Name="General Text" />
		<TextColor>
			<UserColor GUID="23F33851-505F-45B5-AA1F-5360CB8B3EFB">Text Blue</UserColor>
		</TextColor>
	</PageObject>
	<UsedReferences>
		<Model />
	</UsedReferences>
</Page>
