<?xml version="1.0"?>
<Page Version="4000" TimeStamp="2014-10-02 11:08:38">
	<Location top="23" left="4" bottom="644" right="768" />
	<PageEditSize Type="Inherited">
		<Size Width="772" Height="622" />
	</PageEditSize>
	<ProjectUUID>DF3BEC5E-9D0D-4DEE-8E27-EBE8628E79DA</ProjectUUID>
	<TemplatesTabOrderPosition>2</TemplatesTabOrderPosition>
	<ResizeData>
		<MainArea Line="FixedFromTop" Value="99">
			<TopArea Line="FixedFromLeft" Value="200" />
			<BottomArea Line="FixedFromLeft" Value="201">
				<LeftArea Line="FixedFromTop" Value="204">
					<BottomArea Line="FixedFromTop" Value="311" />
				</LeftArea>
				<RightArea Line="FixedFromTop" Value="85" />
			</BottomArea>
		</MainArea>
	</ResizeData>
	<Background Inherited="true" />
	<HorizontalGridDistance>3</HorizontalGridDistance>
	<VerticalGridDistance>3</VerticalGridDistance>
	<PageObject Type="2D Chart">
		<Location top="189" left="492" bottom="615" right="762" />
		<TabOrder>3</TabOrder>
		<Border Style="Line" Width="2" MarginTop="5" MarginRight="5" MarginBottom="5" MarginLeft="5" />
		<X_Axis>
			<Domain ID="1004">SKval( sk1 )</Domain>
			<Misc_settings>
				<Title ID="1002">"Kurtosis as function of the shape parameter"</Title>
				<Logarithmic ID="1027">1</Logarithmic>
			</Misc_settings>
		</X_Axis>
		<Y_Axis>
			<Identifier>
				<Value ID="2007">Weibullkurt( sk1 )</Value>
				<Legend_entry ID="2009">"Weibull"</Legend_entry>
				<Appearance>
					<Line>
						<Width ID="2025">2</Width>
					</Line>
				</Appearance>
			</Identifier>
			<Identifier>
				<Value ID="2007">Paretokurt( sk1 )</Value>
				<Legend_entry ID="2009">"Pareto"</Legend_entry>
				<Appearance>
					<Line>
						<Width ID="2025">2</Width>
					</Line>
				</Appearance>
			</Identifier>
			<Identifier>
				<Value ID="2007">LogNormalkurt( sk1 )</Value>
				<Legend_entry ID="2009">"LogNormal"</Legend_entry>
				<Appearance>
					<Line>
						<Width ID="2025">2</Width>
					</Line>
				</Appearance>
			</Identifier>
			<Identifier>
				<Value ID="2007">Gammakurt( sk1 )</Value>
				<Legend_entry ID="2009">"Gamma"</Legend_entry>
				<Appearance>
					<Line>
						<Width ID="2025">2</Width>
					</Line>
				</Appearance>
			</Identifier>
			<Scale>
				<Maximum ID="2036">100</Maximum>
			</Scale>
			<Misc_settings>
				<Logarithmic ID="2051">1</Logarithmic>
			</Misc_settings>
		</Y_Axis>
		<Display>
			<Surrounding_area>
				<Background_color ExtraInfo="CCB23DE4-D3C9-4647-BE46-7A1779576484" ID="2">"Background yellow"</Background_color>
			</Surrounding_area>
		</Display>
		<Legend>
			<Show ID="53">"Show"</Show>
			<Misc_display_settings>
				<Anchor ID="41">"North"</Anchor>
				<Orientation ID="56">"Horizontal"</Orientation>
			</Misc_display_settings>
		</Legend>
	</PageObject>
	<PageObject Type="2D Chart">
		<Location top="189" left="207" bottom="615" right="477" />
		<TabOrder>1</TabOrder>
		<Border Style="Line" Width="2" MarginTop="5" MarginRight="5" MarginBottom="5" MarginLeft="5" />
		<X_Axis>
			<Domain ID="1004">SKval( sk1 )</Domain>
			<Misc_settings>
				<Title ID="1002">"Skewness as function of the shape parameter"</Title>
				<Logarithmic ID="1027">1</Logarithmic>
			</Misc_settings>
		</X_Axis>
		<Y_Axis>
			<Identifier>
				<Value ID="2007">WeibullSkew( sk1 )</Value>
				<Legend_entry ID="2009">"Weibull"</Legend_entry>
				<Appearance>
					<Line>
						<Width ID="2025">2</Width>
					</Line>
				</Appearance>
			</Identifier>
			<Identifier>
				<Value ID="2007">ParetoSkew( sk1 )</Value>
				<Legend_entry ID="2009">"Pareto"</Legend_entry>
				<Appearance>
					<Line>
						<Width ID="2025">2</Width>
					</Line>
				</Appearance>
			</Identifier>
			<Identifier>
				<Value ID="2007">LognormalSkew( sk1 )</Value>
				<Legend_entry ID="2009">"LogNormal"</Legend_entry>
				<Appearance>
					<Line>
						<Width ID="2025">2</Width>
					</Line>
				</Appearance>
			</Identifier>
			<Identifier>
				<Value ID="2007">GammaSkew( sk1 )</Value>
				<Legend_entry ID="2009">"Gamma"</Legend_entry>
				<Appearance>
					<Line>
						<Width ID="2025">2</Width>
					</Line>
				</Appearance>
			</Identifier>
			<Scale>
				<Maximum ID="2036">10</Maximum>
			</Scale>
		</Y_Axis>
		<Display>
			<Surrounding_area>
				<Background_color ExtraInfo="CCB23DE4-D3C9-4647-BE46-7A1779576484" ID="2">"Background yellow"</Background_color>
			</Surrounding_area>
		</Display>
		<Legend>
			<Show ID="53">"Show"</Show>
			<Misc_display_settings>
				<Anchor ID="41">"North"</Anchor>
				<Orientation ID="56">"Horizontal"</Orientation>
			</Misc_display_settings>
		</Legend>
	</PageObject>
	<PageObject Type="Rectangle">
		<Location top="372" left="6" bottom="396" right="192" />
		<FillColor>
			<UserColor GUID="A3839E01-47DC-46BB-819D-6CECB851B151">Bar Blue</UserColor>
		</FillColor>
		<LineColor>
			<UserColor GUID="A3839E01-47DC-46BB-819D-6CECB851B151">Bar Blue</UserColor>
		</LineColor>
	</PageObject>
	<PageObject Type="Text">
		<Location top="375" left="18" bottom="393" right="186" />
		<StaticText>Actions</StaticText>
		<Font GUID="107CF1DD-5B8E-41FC-BD55-10C950947E3C" Name="Headers" />
		<TextColor>
			<UserColor GUID="B5956EEA-5F3E-4BD0-85C7-9F70EB490991">Header Blue</UserColor>
		</TextColor>
	</PageObject>
	<PageObject Type="Button">
		<Location top="408" left="12" bottom="432" right="186" />
		<TabOrder>4</TabOrder>
		<LeaveOnEnter>false</LeaveOnEnter>
		<ButtonType>Text</ButtonType>
		<Title>"View Explanation"</Title>
		<Font GUID="0BDEF216-23B3-4F0F-B5D6-83C5A7303CF9" Name="Buttons" />
		<ActionSequence>
			<Action Type="LinkedPage">
				<Page PageGUID="6A8D20E7-CF4D-41E8-A379-C2D5A6C327D6" Name="Skewness and Kurtosis Explanation" />
			</Action>
		</ActionSequence>
	</PageObject>
	<UsedReferences>
		<Model>
			<Symbol>SKval</Symbol>
			<Symbol>Weibullkurt</Symbol>
			<Symbol>Gammakurt</Symbol>
			<Symbol>LogNormalkurt</Symbol>
			<Symbol>Paretokurt</Symbol>
			<Symbol>GammaSkew</Symbol>
			<Symbol>WeibullSkew</Symbol>
			<Symbol>LognormalSkew</Symbol>
			<Symbol>ParetoSkew</Symbol>
			<Symbol>sk1</Symbol>
		</Model>
	</UsedReferences>
</Page>
