<?xml version="1.0"?>
<Page Version="4000" TimeStamp="2010-09-20 18:55:06" NeedsCompiledModel="false">
	<Location top="185" left="272" bottom="531" right="786" />
	<PageEditSize Type="Inherited" />
	<ProjectUUID>DF3BEC5E-9D0D-4DEE-8E27-EBE8628E79DA</ProjectUUID>
	<IsDialogPage>true</IsDialogPage>
	<TemplatesTabOrderPosition>1</TemplatesTabOrderPosition>
	<Background RGB="#ffffff" />
	<PageObject Type="Text">
		<Location top="12" left="42" bottom="306" right="474" />
		<StaticText>Skewness and kurtosis have no linear relation with the shape parameter. So when using equality of skewness and/or kurtosis in finding the best match between a distribution and a sample there are two complications.
- An iterative approximation loop is required.
- A solution is not guaranteed

Skewness and kurtosis are only influenced by shape parameters, location an scale parameters do not influence them. This property makes it possible to first find for a distribution the correct shape parameter, and then shift and stretch the distribution to the correct mean and deviation.

As can be seen on the 'How to find an approximate function page', sometimes demanding equal mean, deviation and skewness, and sometimes demanding equal mean, deviation and kurtosis seems better. </StaticText>
		<Font GUID="C82FBF27-1614-41C9-B718-A431388D2B5A" Name="General Text" />
		<TextColor>
			<UserColor GUID="23F33851-505F-45B5-AA1F-5360CB8B3EFB">Text Blue</UserColor>
		</TextColor>
	</PageObject>
	<PageObject Type="Button">
		<Location top="300" left="186" bottom="324" right="324" />
		<TabOrder>2</TabOrder>
		<LeaveOnEnter>false</LeaveOnEnter>
		<ButtonType>Text</ButtonType>
		<Title>"Close"</Title>
		<Font GUID="0BDEF216-23B3-4F0F-B5D6-83C5A7303CF9" Name="Buttons" />
		<ActionSequence>
			<Action Type="ClosePage" />
		</ActionSequence>
	</PageObject>
	<UsedReferences>
		<Model />
	</UsedReferences>
</Page>
