<?xml version="1.0"?>
<TemplateManager>
	<Template Name="Size Template" PageGUID="D4216F74-5330-431C-8FAA-2FBC20D2E43D" CrossLibraryDuplicate="66E08D8C-5677-49B5-970F-BB85475A48BE|863B5FE7-C838-4B52-8F0D-FFF7A466794B|Size Template">
		<Template Name="Navigation Template" PageGUID="D76889F1-1811-4A7F-BBCD-FF64DF0D4504" CrossLibraryDuplicate="66E08D8C-5677-49B5-970F-BB85475A48BE|65FFF1D4-8168-4DA7-A9EA-3972E1E42BC2|Navigation Template">
			<Template Name="Background Info Template" PageGUID="B1EFAD88-2F7B-4B0B-A09B-24CD6602FD9B" CrossLibraryDuplicate="66E08D8C-5677-49B5-970F-BB85475A48BE|66BD38C5-67E0-4EAA-B188-7C58C0DC9556|Background Info Template">
				<Page Name="AIMMS Demo" PageGUID="BD13EF95-9722-425C-A99D-4A47D183A62D" />
			</Template>
			<Page Name="Gantt Chart with narrowing time windows" PageGUID="C867E5C8-DC4D-4523-904E-4D6B870C4CCD" />
		</Template>
	</Template>
	<Page Name="All Data Pages" PageGUID="0AC239B5-F8AB-41F9-8460-3F056948AA98" />
</TemplateManager>
