{
  "version": "4.67.0",
  "application": {
    "aimms.widget.type": {
      "literal": "application"
    },
    "pages": {
      "literal": {
        "name": "root",
        "slug": "root",
        "children": [
          {
            "name": "Main Project",
            "slug": "main_project",
            "children": [
              {
                "name": "home",
                "slug": "home",
                "children": [],
                "type": "pagev2-grid"
              }
            ]
          }
        ]
      }
    },
    "theme.classic": {
      "literal": "NOT_ALLOWED"
    }
  },
  "pages/home": {
    "aimms.widget.type": {
      "literal": "pagev2-grid"
    },
    "bindings": {
      "literal": [
        {
          "widgetUri": "Show 2",
          "gridArea": "area-d",
          "dndId": "area-dShow 20"
        },
        {
          "widgetUri": "img2",
          "gridArea": "area-d",
          "dndId": "area-dimg21"
        },
        {
          "widgetUri": "Upload Image",
          "gridArea": "area-b",
          "dndId": "area-bUpload Image2"
        },
        {
          "widgetUri": "Show 1",
          "gridArea": "area-c",
          "dndId": "area-cShow 13"
        },
        {
          "widgetUri": "img1",
          "gridArea": "area-c",
          "dndId": "Unassigned widgetsimg15"
        },
        {
          "widgetUri": "img",
          "gridArea": "area-a",
          "dndId": "area-aimg4"
        }
      ]
    },
    "layoutId": {
      "literal": "Layout5"
    },
    "widgets": {
      "literal": [
        {
          "uri": "img",
          "layoutInfo": {
            "width": "8",
            "height": "3"
          }
        },
        {
          "uri": "Show 1",
          "layoutInfo": {
            "width": "2",
            "height": "1"
          }
        },
        {
          "uri": "Show 2",
          "layoutInfo": {
            "width": "2",
            "height": "1"
          }
        },
        {
          "uri": "img2",
          "layoutInfo": {
            "width": "2",
            "height": "1"
          }
        },
        {
          "uri": "Upload Image",
          "layoutInfo": {
            "width": "2",
            "height": "1"
          }
        },
        {
          "uri": "img1",
          "layoutInfo": {
            "width": "2",
            "height": "1"
          }
        }
      ]
    }
  },
  "widgets/img": {
    "aimms.widget.type": {
      "literal": "image"
    },
    "contents": {
      "aimms": {
        "contents": [
          "sp_display"
        ]
      }
    },
    "name": {
      "literal": "img"
    }
  },
  "widgets/img1": {
    "aimms.widget.type": {
      "literal": "image"
    },
    "contents": {
      "literal": "1.jpg"
    }
  },
  "widgets/img2": {
    "aimms.widget.type": {
      "literal": "image"
    },
    "contents": {
      "literal": "2.jpg"
    },
    "name": {
      "literal": "img2"
    }
  },
  "widgets/Show 1": {
    "action": {
      "literal": {
        "type": "procedure",
        "value": "pr_show1"
      }
    },
    "aimms.widget.type": {
      "literal": "button"
    },
    "title": {
      "literal": "Show 1"
    },
    "name": {
      "literal": "Show 1"
    }
  },
  "widgets/Show 2": {
    "action": {
      "literal": {
        "type": "procedure",
        "value": "pr_show2"
      }
    },
    "aimms.widget.type": {
      "literal": "button"
    },
    "title": {
      "literal": "Show 2"
    },
    "name": {
      "literal": "Show 2"
    }
  },
  "widgets/Upload Image": {
    "action": {
      "literal": {
        "type": "procedure",
        "value": "UploadImage"
      }
    },
    "aimms.widget.type": {
      "literal": "upload"
    }
  }
}