<?xml version="1.0"?>
<Page Version="4000" TimeStamp="2012-11-27 09:29:50">
	<Location top="29" left="8" bottom="730" right="845" />
	<PageEditSize Type="Inherited" />
	<ProjectUUID>CAE5DDBD-B286-4B3A-B31B-02A1574F64F0</ProjectUUID>
	<TemplatesTabOrderPosition>1</TemplatesTabOrderPosition>
	<Background Inherited="true" />
	<PageObject Type="Button">
		<Location top="18" left="132" bottom="90" right="258" />
		<TabOrder>4</TabOrder>
		<LeaveOnEnter>false</LeaveOnEnter>
		<ButtonType>Text</ButtonType>
		<Title>"Solve N-queens"</Title>
		<Font GUID="00000000-0000-0000-0000-000000000001" Name="Main Font" />
		<ActionSequence>
			<Action Type="Run">
				<RunWhat>SpecificProcecure</RunWhat>
				<Procedure>MainExecution</Procedure>
				<AbortOnError>true</AbortOnError>
			</Action>
		</ActionSequence>
	</PageObject>
	<PageObject Type="Table">
		<Location top="192" left="18" bottom="420" right="132" />
		<TabOrder>1</TabOrder>
		<Font GUID="00000000-0000-0000-0000-000000000001" Name="Main Font" />
		<Border Style="InShadow" Width="2" MarginTop="5" MarginRight="5" MarginBottom="5" MarginLeft="5" />
		<BackgroundColor RGB="#ffffff" />
		<RowIndentation>3</RowIndentation>
		<ExplicitIdentifier>
			<Identifier>x( i )</Identifier>
			<FirstColumn>1</FirstColumn>
			<NumberFormat Width="7" Decimals="0" Alignment="Center" />
		</ExplicitIdentifier>
	</PageObject>
	<PageObject Type="Scalar">
		<Location top="120" left="150" bottom="156" right="240" />
		<TabOrder>3</TabOrder>
		<Font GUID="00000000-0000-0000-0000-000000000001" Name="Main Font" />
		<Border Style="InShadow" Width="2" MarginTop="5" MarginRight="5" MarginBottom="5" MarginLeft="5" />
		<BackgroundColor RGB="#ffffff" />
		<Layout>Text-Value</Layout>
		<SeparatorSign>=</SeparatorSign>
		<ExplicitIdentifier>
			<Identifier>N</Identifier>
			<NumberFormat Width="5" Decimals="0" Scientific="IfTooSmallorLarge" Alignment="Center" ShowDefaults="true" />
		</ExplicitIdentifier>
	</PageObject>
	<PageObject Type="Text">
		<Location top="120" left="252" bottom="150" right="462" />
		<StaticText>Change N to another value, and then click on "Solve N-queens".</StaticText>
		<Font GUID="00000000-0000-0000-0000-000000000001" Name="Main Font" />
		<TextColor RGB="#000000" />
	</PageObject>
	<PageObject Type="Table">
		<Location top="192" left="522" bottom="420" right="636" />
		<TabOrder>2</TabOrder>
		<Font GUID="00000000-0000-0000-0000-000000000001" Name="Main Font" />
		<Border Style="InShadow" Width="2" MarginTop="5" MarginRight="5" MarginBottom="5" MarginLeft="5" />
		<BackgroundColor RGB="#ffffff" />
		<RowIndentation>3</RowIndentation>
		<ExplicitIdentifier>
			<Identifier>XValueInSolution( SelectedSolution, i )</Identifier>
			<Permutation>[1,0]</Permutation>
			<FirstColumn>2</FirstColumn>
			<HeaderText>"X"</HeaderText>
			<NumberFormat Width="7" Decimals="0" Alignment="Center" />
		</ExplicitIdentifier>
	</PageObject>
	<PageObject Type="Selection Object">
		<SelectionType>DropDownList</SelectionType>
		<Location top="132" left="522" bottom="168" right="642" />
		<TabOrder>8</TabOrder>
		<Font GUID="00000000-0000-0000-0000-000000000001" Name="Main Font" />
		<TextShown>ElementName</TextShown>
		<Border Style="None" />
		<BackgroundColor RGB="#ffffff" />
		<ExplicitIdentifier>
			<Identifier>SelectedSolution</Identifier>
		</ExplicitIdentifier>
	</PageObject>
	<PageObject Type="Scalar">
		<Location top="60" left="522" bottom="102" right="786" />
		<TabOrder>9</TabOrder>
		<Font GUID="00000000-0000-0000-0000-000000000001" Name="Main Font" />
		<Border Style="InShadow" Width="2" MarginTop="5" MarginRight="5" MarginBottom="5" MarginLeft="5" />
		<BackgroundColor RGB="#ffffff" />
		<Layout>Text-Value</Layout>
		<SeparatorSign>=</SeparatorSign>
		<ExplicitIdentifier>
			<Identifier>MaxNumberOfSolutions</Identifier>
			<NumberFormat Width="11" Decimals="0" Scientific="IfTooSmallorLarge" Alignment="Center" ShowDefaults="true" />
		</ExplicitIdentifier>
	</PageObject>
	<PageObject Type="Table">
		<Location top="192" left="150" bottom="420" right="438" />
		<TabOrder>11</TabOrder>
		<Font GUID="00000000-0000-0000-0000-000000000001" Name="Main Font" />
		<Border Style="InShadow" Width="2" MarginTop="5" MarginRight="5" MarginBottom="5" MarginLeft="5" />
		<BackgroundColor RGB="#ffffff" />
		<RowIndentation>3</RowIndentation>
		<AllHorizontalGridLines>true</AllHorizontalGridLines>
		<AllVerticalGridLines>true</AllVerticalGridLines>
		<ExplicitIdentifier>
			<Identifier>TheSolutionQueenPosition( i, j )</Identifier>
			<FirstColumn>1</FirstColumn>
			<NumberFormat Width="1" Decimals="0" Alignment="Center" Binary="true" />
		</ExplicitIdentifier>
	</PageObject>
	<PageObject Type="Table">
		<Location top="192" left="648" bottom="420" right="936" />
		<TabOrder>10</TabOrder>
		<Font GUID="00000000-0000-0000-0000-000000000001" Name="Main Font" />
		<Border Style="InShadow" Width="2" MarginTop="5" MarginRight="5" MarginBottom="5" MarginLeft="5" />
		<BackgroundColor RGB="#ffffff" />
		<RowIndentation>3</RowIndentation>
		<AllHorizontalGridLines>true</AllHorizontalGridLines>
		<AllVerticalGridLines>true</AllVerticalGridLines>
		<ExplicitIdentifier>
			<Identifier>ASolutionQueenPosition( SelectedSolution, i, j )</Identifier>
			<Permutation>[1,2,0]</Permutation>
			<FirstColumn>1</FirstColumn>
			<NumberFormat Width="1" Decimals="0" Alignment="Center" Binary="true" />
		</ExplicitIdentifier>
	</PageObject>
	<PageObject Type="Text">
		<Location top="18" left="522" bottom="54" right="840" />
		<StaticText>Change this number to the maximum number of solutions you want to obtain.</StaticText>
		<Font GUID="00000000-0000-0000-0000-000000000001" Name="Main Font" />
		<TextColor RGB="#000000" />
	</PageObject>
	<PageObject Type="Text">
		<Location top="132" left="648" bottom="162" right="936" />
		<StaticText>Select the solution for which you want to see the details.</StaticText>
		<Font GUID="00000000-0000-0000-0000-000000000001" Name="Main Font" />
		<TextColor RGB="#000000" />
	</PageObject>
	<UsedReferences>
		<Model>
			<Symbol>XValueInSolution</Symbol>
			<Symbol>MainExecution</Symbol>
			<Symbol>i</Symbol>
			<Symbol>j</Symbol>
			<Symbol>N</Symbol>
			<Symbol>x</Symbol>
			<Symbol>MaxNumberOfSolutions</Symbol>
			<Symbol>SelectedSolution</Symbol>
			<Symbol>TheSolutionQueenPosition</Symbol>
			<Symbol>ASolutionQueenPosition</Symbol>
			<Symbol>SolutionSet</Symbol>
		</Model>
	</UsedReferences>
</Page>
