<?xml version="1.0"?>
<TemplateManager>
	<Template Name="Size Template" PageGUID="510F1408-5B69-4F5C-969A-80227D858837" CrossLibraryDuplicate="66E08D8C-5677-49B5-970F-BB85475A48BE|6A8815C4-5811-47AB-BC76-82C3180C1295|Size Template">
		<Template Name="Navigation Template" PageGUID="44BA94C2-4535-41A8-A2CD-78A59BF708E2" CrossLibraryDuplicate="66E08D8C-5677-49B5-970F-BB85475A48BE|3241DDB1-55C5-441B-9DC8-359086631B74|Navigation Template">
			<Template Name="Background Info Template" PageGUID="27A32609-234F-4A9D-9428-100C0B76FC5D" CrossLibraryDuplicate="66E08D8C-5677-49B5-970F-BB85475A48BE|153A8CDB-E916-4F3B-B652-41C25F2C9CB5|Background Info Template">
				<Page Name="AIMMS Demo" PageGUID="AB351A10-627B-47C7-989E-9EB7BDDDBCBC" />
			</Template>
			<Page Name="Database Information" PageGUID="C1CF3C64-4896-421F-903E-9D154FBFF977" />
			<Page Name="View Data" PageGUID="62FC6A93-6BAE-40F6-BF16-1BDADCAAD51E" />
		</Template>
	</Template>
	<Page Name="All Data Pages" PageGUID="9E7A1952-3E7E-47AB-A2D8-613190FDEF99" />
	<Page Name="[Data Page] HeaderTitle" PageGUID="8E07AA29-01D8-446C-B6D6-E40E880AF99E" />
</TemplateManager>
