{
  "version": "4.67.0",
  "application": {
    "aimms.widget.type": {
      "literal": "application"
    },
    "pages": {
      "literal": {
        "name": "root",
        "slug": "root",
        "children": [
          {
            "name": "Main Project",
            "slug": "main_project",
            "children": [
              {
                "name": "home",
                "slug": "home",
                "children": [
                  {
                    "name": "Scratch",
                    "type": "page",
                    "slug": "scratch_1",
                    "children": []
                  },
                  {
                    "name": "Planning employees",
                    "type": "page",
                    "slug": "planning_employees",
                    "children": []
                  }
                ]
              }
            ]
          }
        ]
      }
    },
    "theme.classic": {
      "literal": "NOT_ALLOWED"
    },
    "timezone.setting": {
      "literal": true
    },
    "timezonesetting": {
      "literal": true
    },
    "widget.visibility.greyout": {
      "literal": true
    }
  },
  "pages/home": {
    "primarypageaction": {
      "aimms": {
        "contents": [
          "sp_primaryPageAction"
        ],
        "slices": [
          {
            "identifier": "sp_primaryPageAction",
            "slice": [
              {
                "index": "webui::indexPageActionSpec",
                "type": "free",
                "value": "webui::indexPageActionSpec"
              }
            ]
          }
        ]
      }
    },
    "secondarypageactions": {
      "aimms": {
        "contents": [
          "sp_secundaryPageAction"
        ],
        "slices": [
          {
            "identifier": "sp_secundaryPageAction",
            "slice": [
              {
                "index": "i_secundaryAction",
                "type": "free",
                "value": "i_secundaryAction"
              },
              {
                "index": "webui::indexPageActionSpec",
                "type": "free",
                "value": "webui::indexPageActionSpec"
              }
            ]
          }
        ]
      }
    },
    "widgets": {
      "literal": [
        {
          "uri": "startWork",
          "layoutInfo": {
            "width": "10",
            "height": "2",
            "customPosition": ""
          }
        },
        {
          "uri": "EmployeePlanning",
          "layoutInfo": {
            "width": "10",
            "height": "2",
            "customPosition": ""
          }
        },
        {
          "uri": "SkillCoverage",
          "layoutInfo": {
            "width": "10",
            "height": "2"
          }
        },
        {
          "uri": "downloadJobTableAsExcel",
          "layoutInfo": {
            "width": "2",
            "height": "1"
          }
        }
      ]
    }
  },
  "pages/planning_employees": {
    "aimms.widget.type": {
      "literal": "page"
    },
    "layoutName": {
      "literal": "StandardLayoutA1"
    },
    "widgets": {
      "literal": []
    }
  },
  "pages/scratch_1": {
    "aimms.widget.type": {
      "literal": "page"
    },
    "layoutName": {
      "literal": "StandardLayoutA1"
    },
    "widgets": {
      "literal": [
        {
          "uri": "WorkblockTimezonMapping",
          "layoutInfo": {
            "width": "5",
            "height": "5",
            "customPosition": ""
          }
        }
      ]
    }
  },
  "widgets/downloadJobTableAsExcel": {
    "action": {
      "literal": {
        "type": "procedure",
        "value": "pr_downloadExcelFile"
      }
    },
    "aimms.widget.type": {
      "literal": "download"
    },
    "title": {
      "literal": "Download Job Table in Excel"
    }
  },
  "widgets/EmployeePlanning": {
    "aimms.widget.type": {
      "literal": "ganttchart"
    },
    "contents": {
      "aimms": {
        "contents": [
          "p_EmployeeJobStart",
          "p_EmployeeJobDuration"
        ]
      }
    },
    "contents.partition": {
      "literal": {
        "resources": [
          "i_Employee"
        ],
        "jobs": [
          "<IDENTIFIER-SET>",
          "i_workBlock"
        ],
        "aggregated": []
      }
    },
    "time.reference": {
      "aimms": {
        "contents": [
          "sp_GanttChartReferenceTime"
        ]
      }
    },
    "time.resolution": {
      "literal": 0.5
    },
    "time.timeline": {
      "literal": 1
    },
    "time.viewport.end": {
      "aimms": {
        "contents": [
          "sp_EmpPlanViewportEnd"
        ]
      }
    },
    "time.viewport.start": {
      "aimms": {
        "contents": [
          "sp_EmpPlanViewportStart"
        ]
      }
    },
    "title": {
      "aimms": {
        "contents": [
          "sp_titlePlanningEmployees"
        ],
        "slices": []
      }
    }
  },
  "widgets/SkillCoverage": {
    "aimms.widget.type": {
      "literal": "ganttchart"
    },
    "contents": {
      "aimms": {
        "contents": [
          "p_SkillJobStart",
          "p_SkillJobDuration"
        ]
      }
    },
    "contents.partition": {
      "literal": {
        "resources": [
          "i_certification"
        ],
        "jobs": [
          "<IDENTIFIER-SET>",
          "i_workBlock"
        ],
        "aggregated": []
      }
    },
    "time.reference": {
      "aimms": {
        "contents": [
          "sp_GanttChartReferenceTime"
        ]
      }
    },
    "time.resolution": {
      "literal": 1
    },
    "time.timeline": {
      "literal": 0
    },
    "time.viewport.end": {
      "aimms": {
        "contents": [
          "sp_EmpPlanViewportEnd"
        ]
      }
    },
    "time.viewport.start": {
      "aimms": {
        "contents": [
          "sp_EmpPlanViewportStart"
        ]
      }
    },
    "title": {
      "aimms": {
        "contents": [
          "sp_titleSkillCoverage"
        ],
        "slices": []
      }
    }
  },
  "widgets/startWork": {
    "aimms.widget.type": {
      "literal": "table"
    },
    "contents": {
      "aimms": {
        "contents": [
          "ep_Job"
        ]
      }
    },
    "contents.partition": {
      "literal": {
        "rowHeader": [
          "i_Employee"
        ],
        "colHeader": [
          "i_jobNo"
        ],
        "aggregated": [
          "<IDENTIFIER-SET>"
        ]
      }
    },
    "default.column.width": {
      "literal": 30
    },
    "title": {
      "aimms": {
        "contents": [
          "sp_titleJobTable"
        ],
        "slices": []
      }
    }
  },
  "widgets/WorkblockTimezonMapping": {
    "aimms.widget.type": {
      "literal": "table"
    },
    "contents": {
      "aimms": {
        "slices": [
          {
            "identifier": "sp_workblockTimezoneToStartHour",
            "slice": [
              {
                "index": "i_workBlock",
                "type": "subset",
                "value": "i_blkNO"
              },
              {
                "index": "IndexTimeZones",
                "type": "subset",
                "value": "i_selectedTimezone"
              }
            ]
          },
          {
            "identifier": "p_workblockTimezoneToStartHour",
            "slice": [
              {
                "index": "i_workBlock",
                "type": "subset",
                "value": "i_blkNO"
              },
              {
                "index": "IndexTimeZones",
                "type": "subset",
                "value": "i_selectedTimezone"
              }
            ]
          },
          {
            "identifier": "ep_workBlockTimezoneToShift",
            "slice": [
              {
                "index": "i_workBlock",
                "type": "subset",
                "value": "i_blkNO"
              },
              {
                "index": "IndexTimeZones",
                "type": "subset",
                "value": "i_selectedTimezone"
              }
            ]
          }
        ],
        "contents": [
          "sp_workblockTimezoneToStartHour",
          "p_workblockTimezoneToStartHour",
          "ep_workBlockTimezoneToShift"
        ],
        "prefix": "aimms",
        "partition": {
          "rowHeader": [
            "i_workBlock",
            "i_selectedTimezone",
            "IndexTimeZones"
          ],
          "colHeader": [
            "<IDENTIFIER-SET>"
          ],
          "aggregated": []
        }
      }
    },
    "contents.numdecimals": {
      "literal": 0
    },
    "contents.partition": {
      "literal": {
        "rowHeader": [
          "i_workBlock",
          "IndexTimeZones",
          "i_blkNO",
          "i_selectedTimezone"
        ],
        "colHeader": [
          "<IDENTIFIER-SET>"
        ],
        "aggregated": []
      }
    },
    "custom.column.widths": {
      "literal": [
        {
          "type": "rowHeader",
          "colKey": "i_workBlock",
          "width": 28.20680272108844
        },
        {
          "type": "rowHeader",
          "colKey": "i_selectedTimezone",
          "width": 42.9081081081081
        },
        {
          "type": "colHeader",
          "colKey": {
            "<IDENTIFIER-SET>": "sp_workblockTimezoneToStartHour"
          },
          "width": 27.380952380952377
        },
        {
          "type": "colHeader",
          "colKey": {
            "<IDENTIFIER-SET>": "p_workblockTimezoneToStartHour"
          },
          "width": 7.936507936507936
        },
        {
          "type": "colHeader",
          "colKey": {
            "<IDENTIFIER-SET>": "ep_workBlockTimezoneToShift"
          },
          "width": 18.253968253968258
        }
      ]
    },
    "default.column.width": {
      "literal": 25
    },
    "title": {
      "literal": "Timezone workblock cost derivation"
    }
  }
}