<?xml version="1.0"?>
<TemplateManager>
	<Template Name="Size Template" PageGUID="B82BF4F8-0230-46DC-AB6F-96071B41A7AA" CrossLibraryDuplicate="66E08D8C-5677-49B5-970F-BB85475A48BE|6A8815C4-5811-47AB-BC76-82C3180C1295|Size Template">
		<Template Name="Navigation Template" PageGUID="8180E55E-06B1-468A-8B53-C73C06F5A4B2" CrossLibraryDuplicate="66E08D8C-5677-49B5-970F-BB85475A48BE|3241DDB1-55C5-441B-9DC8-359086631B74|Navigation Template">
			<Template Name="Background Info Template" PageGUID="15B683FF-D1D7-495A-8F9A-C7E3210D3FB8" CrossLibraryDuplicate="66E08D8C-5677-49B5-970F-BB85475A48BE|153A8CDB-E916-4F3B-B652-41C25F2C9CB5|Background Info Template">
				<Page Name="AIMMS Demo" PageGUID="7BCCB591-99F6-48A4-B52A-6E7F521F8EFD" />
			</Template>
			<Page Name="Input Data" PageGUID="CC778DDA-C81A-46D8-9E82-D52ED51139D1" />
			<Page Name="Portfolio Selection" PageGUID="FE5C5BF6-48B3-4E1E-85E1-3CBC1AC874ED" />
		</Template>
	</Template>
	<Page Name="Results Discussion" PageGUID="6D937C9C-0387-40AD-BE33-76C40E8CB61C" />
</TemplateManager>
