<?xml version="1.0"?>
<Page Version="4000" TimeStamp="2009-09-25 16:41:44" NeedsCompiledModel="false">
	<Location top="45" left="27" bottom="392" right="288" />
	<PageEditSize Type="Inherited">
		<Size Width="261" Height="347" />
	</PageEditSize>
	<ProjectUUID>5C856D0C-3F7D-4926-9C86-814A186CF8DF</ProjectUUID>
	<ResizeData>
		<MainArea Line="FixedFromTop" Value="17">
			<BottomArea Line="FixedFromBottom" Value="18" />
		</MainArea>
	</ResizeData>
	<Background RGB="#c0c0c0" />
	<PageObject Type="Navigation Object">
		<Location top="0" left="1" bottom="346" right="260" />
		<TabOrder>1</TabOrder>
		<Font GUID="99627C86-4496-44E5-AA8B-405D7D3EDF65" Name="default" />
		<Border Style="InShadow" Width="2" />
		<Display>Tree</Display>
		<Spacing>6</Spacing>
		<BackgroundColor RGB="#ffffff" />
		<NavigationData>
			<ReferencePage>ThisPage</ReferencePage>
			<NumberOfGenerations>99</NumberOfGenerations>
			<NumberOfAncestors>1</NumberOfAncestors>
		</NavigationData>
	</PageObject>
	<UsedReferences>
		<Model />
	</UsedReferences>
</Page>
