<?xml version="1.0"?>
<Page Version="4000" TimeStamp="2009-09-25 16:41:44">
	<Location top="23" left="4" bottom="644" right="768" />
	<PageEditSize Type="Inherited">
		<Size Width="772" Height="622" />
	</PageEditSize>
	<ProjectUUID>5C856D0C-3F7D-4926-9C86-814A186CF8DF</ProjectUUID>
	<TemplatesTabOrderPosition>1</TemplatesTabOrderPosition>
	<ResizeData>
		<MainArea Line="FixedFromTop" Value="99">
			<TopArea Line="FixedFromLeft" Value="200" />
			<BottomArea Line="FixedFromLeft" Value="200">
				<LeftArea Line="FixedFromTop" Value="515" />
				<RightArea Line="FixedFromTop" Value="85">
					<BottomArea Line="FixedFromBottom" Value="75" />
				</RightArea>
			</BottomArea>
		</MainArea>
	</ResizeData>
	<Background Inherited="true" />
	<PageObject Type="Pivot Table">
		<Location top="192" left="210" bottom="540" right="762" />
		<TabOrder>2</TabOrder>
		<ObjectUUID>A01E6680-5ED0-4859-A61F-589E0E3E877B</ObjectUUID>
		<Font GUID="99627C86-4496-44E5-AA8B-405D7D3EDF65" Name="default" />
		<Border Style="InShadow" Width="2" MarginTop="5" MarginRight="5" MarginBottom="5" MarginLeft="5" />
		<Contents>
			<Explicit_Identifier>
				<Identifier ID="4110">Sales( c, r, p, m )</Identifier>
				<Format>
					<Decimal_Places ID="4312">2</Decimal_Places>
				</Format>
			</Explicit_Identifier>
		</Contents>
		<Indices>
			<Explicit_Index>
				<Index ID="6510">p</Index>
				<Header_Title ID="6530">"Size"</Header_Title>
				<Show_All_Elements ID="6550">1</Show_All_Elements>
			</Explicit_Index>
			<Explicit_Index>
				<Index ID="6510">r</Index>
				<Header_Title ID="6530">"Region"</Header_Title>
			</Explicit_Index>
			<Explicit_Index>
				<Index ID="6510">c</Index>
				<Header_Title ID="6530">"Customer"</Header_Title>
			</Explicit_Index>
			<Explicit_Index>
				<Index ID="6510">m</Index>
				<Header_Title ID="6530">"Month"</Header_Title>
				<Artificial_Index>
					<Index ID="6571">q</Index>
					<Mapping_Type ID="6572">"Element Parameter Mapping"</Mapping_Type>
					<Element_Parameter ID="6573">MappingMonth2Quarter( m )</Element_Parameter>
				</Artificial_Index>
			</Explicit_Index>
			<Explicit_Index>
				<Index ID="6510">q</Index>
				<Header_Title ID="6530">"Quarter"</Header_Title>
				<Artificial_Index>
					<Index ID="6571">y</Index>
					<Element_Parameter ID="6573">MappingQuarter2Year( q )</Element_Parameter>
				</Artificial_Index>
			</Explicit_Index>
			<Explicit_Index>
				<Index ID="6510">y</Index>
				<Header_Title ID="6530">"Year"</Header_Title>
			</Explicit_Index>
		</Indices>
		<General>
			<User_Modifications>
				<Indices_Showing_All_Elements ID="1212">"Allowed"</Indices_Showing_All_Elements>
			</User_Modifications>
			<Save_Layout_State>
				<By_End_User ID="1040">"On Demand"</By_End_User>
				<By_Developer ID="1115">"When being Saved"</By_Developer>
				<Store_Entire_Tree_Layout ID="1110">1</Store_Entire_Tree_Layout>
			</Save_Layout_State>
		</General>
		<Row_Area>
			<Background_Color ID="2010">RGB&lt;255,255,200&gt;</Background_Color>
			<Text_Color ExtraInfo="F71E28AB-0EDA-44E6-BC2A-C634A85D1E85" ID="2020">"default selection"</Text_Color>
			<Headers>
				<Background_Color ExtraInfo="F71E28AB-0EDA-44E6-BC2A-C634A85D1E85" ID="2120">"default selection"</Background_Color>
				<Text_Color ID="2130">RGB&lt;255,255,255&gt;</Text_Color>
			</Headers>
			<Grid_Focus_Indicator>
				<Background_Color ExtraInfo="F71E28AB-0EDA-44E6-BC2A-C634A85D1E85" ID="2270">"default selection"</Background_Color>
				<Text_Color ID="2280">RGB&lt;255,255,200&gt;</Text_Color>
			</Grid_Focus_Indicator>
		</Row_Area>
		<Grid_Area>
			<Background_Color ID="5010">RGB&lt;255,255,255&gt;</Background_Color>
			<Alternating_Background_Color ID="5011">RGB&lt;225,225,225&gt;</Alternating_Background_Color>
			<Aggregators>
				<Background_Color ExtraInfo="A2E46644-4387-482F-B613-91153F0FF029" ID="5220">"red"</Background_Color>
			</Aggregators>
		</Grid_Area>
	</PageObject>
	<PageObject Type="Text">
		<Location top="552" left="210" bottom="612" right="762" />
		<StaticText>This page contains the same Pivot Table as the one on the previous page, but this Pivot Table contains Artificial Indices; i.e. the indices for q(uarter) and y(ear). As you can see in the Pivot Table Properties, the domain of the identifier that is displayed does not contain q or y.</StaticText>
		<Font GUID="428A93A5-26E1-4F42-8B0F-227299B289C7" Name="Table Text" />
		<TextColor>
			<UserColor GUID="F71E28AB-0EDA-44E6-BC2A-C634A85D1E85">default selection</UserColor>
		</TextColor>
	</PageObject>
	<UsedReferences>
		<Model>
			<Symbol>c</Symbol>
			<Symbol>m</Symbol>
			<Symbol>p</Symbol>
			<Symbol>q</Symbol>
			<Symbol>r</Symbol>
			<Symbol>y</Symbol>
			<Symbol>MappingMonth2Quarter</Symbol>
			<Symbol>Sales</Symbol>
			<Symbol>MappingQuarter2Year</Symbol>
		</Model>
	</UsedReferences>
</Page>
