<?xml version="1.0"?>
<Page Version="4000" TimeStamp="2009-09-25 16:41:44">
	<Location top="23" left="4" bottom="644" right="768" />
	<PageEditSize Type="Inherited">
		<Size Width="772" Height="622" />
	</PageEditSize>
	<ProjectUUID>5C856D0C-3F7D-4926-9C86-814A186CF8DF</ProjectUUID>
	<TemplatesTabOrderPosition>1</TemplatesTabOrderPosition>
	<ResizeData>
		<MainArea Line="FixedFromTop" Value="99">
			<TopArea Line="FixedFromLeft" Value="200" />
			<BottomArea Line="FixedFromLeft" Value="200">
				<LeftArea Line="FixedFromTop" Value="515" />
				<RightArea Line="FixedFromTop" Value="85">
					<BottomArea Line="FixedFromBottom" Value="75" />
				</RightArea>
			</BottomArea>
		</MainArea>
	</ResizeData>
	<Background Inherited="true" />
	<PageObject Type="Pivot Table" Tag="State Manager PT">
		<Location top="192" left="210" bottom="540" right="762" />
		<TabOrder>2</TabOrder>
		<PopupMenu ProjectUUID="A1F8CE36-288A-458E-B979-D4F672A5C413" MenuUUID="3CDA1B9D-02EA-4ADE-B225-923DB403B558" />
		<ObjectUUID>DCC9CD1E-8AEC-41B3-B287-6B434F19C039</ObjectUUID>
		<Font GUID="99627C86-4496-44E5-AA8B-405D7D3EDF65" Name="default" />
		<Border Style="InShadow" Width="2" MarginTop="5" MarginRight="5" MarginBottom="5" MarginLeft="5" />
		<Contents>
			<Explicit_Identifier>
				<Identifier ID="4110">Sales( c, r, p, m )</Identifier>
				<Format>
					<Decimal_Places ID="4312">2</Decimal_Places>
				</Format>
			</Explicit_Identifier>
		</Contents>
		<Indices>
			<Explicit_Index>
				<Index ID="6510">p</Index>
				<Header_Title ID="6530">"Size"</Header_Title>
				<Show_All_Elements ID="6550">1</Show_All_Elements>
				<Location_in_Initial_View ID="6560">"In Rows"</Location_in_Initial_View>
			</Explicit_Index>
			<Explicit_Index>
				<Index ID="6510">r</Index>
				<Header_Title ID="6530">"Region"</Header_Title>
				<Location_in_Initial_View ID="6560">"In Columns"</Location_in_Initial_View>
			</Explicit_Index>
			<Explicit_Index>
				<Index ID="6510">c</Index>
				<Header_Title ID="6530">"Customer"</Header_Title>
				<Location_in_Initial_View ID="6560">"In Columns"</Location_in_Initial_View>
			</Explicit_Index>
			<Explicit_Index>
				<Index ID="6510">m</Index>
				<Header_Title ID="6530">"Month"</Header_Title>
				<Location_in_Initial_View ID="6560">"In Rows"</Location_in_Initial_View>
				<Artificial_Index>
					<Index ID="6571">q</Index>
					<Element_Parameter ID="6573">MappingMonth2Quarter( m )</Element_Parameter>
				</Artificial_Index>
			</Explicit_Index>
			<Explicit_Index>
				<Index ID="6510">q</Index>
				<Header_Title ID="6530">"Quarter"</Header_Title>
				<Location_in_Initial_View ID="6560">"In Rows"</Location_in_Initial_View>
				<Artificial_Index>
					<Index ID="6571">y</Index>
					<Element_Parameter ID="6573">MappingQuarter2Year( q )</Element_Parameter>
				</Artificial_Index>
			</Explicit_Index>
			<Explicit_Index>
				<Index ID="6510">y</Index>
				<Header_Title ID="6530">"Year"</Header_Title>
				<Location_in_Initial_View ID="6560">"In Rows"</Location_in_Initial_View>
			</Explicit_Index>
		</Indices>
		<General>
			<User_Modifications>
				<Indices_Showing_All_Elements ID="1212">"Allowed"</Indices_Showing_All_Elements>
			</User_Modifications>
			<Save_Layout_State>
				<By_End_User ID="1040">"On Demand"</By_End_User>
				<By_Developer ID="1115">"On Demand"</By_Developer>
				<Store_Entire_Tree_Layout ID="1110">1</Store_Entire_Tree_Layout>
				<Specific_State_Name ID="1120">PTStateManager::CurrentStateFile( 'State Manager PT' )</Specific_State_Name>
			</Save_Layout_State>
		</General>
		<Row_Area>
			<Background_Color ID="2010">RGB&lt;255,255,200&gt;</Background_Color>
			<Text_Color ExtraInfo="F71E28AB-0EDA-44E6-BC2A-C634A85D1E85" ID="2020">"default selection"</Text_Color>
			<Headers>
				<Background_Color ExtraInfo="F71E28AB-0EDA-44E6-BC2A-C634A85D1E85" ID="2120">"default selection"</Background_Color>
				<Text_Color ID="2130">RGB&lt;255,255,255&gt;</Text_Color>
			</Headers>
		</Row_Area>
		<Grid_Area>
			<Background_Color ID="5010">RGB&lt;255,255,255&gt;</Background_Color>
			<Alternating_Background_Color ID="5011">RGB&lt;225,225,225&gt;</Alternating_Background_Color>
			<Aggregators>
				<Background_Color ExtraInfo="A2E46644-4387-482F-B613-91153F0FF029" ID="5220">"red"</Background_Color>
			</Aggregators>
		</Grid_Area>
	</PageObject>
	<PageObject Type="Text">
		<Location top="546" left="210" bottom="624" right="768" />
		<StaticText>It is possible to store multiple states for a single Pivot Table. A library has been added to this example, that illustrates this functionality. You can use this library in your own project as well. Please see the comment attribute of the Pivot Table State Manager lilbrary in this example for details.
In the Pivot Table above, you can find the state functions in the right-mouse menu.
Note that as developer you can also manage state files via the AIMMS State File Manager that can be found in the Tools menu - State File Manager.</StaticText>
		<Font GUID="428A93A5-26E1-4F42-8B0F-227299B289C7" Name="Table Text" />
		<TextColor>
			<UserColor GUID="F71E28AB-0EDA-44E6-BC2A-C634A85D1E85">default selection</UserColor>
		</TextColor>
	</PageObject>
	<UsedReferences>
		<Model>
			<Symbol>c</Symbol>
			<Symbol>m</Symbol>
			<Symbol>p</Symbol>
			<Symbol>q</Symbol>
			<Symbol>r</Symbol>
			<Symbol>y</Symbol>
			<Symbol>MappingMonth2Quarter</Symbol>
			<Symbol>Sales</Symbol>
			<Symbol>MappingQuarter2Year</Symbol>
			<Symbol>PTStateManager::CurrentStateFile</Symbol>
		</Model>
	</UsedReferences>
</Page>
