<?xml version="1.0"?>
<Page Version="4000" TimeStamp="2014-10-02 11:08:38">
	<Location top="23" left="4" bottom="644" right="768" />
	<PageEditSize Type="Inherited">
		<Size Width="772" Height="622" />
	</PageEditSize>
	<ProjectUUID>02720721-A221-4AD9-B8FD-820FA144B309</ProjectUUID>
	<UpdateAllIdentifiers>true</UpdateAllIdentifiers>
	<TemplatesTabOrderPosition>9</TemplatesTabOrderPosition>
	<ResizeData>
		<MainArea Line="FixedFromTop" Value="99">
			<TopArea Line="FixedFromLeft" Value="200" />
			<BottomArea Line="FixedFromLeft" Value="201">
				<LeftArea Line="FixedFromTop" Value="204">
					<BottomArea Line="FixedFromTop" Value="311" />
				</LeftArea>
				<RightArea Line="FixedFromTop" Value="85">
					<BottomArea Line="FixedFromLeft" Value="47">
						<LeftArea Line="FixedFromTop" Value="175">
							<BottomArea Line="FixedFromTop" Value="176" />
						</LeftArea>
						<RightArea Line="FixedFromRight" Value="516" />
					</BottomArea>
				</RightArea>
			</BottomArea>
		</MainArea>
	</ResizeData>
	<Background>
		<UserColor GUID="A7C0E195-9720-43D1-B213-E31634D9C874">white</UserColor>
	</Background>
	<Action>
		<UpdateAllIdentifiers>true</UpdateAllIdentifiers>
	</Action>
	<HorizontalGridDistance>3</HorizontalGridDistance>
	<VerticalGridDistance>3</VerticalGridDistance>
	<PageObject Type="Button">
		<Location top="186" left="6" bottom="210" right="192" />
		<TabOrder>1</TabOrder>
		<ButtonType>Text</ButtonType>
		<Transparent>true</Transparent>
		<Font GUID="0BDEF216-23B3-4F0F-B5D6-83C5A7303CF9" Name="Buttons" />
		<ActionSequence>
			<Action Type="ClosePage" />
			<Action Type="LinkedPage">
				<Page PageGUID="8A696971-932B-469A-91B8-EB71C8F72517" Name="AIMMS Demo" />
			</Action>
		</ActionSequence>
	</PageObject>
	<PageObject Type="Network Object">
		<Location top="294" left="438" bottom="615" right="762" />
		<TabOrder>6</TabOrder>
		<Font GUID="91E08492-2879-479D-AD00-B751D91B39C6" Name="default" />
		<Border Style="InShadow" Width="2" MarginTop="5" MarginRight="3" MarginBottom="5" MarginLeft="5" />
		<BackgroundColor>
			<UserColor GUID="CCB23DE4-D3C9-4647-BE46-7A1779576484">Background yellow</UserColor>
		</BackgroundColor>
		<AllowZoom>false</AllowZoom>
		<EqualXYScale>false</EqualXYScale>
		<ScrollControl>NoScrolling</ScrollControl>
		<VisibleArea>
			<Left>-15</Left>
			<Right>115</Right>
			<Top>100</Top>
			<Bottom>-5</Bottom>
		</VisibleArea>
		<Node>
			<Identifier>p</Identifier>
			<XCoordinate>ParticipantPlaceX( p -&gt; SelectedParticipant )</XCoordinate>
			<YCoordinate>ParticipantPlaceY( p -&gt; SelectedParticipant )</YCoordinate>
			<NumberFormat Width="6" Decimals="2" />
			<MaximumSize>10</MaximumSize>
			<ScaleFactor>15</ScaleFactor>
			<TextPosition>Left</TextPosition>
			<TextShowWhat>ElementName</TextShowWhat>
			<Shape>Rectangle</Shape>
		</Node>
		<Node>
			<Identifier>c</Identifier>
			<XCoordinate>CarPlaceX( c -&gt; SelectedCar )</XCoordinate>
			<YCoordinate>CarPlaceY( c -&gt; SelectedCar )</YCoordinate>
			<NumberFormat Width="6" Decimals="2" />
			<MaximumSize>25</MaximumSize>
			<ScaleFactor>PictureSize</ScaleFactor>
			<TextPosition>Right</TextPosition>
			<TextShowWhat>Nothing</TextShowWhat>
			<NodeImageFile>CarPictureName( c )</NodeImageFile>
			<Shape>Bitmap</Shape>
		</Node>
		<Arc>
			<Identifier>PossibleAssignments( p, c )</Identifier>
			<NumberFormat Width="6" Decimals="2" />
			<MaximumSize>8</MaximumSize>
			<TextPosition>Right</TextPosition>
			<Color>189A9D74-B98D-41E6-8947-F6DC4AFF2927 dark grey</Color>
			<Shape>Straight</Shape>
			<FirstSegment>Horizontal</FirstSegment>
			<ArcsAsArrows>false</ArcsAsArrows>
			<ClickWhere>EntireArc</ClickWhere>
		</Arc>
		<Arc>
			<Identifier>Assignments( p, c )</Identifier>
			<NumberFormat Width="6" Decimals="2" />
			<MaximumSize>8</MaximumSize>
			<TextPosition>Right</TextPosition>
			<TextShowWhat>Nothing</TextShowWhat>
			<Color>938E97EA-F7F9-4DE1-8B56-639C2B54C678 red</Color>
			<Shape>Straight</Shape>
			<FirstSegment>Horizontal</FirstSegment>
			<ClickWhere>EntireArc</ClickWhere>
		</Arc>
	</PageObject>
	<PageObject Type="Scalar">
		<Location top="246" left="438" bottom="279" right="762" />
		<TabOrder>5</TabOrder>
		<Font GUID="C82FBF27-1614-41C9-B718-A431388D2B5A" Name="General Text" />
		<Border Style="InShadow" Width="2" MarginTop="5" MarginRight="5" MarginBottom="5" MarginLeft="5" />
		<BackgroundColor RGB="#ffffff" />
		<TextColor>
			<UserColor GUID="CE751F75-C40E-4CE7-998A-8E00115EC81E">default selection</UserColor>
		</TextColor>
		<Layout>Text-Value</Layout>
		<SeparatorSign>=</SeparatorSign>
		<ExplicitIdentifier>
			<Identifier>TotalCombinations</Identifier>
			<NumberFormat Width="8" Decimals="0" Alignment="Center" ShowDefaults="true" />
		</ExplicitIdentifier>
	</PageObject>
	<PageObject Type="Button">
		<Location top="373" left="6" bottom="396" right="192" />
		<TabOrder>3</TabOrder>
		<ButtonType>Text</ButtonType>
		<Title>"Solve Model"</Title>
		<ForegroundColor>
			<UserColor GUID="23F33851-505F-45B5-AA1F-5360CB8B3EFB">Text Blue</UserColor>
		</ForegroundColor>
		<Font GUID="0BDEF216-23B3-4F0F-B5D6-83C5A7303CF9" Name="Buttons" />
		<ActionSequence>
			<Action Type="Run">
				<RunWhat>SpecificProcecure</RunWhat>
				<Procedure>MainExecution</Procedure>
				<AbortOnError>true</AbortOnError>
			</Action>
		</ActionSequence>
	</PageObject>
	<PageObject Type="Button">
		<Location top="342" left="7" bottom="365" right="193" />
		<TabOrder>2</TabOrder>
		<ButtonType>Text</ButtonType>
		<Title>"Generate Possible Pairs"</Title>
		<ForegroundColor>
			<Symbol>ExampleStyle::ButtonColor</Symbol>
		</ForegroundColor>
		<Font GUID="0BDEF216-23B3-4F0F-B5D6-83C5A7303CF9" Name="Buttons" />
		<ActionSequence>
			<Action Type="Run">
				<RunWhat>SpecificProcecure</RunWhat>
				<Procedure>GeneratePossiblePairs</Procedure>
				<AbortOnError>true</AbortOnError>
			</Action>
		</ActionSequence>
	</PageObject>
	<PageObject Type="Table">
		<Location top="231" left="207" bottom="351" right="423" />
		<TabOrder>8</TabOrder>
		<TabStop>false</TabStop>
		<Font GUID="C82FBF27-1614-41C9-B718-A431388D2B5A" Name="General Text" />
		<Border Style="InShadow" Width="2" MarginTop="5" MarginRight="5" MarginBottom="5" MarginLeft="5" />
		<BackgroundColor RGB="#ffffff" />
		<TextColor>
			<UserColor GUID="CE751F75-C40E-4CE7-998A-8E00115EC81E">default selection</UserColor>
		</TextColor>
		<RowIndentation>3</RowIndentation>
		<RemoveDefaults>true</RemoveDefaults>
		<ElementTextAsTooltip>false</ElementTextAsTooltip>
		<ExplicitIdentifier>
			<Identifier>CarsSubset( Cars )</Identifier>
			<FirstColumn>1</FirstColumn>
			<HeaderText>"Cars"</HeaderText>
			<NumberFormat Width="2" Decimals="0" Alignment="Center" Binary="true" />
		</ExplicitIdentifier>
	</PageObject>
	<PageObject Type="Table">
		<Location top="405" left="207" bottom="525" right="423" />
		<TabOrder>7</TabOrder>
		<TabStop>false</TabStop>
		<Font GUID="C82FBF27-1614-41C9-B718-A431388D2B5A" Name="General Text" />
		<Border Style="InShadow" Width="2" MarginTop="5" MarginRight="5" MarginBottom="5" MarginLeft="5" />
		<BackgroundColor RGB="#ffffff" />
		<TextColor>
			<UserColor GUID="CE751F75-C40E-4CE7-998A-8E00115EC81E">default selection</UserColor>
		</TextColor>
		<RowIndentation>3</RowIndentation>
		<RemoveDefaults>true</RemoveDefaults>
		<ElementTextAsTooltip>false</ElementTextAsTooltip>
		<ExplicitIdentifier>
			<Identifier>ParticipantsSubset( Participants )</Identifier>
			<FirstColumn>1</FirstColumn>
			<HeaderText>"Participants"</HeaderText>
			<NumberFormat Width="2" Decimals="0" Alignment="Center" Binary="true" />
		</ExplicitIdentifier>
	</PageObject>
	<PageObject Type="Scalar">
		<Location top="192" left="438" bottom="240" right="762" />
		<TabOrder>4</TabOrder>
		<Font GUID="C82FBF27-1614-41C9-B718-A431388D2B5A" Name="General Text" />
		<Border Style="InShadow" Width="2" MarginTop="5" MarginRight="5" MarginBottom="5" MarginLeft="5" />
		<BackgroundColor RGB="#ffffff" />
		<TextColor>
			<UserColor GUID="CE751F75-C40E-4CE7-998A-8E00115EC81E">default selection</UserColor>
		</TextColor>
		<Layout>Text-Value</Layout>
		<SeparatorSign>=</SeparatorSign>
		<ExplicitIdentifier>
			<Identifier>MaxCars</Identifier>
			<NumberFormat Width="5" Decimals="0" Alignment="Center" ShowDefaults="true" />
			<ProcedureUponChange>ModifyMaxCars</ProcedureUponChange>
		</ExplicitIdentifier>
		<ExplicitIdentifier>
			<Identifier>MaxParticipants</Identifier>
			<NumberFormat Width="3" Decimals="0" Alignment="Center" ShowDefaults="true" />
			<ProcedureUponChange>ModifyMaxParticipants</ProcedureUponChange>
		</ExplicitIdentifier>
	</PageObject>
	<PageObject Type="Text">
		<Location top="192" left="207" bottom="225" right="423" />
		<SourceType>StringParameter</SourceType>
		<StringParameter>PossibleCars( SelectedParticipant )</StringParameter>
		<Alignment>Center</Alignment>
		<Font GUID="C82FBF27-1614-41C9-B718-A431388D2B5A" Name="General Text" />
		<TextColor>
			<UserColor GUID="23F33851-505F-45B5-AA1F-5360CB8B3EFB">Text Blue</UserColor>
		</TextColor>
	</PageObject>
	<PageObject Type="Text">
		<Location top="366" left="207" bottom="399" right="423" />
		<SourceType>StringParameter</SourceType>
		<StringParameter>InterestedParticipants( SelectedCar )</StringParameter>
		<Alignment>Center</Alignment>
		<Font GUID="C82FBF27-1614-41C9-B718-A431388D2B5A" Name="General Text" />
		<TextColor>
			<UserColor GUID="23F33851-505F-45B5-AA1F-5360CB8B3EFB">Text Blue</UserColor>
		</TextColor>
	</PageObject>
	<PageObject Type="Rectangle">
		<Location top="312" left="6" bottom="336" right="192" />
		<FillColor>
			<UserColor GUID="A3839E01-47DC-46BB-819D-6CECB851B151">Bar Blue</UserColor>
		</FillColor>
		<LineColor>
			<UserColor GUID="A3839E01-47DC-46BB-819D-6CECB851B151">Bar Blue</UserColor>
		</LineColor>
	</PageObject>
	<PageObject Type="Text">
		<Location top="315" left="18" bottom="333" right="186" />
		<StaticText>Execution</StaticText>
		<Font GUID="107CF1DD-5B8E-41FC-BD55-10C950947E3C" Name="Headers" />
		<TextColor>
			<UserColor GUID="B5956EEA-5F3E-4BD0-85C7-9F70EB490991">Header Blue</UserColor>
		</TextColor>
	</PageObject>
	<PageObject Type="Text">
		<Location top="192" left="18" bottom="210" right="195" />
		<StaticText>Problem Description</StaticText>
		<Font GUID="C82FBF27-1614-41C9-B718-A431388D2B5A" Name="General Text" />
		<TextColor>
			<UserColor GUID="1798981A-C40D-4713-BC08-E97545963465">Link</UserColor>
		</TextColor>
	</PageObject>
	<UsedReferences>
		<Model>
			<Symbol>MaxParticipants</Symbol>
			<Symbol>Participants</Symbol>
			<Symbol>MaxCars</Symbol>
			<Symbol>Cars</Symbol>
			<Symbol>PossibleAssignments</Symbol>
			<Symbol>Assignments</Symbol>
			<Symbol>TotalCombinations</Symbol>
			<Symbol>ModifyMaxCars</Symbol>
			<Symbol>ModifyMaxParticipants</Symbol>
			<Symbol>GeneratePossiblePairs</Symbol>
			<Symbol>ParticipantPlaceX</Symbol>
			<Symbol>ParticipantPlaceY</Symbol>
			<Symbol>CarPlaceX</Symbol>
			<Symbol>CarPlaceY</Symbol>
			<Symbol>CarPictureName</Symbol>
			<Symbol>SelectedParticipant</Symbol>
			<Symbol>SelectedCar</Symbol>
			<Symbol>ParticipantsSubset</Symbol>
			<Symbol>CarsSubset</Symbol>
			<Symbol>PictureSize</Symbol>
			<Symbol>PossibleCars</Symbol>
			<Symbol>InterestedParticipants</Symbol>
			<Symbol>MainExecution</Symbol>
			<Symbol>p</Symbol>
			<Symbol>c</Symbol>
		</Model>
	</UsedReferences>
</Page>
