<?xml version="1.0" encoding="UTF-8"?>
<DockingPaneLayouts CompactMode="1">
	<DeveloperLayout>
		<Summary Panes="33" TopContainer="20" Client="25"/>
		<Pane-1 Type="0" DockingCX="250" DockingCY="250" Title="Model Explorer\nModel\n" ID="12" IconID="12" DockingHolder="23" LastHolder="23"/>
		<Pane-2 Type="0" DockingCX="250" DockingCY="250" Title="Model Explorer\nModel\n" ID="112" IconID="12" DockingHolder="26" LastHolder="26"/>
		<Pane-3 Type="0" DockingCX="250" DockingCY="250" Title="Identifier Selector\nIdentifiers\n" ID="13" IconID="13" DockingHolder="23" LastHolder="23"/>
		<Pane-4 Type="0" DockingCX="250" DockingCY="250" Title="Identifier Selector\nIdentifiers\n" ID="113" IconID="13" DockingHolder="26" LastHolder="26"/>
		<Pane-5 Type="0" DockingCX="250" DockingCY="250" Title="* Page Manager\nPages\n" ID="14" IconID="14" DockingHolder="23" LastHolder="23"/>
		<Pane-6 Type="0" DockingCX="250" DockingCY="250" Title="Page Manager\nPages\n" ID="114" IconID="14" DockingHolder="26" LastHolder="26"/>
		<Pane-7 Type="0" DockingCX="250" DockingCY="250" Title="Template Manager\nTemplates\n" ID="15" IconID="15" DockingHolder="23" LastHolder="23"/>
		<Pane-8 Type="0" DockingCX="250" DockingCY="250" Title="Template Manager\nTemplates\n" ID="115" IconID="15" DockingHolder="26" LastHolder="26"/>
		<Pane-9 Type="0" DockingCX="250" DockingCY="250" Title="Menu Builder\nMenus\n" ID="16" IconID="16" DockingHolder="23" LastHolder="23"/>
		<Pane-10 Type="0" DockingCX="250" DockingCY="250" Title="Menu Builder\nMenus\n" ID="116" IconID="16" DockingHolder="26" LastHolder="26"/>
		<Pane-11 Type="0" DockingCX="250" DockingCY="250" Title="Data Manager\nData\n" ID="17" IconID="17" DockingHolder="23" LastHolder="23"/>
		<Pane-12 Type="0" DockingCX="250" DockingCY="250" Title="Data Manager\nData\n" ID="117" IconID="17" DockingHolder="26" LastHolder="26"/>
		<Pane-13 Type="0" DockingCX="250" DockingCY="250" Title="Data Management Setup\nData Setup\n" ID="18" IconID="18" DockingHolder="23" LastHolder="23"/>
		<Pane-14 Type="0" DockingCX="250" DockingCY="250" Title="Data Management Setup\nData Setup\n" ID="118" IconID="18" DockingHolder="26" LastHolder="26"/>
		<Pane-15 Type="0" DockingCX="250" DockingCY="250" Title="Project Window\nProject\n" ID="11" IconID="11" DockingHolder="23" LastHolder="23"/>
		<Pane-16 Type="0" DockingCX="250" DockingCY="250" Title="Messages\nMessages\n" ID="20" IconID="20" DockingHolder="27" LastHolder="27"/>
		<Pane-17 Type="0" DockingCX="250" DockingCY="250" Title="Errors/Warnings\nErrors/Warnings\n" ID="21" IconID="21" DockingHolder="28" LastHolder="28"/>
		<Pane-18 Type="0" DockingCX="250" DockingCY="250" Title="Progress\nProgress\n" ID="19" IconID="19" DockingHolder="24" LastHolder="24"/>
		<Pane-19 Type="0" DockingCX="200" DockingCY="200" Title="* AIMMS Clock\n\n" ID="1000" IconID="1000" DockingHolder="29" FloatingHolder="33" LastHolder="33"/>
		<Pane-20 Type="2" Panes="4" Pane-1="21" Pane-2="27" Pane-3="28" Pane-4="29"/>
		<Pane-21 Type="2" DockingCY="863" Horiz="1" Panes="3" Pane-1="22" Pane-2="25" Pane-3="26"/>
		<Pane-22 Type="2" DockingCX="250" DockingCY="250" Panes="2" Pane-1="23" Pane-2="24"/>
		<Pane-23 Type="1" DockingCX="250" DockingCY="250" Panes="0"/>
		<Pane-24 Type="1" DockingCX="250" DockingCY="250" Panes="0"/>
		<Pane-25 Type="4" DockingCX="1346"/>
		<Pane-26 Type="1" DockingCX="250" DockingCY="250" Panes="0"/>
		<Pane-27 Type="1" DockingCX="250" DockingCY="250" Panes="0"/>
		<Pane-28 Type="1" DockingCX="250" DockingCY="250" Panes="0"/>
		<Pane-29 Type="1" DockingCX="200" DockingCY="200" Panes="0"/>
		<Pane-30 Type="5" Direction="3" Panes="0"/>
		<Pane-31 Type="3" WindowRectTopPos="350" WindowRectBottomPos="1043" WindowRectLeftPos="206" WindowRectRightPos="962" TopContaner="32"/>
		<Pane-32 Type="2" DockingCX="200" DockingCY="200" Horiz="1" Panes="1" Pane-1="33"/>
		<Pane-33 Type="1" DockingCX="200" DockingCY="200" Panes="0"/>
	</DeveloperLayout>
</DockingPaneLayouts>
