<?xml version="1.0"?>
<Page Version="4000" TimeStamp="2014-04-16 13:49:19">
	<PageEditSize Type="Inherited" />
	<ProjectUUID>BFF1C3FF-8E43-4EE1-B069-B58B352C79EE</ProjectUUID>
	<TemplatesTabOrderPosition>1</TemplatesTabOrderPosition>
	<Background Inherited="true" />
	<PageObject Type="Table">
		<Location top="282" left="66" bottom="456" right="354" />
		<TabOrder>7</TabOrder>
		<Font GUID="00000000-0000-0000-0000-000000000001" Name="Main Font" />
		<Border Style="InShadow" Width="2" MarginTop="5" MarginRight="5" MarginBottom="5" MarginLeft="5" />
		<BackgroundColor RGB="#ffffff" />
		<RowIndentation>3</RowIndentation>
		<ExplicitIdentifier>
			<Identifier>EarliestLanding( i )</Identifier>
			<FirstColumn>1</FirstColumn>
			<NumberFormat Width="4" Decimals="0" />
		</ExplicitIdentifier>
		<ExplicitIdentifier>
			<Identifier>TargetLanding( i )</Identifier>
			<FirstColumn>1</FirstColumn>
			<NumberFormat Width="4" Decimals="0" />
		</ExplicitIdentifier>
		<ExplicitIdentifier>
			<Identifier>LatestLanding( i )</Identifier>
			<FirstColumn>1</FirstColumn>
			<NumberFormat Width="4" Decimals="0" />
		</ExplicitIdentifier>
	</PageObject>
	<PageObject Type="Table">
		<Location top="102" left="66" bottom="276" right="354" />
		<TabOrder>1</TabOrder>
		<Font GUID="00000000-0000-0000-0000-000000000001" Name="Main Font" />
		<Border Style="InShadow" Width="2" MarginTop="5" MarginRight="5" MarginBottom="5" MarginLeft="5" />
		<BackgroundColor RGB="#ffffff" />
		<RowIndentation>3</RowIndentation>
		<ExplicitIdentifier>
			<Identifier>PenaltyBeforeTarget( i )</Identifier>
			<FirstColumn>1</FirstColumn>
			<NumberFormat Width="5" Decimals="1" />
		</ExplicitIdentifier>
		<ExplicitIdentifier>
			<Identifier>PenaltyAfterTarget( i )</Identifier>
			<FirstColumn>1</FirstColumn>
			<NumberFormat Width="5" Decimals="1" />
		</ExplicitIdentifier>
	</PageObject>
	<PageObject Type="Table">
		<Location top="282" left="372" bottom="456" right="468" />
		<TabOrder>2</TabOrder>
		<Font GUID="00000000-0000-0000-0000-000000000001" Name="Main Font" />
		<Border Style="InShadow" Width="2" MarginTop="5" MarginRight="5" MarginBottom="5" MarginLeft="5" />
		<BackgroundColor RGB="#ffffff" />
		<RowIndentation>3</RowIndentation>
		<ExplicitIdentifier>
			<Identifier>Landing( i )</Identifier>
			<FirstColumn>1</FirstColumn>
			<NumberFormat Width="4" Decimals="0" />
		</ExplicitIdentifier>
	</PageObject>
	<PageObject Type="Scalar">
		<Location top="246" left="372" bottom="276" right="468" />
		<TabOrder>3</TabOrder>
		<Font GUID="00000000-0000-0000-0000-000000000001" Name="Main Font" />
		<Border Style="InShadow" Width="2" MarginTop="5" MarginRight="5" MarginBottom="5" MarginLeft="5" />
		<BackgroundColor RGB="#ffffff" />
		<Layout>Text-Value</Layout>
		<SeparatorSign>=</SeparatorSign>
		<ExplicitIdentifier>
			<Identifier>TotalCost</Identifier>
			<NumberFormat Width="4" Decimals="0" Scientific="IfTooSmallorLarge" Alignment="Center" ShowDefaults="true" />
		</ExplicitIdentifier>
	</PageObject>
	<PageObject Type="Button">
		<Location top="192" left="372" bottom="234" right="468" />
		<TabOrder>4</TabOrder>
		<LeaveOnEnter>false</LeaveOnEnter>
		<ButtonType>Text</ButtonType>
		<Title>"Run"</Title>
		<Font GUID="00000000-0000-0000-0000-000000000001" Name="Main Font" />
		<ActionSequence>
			<Action Type="Run">
				<RunWhat>SpecificProcecure</RunWhat>
				<Procedure>MainExecution</Procedure>
				<AbortOnError>true</AbortOnError>
			</Action>
		</ActionSequence>
	</PageObject>
	<PageObject Type="Text">
		<Location top="48" left="114" bottom="96" right="294" />
		<StaticText>Input</StaticText>
		<Alignment>Center</Alignment>
		<Font GUID="9782A81B-6B90-4E42-8149-7B0620CA7B5B" Name="Title" />
		<TextColor RGB="#000000" />
	</PageObject>
	<PageObject Type="Text">
		<Location top="138" left="330" bottom="186" right="510" />
		<StaticText>Output</StaticText>
		<Alignment>Center</Alignment>
		<Font GUID="9782A81B-6B90-4E42-8149-7B0620CA7B5B" Name="Title" />
		<TextColor RGB="#000000" />
	</PageObject>
	<PageObject Type="Rectangle">
		<Location top="48" left="60" bottom="462" right="360" />
		<Shape>Open</Shape>
		<FillColor RGB="#ffffff" />
		<LineColor RGB="#000000" />
		<LineWidth>3</LineWidth>
	</PageObject>
	<PageObject Type="Rectangle">
		<Location top="126" left="366" bottom="462" right="474" />
		<Shape>Open</Shape>
		<FillColor RGB="#ffffff" />
		<LineColor RGB="#000000" />
		<LineWidth>3</LineWidth>
	</PageObject>
	<UsedReferences>
		<Model>
			<Symbol>MainExecution</Symbol>
			<Symbol>i</Symbol>
			<Symbol>PenaltyBeforeTarget</Symbol>
			<Symbol>PenaltyAfterTarget</Symbol>
			<Symbol>LatestLanding</Symbol>
			<Symbol>Landing</Symbol>
			<Symbol>EarliestLanding</Symbol>
			<Symbol>TotalCost</Symbol>
			<Symbol>TargetLanding</Symbol>
		</Model>
	</UsedReferences>
</Page>
