<?xml version="1.0"?>
<AimmsJSONMapping iterative-reset="biasInAITuples::i_childInstance,dex::schema::childNode,dex::schema::extbinding">
	<ExternalBinding binds-to="biasInAITuples::i_instance" binding="biasInAITuples::CurrentInstance" />
	<ObjectMapping>
		<ArrayMapping name="detail" iterative-reset="biasInAITuples::_HTTPValidationError::_detail::i_detail">
			<ObjectMapping iterative-binds-to="biasInAITuples::_HTTPValidationError::_detail::i_detail">
				<ArrayMapping name="loc" iterative-reset="biasInAITuples::_HTTPValidationError::_detail::_loc::i_loc">
					<ValueMapping iterative-binds-to="biasInAITuples::_HTTPValidationError::_detail::_loc::i_loc" maps-to="biasInAITuples::_HTTPValidationError::_detail::_loc::loc(biasInAITuples::i_instance,biasInAITuples::_HTTPValidationError::_detail::i_detail,biasInAITuples::_HTTPValidationError::_detail::_loc::i_loc)" />
				</ArrayMapping>
				<ValueMapping name="msg" write-defaults="1" maps-to="biasInAITuples::_HTTPValidationError::_detail::msg(biasInAITuples::i_instance,biasInAITuples::_HTTPValidationError::_detail::i_detail)" />
				<ValueMapping name="type" write-defaults="1" maps-to="biasInAITuples::_HTTPValidationError::_detail::type_(biasInAITuples::i_instance,biasInAITuples::_HTTPValidationError::_detail::i_detail)" />
			</ObjectMapping>
		</ArrayMapping>
	</ObjectMapping>
</AimmsJSONMapping>
