<?xml version="1.0"?>
<Page Version="4000" TimeStamp="2016-06-03 11:04:17">
	<Location top="23" left="4" bottom="644" right="768" />
	<PageEditSize Type="Inherited">
		<Size Width="772" Height="622" />
	</PageEditSize>
	<ProjectUUID>02A93BA6-5188-4B85-8BBE-0C0F92E6B422</ProjectUUID>
	<Title>NLPageTitle</Title>
	<TemplatesTabOrderPosition>1</TemplatesTabOrderPosition>
	<ResizeData>
		<MainArea Line="FixedFromTop" Value="99">
			<TopArea Line="FixedFromLeft" Value="200" />
			<BottomArea Line="FixedFromLeft" Value="201">
				<LeftArea Line="FixedFromTop" Value="204">
					<BottomArea Line="FixedFromTop" Value="285" />
				</LeftArea>
				<RightArea Line="FixedFromTop" Value="85" />
			</BottomArea>
		</MainArea>
	</ResizeData>
	<Background>
		<UserColor GUID="C167FFC6-26E4-4869-B2E3-AE3BC2237C70">white</UserColor>
	</Background>
	<Action>
		<EntryProcedure>ZoomToNetherlands</EntryProcedure>
	</Action>
	<HorizontalGridDistance>3</HorizontalGridDistance>
	<VerticalGridDistance>3</VerticalGridDistance>
	<PageObject Type="Button">
		<Location top="186" left="6" bottom="210" right="192" />
		<TabOrder>3</TabOrder>
		<ButtonType>Text</ButtonType>
		<Transparent>true</Transparent>
		<Font GUID="0BDEF216-23B3-4F0F-B5D6-83C5A7303CF9" Name="Buttons" />
		<ActionSequence>
			<Action Type="LinkedPage">
				<Page PageGUID="DB6C03A1-3839-4CB2-929A-DE7E28415A19" Name="AIMMS Demo" />
			</Action>
			<Action Type="ClosePage" />
		</ActionSequence>
	</PageObject>
	<PageObject Type="Network Object">
		<Location top="189" left="207" bottom="561" right="531" />
		<ReadOnly>"Yes"</ReadOnly>
		<TabOrder>11</TabOrder>
		<Font GUID="5E409E46-23C6-44C7-B6AC-C10B823340F6" Name="default" />
		<Border Style="InShadow" Width="2" />
		<BackgroundColor RGB="#ffffff" />
		<HorizontalScrollbar>true</HorizontalScrollbar>
		<VerticalScrollbar>true</VerticalScrollbar>
		<ScrollControl>NavigationButtons</ScrollControl>
		<AutoAdjust>Right</AutoAdjust>
		<VisibleArea>
			<Left>ActiveBounds( 'Left' )</Left>
			<Right>ActiveBounds( 'Right' )</Right>
			<Top>ActiveBounds( 'Top' )</Top>
			<Bottom>ActiveBounds( 'Bottom' )</Bottom>
		</VisibleArea>
		<TotalArea>
			<Left>-180</Left>
			<Right>180</Right>
			<Top>90</Top>
			<Bottom>-90</Bottom>
		</TotalArea>
		<Background>
			<Background_Image_Source ID="101">"From GIS Source"</Background_Image_Source>
			<Source>
				<Name ID="1001">"Demis"</Name>
				<URL ID="1007">"http://www2.demis.nl/wms/wms.ashx?WMS=WorldMap"</URL>
			</Source>
			<Source>
				<Name ID="1001">"Netherlands Bitmap"</Name>
				<Type ID="1002">"File"</Type>
				<Image_File ID="1012">"&lt;prj&gt;:Netherlands.bmp"</Image_File>
				<Image_Coordinates>
					<Left ID="1014">3.3</Left>
					<Right ID="1015">7.3</Right>
					<Bottom ID="1016">50.68</Bottom>
					<Top ID="1017">53.5</Top>
				</Image_Coordinates>
			</Source>
			<Source>
				<Name ID="1001">"Roads"</Name>
				<Type ID="1002">"ESRI"</Type>
				<Shape_File ID="1011">"Roads Shape Files\road.shp"</Shape_File>
			</Source>
			<Layer>
				<Name ID="2001">"Oceans"</Name>
				<Source ID="2012">"Demis"</Source>
				<External_Name ID="2002">"Bathymetry"</External_Name>
				<Show_Layer ID="2010">InternetConnectionExist</Show_Layer>
			</Layer>
			<Layer>
				<Name ID="2001">"Land"</Name>
				<Source ID="2012">"Demis"</Source>
				<External_Name ID="2002">"Topography"</External_Name>
				<Show_Layer ID="2010">InternetConnectionExist</Show_Layer>
			</Layer>
			<Layer>
				<Name ID="2001">"Borders"</Name>
				<Source ID="2012">"Demis"</Source>
				<External_Name ID="2002">"Borders"</External_Name>
				<Show_Layer ID="2010">InternetConnectionExist</Show_Layer>
			</Layer>
			<Layer>
				<Name ID="2001">"Cities"</Name>
				<Source ID="2012">"Demis"</Source>
				<External_Name ID="2002">"Builtup areas"</External_Name>
				<Show_Layer ID="2010">InternetConnectionExist</Show_Layer>
			</Layer>
			<Layer>
				<Name ID="2001">"Waters"</Name>
				<Source ID="2012">"Demis"</Source>
				<External_Name ID="2002">"Waterbodies"</External_Name>
				<Show_Layer ID="2010">VALUE := ShowRivers and InternetConnectionExist</Show_Layer>
			</Layer>
			<Layer>
				<Name ID="2001">"Rivers"</Name>
				<Source ID="2012">"Demis"</Source>
				<External_Name ID="2002">"Rivers"</External_Name>
				<Show_Layer ID="2010">VALUE := ShowRivers and InternetConnectionExist</Show_Layer>
			</Layer>
			<Layer>
				<Name ID="2001">"Highways"</Name>
				<Source ID="2012">"Demis"</Source>
				<External_Name ID="2002">"Highways"</External_Name>
				<Show_Layer ID="2010">VALUE := ShowHighways and InternetConnectionExist</Show_Layer>
			</Layer>
			<Layer>
				<Name ID="2001">"Roads"</Name>
				<Source ID="2012">"Roads"</Source>
				<External_Name ID="2002">"Roads"</External_Name>
				<Show_Layer ID="2010">VALUE := ShowRoads</Show_Layer>
			</Layer>
			<Layer>
				<Name ID="2001">"NL bitmap"</Name>
				<Source ID="2012">"Netherlands Bitmap"</Source>
				<Show_Layer ID="2010">VALUE := 1-InternetConnectionExist</Show_Layer>
			</Layer>
		</Background>
		<Node>
			<Identifier>dd</Identifier>
			<XCoordinate>XCoordinate( dd-&gt;Depot )</XCoordinate>
			<YCoordinate>YCoordinate( dd-&gt;Depot )</YCoordinate>
			<NumberFormat Width="6" Decimals="2" />
			<MaximumSize>15</MaximumSize>
			<ScaleFactor>12</ScaleFactor>
			<TextPosition>Left</TextPosition>
			<TextShowWhat>OtherIdentifier</TextShowWhat>
			<Color>RGB 804000</Color>
			<Text>DepotName( dd )</Text>
			<Shape>Circle</Shape>
		</Node>
		<Node>
			<Identifier>dc</Identifier>
			<XCoordinate>XCoordinate( dc )</XCoordinate>
			<YCoordinate>YCoordinate( dc )</YCoordinate>
			<NumberFormat Width="6" Decimals="2" />
			<MaximumSize>15</MaximumSize>
			<ScaleFactor>5</ScaleFactor>
			<TextPosition>Right</TextPosition>
			<TextShowWhat>OtherIdentifier</TextShowWhat>
			<Color>RGB 804000</Color>
			<Text>CustomerName( dc )</Text>
			<Shape>Rectangle</Shape>
		</Node>
		<Arc>
			<Identifier>Transport( dd, dc )</Identifier>
			<NumberFormat Width="6" Decimals="2" />
			<MaximumSize>8</MaximumSize>
			<ScaleFactor>0.005</ScaleFactor>
			<TextPosition>Right</TextPosition>
			<Color>RGB 4080ff</Color>
			<Size>Transport( dd, dc )</Size>
			<ShapeExtraData>CurveSetting( dd, dc )</ShapeExtraData>
			<Shape>Curved</Shape>
			<FirstSegment>Horizontal</FirstSegment>
			<ClickWhere>GripPoint</ClickWhere>
		</Arc>
	</PageObject>
	<PageObject Type="Composite Table">
		<Location top="243" left="537" bottom="441" right="768" />
		<Hidden>ZoomEuropeOrUSA</Hidden>
		<TabOrder>13</TabOrder>
		<Font GUID="428A93A5-26E1-4F42-8B0F-227299B289C7" Name="Table Text" />
		<Border Style="InShadow" Width="2" MarginTop="5" MarginRight="5" MarginBottom="5" MarginLeft="5" />
		<BackgroundColor RGB="#ffffff" />
		<TextColor>
			<UserColor GUID="C2620AD3-F3CE-4CDC-BAEC-17742857CC54">default selection</UserColor>
		</TextColor>
		<AutomaticReSort>false</AutomaticReSort>
		<Domain>
			<Identifier>Transport( Depot, c )</Identifier>
			<Index Name="c">
				<TitleText>"Customer"</TitleText>
			</Index>
		</Domain>
		<ExplicitIdentifier>
			<Identifier>Transport( Depot, c )</Identifier>
			<NumberFormat Width="4" Decimals="0" Alignment="Center" />
			<TitleText>"Transport"</TitleText>
		</ExplicitIdentifier>
	</PageObject>
	<PageObject Type="Text">
		<Location top="219" left="537" bottom="237" right="633" />
		<Hidden>ZoomEuropeOrUSA</Hidden>
		<StaticText>From depot:</StaticText>
		<Font GUID="C82FBF27-1614-41C9-B718-A431388D2B5A" Name="General Text" />
		<TextColor>
			<UserColor GUID="C2620AD3-F3CE-4CDC-BAEC-17742857CC54">default selection</UserColor>
		</TextColor>
	</PageObject>
	<PageObject Type="Scalar">
		<Location top="219" left="648" bottom="240" right="750" />
		<ReadOnly>"Yes"</ReadOnly>
		<Hidden>ZoomEuropeOrUSA</Hidden>
		<TabOrder>12</TabOrder>
		<Font GUID="C82FBF27-1614-41C9-B718-A431388D2B5A" Name="General Text" />
		<Border Style="None" />
		<BackgroundColor>
			<UserColor GUID="C167FFC6-26E4-4869-B2E3-AE3BC2237C70">white</UserColor>
		</BackgroundColor>
		<TextColor>
			<UserColor GUID="C2620AD3-F3CE-4CDC-BAEC-17742857CC54">default selection</UserColor>
		</TextColor>
		<Layout>SingleLineEditField</Layout>
		<SeparatorSign>=</SeparatorSign>
		<ExplicitIdentifier>
			<Identifier>Depot</Identifier>
			<NumberFormat Width="15" Decimals="0" Alignment="Left" ShowDefaults="true" />
		</ExplicitIdentifier>
	</PageObject>
	<PageObject Type="Button">
		<Location top="363" left="6" bottom="387" right="192" />
		<TabOrder>6</TabOrder>
		<ButtonType>Text</ButtonType>
		<Title>"Zoom to the Netherlands"</Title>
		<Font GUID="0BDEF216-23B3-4F0F-B5D6-83C5A7303CF9" Name="Buttons" />
		<ActionSequence>
			<Action Type="Run">
				<RunWhat>SpecificProcecure</RunWhat>
				<Procedure>ZoomToNetherlands</Procedure>
				<AbortOnError>true</AbortOnError>
			</Action>
		</ActionSequence>
	</PageObject>
	<PageObject Type="Scalar">
		<Location top="450" left="6" bottom="582" right="192" />
		<TabOrder>15</TabOrder>
		<TabStop>false</TabStop>
		<Font GUID="428A93A5-26E1-4F42-8B0F-227299B289C7" Name="Table Text" />
		<Border Style="Line" Width="2" MarginTop="5" MarginRight="5" MarginBottom="5" MarginLeft="5" />
		<BackgroundColor RGB="#ffffff" />
		<TextColor>
			<UserColor GUID="C2620AD3-F3CE-4CDC-BAEC-17742857CC54">default selection</UserColor>
		</TextColor>
		<Layout>MultipleLineEditField</Layout>
		<DisplayTextFile>true</DisplayTextFile>
		<SeparatorSign>=</SeparatorSign>
		<ExplicitIdentifier>
			<Identifier>NetworkInfo</Identifier>
			<NumberFormat Width="15" Decimals="0" Alignment="Left" ShowDefaults="true" />
		</ExplicitIdentifier>
	</PageObject>
	<PageObject Type="Selection Object">
		<SelectionType>CheckBoxes</SelectionType>
		<Location top="495" left="534" bottom="561" right="762" />
		<Hidden>VALUE := (1 - InternetConnectionExist)</Hidden>
		<TabOrder>14</TabOrder>
		<Font GUID="C82FBF27-1614-41C9-B718-A431388D2B5A" Name="General Text" />
		<TextShown>IdentifierText</TextShown>
		<Border Style="None" Width="2" MarginTop="5" MarginRight="5" MarginBottom="5" MarginLeft="5" />
		<BackgroundColor>
			<UserColor GUID="C167FFC6-26E4-4869-B2E3-AE3BC2237C70">white</UserColor>
		</BackgroundColor>
		<TextColor>
			<UserColor GUID="C2620AD3-F3CE-4CDC-BAEC-17742857CC54">default selection</UserColor>
		</TextColor>
		<ExplicitIdentifier>
			<Identifier>ShowRivers</Identifier>
			<Description>"Show Rivers"</Description>
		</ExplicitIdentifier>
		<ExplicitIdentifier>
			<Identifier>ShowHighways</Identifier>
			<Description>"Show Highways"</Description>
		</ExplicitIdentifier>
		<ExplicitIdentifier>
			<Identifier>ShowRoads</Identifier>
			<Description>"Show Roads (USA only - using shape files)"</Description>
		</ExplicitIdentifier>
	</PageObject>
	<PageObject Type="Button">
		<Location top="393" left="6" bottom="417" right="192" />
		<ReadOnly>VALUE := 1 - InternetConnectionExist</ReadOnly>
		<TabOrder>8</TabOrder>
		<ButtonType>Text</ButtonType>
		<Title>"Zoom to Europe"</Title>
		<Font GUID="0BDEF216-23B3-4F0F-B5D6-83C5A7303CF9" Name="Buttons" />
		<ActionSequence>
			<Action Type="Run">
				<RunWhat>SpecificProcecure</RunWhat>
				<Procedure>ZoomToEurope</Procedure>
				<AbortOnError>true</AbortOnError>
			</Action>
		</ActionSequence>
	</PageObject>
	<PageObject Type="Button">
		<Location top="423" left="6" bottom="447" right="192" />
		<ReadOnly>VALUE := 1-InternetConnectionExist</ReadOnly>
		<TabOrder>9</TabOrder>
		<ButtonType>Text</ButtonType>
		<Title>"Zoom to USA"</Title>
		<Font GUID="0BDEF216-23B3-4F0F-B5D6-83C5A7303CF9" Name="Buttons" />
		<ActionSequence>
			<Action Type="Run">
				<RunWhat>SpecificProcecure</RunWhat>
				<Procedure>ZoomToUSA</Procedure>
				<AbortOnError>true</AbortOnError>
			</Action>
		</ActionSequence>
	</PageObject>
	<PageObject Type="Button">
		<Location top="216" left="6" bottom="240" right="192" />
		<TabOrder>4</TabOrder>
		<ButtonType>Text</ButtonType>
		<Transparent>true</Transparent>
		<Font GUID="0BDEF216-23B3-4F0F-B5D6-83C5A7303CF9" Name="Buttons" />
		<ActionSequence>
			<Action Type="LinkedPage">
				<Page PageGUID="5D5995C1-0141-42E9-9D29-C5EBB558C2A8" Name="USA" />
			</Action>
			<Action Type="ClosePage" />
		</ActionSequence>
	</PageObject>
	<PageObject Type="Button">
		<Location top="333" left="6" bottom="357" right="192" />
		<TabOrder>5</TabOrder>
		<ButtonType>Text</ButtonType>
		<Title>"Reset network area"</Title>
		<Font GUID="0BDEF216-23B3-4F0F-B5D6-83C5A7303CF9" Name="Buttons" />
		<ActionSequence>
			<Action Type="Run">
				<RunWhat>SpecificProcecure</RunWhat>
				<Procedure>ResetNetworkArea</Procedure>
				<AbortOnError>true</AbortOnError>
			</Action>
		</ActionSequence>
	</PageObject>
	<PageObject Type="Selection Object">
		<SelectionType>CheckBoxes</SelectionType>
		<Location top="444" left="534" bottom="492" right="726" />
		<Hidden>ZoomEuropeOrUSA</Hidden>
		<TabOrder>10</TabOrder>
		<Font GUID="C82FBF27-1614-41C9-B718-A431388D2B5A" Name="General Text" />
		<TextShown>IdentifierText</TextShown>
		<Border Style="None" Width="2" MarginTop="5" MarginRight="5" MarginBottom="5" MarginLeft="5" />
		<BackgroundColor>
			<UserColor GUID="C167FFC6-26E4-4869-B2E3-AE3BC2237C70">white</UserColor>
		</BackgroundColor>
		<TextColor>
			<UserColor GUID="C2620AD3-F3CE-4CDC-BAEC-17742857CC54">default selection</UserColor>
		</TextColor>
		<ExplicitIdentifier>
			<Identifier>CustomerNameLong</Identifier>
			<Description>"Full customer name"</Description>
		</ExplicitIdentifier>
		<ExplicitIdentifier>
			<Identifier>DepotNameLong</Identifier>
			<Description>"Full depot name"</Description>
		</ExplicitIdentifier>
	</PageObject>
	<PageObject Type="Text">
		<Location top="564" left="537" bottom="606" right="747" />
		<StaticText>Note: Rivers and Highways only present when visible area is small enough.</StaticText>
		<Font GUID="C82FBF27-1614-41C9-B718-A431388D2B5A" Name="General Text" />
		<TextColor>
			<UserColor GUID="C2620AD3-F3CE-4CDC-BAEC-17742857CC54">default selection</UserColor>
		</TextColor>
	</PageObject>
	<PageObject Type="Rectangle">
		<Location top="306" left="6" bottom="330" right="192" />
		<FillColor>
			<UserColor GUID="A3839E01-47DC-46BB-819D-6CECB851B151">Bar Blue</UserColor>
		</FillColor>
		<LineColor>
			<UserColor GUID="A3839E01-47DC-46BB-819D-6CECB851B151">Bar Blue</UserColor>
		</LineColor>
	</PageObject>
	<PageObject Type="Text">
		<Location top="309" left="18" bottom="327" right="186" />
		<StaticText>Execution</StaticText>
		<Font GUID="107CF1DD-5B8E-41FC-BD55-10C950947E3C" Name="Headers" />
		<TextColor>
			<UserColor GUID="B5956EEA-5F3E-4BD0-85C7-9F70EB490991">Header Blue</UserColor>
		</TextColor>
	</PageObject>
	<PageObject Type="Text">
		<Location top="192" left="18" bottom="210" right="198" />
		<StaticText>Problem Description</StaticText>
		<Font GUID="C82FBF27-1614-41C9-B718-A431388D2B5A" Name="General Text" />
		<TextColor>
			<UserColor GUID="1798981A-C40D-4713-BC08-E97545963465">Link</UserColor>
		</TextColor>
	</PageObject>
	<PageObject Type="Text">
		<Location top="222" left="18" bottom="240" right="198" />
		<StaticText>Demo Page 2</StaticText>
		<Font GUID="C82FBF27-1614-41C9-B718-A431388D2B5A" Name="General Text" />
		<TextColor>
			<UserColor GUID="1798981A-C40D-4713-BC08-E97545963465">Link</UserColor>
		</TextColor>
	</PageObject>
	<PageObject Type="Button">
		<Location top="189" left="537" bottom="213" right="723" />
		<Hidden>ZoomEuropeOrUSA</Hidden>
		<TabOrder>7</TabOrder>
		<ButtonType>Text</ButtonType>
		<Title>"Solve Transport Model"</Title>
		<Font GUID="0BDEF216-23B3-4F0F-B5D6-83C5A7303CF9" Name="Buttons" />
		<ActionSequence>
			<Action Type="Run">
				<RunWhat>SpecificProcecure</RunWhat>
				<Procedure>MainExecution</Procedure>
				<AbortOnError>true</AbortOnError>
			</Action>
		</ActionSequence>
	</PageObject>
	<PageObject Type="Button">
		<Location top="246" left="6" bottom="270" right="192" />
		<TabOrder>2</TabOrder>
		<ButtonType>Text</ButtonType>
		<Transparent>true</Transparent>
		<Font GUID="0BDEF216-23B3-4F0F-B5D6-83C5A7303CF9" Name="Buttons" />
		<ActionSequence>
			<Action Type="LinkedPage">
				<Page PageGUID="C2C707C1-FC4F-425D-A40A-96E40E4B5255" Name="AIMMS Offices" />
			</Action>
			<Action Type="ClosePage" />
		</ActionSequence>
	</PageObject>
	<PageObject Type="Text">
		<Location top="252" left="18" bottom="270" right="198" />
		<StaticText>Demo Page 3</StaticText>
		<Font GUID="C82FBF27-1614-41C9-B718-A431388D2B5A" Name="General Text" />
		<TextColor>
			<UserColor GUID="1798981A-C40D-4713-BC08-E97545963465">Link</UserColor>
		</TextColor>
	</PageObject>
	<PageObject Type="Text">
		<Location top="567" left="207" bottom="624" right="531" />
		<StaticText>Disclaimer:
Example uses Demis Web Map Server as data source with permission of Demis. For licensing and use rights, visit www.demis.nl.</StaticText>
		<Font GUID="428A93A5-26E1-4F42-8B0F-227299B289C7" Name="Table Text" />
		<TextColor>
			<UserColor GUID="23F33851-505F-45B5-AA1F-5360CB8B3EFB">Text Blue</UserColor>
		</TextColor>
	</PageObject>
	<UsedReferences>
		<Model>
			<Symbol>Transport</Symbol>
			<Symbol>ActiveBounds</Symbol>
			<Symbol>NetworkInfo</Symbol>
			<Symbol>InternetConnectionExist</Symbol>
			<Symbol>XCoordinate</Symbol>
			<Symbol>YCoordinate</Symbol>
			<Symbol>NLPageTitle</Symbol>
			<Symbol>DepotNameLong</Symbol>
			<Symbol>DepotName</Symbol>
			<Symbol>CustomerNameLong</Symbol>
			<Symbol>CustomerName</Symbol>
			<Symbol>ShowRivers</Symbol>
			<Symbol>ShowHighways</Symbol>
			<Symbol>CurveSetting</Symbol>
			<Symbol>ShowRoads</Symbol>
			<Symbol>MainExecution</Symbol>
			<Symbol>ZoomToNetherlands</Symbol>
			<Symbol>ZoomToUSA</Symbol>
			<Symbol>ZoomToEurope</Symbol>
			<Symbol>ResetNetworkArea</Symbol>
			<Symbol>Depot</Symbol>
			<Symbol>c</Symbol>
			<Symbol>dd</Symbol>
			<Symbol>dc</Symbol>
			<Symbol>ZoomEuropeOrUSA</Symbol>
		</Model>
	</UsedReferences>
</Page>
