<?xml version="1.0"?>
<Page Version="4000" TimeStamp="2016-06-03 10:43:25">
	<Location top="23" left="4" bottom="644" right="768" />
	<PageEditSize Type="Inherited">
		<Size Width="772" Height="622" />
	</PageEditSize>
	<ProjectUUID>02A93BA6-5188-4B85-8BBE-0C0F92E6B422</ProjectUUID>
	<TemplatesTabOrderPosition>1</TemplatesTabOrderPosition>
	<ResizeData>
		<MainArea Line="FixedFromTop" Value="99">
			<TopArea Line="FixedFromLeft" Value="200" />
			<BottomArea Line="FixedFromLeft" Value="201">
				<LeftArea Line="FixedFromTop" Value="204">
					<BottomArea Line="FixedFromTop" Value="282" />
				</LeftArea>
				<RightArea Line="FixedFromTop" Value="85" />
			</BottomArea>
		</MainArea>
	</ResizeData>
	<Background>
		<UserColor GUID="C167FFC6-26E4-4869-B2E3-AE3BC2237C70">white</UserColor>
	</Background>
	<Action>
		<EntryProcedure>ZoomToUSA</EntryProcedure>
	</Action>
	<HorizontalGridDistance>3</HorizontalGridDistance>
	<VerticalGridDistance>3</VerticalGridDistance>
	<PageObject Type="Button">
		<Location top="186" left="6" bottom="210" right="192" />
		<TabOrder>3</TabOrder>
		<ButtonType>Text</ButtonType>
		<Transparent>true</Transparent>
		<Font GUID="0BDEF216-23B3-4F0F-B5D6-83C5A7303CF9" Name="Buttons" />
		<ActionSequence>
			<Action Type="LinkedPage">
				<Page PageGUID="DB6C03A1-3839-4CB2-929A-DE7E28415A19" Name="AIMMS Demo" />
			</Action>
			<Action Type="ClosePage" />
		</ActionSequence>
	</PageObject>
	<PageObject Type="Network Object">
		<Location top="189" left="207" bottom="555" right="567" />
		<ReadOnly>"Yes"</ReadOnly>
		<TabOrder>7</TabOrder>
		<Font GUID="5E409E46-23C6-44C7-B6AC-C10B823340F6" Name="default" />
		<Border Style="InShadow" Width="2" />
		<BackgroundColor RGB="#ffffff" />
		<HorizontalScrollbar>true</HorizontalScrollbar>
		<VerticalScrollbar>true</VerticalScrollbar>
		<ScrollControl>NavigationButtons</ScrollControl>
		<AutoAdjust>Right</AutoAdjust>
		<VisibleArea>
			<Left>ActiveBounds( 'Left' )</Left>
			<Right>ActiveBounds( 'Right' )</Right>
			<Top>ActiveBounds( 'Top' )</Top>
			<Bottom>ActiveBounds( 'Bottom' )</Bottom>
		</VisibleArea>
		<Background>
			<Background_Image_Source ID="101">"From GIS Source"</Background_Image_Source>
			<Source>
				<Name ID="1001">"Demis"</Name>
				<Type ID="1002">"WMS"</Type>
				<URL ID="1007">"http://www2.demis.nl/wms/wms.ashx?WMS=WorldMap"</URL>
			</Source>
			<Source>
				<Name ID="1001">StateSource( s )</Name>
				<Type ID="1002">"GML"</Type>
				<GML_File ID="1010">StateGMLFile( s )</GML_File>
			</Source>
			<Source>
				<Name ID="1001">"US Roads"</Name>
				<Type ID="1002">"ESRI"</Type>
				<Shape_File ID="1011">"Roads Shape Files\road.shp"</Shape_File>
			</Source>
			<Source>
				<Name ID="1001">"OpenStreetMap"</Name>
				<Type ID="1002">"OpenStreetMap"</Type>
			</Source>
			<Layer>
				<Name ID="2001">"Oceans"</Name>
				<Source ID="2012">"Demis"</Source>
				<External_Name ID="2002">"Bathymetry"</External_Name>
				<Show_Layer ID="2010">VALUE := 1 - OpenStreetMapBackground</Show_Layer>
			</Layer>
			<Layer>
				<Name ID="2001">"Land"</Name>
				<Source ID="2012">"Demis"</Source>
				<External_Name ID="2002">"Topography"</External_Name>
				<Show_Layer ID="2010">VALUE := 1 - OpenStreetMapBackground</Show_Layer>
			</Layer>
			<Layer>
				<Name ID="2001">"Borders"</Name>
				<Source ID="2012">"Demis"</Source>
				<External_Name ID="2002">"Borders"</External_Name>
				<Show_Layer ID="2010">VALUE := 1 - OpenStreetMapBackground</Show_Layer>
			</Layer>
			<Layer>
				<Name ID="2001">"US OpenStreetMap"</Name>
				<Source ID="2012">"OpenStreetMap"</Source>
				<Show_Layer ID="2010">OpenStreetMapBackground</Show_Layer>
			</Layer>
			<Layer>
				<Name ID="2001">StateLayer( s )</Name>
				<Source ID="2012">StateSource( s )</Source>
				<Appearance>
					<Fill_Color ID="2011">StateColor( s )</Fill_Color>
				</Appearance>
			</Layer>
			<Layer>
				<Name ID="2001">"Roads"</Name>
				<Source ID="2012">"US Roads"</Source>
				<Show_Layer ID="2010">ShowRoads</Show_Layer>
			</Layer>
		</Background>
	</PageObject>
	<PageObject Type="Button">
		<Location top="216" left="6" bottom="240" right="192" />
		<TabOrder>4</TabOrder>
		<ButtonType>Text</ButtonType>
		<Transparent>true</Transparent>
		<Font GUID="0BDEF216-23B3-4F0F-B5D6-83C5A7303CF9" Name="Buttons" />
		<ActionSequence>
			<Action Type="LinkedPage">
				<Page PageGUID="D266E602-DE33-4E68-8FC3-E1E5BB014927" Name="The Netherlands" />
			</Action>
			<Action Type="ClosePage" />
		</ActionSequence>
	</PageObject>
	<PageObject Type="Pivot Table">
		<Location top="207" left="579" bottom="444" right="765" />
		<TabOrder>8</TabOrder>
		<ObjectUUID>B03341EE-24D8-4E8F-976E-2B14765D82E8</ObjectUUID>
		<Font GUID="5E409E46-23C6-44C7-B6AC-C10B823340F6" Name="default" />
		<Border Style="InShadow" Width="2" MarginTop="5" MarginRight="5" MarginBottom="5" MarginLeft="5" />
		<Contents>
			<Explicit_Identifier>
				<Identifier ID="4110">AnnualRainfall( s )</Identifier>
				<Format>
					<Show_Checkboxes ID="4315">"No"</Show_Checkboxes>
				</Format>
			</Explicit_Identifier>
		</Contents>
		<Indices>
			<Explicit_Index>
				<Index ID="6510">s</Index>
				<Link_to_Element_Parameter ID="6515">AState</Link_to_Element_Parameter>
				<Header_Title ID="6530">"State"</Header_Title>
			</Explicit_Index>
		</Indices>
		<General>
			<Save_Layout_State>
				<Store_Entire_Tree_Layout ID="1110">1</Store_Entire_Tree_Layout>
			</Save_Layout_State>
		</General>
		<Row_Area>
			<Background_Color ID="2010">RGB&lt;255,255,200&gt;</Background_Color>
			<Text_Color ExtraInfo="C2620AD3-F3CE-4CDC-BAEC-17742857CC54" ID="2020">"default selection"</Text_Color>
			<Headers>
				<Background_Color ExtraInfo="C2620AD3-F3CE-4CDC-BAEC-17742857CC54" ID="2120">"default selection"</Background_Color>
				<Text_Color ID="2130">RGB&lt;255,255,255&gt;</Text_Color>
			</Headers>
		</Row_Area>
		<Grid_Area>
			<Background_Color ID="5010">RGB&lt;255,255,255&gt;</Background_Color>
			<Alternating_Background_Color ID="5011">RGB&lt;225,225,225&gt;</Alternating_Background_Color>
			<Aggregators>
				<Background_Color ID="5220">RGB&lt;255,128,128&gt;</Background_Color>
			</Aggregators>
			<Sub_Header_Row_or_Column>
				<Background_Color ID="5320">RGB&lt;255,255,200&gt;</Background_Color>
			</Sub_Header_Row_or_Column>
		</Grid_Area>
	</PageObject>
	<PageObject Type="Indexed Page Object">
		<Location top="474" left="579" bottom="609" right="765" />
		<TabOrder>5</TabOrder>
		<TabStop>false</TabStop>
		<Border Style="InShadow" />
		<Rows>
			<ElementParameter>ALevel</ElementParameter>
		</Rows>
		<Columns>
			<FixedNumber>2</FixedNumber>
		</Columns>
		<PageToShow PageGUID="4CC0D351-9188-4D9F-B4D2-AC65C4DB9D6B" Name="Legend" />
		<Layout>ColumnWise</Layout>
		<BackgroundColor RGB="#ffffff" />
		<ForeGroundColor>
			<UserColor GUID="C2620AD3-F3CE-4CDC-BAEC-17742857CC54">default selection</UserColor>
		</ForeGroundColor>
	</PageObject>
	<PageObject Type="Text">
		<Location top="450" left="579" bottom="468" right="765" />
		<StaticText>Legend (inches)</StaticText>
		<Font GUID="C82FBF27-1614-41C9-B718-A431388D2B5A" Name="General Text" />
		<TextColor>
			<UserColor GUID="C2620AD3-F3CE-4CDC-BAEC-17742857CC54">default selection</UserColor>
		</TextColor>
	</PageObject>
	<PageObject Type="Text">
		<Location top="189" left="579" bottom="210" right="765" />
		<StaticText>Annual Rainfall data</StaticText>
		<Alignment>Center</Alignment>
		<Font GUID="C82FBF27-1614-41C9-B718-A431388D2B5A" Name="General Text" />
		<TextColor>
			<UserColor GUID="C2620AD3-F3CE-4CDC-BAEC-17742857CC54">default selection</UserColor>
		</TextColor>
	</PageObject>
	<PageObject Type="Text">
		<Location top="192" left="18" bottom="210" right="195" />
		<StaticText>Problem Description</StaticText>
		<Font GUID="C82FBF27-1614-41C9-B718-A431388D2B5A" Name="General Text" />
		<TextColor>
			<UserColor GUID="1798981A-C40D-4713-BC08-E97545963465">Link</UserColor>
		</TextColor>
	</PageObject>
	<PageObject Type="Text">
		<Location top="222" left="18" bottom="240" right="195" />
		<StaticText>Demo Page 1</StaticText>
		<Font GUID="C82FBF27-1614-41C9-B718-A431388D2B5A" Name="General Text" />
		<TextColor>
			<UserColor GUID="1798981A-C40D-4713-BC08-E97545963465">Link</UserColor>
		</TextColor>
	</PageObject>
	<PageObject Type="Selection Object">
		<SelectionType>CheckBoxes</SelectionType>
		<Location top="552" left="207" bottom="576" right="567" />
		<TabOrder>9</TabOrder>
		<Font GUID="428A93A5-26E1-4F42-8B0F-227299B289C7" Name="Table Text" />
		<TextShown>IdentifierText</TextShown>
		<Border Style="None" Width="2" />
		<BackgroundColor RGB="#ffffff" />
		<TextColor>
			<UserColor GUID="23F33851-505F-45B5-AA1F-5360CB8B3EFB">Text Blue</UserColor>
		</TextColor>
		<ExplicitIdentifier>
			<Identifier>ShowRoads</Identifier>
			<Description>"Show Road Network"</Description>
		</ExplicitIdentifier>
	</PageObject>
	<PageObject Type="Scalar">
		<Location top="450" left="6" bottom="582" right="192" />
		<TabOrder>10</TabOrder>
		<TabStop>false</TabStop>
		<Font GUID="428A93A5-26E1-4F42-8B0F-227299B289C7" Name="Table Text" />
		<Border Style="Line" Width="2" MarginTop="5" MarginRight="5" MarginBottom="5" MarginLeft="5" />
		<BackgroundColor RGB="#ffffff" />
		<TextColor>
			<UserColor GUID="C2620AD3-F3CE-4CDC-BAEC-17742857CC54">default selection</UserColor>
		</TextColor>
		<Layout>MultipleLineEditField</Layout>
		<DisplayTextFile>true</DisplayTextFile>
		<SeparatorSign>=</SeparatorSign>
		<ExplicitIdentifier>
			<Identifier>NetworkInfo</Identifier>
			<NumberFormat Width="15" Decimals="0" Alignment="Left" ShowDefaults="true" />
		</ExplicitIdentifier>
	</PageObject>
	<PageObject Type="Button">
		<Location top="333" left="6" bottom="357" right="192" />
		<TabOrder>6</TabOrder>
		<ButtonType>Text</ButtonType>
		<Title>"Reset network area"</Title>
		<Font GUID="0BDEF216-23B3-4F0F-B5D6-83C5A7303CF9" Name="Buttons" />
		<ActionSequence>
			<Action Type="Run">
				<RunWhat>SpecificProcecure</RunWhat>
				<Procedure>ResetNetworkArea</Procedure>
				<AbortOnError>true</AbortOnError>
			</Action>
		</ActionSequence>
	</PageObject>
	<PageObject Type="Rectangle">
		<Location top="306" left="6" bottom="330" right="192" />
		<FillColor>
			<UserColor GUID="A3839E01-47DC-46BB-819D-6CECB851B151">Bar Blue</UserColor>
		</FillColor>
		<LineColor>
			<UserColor GUID="A3839E01-47DC-46BB-819D-6CECB851B151">Bar Blue</UserColor>
		</LineColor>
	</PageObject>
	<PageObject Type="Text">
		<Location top="309" left="18" bottom="327" right="186" />
		<StaticText>Execution</StaticText>
		<Font GUID="107CF1DD-5B8E-41FC-BD55-10C950947E3C" Name="Headers" />
		<TextColor>
			<UserColor GUID="B5956EEA-5F3E-4BD0-85C7-9F70EB490991">Header Blue</UserColor>
		</TextColor>
	</PageObject>
	<PageObject Type="Button">
		<Location top="246" left="6" bottom="270" right="192" />
		<TabOrder>2</TabOrder>
		<ButtonType>Text</ButtonType>
		<Transparent>true</Transparent>
		<Font GUID="0BDEF216-23B3-4F0F-B5D6-83C5A7303CF9" Name="Buttons" />
		<ActionSequence>
			<Action Type="LinkedPage">
				<Page PageGUID="C2C707C1-FC4F-425D-A40A-96E40E4B5255" Name="AIMMS Offices" />
			</Action>
			<Action Type="ClosePage" />
		</ActionSequence>
	</PageObject>
	<PageObject Type="Text">
		<Location top="252" left="18" bottom="270" right="198" />
		<StaticText>Demo Page 3</StaticText>
		<Font GUID="C82FBF27-1614-41C9-B718-A431388D2B5A" Name="General Text" />
		<TextColor>
			<UserColor GUID="1798981A-C40D-4713-BC08-E97545963465">Link</UserColor>
		</TextColor>
	</PageObject>
	<PageObject Type="Text">
		<Location top="576" left="207" bottom="633" right="570" />
		<StaticText>Disclaimer:
Example uses Demis Web Map Server as data source with permission of Demis. For licensing and use rights, visit www.demis.nl.</StaticText>
		<Font GUID="428A93A5-26E1-4F42-8B0F-227299B289C7" Name="Table Text" />
		<TextColor>
			<UserColor GUID="23F33851-505F-45B5-AA1F-5360CB8B3EFB">Text Blue</UserColor>
		</TextColor>
	</PageObject>
	<UsedReferences>
		<Model>
			<Symbol>StateColor</Symbol>
			<Symbol>StateSource</Symbol>
			<Symbol>StateGMLFile</Symbol>
			<Symbol>StateLayer</Symbol>
			<Symbol>AnnualRainfall</Symbol>
			<Symbol>ActiveBounds</Symbol>
			<Symbol>NetworkInfo</Symbol>
			<Symbol>AState</Symbol>
			<Symbol>ShowRoads</Symbol>
			<Symbol>OpenStreetMapBackground</Symbol>
			<Symbol>ZoomToUSA</Symbol>
			<Symbol>ResetNetworkArea</Symbol>
			<Symbol>s</Symbol>
			<Symbol>ALevel</Symbol>
		</Model>
	</UsedReferences>
</Page>
