{
  "version": "4.67.0",
  "application": {
    "aimms.widget.type": {
      "literal": "application"
    },
    "theme.classic": {
      "literal": "NOT_ALLOWED"
    }
  },
  "pages/home": {
    "maxcolumns": {
      "literal": 2
    },
    "widgets": {
      "literal": [
        {
          "uri": "UploadButton",
          "layoutInfo": {
            "width": "2",
            "height": "1"
          }
        },
        {
          "uri": "DownloadButton",
          "layoutInfo": {
            "width": "2",
            "height": "1"
          }
        }
      ]
    }
  },
  "widgets/DownloadButton": {
    "aimms.widget.type": {
      "literal": "download"
    },
    "action": {
      "literal": {
        "type": "procedure",
        "value": "pr_Download"
      }
    }
  },
  "widgets/UploadButton": {
    "aimms.widget.type": {
      "literal": "upload"
    },
    "action": {
      "literal": {
        "type": "procedure",
        "value": "pr_Upload"
      }
    }
  }
}