<?xml version="1.0"?>
<AimmsExcelMapping dense-children="1">
	<ExcelSheetMapping name="loglines">
		<RowMapping>
			<ColumnMapping name="dp::i_task" binds-to="dp::i_task" />
			<ColumnMapping name="dp::i_lineno" binds-to="dp::i_lineno" />
			<ColumnMapping name="dp::p_logLev" maps-to="dp::p_logLev(dp::i_task,dp::i_lineno)" />
			<ColumnMapping name="dp::sp_logMom" maps-to="dp::sp_logMom(dp::i_task,dp::i_lineno)" />
			<ColumnMapping name="dp::sp_logMsg" maps-to="dp::sp_logMsg(dp::i_task,dp::i_lineno)" />
		</RowMapping>
	</ExcelSheetMapping>
</AimmsExcelMapping>
