<?xml version="1.0"?>
<AimmsExcelMapping dense-children="1">
	<ExcelSheetMapping name="errorinfo">
		<RowMapping>
			<ColumnMapping name="dp::i_task" binds-to="dp::i_task" />
			<ColumnMapping name="dp::i_errno" binds-to="dp::i_errno" />
			<ColumnMapping name="dp::p_severity" maps-to="dp::p_severity(dp::i_task,dp::i_errno)" />
			<ColumnMapping name="dp::sp_moment" maps-to="dp::sp_moment(dp::i_task,dp::i_errno)" />
			<ColumnMapping name="dp::sp_message" maps-to="dp::sp_message(dp::i_task,dp::i_errno)" />
		</RowMapping>
	</ExcelSheetMapping>
</AimmsExcelMapping>
