<?xml version="1.0"?>
<AimmsExcelMapping dense-children="1">
	<ExcelSheetMapping name="errorstack">
		<RowMapping>
			<ColumnMapping name="dp::i_task" binds-to="dp::i_task" />
			<ColumnMapping name="dp::i_errno" binds-to="dp::i_errno" />
			<ColumnMapping name="dp::i_stacklevel" binds-to="dp::i_stacklevel" />
			<ColumnMapping name="dp::p_errStkLine" maps-to="dp::p_errStkLine(dp::i_task,dp::i_errno,dp::i_stacklevel)" />
			<ColumnMapping name="dp::sp_errStkAttr" maps-to="dp::sp_errStkAttr(dp::i_task,dp::i_errno,dp::i_stacklevel)" />
			<ColumnMapping name="dp::sp_errStkNode" maps-to="dp::sp_errStkNode(dp::i_task,dp::i_errno,dp::i_stacklevel)" />
		</RowMapping>
	</ExcelSheetMapping>
</AimmsExcelMapping>
