<?xml version="1.0"?>
<AimmsExcelMapping dense-children="1">
	<ExcelSheetMapping name="tasks">
		<RowMapping>
			<ColumnMapping name="dp::i_task" binds-to="dp::i_task" />
			<ColumnMapping name="dp::sp_aimmsrestsession" maps-to="dp::sp_aimmsrestsession(dp::i_task)" />
			<ColumnMapping name="dp::sp_username" maps-to="dp::sp_username(dp::i_task)" />
			<ColumnMapping name="dp::sp_envname" maps-to="dp::sp_envname(dp::i_task)" />
			<ColumnMapping name="dp::sp_app" maps-to="dp::sp_app(dp::i_task)" />
			<ColumnMapping name="dp::sp_ver" maps-to="dp::sp_ver(dp::i_task)" />
			<ColumnMapping name="dp::sp_service" maps-to="dp::sp_service(dp::i_task)" />
			<ColumnMapping name="dp::sp_starttime" maps-to="dp::sp_starttime(dp::i_task)" />
			<ColumnMapping name="dp::sp_stoptime" maps-to="dp::sp_stoptime(dp::i_task)" />
		</RowMapping>
	</ExcelSheetMapping>
</AimmsExcelMapping>
