<?xml version="1.0"?>
<AimmsDatabaseMapping>
	<TableMapping name="errorinfo">
		<RowMapping>
			<ColumnMapping name="dp::i_task" binds-to="dp::i_task" />
			<ColumnMapping name="dp::i_errno" binds-to="dp::i_errno" />
			<ColumnMapping name="dp::p_severity" maps-to="dp::p_severity(dp::i_task,dp::i_errno)" />
			<ColumnMapping name="dp::sp_moment" maps-to="dp::sp_moment(dp::i_task,dp::i_errno)" />
			<ColumnMapping name="dp::sp_message" maps-to="dp::sp_message(dp::i_task,dp::i_errno)" />
		</RowMapping>
	</TableMapping>
	<TableMapping name="errorstack">
		<RowMapping>
			<ColumnMapping name="dp::i_task" binds-to="dp::i_task" />
			<ColumnMapping name="dp::i_errno" binds-to="dp::i_errno" />
			<ColumnMapping name="dp::i_stacklevel" binds-to="dp::i_stacklevel" />
			<ColumnMapping name="dp::p_errStkLine" maps-to="dp::p_errStkLine(dp::i_task,dp::i_errno,dp::i_stacklevel)" />
			<ColumnMapping name="dp::sp_errStkAttr" maps-to="dp::sp_errStkAttr(dp::i_task,dp::i_errno,dp::i_stacklevel)" />
			<ColumnMapping name="dp::sp_errStkNode" maps-to="dp::sp_errStkNode(dp::i_task,dp::i_errno,dp::i_stacklevel)" />
		</RowMapping>
	</TableMapping>
	<TableMapping name="lastline">
		<RowMapping>
			<ColumnMapping name="dp::i_task" binds-to="dp::i_task" />
			<ColumnMapping name="dp::p_lastline" maps-to="dp::p_lastline(dp::i_task)" />
		</RowMapping>
	</TableMapping>
	<TableMapping name="loglines">
		<RowMapping>
			<ColumnMapping name="dp::i_task" binds-to="dp::i_task" />
			<ColumnMapping name="dp::i_lineno" binds-to="dp::i_lineno" />
			<ColumnMapping name="dp::p_logLev" maps-to="dp::p_logLev(dp::i_task,dp::i_lineno)" />
			<ColumnMapping name="dp::sp_logMom" maps-to="dp::sp_logMom(dp::i_task,dp::i_lineno)" />
			<ColumnMapping name="dp::sp_logMsg" maps-to="dp::sp_logMsg(dp::i_task,dp::i_lineno)" />
		</RowMapping>
	</TableMapping>
	<TableMapping name="sysinfo">
		<RowMapping>
			<ColumnMapping name="dp::i_sysInfoAttr" binds-to="dp::i_sysInfoAttr" />
			<ColumnMapping name="dp::sp_sysInfoVal" maps-to="dp::sp_sysInfoVal(dp::i_sysInfoAttr)" />
		</RowMapping>
	</TableMapping>
	<TableMapping name="tasks">
		<RowMapping>
			<ColumnMapping name="dp::i_task" binds-to="dp::i_task" />
			<ColumnMapping name="dp::sp_aimmsrestsession" maps-to="dp::sp_aimmsrestsession(dp::i_task)" />
			<ColumnMapping name="dp::sp_username" maps-to="dp::sp_username(dp::i_task)" />
			<ColumnMapping name="dp::sp_envname" maps-to="dp::sp_envname(dp::i_task)" />
			<ColumnMapping name="dp::sp_app" maps-to="dp::sp_app(dp::i_task)" />
			<ColumnMapping name="dp::sp_ver" maps-to="dp::sp_ver(dp::i_task)" />
			<ColumnMapping name="dp::sp_service" maps-to="dp::sp_service(dp::i_task)" />
			<ColumnMapping name="dp::sp_starttime" maps-to="dp::sp_starttime(dp::i_task)" />
			<ColumnMapping name="dp::sp_stoptime" maps-to="dp::sp_stoptime(dp::i_task)" />
		</RowMapping>
	</TableMapping>
</AimmsDatabaseMapping>
