<?xml version="1.0"?>
<Page Version="4000" TimeStamp="2015-08-07 15:55:22">
	<Location top="23" left="4" bottom="644" right="768" />
	<PageEditSize Type="Inherited">
		<Size Width="772" Height="622" />
	</PageEditSize>
	<ProjectUUID>28611408-6B55-442C-87D3-506416FF91A3</ProjectUUID>
	<TemplatesTabOrderPosition>2</TemplatesTabOrderPosition>
	<ResizeData>
		<MainArea Line="FixedFromTop" Value="99">
			<TopArea Line="FixedFromLeft" Value="200" />
			<BottomArea Line="FixedFromLeft" Value="201">
				<LeftArea Line="FixedFromTop" Value="204" />
				<RightArea Line="FixedFromTop" Value="85">
					<BottomArea Line="FixedFromTop" Value="430">
						<TopArea Line="FixedFromBottom" Value="29">
							<BottomArea Line="FixedFromRight" Value="227" />
						</TopArea>
					</BottomArea>
				</RightArea>
			</BottomArea>
		</MainArea>
	</ResizeData>
	<Background>
		<UserColor GUID="6B18329A-7A6D-4E04-8D00-5DB0182E2ADF">white</UserColor>
	</Background>
	<HorizontalGridDistance>-6</HorizontalGridDistance>
	<VerticalGridDistance>-3</VerticalGridDistance>
	<PageObject Type="Button">
		<Location top="588" left="660" bottom="612" right="762" />
		<TabOrder>12</TabOrder>
		<ButtonType>Text</ButtonType>
		<Title>"Close"</Title>
		<Font GUID="0BDEF216-23B3-4F0F-B5D6-83C5A7303CF9" Name="Buttons" />
		<ActionSequence>
			<Action Type="GotoPage">
				<Destination>Parent</Destination>
			</Action>
			<Action Type="ClosePage" />
		</ActionSequence>
	</PageObject>
	<PageObject Type="Text">
		<Location top="190" left="530" bottom="426" right="761" />
		<StaticText>You can edit any of the editable fields on the left. 

By pressing the  'Play Sound' button, the selected WAV file will be played (assuming you have a sound card).

By pressing the 'Send' button, a message will be generated by AIMMS, and will appear in the 'New Message' window of your e-mail client. 

When you cancel this window, an error message will appear within your AIMMS model.</StaticText>
		<Font GUID="C82FBF27-1614-41C9-B718-A431388D2B5A" Name="General Text" />
		<TextColor>
			<UserColor GUID="23F33851-505F-45B5-AA1F-5360CB8B3EFB">Text Blue</UserColor>
		</TextColor>
	</PageObject>
	<PageObject Type="File Name Object">
		<Location top="190" left="283" bottom="214" right="417" />
		<TabOrder>3</TabOrder>
		<Font GUID="C5E33ADA-2967-4B96-81B4-92E665F129E9" Name="default" />
		<Identifier>WavFile</Identifier>
		<Filter>wav</Filter>
		<AllowedFiles>ExistingFile</AllowedFiles>
		<Border Style="InShadow" Width="2" />
		<BackgroundColor RGB="#ffffff" />
		<ForegroundColor>
			<UserColor GUID="0141D521-BAE5-438E-8262-0D06BF3639CF">default selection</UserColor>
		</ForegroundColor>
	</PageObject>
	<PageObject Type="Button">
		<Location top="190" left="419" bottom="214" right="521" />
		<TabOrder>4</TabOrder>
		<ButtonType>Text</ButtonType>
		<Title>"Play Sound"</Title>
		<Font GUID="C5E33ADA-2967-4B96-81B4-92E665F129E9" Name="default" />
		<ActionSequence>
			<Action Type="Run">
				<RunWhat>SpecificProcecure</RunWhat>
				<Procedure>PlayWavFile</Procedure>
				<AbortOnError>true</AbortOnError>
			</Action>
		</ActionSequence>
	</PageObject>
	<PageObject Type="Scalar">
		<Location top="251" left="283" bottom="393" right="525" />
		<TabOrder>7</TabOrder>
		<LeaveOnUpDown>false</LeaveOnUpDown>
		<LeaveOnEnter>false</LeaveOnEnter>
		<Font GUID="C5E33ADA-2967-4B96-81B4-92E665F129E9" Name="default" />
		<Border Style="InShadow" Width="2" />
		<BackgroundColor RGB="#ffffff" />
		<TextColor>
			<UserColor GUID="0141D521-BAE5-438E-8262-0D06BF3639CF">default selection</UserColor>
		</TextColor>
		<Layout>MultipleLineEditField</Layout>
		<VerticalScrollbar>true</VerticalScrollbar>
		<HorizontalScrollbar>true</HorizontalScrollbar>
		<DisplayTextFile>true</DisplayTextFile>
		<SeparatorSign>=</SeparatorSign>
		<ExplicitIdentifier>
			<Identifier>MailSignatureFile</Identifier>
			<NumberFormat Width="15" Decimals="0" Alignment="Left" ShowDefaults="true" />
		</ExplicitIdentifier>
	</PageObject>
	<PageObject Type="File Name Object">
		<Location top="226" left="283" bottom="250" right="417" />
		<TabOrder>5</TabOrder>
		<Font GUID="C5E33ADA-2967-4B96-81B4-92E665F129E9" Name="default" />
		<Identifier>MailSignatureFile</Identifier>
		<Filter>txt</Filter>
		<AllowedFiles>ExistingFile</AllowedFiles>
		<Border Style="InShadow" Width="2" />
		<BackgroundColor RGB="#ffffff" />
		<ForegroundColor>
			<UserColor GUID="0141D521-BAE5-438E-8262-0D06BF3639CF">default selection</UserColor>
		</ForegroundColor>
	</PageObject>
	<PageObject Type="Button">
		<Location top="225" left="419" bottom="249" right="521" />
		<TabOrder>6</TabOrder>
		<ButtonType>Text</ButtonType>
		<Title>"Edit"</Title>
		<Font GUID="C5E33ADA-2967-4B96-81B4-92E665F129E9" Name="default" />
		<ActionSequence>
			<Action Type="Run">
				<RunWhat>SpecificProcecure</RunWhat>
				<Procedure>EditSignature</Procedure>
				<AbortOnError>true</AbortOnError>
			</Action>
		</ActionSequence>
	</PageObject>
	<PageObject Type="Scalar">
		<Location top="404" left="283" bottom="428" right="525" />
		<TabOrder>8</TabOrder>
		<Font GUID="C5E33ADA-2967-4B96-81B4-92E665F129E9" Name="default" />
		<Border Style="InShadow" Width="2" MarginTop="2" />
		<BackgroundColor RGB="#ffffff" />
		<TextColor>
			<UserColor GUID="0141D521-BAE5-438E-8262-0D06BF3639CF">default selection</UserColor>
		</TextColor>
		<Layout>SingleLineEditField</Layout>
		<SeparatorSign>=</SeparatorSign>
		<ExplicitIdentifier>
			<Identifier>MailRecipient</Identifier>
			<NumberFormat Width="15" Decimals="0" Alignment="Left" ShowDefaults="true" />
		</ExplicitIdentifier>
	</PageObject>
	<PageObject Type="Scalar">
		<Location top="432" left="283" bottom="456" right="525" />
		<TabOrder>9</TabOrder>
		<Font GUID="C5E33ADA-2967-4B96-81B4-92E665F129E9" Name="default" />
		<Border Style="InShadow" Width="2" MarginTop="2" />
		<BackgroundColor RGB="#ffffff" />
		<TextColor>
			<UserColor GUID="0141D521-BAE5-438E-8262-0D06BF3639CF">default selection</UserColor>
		</TextColor>
		<Layout>SingleLineEditField</Layout>
		<SeparatorSign>=</SeparatorSign>
		<ExplicitIdentifier>
			<Identifier>MailRecipientAddress</Identifier>
			<NumberFormat Width="15" Decimals="0" Alignment="Left" ShowDefaults="true" />
		</ExplicitIdentifier>
	</PageObject>
	<PageObject Type="Scalar">
		<Location top="464" left="283" bottom="582" right="762" />
		<TabOrder>10</TabOrder>
		<LeaveOnUpDown>false</LeaveOnUpDown>
		<LeaveOnEnter>false</LeaveOnEnter>
		<Font GUID="C5E33ADA-2967-4B96-81B4-92E665F129E9" Name="default" />
		<Border Style="InShadow" Width="2" />
		<BackgroundColor RGB="#ffffff" />
		<Layout>MultipleLineEditField</Layout>
		<VerticalScrollbar>true</VerticalScrollbar>
		<SeparatorSign>=</SeparatorSign>
		<ExplicitIdentifier>
			<Identifier>MailBodyText</Identifier>
			<NumberFormat Width="15" Decimals="0" Alignment="Left" ShowDefaults="true" />
		</ExplicitIdentifier>
	</PageObject>
	<PageObject Type="Text">
		<Location top="190" left="205" bottom="219" right="281" />
		<StaticText>Wav File:</StaticText>
		<Font GUID="C5E33ADA-2967-4B96-81B4-92E665F129E9" Name="default" />
		<TextColor>
			<UserColor GUID="23F33851-505F-45B5-AA1F-5360CB8B3EFB">Text Blue</UserColor>
		</TextColor>
	</PageObject>
	<PageObject Type="Text">
		<Location top="229" left="205" bottom="260" right="280" />
		<StaticText>Signature File:</StaticText>
		<Font GUID="C5E33ADA-2967-4B96-81B4-92E665F129E9" Name="default" />
		<TextColor>
			<UserColor GUID="23F33851-505F-45B5-AA1F-5360CB8B3EFB">Text Blue</UserColor>
		</TextColor>
	</PageObject>
	<PageObject Type="Text">
		<Location top="254" left="205" bottom="335" right="281" />
		<StaticText>Signature:
(non-editable)</StaticText>
		<Font GUID="C5E33ADA-2967-4B96-81B4-92E665F129E9" Name="default" />
		<TextColor>
			<UserColor GUID="23F33851-505F-45B5-AA1F-5360CB8B3EFB">Text Blue</UserColor>
		</TextColor>
	</PageObject>
	<PageObject Type="Text">
		<Location top="402" left="205" bottom="432" right="277" />
		<StaticText>Recipient Name:</StaticText>
		<Font GUID="C5E33ADA-2967-4B96-81B4-92E665F129E9" Name="default" />
		<TextColor>
			<UserColor GUID="23F33851-505F-45B5-AA1F-5360CB8B3EFB">Text Blue</UserColor>
		</TextColor>
	</PageObject>
	<PageObject Type="Text">
		<Location top="431" left="205" bottom="468" right="281" />
		<StaticText>Recipient Address:</StaticText>
		<Font GUID="C5E33ADA-2967-4B96-81B4-92E665F129E9" Name="default" />
		<TextColor>
			<UserColor GUID="23F33851-505F-45B5-AA1F-5360CB8B3EFB">Text Blue</UserColor>
		</TextColor>
	</PageObject>
	<PageObject Type="Text">
		<Location top="466" left="205" bottom="503" right="285" />
		<StaticText>Body Text:</StaticText>
		<Font GUID="C5E33ADA-2967-4B96-81B4-92E665F129E9" Name="default" />
		<TextColor>
			<UserColor GUID="23F33851-505F-45B5-AA1F-5360CB8B3EFB">Text Blue</UserColor>
		</TextColor>
	</PageObject>
	<PageObject Type="Button">
		<Location top="588" left="552" bottom="612" right="654" />
		<TabOrder>11</TabOrder>
		<ButtonType>Text</ButtonType>
		<Title>"Send"</Title>
		<Font GUID="0BDEF216-23B3-4F0F-B5D6-83C5A7303CF9" Name="Buttons" />
		<ActionSequence>
			<Action Type="Run">
				<RunWhat>SpecificProcecure</RunWhat>
				<Procedure>SendMailMessage</Procedure>
				<AbortOnError>true</AbortOnError>
			</Action>
		</ActionSequence>
	</PageObject>
	<PageObject Type="Text">
		<Location top="159" left="200" bottom="177" right="368" />
		<StaticText>  Description</StaticText>
		<Font GUID="107CF1DD-5B8E-41FC-BD55-10C950947E3C" Name="Headers" />
		<TextColor>
			<UserColor GUID="B5956EEA-5F3E-4BD0-85C7-9F70EB490991">Header Blue</UserColor>
		</TextColor>
	</PageObject>
	<PageObject Type="Button">
		<Location top="186" left="6" bottom="210" right="192" />
		<TabOrder>1</TabOrder>
		<LeaveOnEnter>false</LeaveOnEnter>
		<ButtonType>Text</ButtonType>
		<Transparent>true</Transparent>
		<ForegroundColor>
			<UserColor GUID="23F33851-505F-45B5-AA1F-5360CB8B3EFB">Text Blue</UserColor>
		</ForegroundColor>
		<Font GUID="0BDEF216-23B3-4F0F-B5D6-83C5A7303CF9" Name="Buttons" />
		<ActionSequence>
			<Action Type="GotoPage">
				<Destination>Parent</Destination>
			</Action>
		</ActionSequence>
	</PageObject>
	<PageObject Type="Text">
		<Location top="192" left="18" bottom="210" right="195" />
		<StaticText>Problem Description</StaticText>
		<Font GUID="C82FBF27-1614-41C9-B718-A431388D2B5A" Name="General Text" />
		<TextColor>
			<UserColor GUID="1798981A-C40D-4713-BC08-E97545963465">Link</UserColor>
		</TextColor>
	</PageObject>
	<UsedReferences>
		<Model>
			<Symbol>MailRecipient</Symbol>
			<Symbol>MailRecipientAddress</Symbol>
			<Symbol>MailBodyText</Symbol>
			<Symbol>MailSignatureFile</Symbol>
			<Symbol>SendMailMessage</Symbol>
			<Symbol>EditSignature</Symbol>
			<Symbol>WavFile</Symbol>
			<Symbol>PlayWavFile</Symbol>
		</Model>
	</UsedReferences>
</Page>
