<?xml version="1.0"?>
<TemplateManager>
	<Template Name="Size Template" PageGUID="DBC90CE1-37B5-4E6A-804B-0F217846F040" CrossLibraryDuplicate="66E08D8C-5677-49B5-970F-BB85475A48BE|6A8815C4-5811-47AB-BC76-82C3180C1295|Size Template">
		<Template Name="Navigation Template" PageGUID="8D76D296-27C9-46D1-96C4-9A9F9D772F6C" CrossLibraryDuplicate="66E08D8C-5677-49B5-970F-BB85475A48BE|3241DDB1-55C5-441B-9DC8-359086631B74|Navigation Template">
			<Template Name="Background Info Template" PageGUID="B09DD85E-5A40-4FF5-B6CA-3845E7FC1CF3" CrossLibraryDuplicate="66E08D8C-5677-49B5-970F-BB85475A48BE|153A8CDB-E916-4F3B-B652-41C25F2C9CB5|Background Info Template">
				<Page Name="AIMMS Demo" PageGUID="8A696971-932B-469A-91B8-EB71C8F72517" />
			</Template>
			<Page Name="Network with Bitmaps" PageGUID="A55060DB-D386-4F3D-B505-11F0445FA45E" />
		</Template>
	</Template>
</TemplateManager>
