<?xml version="1.0"?>
<Page Version="4000" TimeStamp="2015-07-23 11:13:54">
	<Location top="23" left="4" bottom="644" right="768" />
	<PageEditSize Type="Inherited">
		<Size Width="772" Height="622" />
	</PageEditSize>
	<ProjectUUID>9AE6DA6D-175F-47DA-A7D4-02BF52CEBB2F</ProjectUUID>
	<TemplatesTabOrderPosition>1</TemplatesTabOrderPosition>
	<ResizeData>
		<MainArea Line="FixedFromTop" Value="99">
			<TopArea Line="FixedFromLeft" Value="200" />
			<BottomArea Line="FixedFromLeft" Value="201">
				<LeftArea Line="FixedFromTop" Value="204" />
				<RightArea Line="FixedFromTop" Value="85" />
			</BottomArea>
		</MainArea>
	</ResizeData>
	<Background Inherited="true" />
	<HorizontalGridDistance>3</HorizontalGridDistance>
	<VerticalGridDistance>3</VerticalGridDistance>
	<PageObject Type="Indexed Page Object">
		<Location top="189" left="207" bottom="615" right="765" />
		<TabOrder>4</TabOrder>
		<Border Style="None" />
		<Rows>
			<FixedNumber>1</FixedNumber>
		</Rows>
		<Columns>
			<FixedNumber>1</FixedNumber>
		</Columns>
		<PageToShow ProjectGUID="B9AB1032-625A-4815-802E-B2B0D288EF0C" PageGUID="9EC79B2D-F643-4027-B454-1DF55443C30D" Name="Scenario Tree View" />
		<Layout>SinglePage</Layout>
		<BackgroundColor RGB="#ffffff" />
	</PageObject>
	<PageObject Type="Text">
		<Location top="192" left="18" bottom="210" right="162" />
		<StaticText>Problem Description</StaticText>
		<Font GUID="0BDEF216-23B3-4F0F-B5D6-83C5A7303CF9" Name="Buttons" />
		<TextColor>
			<UserColor GUID="1798981A-C40D-4713-BC08-E97545963465">Link</UserColor>
		</TextColor>
	</PageObject>
	<PageObject Type="Button">
		<Location top="186" left="6" bottom="210" right="192" />
		<TabOrder>2</TabOrder>
		<ButtonType>Text</ButtonType>
		<Transparent>true</Transparent>
		<Font GUID="0BDEF216-23B3-4F0F-B5D6-83C5A7303CF9" Name="Buttons" />
		<ActionSequence>
			<Action Type="GotoPage">
				<Destination>Parent</Destination>
			</Action>
		</ActionSequence>
	</PageObject>
	<PageObject Type="Selection Object">
		<SelectionType>RadioButtons</SelectionType>
		<Location top="318" left="6" bottom="384" right="198" />
		<TabOrder>5</TabOrder>
		<Font GUID="428A93A5-26E1-4F42-8B0F-227299B289C7" Name="Table Text" />
		<TextShown>ElementName</TextShown>
		<Border Style="None" Width="2" MarginTop="5" MarginRight="5" MarginBottom="5" MarginLeft="5" />
		<BackgroundColor RGB="#ffffff" />
		<TextColor>
			<UserColor GUID="23491A7F-D696-4E5F-8995-80B4052A78FD">default selection</UserColor>
		</TextColor>
		<ExplicitIdentifier>
			<Identifier>ScenGen::CurrentScenarioTree</Identifier>
		</ExplicitIdentifier>
	</PageObject>
	<PageObject Type="Button">
		<Location top="216" left="6" bottom="240" right="192" />
		<TabOrder>3</TabOrder>
		<ButtonType>Text</ButtonType>
		<Transparent>true</Transparent>
		<Font GUID="0BDEF216-23B3-4F0F-B5D6-83C5A7303CF9" Name="Buttons" />
		<ActionSequence>
			<Action Type="GotoPage" />
		</ActionSequence>
	</PageObject>
	<PageObject Type="Text">
		<Location top="220" left="17" bottom="237" right="168" />
		<StaticText>Production Planning</StaticText>
		<Font GUID="0BDEF216-23B3-4F0F-B5D6-83C5A7303CF9" Name="Buttons" />
		<TextColor>
			<UserColor GUID="1798981A-C40D-4713-BC08-E97545963465">Link</UserColor>
		</TextColor>
	</PageObject>
	<UsedReferences>
		<Model>
			<Symbol>ScenGen::AllScenarioTrees</Symbol>
			<Symbol>ScenGen::CurrentScenarioTree</Symbol>
		</Model>
	</UsedReferences>
</Page>
