<?xml version="1.0"?>
<Page Version="4000" TimeStamp="2012-11-13 07:53:03">
	<Location bottom="1066" right="1608" />
	<PageEditSize Type="Inherited">
		<Size Width="772" Height="622" />
	</PageEditSize>
	<ProjectUUID>9EDDF35B-FD4C-41AC-AA1B-905B44EDCB19</ProjectUUID>
	<Title>"AIMMS 3 Demo: A scheduling problem with narrowing time windows and change over times"</Title>
	<TemplatesTabOrderPosition>1</TemplatesTabOrderPosition>
	<ResizeData>
		<MainArea Line="FixedFromTop" Value="99">
			<TopArea Line="FixedFromLeft" Value="200" />
			<BottomArea Line="FixedFromLeft" Value="200">
				<LeftArea Line="FixedFromTop" Value="204" />
				<RightArea Line="FixedFromTop" Value="85" />
			</BottomArea>
		</MainArea>
	</ResizeData>
	<Background Inherited="true" />
	<Action>
		<EntryProcedure>MainInitialization</EntryProcedure>
	</Action>
	<PageObject Type="Text">
		<Location top="192" left="210" bottom="612" right="762" />
		<SourceType>File</SourceType>
		<FileName LiteralFileName="true">"Description.txt"</FileName>
		<Font GUID="3D4F8FDE-28E6-4338-998E-C89108819645" Name="Legend" />
		<TextColor>
			<UserColor GUID="D4F48705-BFDF-4DF8-8E1F-D38EFF981024">default selection</UserColor>
		</TextColor>
	</PageObject>
	<UsedReferences>
		<Model>
			<Symbol>MainInitialization</Symbol>
		</Model>
	</UsedReferences>
</Page>
