<?xml version="1.0"?>
<Page Version="4000" TimeStamp="2012-11-13 07:53:03">
	<Location top="23" left="8" bottom="644" right="772" />
	<PageEditSize Type="Inherited">
		<Size Width="772" Height="622" />
	</PageEditSize>
	<ProjectUUID>9EDDF35B-FD4C-41AC-AA1B-905B44EDCB19</ProjectUUID>
	<TemplatesTabOrderPosition>4</TemplatesTabOrderPosition>
	<ResizeData>
		<MainArea Line="FixedFromTop" Value="99">
			<TopArea Line="FixedFromLeft" Value="200" />
			<BottomArea Line="FixedFromLeft" Value="200">
				<LeftArea Line="FixedFromTop" Value="204">
					<BottomArea Line="FixedFromTop" Value="95" />
				</LeftArea>
				<RightArea Line="FixedFromTop" Value="85" />
			</BottomArea>
		</MainArea>
	</ResizeData>
	<Background Inherited="true" />
	<Action>
		<EntryProcedure>InitializeActivities</EntryProcedure>
	</Action>
	<PageObject Type="Gantt Chart">
		<Location top="354" left="216" bottom="606" right="750" />
		<TabOrder>6</TabOrder>
		<Font GUID="00000000-0000-0000-0000-000000000001" Name="Main Font" />
		<Border Style="InShadow" Width="2" MarginTop="5" MarginRight="5" MarginBottom="5" MarginLeft="5" />
		<BackgroundColor RGB="#ffffff" />
		<ColorScheme Number="0" />
		<Legend>true</Legend>
		<Y-Labels>true</Y-Labels>
		<X-Labels>true</X-Labels>
		<VerticalGridLines>true</VerticalGridLines>
		<StatusLine>true</StatusLine>
		<Calendar>
			<Items>dm</Items>
			<MeasurementFactor>1</MeasurementFactor>
			<MeasurementUnit>days</MeasurementUnit>
			<ReferenceTime>"2011-03-31"</ReferenceTime>
			<LeftBound>"2011-03-31"</LeftBound>
			<RightBound>"2011-06-30"</RightBound>
		</Calendar>
		<IndexLocations>
			<RowDomain>oj</RowDomain>
		</IndexLocations>
		<TaskGroup>
			<Domain>Act.Present( oj )</Domain>
			<Start>Act.Begin( oj )</Start>
			<Duration>Act.Length( oj )</Duration>
		</TaskGroup>
		<TaskGroup>
			<Domain>ChgOverUsed( oj )</Domain>
			<Start>ChgOverStart( oj )</Start>
			<Duration>ChgOverUsed( oj )</Duration>
		</TaskGroup>
		<TaskGroup>
			<Domain>LBackLen( oj )</Domain>
			<Start>LBlack( oj )</Start>
			<Duration>LBackLen( oj )</Duration>
			<Color>RGB 000000</Color>
		</TaskGroup>
		<TaskGroup>
			<Domain>RBlackLen( oj )</Domain>
			<Start>RBlack( oj )</Start>
			<Duration>RBlackLen( oj )</Duration>
			<Color>RGB 000000</Color>
		</TaskGroup>
	</PageObject>
	<PageObject Type="Button">
		<Location top="186" left="6" bottom="210" right="192" />
		<TabOrder>1</TabOrder>
		<LeaveOnEnter>false</LeaveOnEnter>
		<ButtonType>Text</ButtonType>
		<Title>"Problem Description"</Title>
		<Transparent>true</Transparent>
		<ForegroundColor>
			<UserColor GUID="23F33851-505F-45B5-AA1F-5360CB8B3EFB">Text Blue</UserColor>
		</ForegroundColor>
		<Font GUID="0BDEF216-23B3-4F0F-B5D6-83C5A7303CF9" Name="Buttons" />
		<ActionSequence>
			<Action Type="LinkedPage">
				<Page PageGUID="BD13EF95-9722-425C-A99D-4A47D183A62D" Name="AIMMS Demo" />
			</Action>
		</ActionSequence>
	</PageObject>
	<PageObject Type="Rectangle">
		<Location top="306" left="6" bottom="330" right="192" />
		<FillColor>
			<UserColor GUID="A3839E01-47DC-46BB-819D-6CECB851B151">Bar Blue</UserColor>
		</FillColor>
		<LineColor>
			<UserColor GUID="A3839E01-47DC-46BB-819D-6CECB851B151">Bar Blue</UserColor>
		</LineColor>
	</PageObject>
	<PageObject Type="Text">
		<Location top="306" left="18" bottom="324" right="186" />
		<StaticText>Execution</StaticText>
		<Font GUID="107CF1DD-5B8E-41FC-BD55-10C950947E3C" Name="Headers" />
		<TextColor>
			<UserColor GUID="23F33851-505F-45B5-AA1F-5360CB8B3EFB">Text Blue</UserColor>
		</TextColor>
	</PageObject>
	<PageObject Type="Button">
		<Location top="336" left="6" bottom="360" right="192" />
		<TabOrder>2</TabOrder>
		<LeaveOnEnter>false</LeaveOnEnter>
		<ButtonType>Text</ButtonType>
		<Title>"Solve"</Title>
		<Transparent>true</Transparent>
		<ForegroundColor>
			<UserColor GUID="23F33851-505F-45B5-AA1F-5360CB8B3EFB">Text Blue</UserColor>
		</ForegroundColor>
		<Font GUID="0BDEF216-23B3-4F0F-B5D6-83C5A7303CF9" Name="Buttons" />
		<ActionSequence>
			<Action Type="Run">
				<RunWhat>SpecificProcecure</RunWhat>
				<Procedure>MainExecution</Procedure>
				<AbortOnError>true</AbortOnError>
			</Action>
		</ActionSequence>
	</PageObject>
	<PageObject Type="Button">
		<Location top="366" left="6" bottom="390" right="192" />
		<TabOrder>3</TabOrder>
		<LeaveOnEnter>false</LeaveOnEnter>
		<ButtonType>Text</ButtonType>
		<Title>"Initialize activities"</Title>
		<Transparent>true</Transparent>
		<ForegroundColor>
			<UserColor GUID="23F33851-505F-45B5-AA1F-5360CB8B3EFB">Text Blue</UserColor>
		</ForegroundColor>
		<Font GUID="0BDEF216-23B3-4F0F-B5D6-83C5A7303CF9" Name="Buttons" />
		<ActionSequence>
			<Action Type="Run">
				<RunWhat>SpecificProcecure</RunWhat>
				<Procedure>InitializeActivities</Procedure>
				<AbortOnError>true</AbortOnError>
			</Action>
		</ActionSequence>
	</PageObject>
	<PageObject Type="Composite Table">
		<Location top="192" left="216" bottom="342" right="534" />
		<TabOrder>8</TabOrder>
		<Font GUID="00000000-0000-0000-0000-000000000001" Name="Main Font" />
		<Border Style="InShadow" Width="2" MarginTop="5" MarginRight="5" MarginBottom="5" MarginLeft="5" />
		<BackgroundColor RGB="#ffffff" />
		<Domain>
			<Identifier>Act.Begin( oj )</Identifier>
			<Index Name="oj" />
		</Domain>
		<ExplicitIdentifier>
			<Identifier>Act.Begin( oj )</Identifier>
			<NumberFormat Width="15" Decimals="0" Alignment="Left" />
		</ExplicitIdentifier>
	</PageObject>
	<UsedReferences>
		<Model>
			<Symbol>MainExecution</Symbol>
			<Symbol>ChgOverUsed</Symbol>
			<Symbol>RBlackLen</Symbol>
			<Symbol>RBlack</Symbol>
			<Symbol>oj</Symbol>
			<Symbol>LBackLen</Symbol>
			<Symbol>InitializeActivities</Symbol>
			<Symbol>Act</Symbol>
			<Symbol>ChgOverStart</Symbol>
			<Symbol>LBlack</Symbol>
		</Model>
	</UsedReferences>
</Page>
