<?xml version="1.0"?>
<Page Version="4000" TimeStamp="2015-10-29 16:26:10">
	<Location top="23" left="4" bottom="644" right="768" />
	<PageEditSize Type="Inherited">
		<Size Width="772" Height="622" />
	</PageEditSize>
	<ProjectUUID>211601CD-0FDB-4C33-926A-B1BD580D7560</ProjectUUID>
	<TemplatesTabOrderPosition>1</TemplatesTabOrderPosition>
	<ResizeData>
		<MainArea Line="FixedFromTop" Value="99">
			<TopArea Line="FixedFromLeft" Value="200" />
			<BottomArea Line="FixedFromLeft" Value="249">
				<LeftArea Line="FixedFromTop" Value="204">
					<BottomArea Line="FixedFromBottom" Value="60">
						<TopArea Line="FixedFromTop" Value="141" />
						<BottomArea Line="FixedFromBottom" Value="8" />
					</BottomArea>
				</LeftArea>
				<RightArea Line="FixedFromTop" Value="85" />
			</BottomArea>
		</MainArea>
	</ResizeData>
	<Background Inherited="true" />
	<PageObject Type="Indexed Page Object">
		<Location top="186" left="204" bottom="618" right="762" />
		<TabOrder>2</TabOrder>
		<Border Style="None" />
		<Rows>
			<FixedNumber>1</FixedNumber>
		</Rows>
		<Columns>
			<FixedNumber>1</FixedNumber>
		</Columns>
		<PageToShow PageGUID="D0C3C707-C250-455D-BD12-4A5BEF4EB183" Name="GIS Network" />
		<Layout>SinglePage</Layout>
		<BackgroundColor RGB="#ffffff" />
	</PageObject>
	<PageObject Type="Rectangle">
		<Location top="342" left="6" bottom="366" right="192" />
		<FillColor>
			<UserColor GUID="A3839E01-47DC-46BB-819D-6CECB851B151">Bar Blue</UserColor>
		</FillColor>
		<LineColor>
			<UserColor GUID="A3839E01-47DC-46BB-819D-6CECB851B151">Bar Blue</UserColor>
		</LineColor>
	</PageObject>
	<PageObject Type="Text">
		<Location top="345" left="18" bottom="363" right="186" />
		<StaticText>Execution</StaticText>
		<Font GUID="107CF1DD-5B8E-41FC-BD55-10C950947E3C" Name="Headers" />
		<TextColor>
			<UserColor GUID="B5956EEA-5F3E-4BD0-85C7-9F70EB490991">Header Blue</UserColor>
		</TextColor>
	</PageObject>
	<PageObject Type="Button">
		<Location top="372" left="6" bottom="402" right="192" />
		<TabOrder>5</TabOrder>
		<LeaveOnEnter>false</LeaveOnEnter>
		<ButtonType>Text</ButtonType>
		<Title>"Read from Excel"</Title>
		<Font GUID="0BDEF216-23B3-4F0F-B5D6-83C5A7303CF9" Name="Buttons" />
		<ActionSequence>
			<Action Type="Run">
				<RunWhat>SpecificProcecure</RunWhat>
				<Procedure>ReadFromExcel</Procedure>
				<AbortOnError>true</AbortOnError>
			</Action>
		</ActionSequence>
	</PageObject>
	<PageObject Type="Button">
		<Location top="408" left="6" bottom="438" right="192" />
		<TabOrder>3</TabOrder>
		<LeaveOnEnter>false</LeaveOnEnter>
		<ButtonType>Text</ButtonType>
		<Title>"Solve"</Title>
		<Font GUID="0BDEF216-23B3-4F0F-B5D6-83C5A7303CF9" Name="Buttons" />
		<ActionSequence>
			<Action Type="Run">
				<RunWhat>SpecificProcecure</RunWhat>
				<Procedure>EmptyNewLocations</Procedure>
				<AbortOnError>true</AbortOnError>
			</Action>
			<Action Type="Run">
				<RunWhat>SpecificProcecure</RunWhat>
				<Procedure>COGDetermineDistributionCenter</Procedure>
				<AbortOnError>true</AbortOnError>
			</Action>
		</ActionSequence>
	</PageObject>
	<PageObject Type="Table">
		<Location top="480" left="6" bottom="522" right="192" />
		<Hidden>DoNotShowCOGSolution</Hidden>
		<TabOrder>6</TabOrder>
		<Font GUID="428A93A5-26E1-4F42-8B0F-227299B289C7" Name="Table Text" />
		<Border Style="None" />
		<BackgroundColor RGB="#ffffff" />
		<RowIndentation>3</RowIndentation>
		<ElementTextAsTooltip>false</ElementTextAsTooltip>
		<ExplicitIdentifier>
			<Identifier>TotalCost</Identifier>
			<FirstColumn>0</FirstColumn>
			<HeaderText>"Total Cost"</HeaderText>
			<NumberFormat Width="12" Decimals="2" ThousandSeparator="true" Alignment="Center" />
		</ExplicitIdentifier>
		<ExplicitIdentifier>
			<Identifier>NLXCoordinate( NewLocation )</Identifier>
			<FirstColumn>1</FirstColumn>
			<HeaderText>"X Coordinate"</HeaderText>
			<NumberFormat Width="12" Decimals="2" Alignment="Center" />
		</ExplicitIdentifier>
		<ExplicitIdentifier>
			<Identifier>NLYCoordinate( NewLocation )</Identifier>
			<FirstColumn>1</FirstColumn>
			<HeaderText>"Y Coordinate"</HeaderText>
			<NumberFormat Width="12" Decimals="2" Alignment="Center" />
		</ExplicitIdentifier>
	</PageObject>
	<PageObject Type="Button">
		<Location top="444" left="6" bottom="474" right="192" />
		<TabOrder>4</TabOrder>
		<LeaveOnEnter>false</LeaveOnEnter>
		<ButtonType>Text</ButtonType>
		<Title>"Model Description"</Title>
		<Font GUID="0BDEF216-23B3-4F0F-B5D6-83C5A7303CF9" Name="Buttons" />
		<ActionSequence>
			<Action Type="Run">
				<RunWhat>SpecificProcecure</RunWhat>
				<Procedure>COGFillDescription</Procedure>
				<AbortOnError>true</AbortOnError>
			</Action>
		</ActionSequence>
	</PageObject>
	<UsedReferences>
		<Model>
			<Symbol>DoNotShowCOGSolution</Symbol>
			<Symbol>NLXCoordinate</Symbol>
			<Symbol>NLYCoordinate</Symbol>
			<Symbol>TotalCost</Symbol>
			<Symbol>ReadFromExcel</Symbol>
			<Symbol>EmptyNewLocations</Symbol>
			<Symbol>COGDetermineDistributionCenter</Symbol>
			<Symbol>COGFillDescription</Symbol>
			<Symbol>NewLocation</Symbol>
		</Model>
	</UsedReferences>
</Page>
