<?xml version="1.0"?>
<TemplateManager>
	<Template Name="Size Template" PageGUID="6AEB97BC-F1E8-4103-AEF3-651E2D04862F" CrossLibraryDuplicate="66E08D8C-5677-49B5-970F-BB85475A48BE|6A8815C4-5811-47AB-BC76-82C3180C1295|Size Template">
		<Template Name="Tab Navigation Template" PageGUID="206D10C7-E0FC-4049-9939-732AE4FE0D6B">
			<Page Name="Results" PageGUID="A65F2C79-E023-4EB5-93AF-B70B37FC27A0" />
			<Page Name="Details" PageGUID="E6104DB9-3C22-4D13-B878-D84862D4CF53" />
			<Page Name="Case Compare" PageGUID="F3CB3F12-CC15-486B-8431-365E408E8DAE" />
		</Template>
		<Template Name="Navigation Template" PageGUID="E081412C-D943-434E-997F-C153895576C5" CrossLibraryDuplicate="66E08D8C-5677-49B5-970F-BB85475A48BE|3241DDB1-55C5-441B-9DC8-359086631B74|Navigation Template">
			<Template Name="Background Info Template" PageGUID="DCFFC602-AAEF-4F7D-A07C-D42763BB584C" CrossLibraryDuplicate="66E08D8C-5677-49B5-970F-BB85475A48BE|153A8CDB-E916-4F3B-B652-41C25F2C9CB5|Background Info Template">
				<Page Name="AIMMS Demo" PageGUID="54B651BF-1F17-404B-A309-AB8AA488B3E4" />
			</Template>
			<Page Name="Solver Comparison" PageGUID="C181C563-39D9-4842-93A4-F4555DA8D60A" />
		</Template>
	</Template>
</TemplateManager>
