<?xml version="1.0"?>
<Page Version="4000" TimeStamp="2014-10-02 11:08:38">
	<Location top="23" left="4" bottom="644" right="768" />
	<PageEditSize Type="Inherited">
		<Size Width="772" Height="622" />
	</PageEditSize>
	<ProjectUUID>1B20DCC6-335E-4AC2-94FF-B0F008240456</ProjectUUID>
	<TemplatesTabOrderPosition>1</TemplatesTabOrderPosition>
	<ResizeData>
		<MainArea Line="FixedFromTop" Value="99">
			<TopArea Line="FixedFromLeft" Value="200" />
			<BottomArea Line="FixedFromLeft" Value="201">
				<LeftArea Line="FixedFromTop" Value="204">
					<BottomArea Line="FixedFromTop" Value="275" />
				</LeftArea>
				<RightArea Line="FixedFromTop" Value="85" />
			</BottomArea>
		</MainArea>
	</ResizeData>
	<Background>
		<UserColor GUID="BE88CBA8-0918-4245-B1B5-27FC7675580E">white</UserColor>
	</Background>
	<Action>
		<EntryProcedure>InitialMovie</EntryProcedure>
	</Action>
	<PageObject Type="Network Object">
		<Location top="210" left="207" bottom="384" right="483" />
		<TabOrder>9</TabOrder>
		<TabStop>false</TabStop>
		<Font GUID="B8AECF98-79BB-4EA3-A49F-9A75DCD3764B" Name="Header Font" />
		<Border Style="InShadow" Width="2" MarginTop="5" MarginRight="5" MarginBottom="5" MarginLeft="5" />
		<BackgroundColor>
			<UserColor GUID="CCB23DE4-D3C9-4647-BE46-7A1779576484">Background yellow</UserColor>
		</BackgroundColor>
		<EqualXYScale>false</EqualXYScale>
		<ScrollControl>NoScrolling</ScrollControl>
		<VisibleArea>
			<Right>SquareSize</Right>
			<Top>SquareSize</Top>
		</VisibleArea>
		<Node>
			<Identifier>c</Identifier>
			<XCoordinate>XCoord( c )</XCoordinate>
			<YCoordinate>YCoord( c )</YCoordinate>
			<NumberFormat Width="6" Decimals="2" />
			<MaximumSize>8</MaximumSize>
			<TextPosition>Right</TextPosition>
			<TextShowWhat>Nothing</TextShowWhat>
			<Color>72EEE513-0BD6-4484-9775-C5A895F7101F dark grey</Color>
			<Size>5</Size>
			<Shape>Circle</Shape>
		</Node>
		<Arc>
			<Identifier>InitTourConnect( i, j )</Identifier>
			<NumberFormat Width="6" Decimals="2" />
			<MaximumSize>8</MaximumSize>
			<TextPosition>Right</TextPosition>
			<Color>7FEE5C40-72DF-4B86-9DA3-CBD4E19324E5 blue</Color>
			<Shape>Straight</Shape>
			<FirstSegment>Horizontal</FirstSegment>
			<ArcsAsArrows>false</ArcsAsArrows>
			<ClickWhere>EntireArc</ClickWhere>
		</Arc>
	</PageObject>
	<PageObject Type="Button">
		<Location top="402" left="6" bottom="426" right="192" />
		<TabOrder>3</TabOrder>
		<ButtonType>Text</ButtonType>
		<Title>"Initial Tour"</Title>
		<Font GUID="0BDEF216-23B3-4F0F-B5D6-83C5A7303CF9" Name="Buttons" />
		<ActionSequence>
			<Action Type="Run">
				<RunWhat>SpecificProcecure</RunWhat>
				<Procedure>FindInitialTour</Procedure>
				<AbortOnError>true</AbortOnError>
			</Action>
		</ActionSequence>
	</PageObject>
	<PageObject Type="Button">
		<Location top="522" left="6" bottom="546" right="192" />
		<TabOrder>5</TabOrder>
		<ButtonType>Text</ButtonType>
		<Title>"Improve Tour (Simultaneous)"</Title>
		<Font GUID="428A93A5-26E1-4F42-8B0F-227299B289C7" Name="Table Text" />
		<ActionSequence>
			<Action Type="Run">
				<RunWhat>SpecificProcecure</RunWhat>
				<Procedure>ImproveInitialTourSimultaneous</Procedure>
				<AbortOnError>true</AbortOnError>
				<BackgroundRun>true</BackgroundRun>
			</Action>
		</ActionSequence>
	</PageObject>
	<PageObject Type="Button">
		<Location top="462" left="6" bottom="486" right="192" />
		<TabOrder>4</TabOrder>
		<ButtonType>Text</ButtonType>
		<Title>"Improve Tour (Cyclic)"</Title>
		<Font GUID="0BDEF216-23B3-4F0F-B5D6-83C5A7303CF9" Name="Buttons" />
		<ActionSequence>
			<Action Type="Run">
				<RunWhat>SpecificProcecure</RunWhat>
				<Procedure>ImproveInitialTourCyclic</Procedure>
				<AbortOnError>true</AbortOnError>
				<BackgroundRun>true</BackgroundRun>
			</Action>
		</ActionSequence>
	</PageObject>
	<PageObject Type="Network Object">
		<Location top="414" left="207" bottom="618" right="483" />
		<TabOrder>13</TabOrder>
		<TabStop>false</TabStop>
		<Font GUID="B8AECF98-79BB-4EA3-A49F-9A75DCD3764B" Name="Header Font" />
		<Border Style="InShadow" Width="2" MarginTop="5" MarginRight="5" MarginBottom="5" MarginLeft="5" />
		<BackgroundColor>
			<UserColor GUID="CCB23DE4-D3C9-4647-BE46-7A1779576484">Background yellow</UserColor>
		</BackgroundColor>
		<EqualXYScale>false</EqualXYScale>
		<ScrollControl>NoScrolling</ScrollControl>
		<VisibleArea>
			<Right>SquareSize</Right>
			<Top>SquareSize</Top>
		</VisibleArea>
		<Node>
			<Identifier>c</Identifier>
			<XCoordinate>XCoord( c )</XCoordinate>
			<YCoordinate>YCoord( c )</YCoordinate>
			<NumberFormat Width="6" Decimals="2" />
			<MaximumSize>8</MaximumSize>
			<TextPosition>Right</TextPosition>
			<TextShowWhat>Nothing</TextShowWhat>
			<Color>72EEE513-0BD6-4484-9775-C5A895F7101F dark grey</Color>
			<Size>5</Size>
			<Shape>Circle</Shape>
		</Node>
		<Arc>
			<Identifier>CycTourConnect( i, j )</Identifier>
			<NumberFormat Width="6" Decimals="2" />
			<MaximumSize>8</MaximumSize>
			<TextPosition>Right</TextPosition>
			<TextShowWhat>Nothing</TextShowWhat>
			<Color>7FEE5C40-72DF-4B86-9DA3-CBD4E19324E5 blue</Color>
			<Shape>Straight</Shape>
			<FirstSegment>Horizontal</FirstSegment>
			<ArcsAsArrows>false</ArcsAsArrows>
			<ClickWhere>EntireArc</ClickWhere>
		</Arc>
	</PageObject>
	<PageObject Type="Network Object">
		<Location top="414" left="486" bottom="618" right="762" />
		<TabOrder>14</TabOrder>
		<TabStop>false</TabStop>
		<Font GUID="B8AECF98-79BB-4EA3-A49F-9A75DCD3764B" Name="Header Font" />
		<Border Style="InShadow" Width="2" MarginTop="5" MarginRight="5" MarginBottom="5" MarginLeft="5" />
		<BackgroundColor>
			<UserColor GUID="CCB23DE4-D3C9-4647-BE46-7A1779576484">Background yellow</UserColor>
		</BackgroundColor>
		<EqualXYScale>false</EqualXYScale>
		<ScrollControl>NoScrolling</ScrollControl>
		<VisibleArea>
			<Right>SquareSize</Right>
			<Top>SquareSize</Top>
		</VisibleArea>
		<Node>
			<Identifier>c</Identifier>
			<XCoordinate>XCoord( c )</XCoordinate>
			<YCoordinate>YCoord( c )</YCoordinate>
			<NumberFormat Width="6" Decimals="2" />
			<MaximumSize>8</MaximumSize>
			<TextPosition>Right</TextPosition>
			<TextShowWhat>Nothing</TextShowWhat>
			<Color>72EEE513-0BD6-4484-9775-C5A895F7101F dark grey</Color>
			<Size>5</Size>
			<Shape>Circle</Shape>
		</Node>
		<Arc>
			<Identifier>SimTourConnect( i, j )</Identifier>
			<NumberFormat Width="6" Decimals="2" />
			<MaximumSize>8</MaximumSize>
			<TextPosition>Right</TextPosition>
			<TextShowWhat>Nothing</TextShowWhat>
			<Color>7FEE5C40-72DF-4B86-9DA3-CBD4E19324E5 blue</Color>
			<Shape>Straight</Shape>
			<FirstSegment>Horizontal</FirstSegment>
			<ArcsAsArrows>false</ArcsAsArrows>
			<ClickWhere>EntireArc</ClickWhere>
		</Arc>
	</PageObject>
	<PageObject Type="Scalar">
		<Location top="432" left="6" bottom="456" right="192" />
		<TabOrder>11</TabOrder>
		<TabStop>false</TabStop>
		<Font GUID="428A93A5-26E1-4F42-8B0F-227299B289C7" Name="Table Text" />
		<Border Style="InShadow" Width="2" MarginTop="2" MarginRight="2" MarginBottom="2" MarginLeft="2" />
		<BackgroundColor RGB="#ffffff" />
		<TextColor>
			<UserColor GUID="C434C658-E157-45F3-B739-81CF472384B4">default selection</UserColor>
		</TextColor>
		<Layout>Text-Value</Layout>
		<SeparatorSign>=</SeparatorSign>
		<ExplicitIdentifier>
			<Identifier>InitTourDistance</Identifier>
			<NumberFormat Width="7" Decimals="3" Alignment="Center" ShowDefaults="true" />
			<Title>"Tour Distance"</Title>
		</ExplicitIdentifier>
	</PageObject>
	<PageObject Type="Button">
		<Location top="186" left="6" bottom="210" right="192" />
		<TabOrder>2</TabOrder>
		<ButtonType>Text</ButtonType>
		<Transparent>true</Transparent>
		<Font GUID="0BDEF216-23B3-4F0F-B5D6-83C5A7303CF9" Name="Buttons" />
		<ActionSequence>
			<Action Type="ClosePage" />
			<Action Type="GotoPage">
				<Destination>Parent</Destination>
			</Action>
		</ActionSequence>
	</PageObject>
	<PageObject Type="Text">
		<Location top="192" left="207" bottom="210" right="483" />
		<StaticText>Initial Tour</StaticText>
		<Alignment>Center</Alignment>
		<Font GUID="C82FBF27-1614-41C9-B718-A431388D2B5A" Name="General Text" />
		<TextColor>
			<UserColor GUID="C434C658-E157-45F3-B739-81CF472384B4">default selection</UserColor>
		</TextColor>
	</PageObject>
	<PageObject Type="Text">
		<Location top="396" left="486" bottom="408" right="762" />
		<StaticText>Improved Tour (Simultaneous)</StaticText>
		<Alignment>Center</Alignment>
		<Font GUID="C82FBF27-1614-41C9-B718-A431388D2B5A" Name="General Text" />
		<TextColor>
			<UserColor GUID="C434C658-E157-45F3-B739-81CF472384B4">default selection</UserColor>
		</TextColor>
	</PageObject>
	<PageObject Type="Text">
		<Location top="396" left="207" bottom="408" right="483" />
		<StaticText>Improved Tour (Cyclic)</StaticText>
		<Alignment>Center</Alignment>
		<Font GUID="C82FBF27-1614-41C9-B718-A431388D2B5A" Name="General Text" />
		<TextColor>
			<UserColor GUID="C434C658-E157-45F3-B739-81CF472384B4">default selection</UserColor>
		</TextColor>
	</PageObject>
	<PageObject Type="Text">
		<Location top="210" left="492" bottom="240" right="762" />
		<StaticText>CTRL-Shift-S allows you to interrupt</StaticText>
		<Alignment>Center</Alignment>
		<Font GUID="C82FBF27-1614-41C9-B718-A431388D2B5A" Name="General Text" />
		<TextColor>
			<UserColor GUID="C434C658-E157-45F3-B739-81CF472384B4">default selection</UserColor>
		</TextColor>
	</PageObject>
	<PageObject Type="Scalar">
		<Location top="492" left="6" bottom="516" right="192" />
		<TabOrder>10</TabOrder>
		<TabStop>false</TabStop>
		<Font GUID="428A93A5-26E1-4F42-8B0F-227299B289C7" Name="Table Text" />
		<Border Style="InShadow" Width="2" MarginTop="2" MarginRight="2" MarginBottom="2" MarginLeft="2" />
		<BackgroundColor RGB="#ffffff" />
		<TextColor>
			<UserColor GUID="C434C658-E157-45F3-B739-81CF472384B4">default selection</UserColor>
		</TextColor>
		<Layout>Text-Value</Layout>
		<SeparatorSign>=</SeparatorSign>
		<ExplicitIdentifier>
			<Identifier>CycTourDistance</Identifier>
			<NumberFormat Width="7" Decimals="3" Scientific="IfTooSmallorLarge" Alignment="Center" ShowDefaults="true" />
			<Title>"Total distance"</Title>
		</ExplicitIdentifier>
	</PageObject>
	<PageObject Type="Scalar">
		<Location top="552" left="6" bottom="576" right="192" />
		<TabOrder>12</TabOrder>
		<TabStop>false</TabStop>
		<Font GUID="428A93A5-26E1-4F42-8B0F-227299B289C7" Name="Table Text" />
		<Border Style="InShadow" Width="2" MarginTop="2" MarginRight="2" MarginBottom="2" MarginLeft="2" />
		<BackgroundColor RGB="#ffffff" />
		<TextColor>
			<UserColor GUID="C434C658-E157-45F3-B739-81CF472384B4">default selection</UserColor>
		</TextColor>
		<Layout>Text-Value</Layout>
		<SeparatorSign>=</SeparatorSign>
		<ExplicitIdentifier>
			<Identifier>SimTourDistance</Identifier>
			<NumberFormat Width="7" Decimals="3" Scientific="IfTooSmallorLarge" Alignment="Center" ShowDefaults="true" />
			<Title>"Total distance"</Title>
		</ExplicitIdentifier>
	</PageObject>
	<PageObject Type="Text">
		<Location top="192" left="18" bottom="210" right="195" />
		<StaticText>Problem Description</StaticText>
		<Font GUID="0BDEF216-23B3-4F0F-B5D6-83C5A7303CF9" Name="Buttons" />
		<TextColor>
			<UserColor GUID="1798981A-C40D-4713-BC08-E97545963465">Link</UserColor>
		</TextColor>
	</PageObject>
	<PageObject Type="Rectangle">
		<Location top="372" left="6" bottom="396" right="192" />
		<FillColor>
			<UserColor GUID="A3839E01-47DC-46BB-819D-6CECB851B151">Bar Blue</UserColor>
		</FillColor>
		<LineColor>
			<UserColor GUID="A3839E01-47DC-46BB-819D-6CECB851B151">Bar Blue</UserColor>
		</LineColor>
	</PageObject>
	<PageObject Type="Text">
		<Location top="375" left="18" bottom="393" right="186" />
		<StaticText>Execution</StaticText>
		<Font GUID="107CF1DD-5B8E-41FC-BD55-10C950947E3C" Name="Headers" />
		<TextColor>
			<UserColor GUID="B5956EEA-5F3E-4BD0-85C7-9F70EB490991">Header Blue</UserColor>
		</TextColor>
	</PageObject>
	<PageObject Type="Scalar">
		<Location top="276" left="6" bottom="300" right="192" />
		<TabOrder>6</TabOrder>
		<TabStop>false</TabStop>
		<Font GUID="428A93A5-26E1-4F42-8B0F-227299B289C7" Name="Table Text" />
		<Border Style="InShadow" Width="2" MarginTop="2" MarginRight="2" MarginBottom="2" MarginLeft="2" />
		<BackgroundColor RGB="#ffffff" />
		<TextColor>
			<UserColor GUID="C434C658-E157-45F3-B739-81CF472384B4">default selection</UserColor>
		</TextColor>
		<Layout>Text-Value</Layout>
		<SeparatorSign>=</SeparatorSign>
		<ExplicitIdentifier>
			<Identifier>MaxCities</Identifier>
			<NumberFormat Width="5" Decimals="0" Alignment="Center" ShowDefaults="true" />
			<Title>"# cities"</Title>
			<ProcedureUponChange>NewTour</ProcedureUponChange>
		</ExplicitIdentifier>
	</PageObject>
	<PageObject Type="Button">
		<Location top="303" left="6" bottom="327" right="192" />
		<TabOrder>7</TabOrder>
		<ButtonType>Text</ButtonType>
		<Title>"New Network"</Title>
		<Font GUID="0BDEF216-23B3-4F0F-B5D6-83C5A7303CF9" Name="Buttons" />
		<ActionSequence>
			<Action Type="Run">
				<RunWhat>SpecificProcecure</RunWhat>
				<Procedure>NewTour</Procedure>
				<AbortOnError>true</AbortOnError>
			</Action>
		</ActionSequence>
	</PageObject>
	<PageObject Type="Scalar">
		<Location top="330" left="6" bottom="366" right="192" />
		<TabOrder>8</TabOrder>
		<TabStop>false</TabStop>
		<Font GUID="428A93A5-26E1-4F42-8B0F-227299B289C7" Name="Table Text" />
		<Border Style="InShadow" Width="2" MarginTop="2" MarginRight="2" MarginBottom="2" MarginLeft="2" />
		<BackgroundColor RGB="#ffffff" />
		<TextColor>
			<UserColor GUID="C434C658-E157-45F3-B739-81CF472384B4">default selection</UserColor>
		</TextColor>
		<Layout>Text-Value</Layout>
		<SeparatorSign>=</SeparatorSign>
		<ExplicitIdentifier>
			<Identifier>MaxNeighbors</Identifier>
			<NumberFormat Width="5" Decimals="0" Alignment="Center" ShowDefaults="true" />
			<Title>"Neighbors per city"</Title>
		</ExplicitIdentifier>
		<ExplicitIdentifier>
			<Identifier>IterationLimit</Identifier>
			<NumberFormat Width="4" Decimals="0" Alignment="Center" ShowDefaults="true" />
			<Title>"Max Iterations"</Title>
		</ExplicitIdentifier>
	</PageObject>
	<PageObject Type="Rectangle">
		<Location top="246" left="6" bottom="270" right="192" />
		<FillColor>
			<UserColor GUID="A3839E01-47DC-46BB-819D-6CECB851B151">Bar Blue</UserColor>
		</FillColor>
		<LineColor>
			<UserColor GUID="A3839E01-47DC-46BB-819D-6CECB851B151">Bar Blue</UserColor>
		</LineColor>
	</PageObject>
	<PageObject Type="Text">
		<Location top="249" left="18" bottom="267" right="186" />
		<StaticText>Network</StaticText>
		<Font GUID="107CF1DD-5B8E-41FC-BD55-10C950947E3C" Name="Headers" />
		<TextColor>
			<UserColor GUID="B5956EEA-5F3E-4BD0-85C7-9F70EB490991">Header Blue</UserColor>
		</TextColor>
	</PageObject>
	<UsedReferences>
		<Model>
			<Symbol>MaxCities</Symbol>
			<Symbol>XCoord</Symbol>
			<Symbol>YCoord</Symbol>
			<Symbol>IterationLimit</Symbol>
			<Symbol>MaxNeighbors</Symbol>
			<Symbol>SquareSize</Symbol>
			<Symbol>InitTourDistance</Symbol>
			<Symbol>InitTourConnect</Symbol>
			<Symbol>NewTour</Symbol>
			<Symbol>FindInitialTour</Symbol>
			<Symbol>SimTourDistance</Symbol>
			<Symbol>SimTourConnect</Symbol>
			<Symbol>ImproveInitialTourSimultaneous</Symbol>
			<Symbol>CycTourDistance</Symbol>
			<Symbol>CycTourConnect</Symbol>
			<Symbol>ImproveInitialTourCyclic</Symbol>
			<Symbol>InitialMovie</Symbol>
			<Symbol>i</Symbol>
			<Symbol>j</Symbol>
			<Symbol>c</Symbol>
		</Model>
	</UsedReferences>
</Page>
