<?xml version="1.0"?>
<TemplateManager>
	<Template Name="Size Template" PageGUID="49002A2F-102D-4225-9918-5CC9E2A86DA9" CrossLibraryDuplicate="66E08D8C-5677-49B5-970F-BB85475A48BE|6A8815C4-5811-47AB-BC76-82C3180C1295|Size Template">
		<Template Name="Navigation Template" PageGUID="C38C31B7-7E38-43DB-A01A-318C02D79E64" CrossLibraryDuplicate="66E08D8C-5677-49B5-970F-BB85475A48BE|3241DDB1-55C5-441B-9DC8-359086631B74|Navigation Template">
			<Template Name="Background Info Template" PageGUID="65CEA002-0368-4C57-874F-4530F3186624" CrossLibraryDuplicate="66E08D8C-5677-49B5-970F-BB85475A48BE|153A8CDB-E916-4F3B-B652-41C25F2C9CB5|Background Info Template">
				<Page Name="AIMMS Demo" PageGUID="92E35892-8588-4161-9F92-CD1A6553F897" />
			</Template>
			<Page Name="Input Overview" PageGUID="729BBEC7-5617-484E-9971-76814C49F351" />
			<Page Name="Results Overview" PageGUID="A29DB1BD-CE48-41DA-8D3E-893EA1CA1659" />
			<Page Name="Trade Network" PageGUID="520F1A74-3568-47E3-A841-104B852DBB99" />
		</Template>
	</Template>
	<Page Name="Legend" PageGUID="62444092-B55E-4582-963D-C57DDC035B8D" />
</TemplateManager>
