<?xml version="1.0"?>
<Page Version="4000" TimeStamp="2014-10-02 11:08:38">
	<Location top="23" left="4" bottom="644" right="768" />
	<PageEditSize Type="Inherited">
		<Size Width="772" Height="622" />
	</PageEditSize>
	<ProjectUUID>987ED824-14BC-40D7-85E7-700E591C6983</ProjectUUID>
	<TemplatesTabOrderPosition>1</TemplatesTabOrderPosition>
	<ResizeData>
		<MainArea Line="FixedFromTop" Value="99">
			<TopArea Line="FixedFromLeft" Value="200" />
			<BottomArea Line="FixedFromLeft" Value="201">
				<LeftArea Line="FixedFromTop" Value="204">
					<BottomArea Line="FixedFromTop" Value="224" />
				</LeftArea>
				<RightArea Line="FixedFromTop" Value="85" />
			</BottomArea>
		</MainArea>
	</ResizeData>
	<Background>
		<UserColor GUID="E5A774CE-AEF1-49B4-9546-40776EB92EDA">white</UserColor>
	</Background>
	<HorizontalGridDistance>3</HorizontalGridDistance>
	<VerticalGridDistance>3</VerticalGridDistance>
	<PageObject Type="Button">
		<Location top="186" left="6" bottom="210" right="192" />
		<TabOrder>2</TabOrder>
		<ButtonType>Text</ButtonType>
		<Transparent>true</Transparent>
		<Font GUID="0BDEF216-23B3-4F0F-B5D6-83C5A7303CF9" Name="Buttons" />
		<ActionSequence>
			<Action Type="GotoPage">
				<Destination>Parent</Destination>
			</Action>
			<Action Type="ClosePage" />
		</ActionSequence>
	</PageObject>
	<PageObject Type="Network Object">
		<Location top="204" left="204" bottom="615" right="546" />
		<ReadOnly>"Yes"</ReadOnly>
		<TabOrder>7</TabOrder>
		<TabStop>false</TabStop>
		<Font GUID="C82FBF27-1614-41C9-B718-A431388D2B5A" Name="General Text" />
		<Border Style="InShadow" Width="2" />
		<BackgroundColor RGB="#ffffff" />
		<SelectionColor RGB="#800000" />
		<EqualXYScale>false</EqualXYScale>
		<ScrollControl>NoScrolling</ScrollControl>
		<VisibleArea>
			<Left>ActiveBounds( 'Left' )</Left>
			<Right>ActiveBounds( 'Right' )</Right>
			<Top>ActiveBounds( 'Top' )</Top>
			<Bottom>ActiveBounds( 'Bottom' )</Bottom>
		</VisibleArea>
		<Background>
			<Background_Image_Source ID="101">"From File"</Background_Image_Source>
			<Image_File_Name ID="200" LiteralFileName="true">"&lt;prj&gt;:Netherlands.bmp"</Image_File_Name>
			<Left ID="210">BitmapBounds( 'Left' )</Left>
			<Right ID="211">BitmapBounds( 'Right' )</Right>
			<Top ID="212">BitmapBounds( 'Top' )</Top>
			<Bottom ID="213">BitmapBounds( 'Bottom' )</Bottom>
		</Background>
		<Node>
			<Identifier>n</Identifier>
			<XCoordinate>XCoordinate( n -&gt; CurrentNode )</XCoordinate>
			<YCoordinate>YCoordinate( n )</YCoordinate>
			<NumberFormat Width="6" Decimals="2" />
			<MaximumSize>8</MaximumSize>
			<ScaleFactor>10</ScaleFactor>
			<TextPosition>Left</TextPosition>
			<TextShowWhat>OtherIdentifier</TextShowWhat>
			<Color>RGB ff0000</Color>
			<Text>CityName( n )</Text>
			<Shape>Rectangle</Shape>
		</Node>
		<Arc>
			<Identifier>TrafficDemand( o -&gt; CurrentSrcNode, d -&gt; CurrentDstNode )</Identifier>
			<NumberFormat Width="6" Decimals="2" />
			<MaximumSize>8</MaximumSize>
			<TextPosition>Right</TextPosition>
			<Shape>Straight</Shape>
			<FirstSegment>Horizontal</FirstSegment>
			<ArcsAsArrows>false</ArcsAsArrows>
			<ClickWhere>EntireArc</ClickWhere>
		</Arc>
	</PageObject>
	<PageObject Type="Button">
		<Location top="216" left="6" bottom="240" right="192" />
		<TabOrder>3</TabOrder>
		<ButtonType>Text</ButtonType>
		<Transparent>true</Transparent>
		<Font GUID="3D4F8FDE-28E6-4338-998E-C89108819645" Name="Legend" />
		<ActionSequence>
			<Action Type="GotoPage">
				<Destination>Next</Destination>
			</Action>
			<Action Type="ClosePage" />
		</ActionSequence>
	</PageObject>
	<PageObject Type="Selection Object">
		<SelectionType>CheckBoxes</SelectionType>
		<Location top="300" left="6" bottom="330" right="192" />
		<TabOrder>5</TabOrder>
		<Font GUID="428A93A5-26E1-4F42-8B0F-227299B289C7" Name="Table Text" />
		<TextShown>IdentifierText</TextShown>
		<Border Style="None" Width="2" MarginTop="5" MarginRight="5" MarginBottom="5" MarginLeft="5" />
		<BackgroundColor>
			<UserColor GUID="E5A774CE-AEF1-49B4-9546-40776EB92EDA">white</UserColor>
		</BackgroundColor>
		<TextColor>
			<UserColor GUID="2C2F6965-7C06-471B-9AFA-A1590B15EE46">default selection</UserColor>
		</TextColor>
		<ExplicitIdentifier>
			<Identifier>CityNameLong</Identifier>
			<Description>"Full switch name"</Description>
		</ExplicitIdentifier>
	</PageObject>
	<PageObject Type="Text">
		<Location top="186" left="204" bottom="204" right="552" />
		<StaticText>The Netherlands</StaticText>
		<Alignment>Center</Alignment>
		<Font GUID="107CF1DD-5B8E-41FC-BD55-10C950947E3C" Name="Headers" />
		<TextColor>
			<UserColor GUID="2C2F6965-7C06-471B-9AFA-A1590B15EE46">default selection</UserColor>
		</TextColor>
	</PageObject>
	<PageObject Type="Composite Table">
		<Location top="204" left="549" bottom="381" right="762" />
		<TabOrder>8</TabOrder>
		<TabStop>false</TabStop>
		<Font GUID="428A93A5-26E1-4F42-8B0F-227299B289C7" Name="Table Text" />
		<Border Style="InShadow" Width="2" MarginTop="5" MarginRight="5" MarginBottom="5" MarginLeft="5" />
		<BackgroundColor RGB="#ffffff" />
		<TextColor>
			<UserColor GUID="2C2F6965-7C06-471B-9AFA-A1590B15EE46">default selection</UserColor>
		</TextColor>
		<AutomaticReSort>false</AutomaticReSort>
		<Domain>
			<Identifier>TrafficDemand( o, d )</Identifier>
			<Index Name="o">
				<TitleText>"City"</TitleText>
			</Index>
			<Index Name="d">
				<TitleText>"City"</TitleText>
			</Index>
		</Domain>
		<ExplicitIdentifier>
			<Identifier>TrafficDemand( o, d )</Identifier>
			<NumberFormat Width="4" Decimals="0" Alignment="Center" />
			<TitleText>"Traffic"</TitleText>
		</ExplicitIdentifier>
	</PageObject>
	<PageObject Type="Text">
		<Location top="186" left="549" bottom="204" right="759" />
		<StaticText>Calls</StaticText>
		<Alignment>Center</Alignment>
		<Font GUID="107CF1DD-5B8E-41FC-BD55-10C950947E3C" Name="Headers" />
		<TextColor>
			<UserColor GUID="2C2F6965-7C06-471B-9AFA-A1590B15EE46">default selection</UserColor>
		</TextColor>
	</PageObject>
	<PageObject Type="Button">
		<Location top="498" left="6" bottom="522" right="192" />
		<TabOrder>6</TabOrder>
		<ButtonType>Text</ButtonType>
		<Title>"Reset network area"</Title>
		<Font GUID="0BDEF216-23B3-4F0F-B5D6-83C5A7303CF9" Name="Buttons" />
		<ActionSequence>
			<Action Type="Run">
				<RunWhat>SpecificProcecure</RunWhat>
				<Procedure>DetermineDefaultNetworkBounds</Procedure>
				<AbortOnError>true</AbortOnError>
			</Action>
		</ActionSequence>
	</PageObject>
	<PageObject Type="Scalar">
		<Location top="330" left="6" bottom="492" right="192" />
		<TabOrder>11</TabOrder>
		<TabStop>false</TabStop>
		<Font GUID="428A93A5-26E1-4F42-8B0F-227299B289C7" Name="Table Text" />
		<Border Style="InShadow" Width="2" MarginTop="5" MarginRight="5" MarginBottom="5" MarginLeft="5" />
		<BackgroundColor RGB="#ffffff" />
		<TextColor>
			<UserColor GUID="2C2F6965-7C06-471B-9AFA-A1590B15EE46">default selection</UserColor>
		</TextColor>
		<Layout>MultipleLineEditField</Layout>
		<VerticalScrollbar>true</VerticalScrollbar>
		<DisplayTextFile>true</DisplayTextFile>
		<SeparatorSign>=</SeparatorSign>
		<ExplicitIdentifier>
			<Identifier>NetworkInfo</Identifier>
			<NumberFormat Width="15" Decimals="0" Alignment="Left" ShowDefaults="true" />
		</ExplicitIdentifier>
	</PageObject>
	<PageObject Type="Composite Table">
		<Location top="383" left="549" bottom="528" right="762" />
		<TabOrder>9</TabOrder>
		<TabStop>false</TabStop>
		<Font GUID="428A93A5-26E1-4F42-8B0F-227299B289C7" Name="Table Text" />
		<Border Style="InShadow" Width="2" MarginTop="5" MarginRight="5" MarginBottom="5" MarginLeft="5" />
		<BackgroundColor RGB="#ffffff" />
		<TextColor>
			<UserColor GUID="2C2F6965-7C06-471B-9AFA-A1590B15EE46">default selection</UserColor>
		</TextColor>
		<AutomaticReSort>false</AutomaticReSort>
		<Domain>
			<Identifier>ArcCapacity( a )</Identifier>
			<Index Name="a">
				<TitleText>"Connection"</TitleText>
			</Index>
		</Domain>
		<ExplicitIdentifier>
			<Identifier>ArcCapacity( a )</Identifier>
			<NumberFormat Width="4" Decimals="0" Alignment="Center" />
			<TitleText>"Capacity"</TitleText>
		</ExplicitIdentifier>
	</PageObject>
	<PageObject Type="Composite Table">
		<Location top="531" left="549" bottom="615" right="762" />
		<TabOrder>10</TabOrder>
		<TabStop>false</TabStop>
		<Font GUID="428A93A5-26E1-4F42-8B0F-227299B289C7" Name="Table Text" />
		<Border Style="InShadow" Width="2" MarginTop="5" MarginRight="5" MarginBottom="5" MarginLeft="5" />
		<BackgroundColor RGB="#ffffff" />
		<TextColor>
			<UserColor GUID="2C2F6965-7C06-471B-9AFA-A1590B15EE46">default selection</UserColor>
		</TextColor>
		<AutomaticReSort>false</AutomaticReSort>
		<Domain>
			<Identifier>NodeCapacity( n )</Identifier>
			<Index Name="n">
				<TitleText>"City"</TitleText>
			</Index>
		</Domain>
		<ExplicitIdentifier>
			<Identifier>NodeCapacity( n )</Identifier>
			<NumberFormat Width="4" Decimals="0" Alignment="Center" />
			<TitleText>"Capacity"</TitleText>
		</ExplicitIdentifier>
	</PageObject>
	<PageObject Type="Button">
		<Location top="276" left="6" bottom="300" right="192" />
		<TabOrder>4</TabOrder>
		<ButtonType>Text</ButtonType>
		<Title>"Reset all data"</Title>
		<Font GUID="0BDEF216-23B3-4F0F-B5D6-83C5A7303CF9" Name="Buttons" />
		<ActionSequence>
			<Action Type="Run">
				<RunWhat>SpecificProcecure</RunWhat>
				<Procedure>SetOriginalDataRequired</Procedure>
				<AbortOnError>true</AbortOnError>
			</Action>
			<Action Type="Run">
				<RunWhat>SpecificProcecure</RunWhat>
				<Procedure>MainInitialization</Procedure>
				<AbortOnError>true</AbortOnError>
			</Action>
		</ActionSequence>
	</PageObject>
	<PageObject Type="Rectangle">
		<Location top="246" left="6" bottom="270" right="192" />
		<FillColor>
			<UserColor GUID="A3839E01-47DC-46BB-819D-6CECB851B151">Bar Blue</UserColor>
		</FillColor>
		<LineColor>
			<UserColor GUID="A3839E01-47DC-46BB-819D-6CECB851B151">Bar Blue</UserColor>
		</LineColor>
	</PageObject>
	<PageObject Type="Text">
		<Location top="249" left="18" bottom="267" right="186" />
		<StaticText>Execution</StaticText>
		<Font GUID="107CF1DD-5B8E-41FC-BD55-10C950947E3C" Name="Headers" />
		<TextColor>
			<UserColor GUID="B5956EEA-5F3E-4BD0-85C7-9F70EB490991">Header Blue</UserColor>
		</TextColor>
	</PageObject>
	<PageObject Type="Text">
		<Location top="192" left="18" bottom="210" right="195" />
		<StaticText>Problem Description</StaticText>
		<Font GUID="0BDEF216-23B3-4F0F-B5D6-83C5A7303CF9" Name="Buttons" />
		<TextColor>
			<UserColor GUID="1798981A-C40D-4713-BC08-E97545963465">Link</UserColor>
		</TextColor>
	</PageObject>
	<PageObject Type="Text">
		<Location top="222" left="18" bottom="240" right="195" />
		<StaticText>Output</StaticText>
		<Font GUID="0BDEF216-23B3-4F0F-B5D6-83C5A7303CF9" Name="Buttons" />
		<TextColor>
			<UserColor GUID="1798981A-C40D-4713-BC08-E97545963465">Link</UserColor>
		</TextColor>
	</PageObject>
	<UsedReferences>
		<Model>
			<Symbol>TrafficDemand</Symbol>
			<Symbol>ArcCapacity</Symbol>
			<Symbol>NodeCapacity</Symbol>
			<Symbol>XCoordinate</Symbol>
			<Symbol>YCoordinate</Symbol>
			<Symbol>CityNameLong</Symbol>
			<Symbol>CityName</Symbol>
			<Symbol>ActiveBounds</Symbol>
			<Symbol>NetworkInfo</Symbol>
			<Symbol>BitmapBounds</Symbol>
			<Symbol>DetermineDefaultNetworkBounds</Symbol>
			<Symbol>SetOriginalDataRequired</Symbol>
			<Symbol>MainInitialization</Symbol>
			<Symbol>a</Symbol>
			<Symbol>o</Symbol>
			<Symbol>d</Symbol>
			<Symbol>n</Symbol>
			<Symbol>CurrentNode</Symbol>
			<Symbol>CurrentSrcNode</Symbol>
			<Symbol>CurrentDstNode</Symbol>
		</Model>
	</UsedReferences>
</Page>
