<?xml version="1.0"?>
<Page Version="4000" TimeStamp="2010-03-02 08:05:41">
	<Location top="27" left="8" bottom="188" right="452" />
	<PageEditSize Type="Inherited" />
	<ProjectUUID>0C85949E-28CF-4A30-8DF0-12A5C8390841</ProjectUUID>
	<IsDialogPage>true</IsDialogPage>
	<TemplatesTabOrderPosition>1</TemplatesTabOrderPosition>
	<ToolBar None="true" />
	<Background Inherited="true" />
	<Action>
		<EntryProcedure>InitializeMoveUnassignedFlightPage</EntryProcedure>
	</Action>
	<PageObject Type="Selection Object">
		<SelectionType>DropDownList</SelectionType>
		<Location top="66" left="18" bottom="96" right="204" />
		<TabOrder>1</TabOrder>
		<Font GUID="428A93A5-26E1-4F42-8B0F-227299B289C7" Name="Table Text" />
		<TextShown>ElementName</TextShown>
		<Border Style="None" />
		<BackgroundColor RGB="#ffffff" />
		<TextColor>
			<UserColor GUID="23F33851-505F-45B5-AA1F-5360CB8B3EFB">Text Blue</UserColor>
		</TextColor>
		<ProcedureUponChange>InitializeMoveUnassignedFlightPage</ProcedureUponChange>
		<ExplicitIdentifier>
			<Identifier>MoveUnassignedToGateType</Identifier>
		</ExplicitIdentifier>
		<ElementText Index="LimitedAllowedGateTypesForMove">GateTypeDescription( LimitedAllowedGateTypesForMove )</ElementText>
	</PageObject>
	<PageObject Type="Selection Object">
		<SelectionType>DropDownList</SelectionType>
		<Location top="66" left="246" bottom="96" right="432" />
		<TabOrder>2</TabOrder>
		<Font GUID="428A93A5-26E1-4F42-8B0F-227299B289C7" Name="Table Text" />
		<TextShown>ElementName</TextShown>
		<Border Style="None" />
		<BackgroundColor RGB="#ffffff" />
		<TextColor>
			<UserColor GUID="23F33851-505F-45B5-AA1F-5360CB8B3EFB">Text Blue</UserColor>
		</TextColor>
		<ExplicitIdentifier>
			<Identifier>MoveUnassignedToGateplan</Identifier>
		</ExplicitIdentifier>
		<ElementText Index="LimitedAllowedGateplansForMove">SelectedGateplanDescription( LimitedAllowedGateplansForMove )</ElementText>
	</PageObject>
	<PageObject Type="Button">
		<Location top="114" left="252" bottom="150" right="336" />
		<TabOrder>4</TabOrder>
		<LeaveOnEnter>false</LeaveOnEnter>
		<ButtonType>Text</ButtonType>
		<Title>"Cancel"</Title>
		<ForegroundColor>
			<UserColor GUID="23F33851-505F-45B5-AA1F-5360CB8B3EFB">Text Blue</UserColor>
		</ForegroundColor>
		<Font GUID="0BDEF216-23B3-4F0F-B5D6-83C5A7303CF9" Name="Buttons" />
		<ActionSequence>
			<Action Type="ClosePage" />
		</ActionSequence>
	</PageObject>
	<PageObject Type="Button">
		<Location top="114" left="348" bottom="150" right="432" />
		<TabOrder>3</TabOrder>
		<LeaveOnEnter>false</LeaveOnEnter>
		<ButtonType>Text</ButtonType>
		<Title>"OK"</Title>
		<ForegroundColor>
			<UserColor GUID="23F33851-505F-45B5-AA1F-5360CB8B3EFB">Text Blue</UserColor>
		</ForegroundColor>
		<Font GUID="0BDEF216-23B3-4F0F-B5D6-83C5A7303CF9" Name="Buttons" />
		<ActionSequence>
			<Action Type="Run">
				<RunWhat>SpecificProcecure</RunWhat>
				<Procedure>GanttMakeAssigned</Procedure>
				<AbortOnError>true</AbortOnError>
			</Action>
			<Action Type="ClosePage" />
		</ActionSequence>
	</PageObject>
	<PageObject Type="Text">
		<Location top="18" left="18" bottom="48" right="432" />
		<StaticText>Assign the flight to a given gate plan</StaticText>
		<Font GUID="C82FBF27-1614-41C9-B718-A431388D2B5A" Name="General Text" />
		<TextColor>
			<UserColor GUID="23F33851-505F-45B5-AA1F-5360CB8B3EFB">Text Blue</UserColor>
		</TextColor>
	</PageObject>
	<UsedReferences>
		<Model>
			<Symbol>SelectedGateplanDescription</Symbol>
			<Symbol>GanttMakeAssigned</Symbol>
			<Symbol>InitializeMoveUnassignedFlightPage</Symbol>
			<Symbol>LimitedAllowedGateTypesForMove</Symbol>
			<Symbol>LimitedAllowedGateplansForMove</Symbol>
			<Symbol>MoveUnassignedToGateplan</Symbol>
			<Symbol>GateTypeDescription</Symbol>
			<Symbol>MoveUnassignedToGateType</Symbol>
		</Model>
	</UsedReferences>
</Page>
