<?xml version="1.0"?>
<Page Version="4000" TimeStamp="2014-10-02 11:08:38">
	<Location top="23" left="4" bottom="644" right="768" />
	<PageEditSize Type="Inherited">
		<Size Width="772" Height="622" />
	</PageEditSize>
	<ProjectUUID>0C85949E-28CF-4A30-8DF0-12A5C8390841</ProjectUUID>
	<TemplatesTabOrderPosition>1</TemplatesTabOrderPosition>
	<ToolBar None="true" />
	<ResizeData>
		<MainArea Line="FixedFromTop" Value="99">
			<TopArea Line="FixedFromLeft" Value="200" />
			<BottomArea Line="FixedFromLeft" Value="200">
				<LeftArea Line="FixedFromTop" Value="204" />
				<RightArea Line="FixedFromTop" Value="85">
					<BottomArea Line="FixedFromTop" Value="35">
						<TopArea Line="FixedFromLeft" Value="361" />
						<BottomArea Line="PercentageFromTop" Value="0.459057">
							<BottomArea Line="FixedFromTop" Value="31">
								<TopArea Line="FixedFromLeft" Value="370" />
							</BottomArea>
						</BottomArea>
					</BottomArea>
				</RightArea>
			</BottomArea>
		</MainArea>
	</ResizeData>
	<Background Inherited="true" />
	<PageObject Type="Button">
		<Location top="186" left="6" bottom="210" right="192" />
		<TabOrder>4</TabOrder>
		<LeaveOnEnter>false</LeaveOnEnter>
		<ButtonType>Text</ButtonType>
		<Transparent>true</Transparent>
		<ForegroundColor>
			<UserColor GUID="1798981A-C40D-4713-BC08-E97545963465">Link</UserColor>
		</ForegroundColor>
		<Font GUID="C82FBF27-1614-41C9-B718-A431388D2B5A" Name="General Text" />
		<ActionSequence>
			<Action Type="ClosePage" />
			<Action Type="GotoPage">
				<Destination>Parent</Destination>
			</Action>
		</ActionSequence>
	</PageObject>
	<PageObject Type="Text">
		<Location top="192" left="18" bottom="210" right="195" />
		<StaticText>Back to Input / Settings</StaticText>
		<Font GUID="C82FBF27-1614-41C9-B718-A431388D2B5A" Name="General Text" />
		<TextColor>
			<UserColor GUID="1798981A-C40D-4713-BC08-E97545963465">Link</UserColor>
		</TextColor>
	</PageObject>
	<PageObject Type="Pivot Table">
		<Location top="438" left="210" bottom="612" right="756" />
		<TabOrder>2</TabOrder>
		<ObjectUUID>327EBABB-8EC7-41A9-90DD-6E4FAE4F1F34</ObjectUUID>
		<Font GUID="00000000-0000-0000-0000-000000000001" Name="Main Font" />
		<Border Style="InShadow" Width="2" MarginTop="5" MarginRight="5" MarginBottom="5" MarginLeft="5" />
		<Contents>
			<Explicit_Identifier>
				<Identifier ID="4110">FlightDescription( flight )</Identifier>
				<Title ID="4120">"Description"</Title>
			</Explicit_Identifier>
			<Explicit_Identifier>
				<Identifier ID="4110">ArrivalTime( flight )</Identifier>
				<Title ID="4120">"Arrival Time"</Title>
			</Explicit_Identifier>
			<Explicit_Identifier>
				<Identifier ID="4110">DepartureTime( flight )</Identifier>
				<Title ID="4120">"Departure Time"</Title>
			</Explicit_Identifier>
			<Explicit_Identifier>
				<Identifier ID="4110">ForceFlight( flight )</Identifier>
				<Title ID="4120">"Force (un)assignment"</Title>
				<Format>
					<Show_default_values ID="4320">"Yes"</Show_default_values>
					<Alignment ID="4330">"Center"</Alignment>
				</Format>
			</Explicit_Identifier>
			<Defaults>
				<Procedures_Assertions>
					<On_Change ID="4081">ModifyingInputData</On_Change>
				</Procedures_Assertions>
			</Defaults>
		</Contents>
		<Indices>
			<Explicit_Index>
				<Index ID="6510">flight</Index>
				<Header_Title ID="6530">"Flight"</Header_Title>
			</Explicit_Index>
			<Identifier_Index>
				<Header_Title ID="6230">""</Header_Title>
			</Identifier_Index>
		</Indices>
		<General>
			<Dense_Aggregation_restricts_to_Domain ID="1022">"Yes"</Dense_Aggregation_restricts_to_Domain>
		</General>
		<Row_Area>
			<Background_Color ID="2010">RGB&lt;255,255,200&gt;</Background_Color>
			<Text_Color ExtraInfo="D4F48705-BFDF-4DF8-8E1F-D38EFF981024" ID="2020">"default selection"</Text_Color>
			<Headers>
				<Background_Color ExtraInfo="D4F48705-BFDF-4DF8-8E1F-D38EFF981024" ID="2120">"default selection"</Background_Color>
				<Text_Color ID="2130">RGB&lt;255,255,255&gt;</Text_Color>
			</Headers>
		</Row_Area>
		<Grid_Area>
			<Background_Color ID="5010">RGB&lt;255,255,255&gt;</Background_Color>
			<Alternating_Background_Color ID="5011">RGB&lt;225,225,225&gt;</Alternating_Background_Color>
			<Aggregators>
				<Background_Color ID="5220">RGB&lt;255,128,128&gt;</Background_Color>
			</Aggregators>
			<Sub_Header_Row_or_Column>
				<Background_Color ID="5320">RGB&lt;255,255,200&gt;</Background_Color>
			</Sub_Header_Row_or_Column>
		</Grid_Area>
	</PageObject>
	<PageObject Type="Rectangle">
		<Location top="192" left="210" bottom="216" right="438" />
		<FillColor>
			<UserColor GUID="A3839E01-47DC-46BB-819D-6CECB851B151">Bar Blue</UserColor>
		</FillColor>
		<LineColor>
			<UserColor GUID="A3839E01-47DC-46BB-819D-6CECB851B151">Bar Blue</UserColor>
		</LineColor>
	</PageObject>
	<PageObject Type="Text">
		<Location top="195" left="222" bottom="216" right="432" />
		<StaticText>Add/Remove flights</StaticText>
		<Font GUID="107CF1DD-5B8E-41FC-BD55-10C950947E3C" Name="Headers" />
		<TextColor>
			<UserColor GUID="B5956EEA-5F3E-4BD0-85C7-9F70EB490991">Header Blue</UserColor>
		</TextColor>
	</PageObject>
	<PageObject Type="Rectangle">
		<Location top="408" left="210" bottom="432" right="438" />
		<FillColor>
			<UserColor GUID="A3839E01-47DC-46BB-819D-6CECB851B151">Bar Blue</UserColor>
		</FillColor>
		<LineColor>
			<UserColor GUID="A3839E01-47DC-46BB-819D-6CECB851B151">Bar Blue</UserColor>
		</LineColor>
	</PageObject>
	<PageObject Type="Text">
		<Location top="411" left="222" bottom="432" right="432" />
		<StaticText>Flight details</StaticText>
		<Font GUID="107CF1DD-5B8E-41FC-BD55-10C950947E3C" Name="Headers" />
		<TextColor>
			<UserColor GUID="B5956EEA-5F3E-4BD0-85C7-9F70EB490991">Header Blue</UserColor>
		</TextColor>
	</PageObject>
	<PageObject Type="Selection Object">
		<SelectionType>ListBox</SelectionType>
		<Location top="222" left="210" bottom="396" right="756" />
		<TabOrder>3</TabOrder>
		<UseTabInObject>true</UseTabInObject>
		<Font GUID="00000000-0000-0000-0000-000000000001" Name="Main Font" />
		<TextShown>ElementName</TextShown>
		<EditField>AtTop</EditField>
		<AddAndRemoveButtons>true</AddAndRemoveButtons>
		<Border Style="InShadow" Width="2" MarginTop="5" MarginRight="5" MarginBottom="5" MarginLeft="5" />
		<BackgroundColor RGB="#ffffff" />
		<MultipleColumns>true</MultipleColumns>
		<ProcedureUponChange>CheckExistenseSourceAndSink</ProcedureUponChange>
		<ExplicitIdentifier>
			<Identifier>SuperSetFlights(SuperSetFlights)</Identifier>
		</ExplicitIdentifier>
	</PageObject>
	<UsedReferences>
		<Model>
			<Symbol>SuperSetFlights</Symbol>
			<Symbol>ArrivalTime</Symbol>
			<Symbol>DepartureTime</Symbol>
			<Symbol>FlightDescription</Symbol>
			<Symbol>ForceFlight</Symbol>
			<Symbol>CheckExistenseSourceAndSink</Symbol>
			<Symbol>ModifyingInputData</Symbol>
			<Symbol>flight</Symbol>
		</Model>
	</UsedReferences>
</Page>
