<?xml version="1.0"?>
<Page Version="4000" TimeStamp="2010-03-02 08:05:41">
	<Location top="23" left="4" bottom="644" right="768" />
	<PageEditSize Type="Inherited">
		<Size Width="772" Height="622" />
	</PageEditSize>
	<ProjectUUID>0C85949E-28CF-4A30-8DF0-12A5C8390841</ProjectUUID>
	<TemplatesTabOrderPosition>1</TemplatesTabOrderPosition>
	<ToolBar None="true" />
	<ResizeData>
		<MainArea Line="FixedFromTop" Value="99">
			<TopArea Line="FixedFromLeft" Value="200" />
			<BottomArea Line="FixedFromLeft" Value="200">
				<LeftArea Line="FixedFromTop" Value="149" />
				<RightArea Line="FixedFromTop" Value="85">
					<BottomArea Line="FixedFromTop" Value="135">
						<BottomArea Line="FixedFromBottom" Value="30" />
					</BottomArea>
				</RightArea>
			</BottomArea>
		</MainArea>
	</ResizeData>
	<Background Inherited="true" />
	<PageObject Type="2D Chart">
		<Location top="324" left="210" bottom="588" right="756" />
		<TabOrder>2</TabOrder>
		<Border Style="InShadow" Width="2" />
		<X_Axis>
			<Domain ID="1004">Parameter_Timepoint( index_tp )</Domain>
			<Annotation>
				<Tick_spacing ID="1024">VALUE := div(ILP_MaxSecondsValue, 8)</Tick_spacing>
				<Label_spacing ID="1031">VALUE := div(ILP_MaxSecondsValue, 4)</Label_spacing>
			</Annotation>
			<Scale>
				<Minimum ID="1014">0</Minimum>
				<Maximum ID="1015">ILP_MaxSecondsValue</Maximum>
			</Scale>
		</X_Axis>
		<Y_Axis>
			<Identifier>
				<Value ID="2007">ILP_GAP_At_Timepoint( index_tp )</Value>
			</Identifier>
			<Annotation>
				<Origin_placement ID="2040">"Zero"</Origin_placement>
				<Label_spacing ID="2057">25</Label_spacing>
			</Annotation>
			<Scale>
				<Minimum ID="2035">0</Minimum>
				<Maximum ID="2036">100</Maximum>
			</Scale>
		</Y_Axis>
	</PageObject>
	<PageObject Type="Scalar">
		<Location top="192" left="210" bottom="222" right="756" />
		<TabOrder>4</TabOrder>
		<Font GUID="C82FBF27-1614-41C9-B718-A431388D2B5A" Name="General Text" />
		<Border Style="None" Width="2" MarginTop="5" MarginRight="5" MarginBottom="5" MarginLeft="5" />
		<BackgroundColor RGB="#ffffff" />
		<TextColor>
			<UserColor GUID="23F33851-505F-45B5-AA1F-5360CB8B3EFB">Text Blue</UserColor>
		</TextColor>
		<Layout>Value</Layout>
		<SeparatorSign>=</SeparatorSign>
		<ExplicitIdentifier>
			<Identifier>STRING := formatstring("GAP after %n seconds is %n%%" , last( Set_ILP_Timepoints ) , ILP_GAP_At_Timepoint( last(Set_ILP_Timepoints )) ) </Identifier>
			<NumberFormat Width="15" Decimals="0" Alignment="Left" ShowDefaults="true" />
		</ExplicitIdentifier>
	</PageObject>
	<PageObject Type="Text">
		<Location top="420" left="300" bottom="444" right="690" />
		<Hidden>VALUE := UseGMP * MIPSolverSupportsCallback</Hidden>
		<StaticText>Please wait while the ILP problem is solved ...</StaticText>
		<Alignment>Center</Alignment>
		<Font GUID="107CF1DD-5B8E-41FC-BD55-10C950947E3C" Name="Headers" />
		<TextColor>
			<UserColor GUID="B5956EEA-5F3E-4BD0-85C7-9F70EB490991">Header Blue</UserColor>
		</TextColor>
	</PageObject>
	<UsedReferences>
		<Model>
			<Symbol>Set_ILP_Timepoints</Symbol>
			<Symbol>ILP_MaxSecondsValue</Symbol>
			<Symbol>useGMP</Symbol>
			<Symbol>MIPSolverSupportsCallback</Symbol>
			<Symbol>index_tp</Symbol>
			<Symbol>Parameter_Timepoint</Symbol>
			<Symbol>ILP_GAP_At_Timepoint</Symbol>
		</Model>
	</UsedReferences>
</Page>
