<?xml version="1.0"?>
<Page Version="4000" TimeStamp="2010-03-02 08:05:41">
	<Location top="23" left="4" bottom="644" right="768" />
	<PageEditSize Type="Inherited">
		<Size Width="772" Height="622" />
	</PageEditSize>
	<ProjectUUID>0C85949E-28CF-4A30-8DF0-12A5C8390841</ProjectUUID>
	<TemplatesTabOrderPosition>1</TemplatesTabOrderPosition>
	<ToolBar None="true" />
	<ResizeData>
		<MainArea Line="FixedFromTop" Value="99">
			<TopArea Line="FixedFromLeft" Value="200" />
			<BottomArea Line="FixedFromLeft" Value="200">
				<LeftArea Line="FixedFromTop" Value="149" />
				<RightArea Line="FixedFromTop" Value="85">
					<BottomArea Line="FixedFromTop" Value="135">
						<BottomArea Line="FixedFromBottom" Value="30" />
					</BottomArea>
				</RightArea>
			</BottomArea>
		</MainArea>
	</ResizeData>
	<Background Inherited="true" />
	<PageObject Type="2D Chart">
		<Location top="324" left="210" bottom="588" right="756" />
		<TabOrder>2</TabOrder>
		<Border Style="InShadow" Width="2" />
		<X_Axis>
			<Domain ID="1004">i_cg_iter</Domain>
			<Annotation>
				<Show_every_n_th_label ID="1025">VALUE := div (CG_MaxIterationsValue, 4)</Show_every_n_th_label>
				<Tick_spacing ID="1024">VALUE := div (CG_MaxIterationsValue, 8)</Tick_spacing>
			</Annotation>
			<Scale>
				<Maximum ID="1015">CG_MaxIterationsValue</Maximum>
			</Scale>
			<Misc_settings>
				<Title ID="1002">"Iteration"</Title>
			</Misc_settings>
		</X_Axis>
		<Y_Axis>
			<Identifier>
				<Value ID="2007">CostAt_CG_Iteration( i_cg_iter )</Value>
				<Legend_entry ID="2009">"Total cost at each iteration"</Legend_entry>
			</Identifier>
			<Title>
				<Text ID="2003">"Total cost"</Text>
			</Title>
			<Annotation>
				<Origin_placement ID="2040">"Zero"</Origin_placement>
				<Label_spacing ID="2057">VALUE := MaxTotalCost/5</Label_spacing>
			</Annotation>
			<Scale>
				<Maximum ID="2036">VALUE := 1.05*MaxTotalCost</Maximum>
			</Scale>
		</Y_Axis>
		<Display>
			<Misc_display_settings>
				<Axis_annotation_font ExtraInfo="00000000-0000-0000-0000-000000000001" ID="74">"Main Font"</Axis_annotation_font>
				<Axis_title_font ExtraInfo="00000000-0000-0000-0000-000000000001" ID="75">"Main Font"</Axis_title_font>
			</Misc_display_settings>
		</Display>
		<Legend>
			<Show ID="53">"Show"</Show>
			<Font ExtraInfo="3D4F8FDE-28E6-4338-998E-C89108819645" ID="42">"Legend"</Font>
			<Misc_display_settings>
				<Anchor ID="41">"NorthEast"</Anchor>
			</Misc_display_settings>
		</Legend>
	</PageObject>
	<PageObject Type="Scalar">
		<Location top="192" left="210" bottom="306" right="756" />
		<TabOrder>3</TabOrder>
		<Font GUID="C82FBF27-1614-41C9-B718-A431388D2B5A" Name="General Text" />
		<Border Style="None" Width="2" MarginTop="5" MarginRight="5" MarginBottom="5" MarginLeft="5" />
		<BackgroundColor RGB="#ffffff" />
		<TextColor>
			<UserColor GUID="23F33851-505F-45B5-AA1F-5360CB8B3EFB">Text Blue</UserColor>
		</TextColor>
		<Layout>Value</Layout>
		<SeparatorSign>=</SeparatorSign>
		<ExplicitIdentifier>
			<Identifier>STRING := formatstring("Number of iterations so far is %n", card(set_CG_Iterations)) </Identifier>
			<NumberFormat Width="15" Decimals="0" Alignment="Left" ShowDefaults="true" />
		</ExplicitIdentifier>
		<ExplicitIdentifier>
			<Identifier>STRING := formatstring("Total cost at current iteration is %n", totalCost)</Identifier>
			<NumberFormat Width="15" Decimals="0" Alignment="Left" ShowDefaults="true" />
		</ExplicitIdentifier>
		<ExplicitIdentifier>
			<Identifier>STRING := formatstring("Total time for column generation so far is %n seconds", ElapsedTime ) </Identifier>
			<NumberFormat Width="15" Decimals="0" Alignment="Left" ShowDefaults="true" />
		</ExplicitIdentifier>
		<ExplicitIdentifier>
			<Identifier>""</Identifier>
		</ExplicitIdentifier>
		<ExplicitIdentifier>
			<Identifier>STRING := formatstring("Master problem contains %n generated columns", card(Gateplans)) </Identifier>
			<NumberFormat Width="15" Decimals="0" Alignment="Left" ShowDefaults="true" />
		</ExplicitIdentifier>
		<ExplicitIdentifier>
			<Identifier>STRING := formatstring("Created %n additional columns for the column pool", card(ColumnPool)) </Identifier>
			<NumberFormat Width="15" Decimals="0" Alignment="Left" ShowDefaults="true" />
		</ExplicitIdentifier>
	</PageObject>
	<UsedReferences>
		<Model>
			<Symbol>i_cg_iter</Symbol>
			<Symbol>ElapsedTime</Symbol>
			<Symbol>CostAt_CG_Iteration</Symbol>
			<Symbol>MaxTotalCost</Symbol>
			<Symbol>TotalCost</Symbol>
			<Symbol>ColumnPool</Symbol>
			<Symbol>Gateplans</Symbol>
			<Symbol>CG_MaxIterationsValue</Symbol>
			<Symbol>set_CG_Iterations</Symbol>
		</Model>
	</UsedReferences>
</Page>
