<?xml version="1.0"?>
<Page Version="4000" TimeStamp="2011-12-01 00:35:14">
	<Location top="30" left="30" bottom="450" right="450" />
	<PageEditSize Type="Inherited">
		<Size Width="420" Height="420" />
	</PageEditSize>
	<ProjectUUID>D3547EBD-1C2D-4195-A307-14700C615E8A</ProjectUUID>
	<Title>"[Data Page] UnitNutrients"</Title>
	<ResizeData>
		<MainArea Line="FixedFromRight" Value="81">
			<LeftArea Line="FixedFromTop" Value="10" />
			<RightArea Line="FixedFromTop" Value="35">
				<BottomArea Line="FixedFromBottom" Value="106" />
			</RightArea>
		</MainArea>
	</ResizeData>
	<Background Inherited="true" />
	<PageObject Type="Button">
		<Location top="315" left="340" bottom="340" right="410" />
		<TabOrder>6</TabOrder>
		<ButtonType>Text</ButtonType>
		<Title>"Undo"</Title>
		<Font GUID="00000000-0000-0000-0000-000000000001" Name="Main Font" />
		<ActionSequence>
			<Action Type="MenuCommand">
				<Command>Edit-Undo Last</Command>
			</Action>
		</ActionSequence>
	</PageObject>
	<PageObject Type="Button">
		<Location top="350" left="340" bottom="375" right="375" />
		<TabOrder>1</TabOrder>
		<ButtonType>Bitmap</ButtonType>
		<BitmapFile LiteralFileName="true">"&lt;prj&gt;:bitmaps\construct.bmp"</BitmapFile>
		<Font GUID="00000000-0000-0000-0000-000000000001" Name="Main Font" />
		<ActionSequence>
			<Action Type="DataPageSpecific">
				<DoWhat>Reopen</DoWhat>
			</Action>
			<Action Type="ClosePage" />
		</ActionSequence>
	</PageObject>
	<PageObject Type="Button">
		<Location top="350" left="375" bottom="375" right="410" />
		<TabOrder>2</TabOrder>
		<ButtonType>Bitmap</ButtonType>
		<BitmapFile LiteralFileName="true">"&lt;prj&gt;:bitmaps\totree.bmp"</BitmapFile>
		<Font GUID="00000000-0000-0000-0000-000000000001" Name="Main Font" />
		<ActionSequence>
			<Action Type="DataPageSpecific">
				<DoWhat>LocationInTree</DoWhat>
			</Action>
		</ActionSequence>
	</PageObject>
	<PageObject Type="Button">
		<Location top="385" left="340" bottom="410" right="375" />
		<TabOrder>3</TabOrder>
		<ButtonType>Bitmap</ButtonType>
		<BitmapFile LiteralFileName="true">"&lt;prj&gt;:bitmaps\previous.bmp"</BitmapFile>
		<Font GUID="00000000-0000-0000-0000-000000000001" Name="Main Font" />
		<ActionSequence>
			<Action Type="DataPageSpecific">
				<DoWhat>GotoPreviousSymbol</DoWhat>
			</Action>
			<Action Type="ClosePage" />
		</ActionSequence>
	</PageObject>
	<PageObject Type="Button">
		<Location top="385" left="375" bottom="410" right="410" />
		<TabOrder>4</TabOrder>
		<ButtonType>Bitmap</ButtonType>
		<BitmapFile LiteralFileName="true">"&lt;prj&gt;:bitmaps\next.bmp"</BitmapFile>
		<Font GUID="00000000-0000-0000-0000-000000000001" Name="Main Font" />
		<ActionSequence>
			<Action Type="DataPageSpecific">
				<DoWhat>GotoNextSymbol</DoWhat>
			</Action>
			<Action Type="ClosePage" />
		</ActionSequence>
	</PageObject>
	<PageObject Type="Table">
		<Location top="10" left="10" bottom="410" right="330" />
		<TabOrder>5</TabOrder>
		<PopupMenu Default="true" DefaultPopupId="200" />
		<Font GUID="00000000-0000-0000-0000-000000000001" Name="Main Font" />
		<Border Style="InShadow" Width="2" MarginTop="5" MarginRight="5" MarginBottom="5" MarginLeft="5" />
		<BackgroundColor RGB="#ffffff" />
		<RowIndentation>3</RowIndentation>
		<ElementTextAsTooltip>false</ElementTextAsTooltip>
		<ExplicitIdentifier>
			<Identifier>UnitNutrients( n )</Identifier>
			<FirstColumn>1</FirstColumn>
			<NumberFormat Width="4" Decimals="0" />
		</ExplicitIdentifier>
	</PageObject>
	<UsedReferences>
		<Model>
			<Symbol>n</Symbol>
			<Symbol>UnitNutrients</Symbol>
		</Model>
	</UsedReferences>
</Page>
