<?xml version="1.0"?>
<Page Version="4000" TimeStamp="2010-04-04 04:02:00" NeedsCompiledModel="false">
	<Location bottom="947" right="1637" />
	<PageEditSize Type="Inherited">
		<Size Width="772" Height="622" />
	</PageEditSize>
	<ProjectUUID>A9945760-01CB-4901-9F10-9FA9617A6790</ProjectUUID>
	<Title>"AIMMS Demo: Investment Portfolio Selection"</Title>
	<TemplatesTabOrderPosition>2</TemplatesTabOrderPosition>
	<ResizeData>
		<MainArea Line="FixedFromTop" Value="99">
			<TopArea Line="FixedFromLeft" Value="200" />
			<BottomArea Line="FixedFromLeft" Value="200">
				<LeftArea Line="FixedFromTop" Value="204" />
				<RightArea Line="FixedFromTop" Value="85">
					<TopArea Line="FixedFromTop" Value="77" />
				</RightArea>
			</BottomArea>
		</MainArea>
	</ResizeData>
	<Background RGB="#ffffff" />
	<HorizontalGridDistance>1</HorizontalGridDistance>
	<VerticalGridDistance>1</VerticalGridDistance>
	<PageObject Type="Text">
		<Location top="189" left="206" bottom="615" right="762" />
		<SourceType>File</SourceType>
		<FileName LiteralFileName="true">"Description.txt"</FileName>
		<Font GUID="C82FBF27-1614-41C9-B718-A431388D2B5A" Name="General Text" />
		<TextColor>
			<UserColor GUID="23F33851-505F-45B5-AA1F-5360CB8B3EFB">Text Blue</UserColor>
		</TextColor>
	</PageObject>
	<UsedReferences>
		<Model />
	</UsedReferences>
</Page>
