<?xml version="1.0" encoding="UTF-8" ?>
<!DOCTYPE log4j:configuration SYSTEM "log4j.dtd">
<!--
 Licensed to the Apache Software Foundation (ASF) under one or more
 contributor license agreements.  See the NOTICE file distributed with
 this work for additional information regarding copyright ownership.
 The ASF licenses this file to You under the Apache License, Version 2.0
 (the "License"); you may not use this file except in compliance with
 the License.  You may obtain a copy of the License at

      http://www.apache.org/licenses/LICENSE-2.0

 Unless required by applicable law or agreed to in writing, software
 distributed under the License is distributed on an "AS IS" BASIS,
 WITHOUT WARRANTIES OR CONDITIONS OF ANY KIND, either express or implied.
 See the License for the specific language governing permissions and
 limitations under the License.

-->

<log4j:configuration xmlns:log4j='http://jakarta.apache.org/log4j/'
                     debug="false">

    <appender name="logfile" class="org.apache.log4j.rolling.RollingFileAppender">
        <rollingPolicy class="org.apache.log4j.rolling.FixedWindowRollingPolicy">
            <param name="FileNamePattern" value="${AIMMSPRO_DATADIR}/Log/Sessions/%X{projectName}-%X{projectVersion}-%X{startupMode}-%X{timeStamp}-%X{sessionId}-%i.log"/>
            <param name="MinIndex" value="1"/>
            <param name="MaxIndex" value="10"/>
        </rollingPolicy>
        <triggeringPolicy class="org.apache.log4j.rolling.SizeBasedTriggeringPolicy">
            <param name="MaxFileSize" value="50MB"/>
        </triggeringPolicy>
        <layout class="org.apache.log4j.PatternLayout">
            <param name="ConversionPattern" value="%d{ISO8601} %t [%p] {%c} %m%n"/>
        </layout>           
    </appender>

    <logger name="AIMMS.Trace.Procedure">
        <!--- Tracing entering and leaving AIMMS Procedures.
              Put this logger to trace if you need this information.
        -->
        <level value="trace"/>
    </logger>

    <root>
        <level value="info" />
        <appender-ref ref="logfile" />
    </root> 
</log4j:configuration>
