<?xml version="1.0"?>
<Page Version="4000" TimeStamp="2014-10-02 11:08:38">
	<Location top="23" left="4" bottom="644" right="768" />
	<PageEditSize Type="Inherited">
		<Size Width="772" Height="622" />
	</PageEditSize>
	<ProjectUUID>211601CD-0FDB-4C33-926A-B1BD580D7560</ProjectUUID>
	<TemplatesTabOrderPosition>1</TemplatesTabOrderPosition>
	<ResizeData>
		<MainArea Line="FixedFromTop" Value="99">
			<TopArea Line="FixedFromLeft" Value="200" />
			<BottomArea Line="FixedFromLeft" Value="201">
				<LeftArea Line="FixedFromTop" Value="204">
					<BottomArea Line="FixedFromTop" Value="74">
						<BottomArea Line="FixedFromTop" Value="63" />
					</BottomArea>
				</LeftArea>
				<RightArea Line="FixedFromTop" Value="85" />
			</BottomArea>
		</MainArea>
	</ResizeData>
	<Background Inherited="true" />
	<PageObject Type="Text">
		<Location top="378" left="18" bottom="396" right="195" />
		<StaticText>File Read Error</StaticText>
		<Font GUID="C82FBF27-1614-41C9-B718-A431388D2B5A" Name="General Text" />
		<TextColor>
			<UserColor GUID="23F33851-505F-45B5-AA1F-5360CB8B3EFB">Text Blue</UserColor>
		</TextColor>
	</PageObject>
	<PageObject Type="Button">
		<Location top="372" left="6" bottom="396" right="192" />
		<TabOrder>3</TabOrder>
		<LeaveOnEnter>false</LeaveOnEnter>
		<ButtonType>Text</ButtonType>
		<Transparent>true</Transparent>
		<ForegroundColor>
			<UserColor GUID="23F33851-505F-45B5-AA1F-5360CB8B3EFB">Text Blue</UserColor>
		</ForegroundColor>
		<Font GUID="0BDEF216-23B3-4F0F-B5D6-83C5A7303CF9" Name="Buttons" />
		<ActionSequence>
			<Action Type="Run">
				<RunWhat>SpecificProcecure</RunWhat>
				<Procedure>LocalReadFile</Procedure>
				<AbortOnError>true</AbortOnError>
			</Action>
		</ActionSequence>
	</PageObject>
	<PageObject Type="Text">
		<Location top="192" left="210" bottom="612" right="756" />
		<StaticText>The 'File Read Error' button at the left side of the screen tries to read data from an incorrectly formatted (not AIMMS format) file. The read procedure contains local error handling that will give a clear message to the user as to what is wrong.

With the 'Reset' button you can revert to the original, erroneous, situation.</StaticText>
		<Font GUID="C82FBF27-1614-41C9-B718-A431388D2B5A" Name="General Text" />
		<TextColor>
			<UserColor GUID="23F33851-505F-45B5-AA1F-5360CB8B3EFB">Text Blue</UserColor>
		</TextColor>
	</PageObject>
	<PageObject Type="Text">
		<Location top="408" left="18" bottom="426" right="195" />
		<StaticText>Reset</StaticText>
		<Font GUID="C82FBF27-1614-41C9-B718-A431388D2B5A" Name="General Text" />
		<TextColor>
			<UserColor GUID="23F33851-505F-45B5-AA1F-5360CB8B3EFB">Text Blue</UserColor>
		</TextColor>
	</PageObject>
	<PageObject Type="Button">
		<Location top="402" left="6" bottom="426" right="192" />
		<TabOrder>2</TabOrder>
		<LeaveOnEnter>false</LeaveOnEnter>
		<ButtonType>Text</ButtonType>
		<Transparent>true</Transparent>
		<ForegroundColor>
			<UserColor GUID="23F33851-505F-45B5-AA1F-5360CB8B3EFB">Text Blue</UserColor>
		</ForegroundColor>
		<Font GUID="0BDEF216-23B3-4F0F-B5D6-83C5A7303CF9" Name="Buttons" />
		<ActionSequence>
			<Action Type="Run">
				<RunWhat>SpecificProcecure</RunWhat>
				<Procedure>Reset</Procedure>
				<AbortOnError>true</AbortOnError>
			</Action>
		</ActionSequence>
	</PageObject>
	<UsedReferences>
		<Model>
			<Symbol>LocalReadFile</Symbol>
			<Symbol>Reset</Symbol>
		</Model>
	</UsedReferences>
</Page>
