<?xml version="1.0"?>
<TemplateManager>
	<Template Name="Size Template" PageGUID="F6ADEDC3-FC26-44EC-AFE6-FE2A3D9C15F7" CrossLibraryDuplicate="66E08D8C-5677-49B5-970F-BB85475A48BE|6A8815C4-5811-47AB-BC76-82C3180C1295|Size Template">
		<Template Name="Navigation Template" PageGUID="5FF9F6D1-621E-421F-96F0-DA3B8E67983D" CrossLibraryDuplicate="66E08D8C-5677-49B5-970F-BB85475A48BE|3241DDB1-55C5-441B-9DC8-359086631B74|Navigation Template">
			<Template Name="Background Info Template" PageGUID="AD3C16A6-0DA6-4D42-96F9-18C0FE4C77CA" CrossLibraryDuplicate="66E08D8C-5677-49B5-970F-BB85475A48BE|153A8CDB-E916-4F3B-B652-41C25F2C9CB5|Background Info Template">
				<Page Name="AIMMS Demo - A Facility Location Choice" PageGUID="EA4F609D-1B94-4EC0-931A-1C730A5C2E36" />
			</Template>
			<Page Name="Solution Network" PageGUID="A44CE9CF-D71E-4BFE-BDB9-4CF5F5032139" />
			<Page Name="Benders Decomposition" PageGUID="FC176372-BB5C-47CC-BD8C-CC8BE22F3D22" />
		</Template>
	</Template>
</TemplateManager>
