<?xml version="1.0"?>
<Page Version="4000" TimeStamp="2014-10-02 11:08:38">
	<Location top="23" left="4" bottom="644" right="768" />
	<PageEditSize Type="Inherited">
		<Size Width="772" Height="622" />
	</PageEditSize>
	<ProjectUUID>C905EA4B-33A7-40CC-BEA9-0B163D6B1C1E</ProjectUUID>
	<TemplatesTabOrderPosition>6</TemplatesTabOrderPosition>
	<ResizeData>
		<MainArea Line="FixedFromTop" Value="99">
			<TopArea Line="FixedFromLeft" Value="200" />
			<BottomArea Line="FixedFromLeft" Value="201">
				<LeftArea Line="FixedFromTop" Value="204">
					<BottomArea Line="FixedFromTop" Value="190" />
				</LeftArea>
				<RightArea Line="FixedFromTop" Value="85">
					<BottomArea Line="FixedFromLeft" Value="47">
						<RightArea Line="FixedFromRight" Value="516" />
					</BottomArea>
				</RightArea>
			</BottomArea>
		</MainArea>
	</ResizeData>
	<Background>
		<UserColor GUID="0A01D333-DB65-4966-868E-212141A0037B">white</UserColor>
	</Background>
	<HorizontalGridDistance>3</HorizontalGridDistance>
	<VerticalGridDistance>3</VerticalGridDistance>
	<PageObject Type="Button">
		<Location top="186" left="6" bottom="210" right="192" />
		<TabOrder>2</TabOrder>
		<ButtonType>Text</ButtonType>
		<Transparent>true</Transparent>
		<Font GUID="0BDEF216-23B3-4F0F-B5D6-83C5A7303CF9" Name="Buttons" />
		<ActionSequence>
			<Action Type="LinkedPage">
				<Page PageGUID="C09FCA90-6559-49C5-B075-DD85FFE20136" Name="AIMMS Demo" />
			</Action>
			<Action Type="ClosePage" />
		</ActionSequence>
	</PageObject>
	<PageObject Type="Text">
		<Location top="345" left="213" bottom="381" right="747" />
		<StaticText>By selecting a bar in the bar chart, the associated elements in tables below become blue.</StaticText>
		<Font GUID="C82FBF27-1614-41C9-B718-A431388D2B5A" Name="General Text" />
		<TextColor>
			<UserColor GUID="B644DAD2-AD5B-4795-AC92-D4D7CA0607F9">default selection</UserColor>
		</TextColor>
	</PageObject>
	<PageObject Type="Button">
		<Location top="342" left="6" bottom="366" right="192" />
		<TabOrder>3</TabOrder>
		<ButtonType>Text</ButtonType>
		<Title>"Solve Problem"</Title>
		<Font GUID="0BDEF216-23B3-4F0F-B5D6-83C5A7303CF9" Name="Buttons" />
		<ActionSequence>
			<Action Type="Run">
				<RunWhat>SpecificProcecure</RunWhat>
				<Procedure>MainExecution</Procedure>
				<AbortOnError>true</AbortOnError>
			</Action>
		</ActionSequence>
	</PageObject>
	<PageObject Type="Scalar">
		<Location top="414" left="6" bottom="492" right="192" />
		<TabOrder>9</TabOrder>
		<TabStop>false</TabStop>
		<Font GUID="428A93A5-26E1-4F42-8B0F-227299B289C7" Name="Table Text" />
		<Border Style="InShadow" Width="2" MarginTop="5" MarginRight="5" MarginBottom="5" MarginLeft="5" />
		<BackgroundColor RGB="#ffffff" />
		<TextColor>
			<UserColor GUID="23F33851-505F-45B5-AA1F-5360CB8B3EFB">Text Blue</UserColor>
		</TextColor>
		<Layout>MultipleLineEditField</Layout>
		<SeparatorSign>=</SeparatorSign>
		<ExplicitIdentifier>
			<Identifier>MessageString</Identifier>
			<NumberFormat Width="15" Decimals="0" Alignment="Left" ShowDefaults="true" />
			<Color>GenerationColor( ActualProducer, ActualContract )</Color>
		</ExplicitIdentifier>
	</PageObject>
	<PageObject Type="Table">
		<Location top="384" left="492" bottom="573" right="762" />
		<TabOrder>5</TabOrder>
		<Font GUID="428A93A5-26E1-4F42-8B0F-227299B289C7" Name="Table Text" />
		<Border Style="InShadow" Width="2" MarginTop="5" MarginRight="5" MarginBottom="5" MarginLeft="5" />
		<BackgroundColor RGB="#ffffff" />
		<RowIndentation>3</RowIndentation>
		<MultiLineHeaders>true</MultiLineHeaders>
		<ElementTextAsTooltip>false</ElementTextAsTooltip>
		<ExplicitIdentifier>
			<Identifier>ContractSize( c )</Identifier>
			<FirstColumn>1</FirstColumn>
			<HeaderText>"Contract Size"</HeaderText>
			<NumberFormat Width="6" Decimals="1" Alignment="Center" />
			<Color>SelectionColorContract( c )</Color>
		</ExplicitIdentifier>
		<ExplicitIdentifier>
			<Identifier>MinimalNumberofContributors( c )</Identifier>
			<FirstColumn>1</FirstColumn>
			<HeaderText>STRING := FormatString("Contributing \nProducers")</HeaderText>
			<NumberFormat Width="4" Decimals="0" Alignment="Center" />
			<Color>SelectionColorContract( c )</Color>
		</ExplicitIdentifier>
	</PageObject>
	<PageObject Type="Table">
		<Location top="384" left="207" bottom="573" right="477" />
		<TabOrder>4</TabOrder>
		<Font GUID="428A93A5-26E1-4F42-8B0F-227299B289C7" Name="Table Text" />
		<Border Style="InShadow" Width="2" MarginTop="5" MarginRight="5" MarginBottom="5" MarginLeft="5" />
		<BackgroundColor RGB="#ffffff" />
		<RowIndentation>3</RowIndentation>
		<MultiLineHeaders>true</MultiLineHeaders>
		<ElementTextAsTooltip>false</ElementTextAsTooltip>
		<ExplicitIdentifier>
			<Identifier>MinimalDelivery( p )</Identifier>
			<FirstColumn>1</FirstColumn>
			<HeaderText>"Min delivery size"</HeaderText>
			<NumberFormat Width="5" Decimals="1" Alignment="Center" />
			<Color>SelectionColorProducer( p )</Color>
		</ExplicitIdentifier>
		<ExplicitIdentifier>
			<Identifier>AvailableCapacity( p )</Identifier>
			<FirstColumn>1</FirstColumn>
			<HeaderText>STRING := FormatString("Production\nCapacity")</HeaderText>
			<NumberFormat Width="4" Decimals="0" Alignment="Center" />
			<Color>SelectionColorProducer( p )</Color>
		</ExplicitIdentifier>
	</PageObject>
	<PageObject Type="Scalar">
		<Location top="579" left="207" bottom="603" right="477" />
		<TabOrder>10</TabOrder>
		<TabStop>false</TabStop>
		<Font GUID="428A93A5-26E1-4F42-8B0F-227299B289C7" Name="Table Text" />
		<Border Style="InShadow" Width="2" MarginTop="3" MarginRight="5" MarginBottom="3" MarginLeft="5" />
		<BackgroundColor RGB="#ffffff" />
		<TextColor>
			<UserColor GUID="B644DAD2-AD5B-4795-AC92-D4D7CA0607F9">default selection</UserColor>
		</TextColor>
		<Layout>Text-Value</Layout>
		<SeparatorSign>=</SeparatorSign>
		<ExplicitIdentifier>
			<Identifier>TotalCost</Identifier>
			<NumberFormat Width="7" Decimals="1" Alignment="Center" ShowDefaults="true" />
		</ExplicitIdentifier>
	</PageObject>
	<PageObject Type="2D Chart">
		<Location top="189" left="207" bottom="339" right="762" />
		<TabOrder>7</TabOrder>
		<TabStop>false</TabStop>
		<Border Style="InShadow" Width="2" MarginTop="5" MarginRight="5" MarginBottom="5" MarginLeft="5" />
		<X_Axis>
			<Domain ID="1004">c</Domain>
			<Gridlines>
				<Show_on_top ID="1019">0</Show_on_top>
			</Gridlines>
		</X_Axis>
		<Y_Axis>
			<Chart_type ID="2001">"Stacking Bar"</Chart_type>
			<Identifier>
				<Value ExtraInfo="1 0 " ID="2007">Generation( p -&gt; ActualProducer, c -&gt; ActualContract )</Value>
				<Appearance>
					<Fill>
						<Pattern ID="2065">"Cross Hatched"</Pattern>
					</Fill>
				</Appearance>
			</Identifier>
			<Annotation>
				<Tick_spacing ID="2049">20</Tick_spacing>
			</Annotation>
			<Gridlines>
				<Spacing ID="2043">20</Spacing>
				<Style>
					<Pattern ID="2047">"Solid"</Pattern>
				</Style>
			</Gridlines>
		</Y_Axis>
		<Display>
			<Surrounding_area>
				<Background_color ExtraInfo="CCB23DE4-D3C9-4647-BE46-7A1779576484" ID="2">"Background yellow"</Background_color>
			</Surrounding_area>
			<Misc_display_settings>
				<Show_outlines ID="68">1</Show_outlines>
				<Axis_annotation_font ExtraInfo="3D4F8FDE-28E6-4338-998E-C89108819645" ID="74">"Legend"</Axis_annotation_font>
				<Axis_title_font ExtraInfo="3D4F8FDE-28E6-4338-998E-C89108819645" ID="75">"Legend"</Axis_title_font>
				<Click_label>
					<Click_label_decimals ID="79">2</Click_label_decimals>
				</Click_label>
			</Misc_display_settings>
		</Display>
		<Legend>
			<Show ID="53">"Show"</Show>
			<Title_text ID="57">"Producers"</Title_text>
			<Font ExtraInfo="3D4F8FDE-28E6-4338-998E-C89108819645" ID="42">"Legend"</Font>
			<Misc_display_settings>
				<Anchor ID="41">"South"</Anchor>
				<Orientation ID="56">"Horizontal"</Orientation>
			</Misc_display_settings>
		</Legend>
		<Style>
			<_Stacking_bar_chart>
				<Cluster_width ID="4003">80</Cluster_width>
			</_Stacking_bar_chart>
		</Style>
	</PageObject>
	<PageObject Type="Rectangle">
		<Location top="312" left="6" bottom="336" right="192" />
		<FillColor>
			<UserColor GUID="A3839E01-47DC-46BB-819D-6CECB851B151">Bar Blue</UserColor>
		</FillColor>
		<LineColor>
			<UserColor GUID="A3839E01-47DC-46BB-819D-6CECB851B151">Bar Blue</UserColor>
		</LineColor>
	</PageObject>
	<PageObject Type="Text">
		<Location top="315" left="18" bottom="333" right="186" />
		<StaticText>Execution</StaticText>
		<Font GUID="107CF1DD-5B8E-41FC-BD55-10C950947E3C" Name="Headers" />
		<TextColor>
			<UserColor GUID="B5956EEA-5F3E-4BD0-85C7-9F70EB490991">Header Blue</UserColor>
		</TextColor>
	</PageObject>
	<PageObject Type="Text">
		<Location top="192" left="18" bottom="210" right="195" />
		<StaticText>Problem Description</StaticText>
		<Font GUID="C82FBF27-1614-41C9-B718-A431388D2B5A" Name="General Text" />
		<TextColor>
			<UserColor GUID="1798981A-C40D-4713-BC08-E97545963465">Link</UserColor>
		</TextColor>
	</PageObject>
	<PageObject Type="Rectangle">
		<Location top="384" left="6" bottom="408" right="192" />
		<FillColor>
			<UserColor GUID="A3839E01-47DC-46BB-819D-6CECB851B151">Bar Blue</UserColor>
		</FillColor>
		<LineColor>
			<UserColor GUID="A3839E01-47DC-46BB-819D-6CECB851B151">Bar Blue</UserColor>
		</LineColor>
	</PageObject>
	<PageObject Type="Text">
		<Location top="387" left="18" bottom="405" right="186" />
		<StaticText>Information</StaticText>
		<Font GUID="107CF1DD-5B8E-41FC-BD55-10C950947E3C" Name="Headers" />
		<TextColor>
			<UserColor GUID="B5956EEA-5F3E-4BD0-85C7-9F70EB490991">Header Blue</UserColor>
		</TextColor>
	</PageObject>
	<PageObject Type="Scalar">
		<Location top="498" left="6" bottom="606" right="192" />
		<TabOrder>8</TabOrder>
		<TabStop>false</TabStop>
		<Font GUID="428A93A5-26E1-4F42-8B0F-227299B289C7" Name="Table Text" />
		<Border Style="InShadow" Width="2" MarginTop="5" MarginRight="5" MarginBottom="5" MarginLeft="5" />
		<BackgroundColor RGB="#ffffff" />
		<TextColor>
			<UserColor GUID="23F33851-505F-45B5-AA1F-5360CB8B3EFB">Text Blue</UserColor>
		</TextColor>
		<Layout>MultipleLineEditField</Layout>
		<VerticalScrollbar>true</VerticalScrollbar>
		<SeparatorSign>=</SeparatorSign>
		<ExplicitIdentifier>
			<Identifier>STRING := "Red indicates that all capacity is used and the amount of delivery is minimal." +
FormatString("\n") +
"Magenta indicates that all capacity is used." +
FormatString("\n") +
"Blue indicates that the amount of delivery is minimal." +
FormatString("\n") +
"Black in all remaining situations." </Identifier>
			<NumberFormat Width="15" Decimals="0" Alignment="Left" ShowDefaults="true" />
			<Color>23F33851-505F-45B5-AA1F-5360CB8B3EFB Text Blue</Color>
		</ExplicitIdentifier>
	</PageObject>
	<PageObject Type="Button">
		<Location top="216" left="6" bottom="240" right="192" />
		<TabOrder>1</TabOrder>
		<ButtonType>Text</ButtonType>
		<Transparent>true</Transparent>
		<Font GUID="0BDEF216-23B3-4F0F-B5D6-83C5A7303CF9" Name="Buttons" />
		<ActionSequence>
			<Action Type="LinkedPage">
				<Page PageGUID="7021DDD4-0021-4577-9C8F-C5A652E48A1D" Name="Production and Delivery Cost" />
			</Action>
			<Action Type="ClosePage" />
		</ActionSequence>
	</PageObject>
	<PageObject Type="Text">
		<Location top="222" left="18" bottom="240" right="195" />
		<StaticText>Production &amp; Delivery Cost</StaticText>
		<Font GUID="C82FBF27-1614-41C9-B718-A431388D2B5A" Name="General Text" />
		<TextColor>
			<UserColor GUID="1798981A-C40D-4713-BC08-E97545963465">Link</UserColor>
		</TextColor>
	</PageObject>
	<UsedReferences>
		<Model>
			<Symbol>AvailableCapacity</Symbol>
			<Symbol>MinimalDelivery</Symbol>
			<Symbol>ContractSize</Symbol>
			<Symbol>MinimalNumberofContributors</Symbol>
			<Symbol>TotalCost</Symbol>
			<Symbol>Generation</Symbol>
			<Symbol>ActualProducer</Symbol>
			<Symbol>ActualContract</Symbol>
			<Symbol>GenerationColor</Symbol>
			<Symbol>SelectionColorContract</Symbol>
			<Symbol>SelectionColorProducer</Symbol>
			<Symbol>MessageString</Symbol>
			<Symbol>MainExecution</Symbol>
			<Symbol>p</Symbol>
			<Symbol>c</Symbol>
		</Model>
	</UsedReferences>
</Page>
