<?xml version="1.0"?>
<Page Version="4000" TimeStamp="2007-07-13 21:09:34" PrintPage="true">
	<Location top="23" left="138" bottom="674" right="947" />
	<PageEditSize Type="Inherited">
		<Size Width="9025" Height="13958" />
	</PageEditSize>
	<ProjectUUID>2AD06DEB-C40C-4FCA-96CC-B7090B461F1F</ProjectUUID>
	<Positioning>Save Last Position</Positioning>
	<TemplatesTabOrderPosition>1</TemplatesTabOrderPosition>
	<ResizeData>
		<MainArea Line="FixedFromTop" Value="3998">
			<BottomArea Line="FixedFromBottom" Value="45">
				<TopArea Line="AdjustableFromTop" Value="3525">
					<TopArea Line="AdjustableFromTop" Value="685">
						<BottomArea Line="AdjustableFromLeft" Value="9008" />
					</TopArea>
				</TopArea>
			</BottomArea>
		</MainArea>
	</ResizeData>
	<Background Inherited="true" />
	<PageObject Type="Text">
		<Location top="4163" left="23" bottom="4613" right="8933" />
		<StaticText>Size of the Population</StaticText>
		<Alignment>Center</Alignment>
		<Font GUID="2E73D462-FD11-4B3A-A66D-9925755A138A" Name="default" />
		<TextColor RGB="#000000" />
	</PageObject>
	<PageObject Type="Table">
		<Location top="4703" left="113" bottom="7403" right="8933" />
		<TabOrder>3</TabOrder>
		<PrintingOccurrence>SpreadPages</PrintingOccurrence>
		<Font GUID="2E73D462-FD11-4B3A-A66D-9925755A138A" Name="default" />
		<Border Style="Line" Width="1" />
		<BackgroundColor RGB="#ffffff" />
		<RowIndentation>3</RowIndentation>
		<ElementTextAsTooltip>false</ElementTextAsTooltip>
		<ExplicitIdentifier>
			<Identifier>AbbrName( s )</Identifier>
			<FirstColumn>1</FirstColumn>
			<NumberFormat Width="10" Decimals="0" Alignment="Left" />
		</ExplicitIdentifier>
		<ExplicitIdentifier>
			<Identifier>Population( s, y )</Identifier>
			<FirstColumn>1</FirstColumn>
			<NumberFormat Width="8" Decimals="0" ThousandSeparator="true" Alignment="Center" />
			<Unit Display="InTitle" />
		</ExplicitIdentifier>
	</PageObject>
	<UsedReferences>
		<Model>
			<Symbol>s</Symbol>
			<Symbol>y</Symbol>
			<Symbol>AbbrName</Symbol>
			<Symbol>Population</Symbol>
		</Model>
	</UsedReferences>
</Page>
