<?xml version="1.0"?>
<TemplateManager>
	<Template Name="Size Template" PageGUID="C3E5FED9-D068-4143-A222-200CC05DBF01" CrossLibraryDuplicate="66E08D8C-5677-49B5-970F-BB85475A48BE|6A8815C4-5811-47AB-BC76-82C3180C1295|Size Template">
		<Template Name="Navigation Template" PageGUID="76FFAED7-7D1C-43B4-80D2-32FBA1872264" CrossLibraryDuplicate="66E08D8C-5677-49B5-970F-BB85475A48BE|3241DDB1-55C5-441B-9DC8-359086631B74|Navigation Template">
			<Template Name="Background Info Template" PageGUID="10A2C9C7-FD89-4629-B7E9-BE63F1075229" CrossLibraryDuplicate="66E08D8C-5677-49B5-970F-BB85475A48BE|153A8CDB-E916-4F3B-B652-41C25F2C9CB5|Background Info Template">
				<Page Name="AIMMS Demo" PageGUID="CAEB79DD-D62E-4C4D-972A-5F8A1F78F846" />
			</Template>
			<Page Name="City Tour" PageGUID="E2D8F2ED-4D0E-4E2C-88C5-2EFEB08BB274" />
		</Template>
	</Template>
	<Template Name="Page Size" PageGUID="A8DD668B-5AEE-4646-A1EE-D2FE04E2FB1C" />
</TemplateManager>
