<?xml version="1.0"?>
<Page Version="4000" TimeStamp="2016-09-22 10:24:09">
	<PageEditSize Type="Inherited" />
	<ProjectUUID>1940755F-D129-499C-A909-48EE75E4CE47</ProjectUUID>
	<TemplatesTabOrderPosition>1</TemplatesTabOrderPosition>
	<Background Inherited="true" />
	<PageObject Type="Curve">
		<Location top="126" left="120" bottom="564" right="918" />
		<TabOrder>1</TabOrder>
		<Font GUID="00000000-0000-0000-0000-000000000001" Name="Main Font" />
		<Border Style="InShadow" Width="2" MarginTop="5" MarginRight="5" MarginBottom="5" MarginLeft="5" />
		<BackgroundColor RGB="#ffffff" />
		<ColorScheme Number="0" />
		<Title>true</Title>
		<Legend>true</Legend>
		<Y-Labels>true</Y-Labels>
		<X-Labels>true</X-Labels>
		<StatusLine>true</StatusLine>
		<ExplicitIdentifier>
			<Identifier>UsedMemory( p )</Identifier>
		</ExplicitIdentifier>
		<DrawLines>true</DrawLines>
		<MarkPoints>true</MarkPoints>
	</PageObject>
	<PageObject Type="Button">
		<Location top="612" left="360" bottom="684" right="660" />
		<TabOrder>2</TabOrder>
		<LeaveOnEnter>false</LeaveOnEnter>
		<ButtonType>Text</ButtonType>
		<Title>"Run Experiment"</Title>
		<Font GUID="A3D98F82-F5E8-4476-8DDB-9B5D108E33B7" Name="Large Button Font" />
		<ActionSequence>
			<Action Type="Run">
				<RunWhat>SpecificProcecure</RunWhat>
				<Procedure>MainExecution</Procedure>
				<AbortOnError>true</AbortOnError>
			</Action>
		</ActionSequence>
	</PageObject>
	<UsedReferences>
		<Model>
			<Symbol>MainExecution</Symbol>
			<Symbol>p</Symbol>
			<Symbol>UsedMemory</Symbol>
		</Model>
	</UsedReferences>
</Page>
