<?xml version="1.0"?>
<Page Version="4000" TimeStamp="2018-07-10 07:38:09">
	<PageEditSize Type="Inherited" />
	<ProjectUUID>20FA164F-37C1-49B1-AB6C-A8AF79AF40F1</ProjectUUID>
	<TemplatesTabOrderPosition>1</TemplatesTabOrderPosition>
	<Background Inherited="true" />
	<Action>
		<EntryProcedure>dcsu::prPageOpenDeprecateCompoundSetUtilities</EntryProcedure>
	</Action>
	<PageObject Type="Button">
		<Location top="132" left="402" bottom="186" right="612" />
		<TabOrder>6</TabOrder>
		<LeaveOnEnter>false</LeaveOnEnter>
		<ButtonType>Text</ButtonType>
		<Title>"Create Set Mapping Declarations"</Title>
		<Font GUID="63AD267B-3D90-40EE-BBB1-19B7896B3401" Name="Ariel12" />
		<ActionSequence>
			<Action Type="Run">
				<RunWhat>SpecificProcecure</RunWhat>
				<Procedure>dcsu::prCreateSetMappingsCompoundSet</Procedure>
				<AbortOnError>true</AbortOnError>
			</Action>
		</ActionSequence>
	</PageObject>
	<PageObject Type="Button">
		<Location top="474" left="396" bottom="504" right="636" />
		<TabOrder>1</TabOrder>
		<LeaveOnEnter>false</LeaveOnEnter>
		<ButtonType>Text</ButtonType>
		<Title>"Copy a folder contain cases"</Title>
		<Font GUID="63AD267B-3D90-40EE-BBB1-19B7896B3401" Name="Ariel12" />
		<ActionSequence>
			<Action Type="Run">
				<RunWhat>SpecificProcecure</RunWhat>
				<Procedure>dcsu::prCopyDataFolderToShadowFolder</Procedure>
				<AbortOnError>true</AbortOnError>
			</Action>
		</ActionSequence>
	</PageObject>
	<PageObject Type="Rectangle">
		<Location top="402" left="66" bottom="516" right="978" />
		<Shape>Open</Shape>
		<FillColor RGB="#ffffff" />
		<LineColor RGB="#000000" />
	</PageObject>
	<PageObject Type="Button">
		<Location top="432" left="84" bottom="462" right="348" />
		<TabOrder>8</TabOrder>
		<LeaveOnEnter>false</LeaveOnEnter>
		<ButtonType>Text</ButtonType>
		<Title>"Select 'from' data folder"</Title>
		<Font GUID="63AD267B-3D90-40EE-BBB1-19B7896B3401" Name="Ariel12" />
		<ActionSequence>
			<Action Type="Run">
				<RunWhat>SpecificProcecure</RunWhat>
				<Procedure>dcsu::prSelectFromDataFolder</Procedure>
				<AbortOnError>true</AbortOnError>
			</Action>
		</ActionSequence>
	</PageObject>
	<PageObject Type="Scalar">
		<Location top="474" left="84" bottom="504" right="348" />
		<TabOrder>14</TabOrder>
		<Font GUID="00000000-0000-0000-0000-000000000001" Name="Main Font" />
		<Border Style="InShadow" Width="2" MarginTop="5" MarginRight="5" MarginBottom="5" MarginLeft="5" />
		<BackgroundColor RGB="#ffffff" />
		<Layout>Value</Layout>
		<SeparatorSign>=</SeparatorSign>
		<ExplicitIdentifier>
			<Identifier>dcsu::spDataFolderName</Identifier>
			<NumberFormat Width="80" Decimals="0" Alignment="Left" ShowDefaults="true" />
		</ExplicitIdentifier>
	</PageObject>
	<PageObject Type="Button">
		<Location top="426" left="690" bottom="456" right="954" />
		<TabOrder>19</TabOrder>
		<LeaveOnEnter>false</LeaveOnEnter>
		<ButtonType>Text</ButtonType>
		<Title>"Select 'to' shadow data folder"</Title>
		<Font GUID="63AD267B-3D90-40EE-BBB1-19B7896B3401" Name="Ariel12" />
		<ActionSequence>
			<Action Type="Run">
				<RunWhat>SpecificProcecure</RunWhat>
				<Procedure>dcsu::prSelectToShadowDataFolder</Procedure>
				<AbortOnError>true</AbortOnError>
			</Action>
		</ActionSequence>
	</PageObject>
	<PageObject Type="Scalar">
		<Location top="474" left="690" bottom="504" right="954" />
		<TabOrder>20</TabOrder>
		<Font GUID="00000000-0000-0000-0000-000000000001" Name="Main Font" />
		<Border Style="InShadow" Width="2" MarginTop="5" MarginRight="5" MarginBottom="5" MarginLeft="5" />
		<BackgroundColor RGB="#ffffff" />
		<Layout>Value</Layout>
		<SeparatorSign>=</SeparatorSign>
		<ExplicitIdentifier>
			<Identifier>dcsu::spShadowDataFolderName</Identifier>
			<NumberFormat Width="80" Decimals="0" Alignment="Left" ShowDefaults="true" />
		</ExplicitIdentifier>
	</PageObject>
	<PageObject Type="Button">
		<Location top="300" left="84" bottom="330" right="348" />
		<TabOrder>9</TabOrder>
		<LeaveOnEnter>false</LeaveOnEnter>
		<ButtonType>Text</ButtonType>
		<Title>"Select a single input case"</Title>
		<Font GUID="63AD267B-3D90-40EE-BBB1-19B7896B3401" Name="Ariel12" />
		<ActionSequence>
			<Action Type="Run">
				<RunWhat>SpecificProcecure</RunWhat>
				<Procedure>dcsu::prSelectSingleInputCase</Procedure>
				<AbortOnError>true</AbortOnError>
			</Action>
		</ActionSequence>
	</PageObject>
	<PageObject Type="Button">
		<Location top="300" left="690" bottom="330" right="954" />
		<TabOrder>17</TabOrder>
		<LeaveOnEnter>false</LeaveOnEnter>
		<ButtonType>Text</ButtonType>
		<Title>"Output case file name"</Title>
		<Font GUID="63AD267B-3D90-40EE-BBB1-19B7896B3401" Name="Ariel12" />
		<ActionSequence>
			<Action Type="Run">
				<RunWhat>SpecificProcecure</RunWhat>
				<Procedure>dcsu::prSelectToShadowDataFolder</Procedure>
				<AbortOnError>true</AbortOnError>
			</Action>
		</ActionSequence>
	</PageObject>
	<PageObject Type="Scalar">
		<Location top="342" left="84" bottom="372" right="348" />
		<TabOrder>13</TabOrder>
		<Font GUID="00000000-0000-0000-0000-000000000001" Name="Main Font" />
		<Border Style="InShadow" Width="2" MarginTop="5" MarginRight="5" MarginBottom="5" MarginLeft="5" />
		<BackgroundColor RGB="#ffffff" />
		<Layout>Value</Layout>
		<SeparatorSign>=</SeparatorSign>
		<ExplicitIdentifier>
			<Identifier>dcsu::spInputCaseFilename</Identifier>
			<NumberFormat Width="80" Decimals="0" Alignment="Left" ShowDefaults="true" />
		</ExplicitIdentifier>
	</PageObject>
	<PageObject Type="Scalar">
		<Location top="342" left="690" bottom="372" right="954" />
		<TabOrder>22</TabOrder>
		<Font GUID="00000000-0000-0000-0000-000000000001" Name="Main Font" />
		<Border Style="InShadow" Width="2" MarginTop="5" MarginRight="5" MarginBottom="5" MarginLeft="5" />
		<BackgroundColor RGB="#ffffff" />
		<Layout>Value</Layout>
		<SeparatorSign>=</SeparatorSign>
		<ExplicitIdentifier>
			<Identifier>dcsu::spOutputCaseFilename</Identifier>
			<NumberFormat Width="80" Decimals="0" Alignment="Left" ShowDefaults="true" />
		</ExplicitIdentifier>
	</PageObject>
	<PageObject Type="Button">
		<Location top="342" left="396" bottom="372" right="636" />
		<TabOrder>3</TabOrder>
		<LeaveOnEnter>false</LeaveOnEnter>
		<ButtonType>Text</ButtonType>
		<Title>"Copy a single case"</Title>
		<Font GUID="63AD267B-3D90-40EE-BBB1-19B7896B3401" Name="Ariel12" />
		<ActionSequence>
			<Action Type="Run">
				<RunWhat>SpecificProcecure</RunWhat>
				<Procedure>dcsu::prCopySingleInputCaseToShadowCase</Procedure>
				<AbortOnError>true</AbortOnError>
			</Action>
		</ActionSequence>
	</PageObject>
	<PageObject Type="Rectangle">
		<Location top="276" left="66" bottom="390" right="978" />
		<Shape>Open</Shape>
		<FillColor RGB="#ffffff" />
		<LineColor RGB="#000000" />
	</PageObject>
	<PageObject Type="Rectangle">
		<Location top="204" left="54" bottom="534" right="990" />
		<Shape>Open</Shape>
		<FillColor RGB="#ffffff" />
		<LineColor RGB="#000000" />
	</PageObject>
	<PageObject Type="Text">
		<Location top="228" left="66" bottom="258" right="330" />
		<StaticText>Forward - creating shadow cases.</StaticText>
		<Font GUID="63AD267B-3D90-40EE-BBB1-19B7896B3401" Name="Ariel12" />
		<TextColor RGB="#000000" />
	</PageObject>
	<PageObject Type="Button">
		<Location top="792" left="396" bottom="822" right="636" />
		<TabOrder>2</TabOrder>
		<LeaveOnEnter>false</LeaveOnEnter>
		<ButtonType>Text</ButtonType>
		<Title>"Copy a folder contain cases"</Title>
		<Font GUID="63AD267B-3D90-40EE-BBB1-19B7896B3401" Name="Ariel12" />
		<ActionSequence>
			<Action Type="Run">
				<RunWhat>SpecificProcecure</RunWhat>
				<Procedure>dcsu::prCopyFolderShadowToAtomic</Procedure>
				<AbortOnError>true</AbortOnError>
			</Action>
		</ActionSequence>
	</PageObject>
	<PageObject Type="Rectangle">
		<Location top="726" left="66" bottom="840" right="978" />
		<Shape>Open</Shape>
		<FillColor RGB="#ffffff" />
		<LineColor RGB="#000000" />
	</PageObject>
	<PageObject Type="Button">
		<Location top="744" left="84" bottom="774" right="348" />
		<TabOrder>7</TabOrder>
		<LeaveOnEnter>false</LeaveOnEnter>
		<ButtonType>Text</ButtonType>
		<Title>"Select 'from' shadow folder"</Title>
		<Font GUID="63AD267B-3D90-40EE-BBB1-19B7896B3401" Name="Ariel12" />
		<ActionSequence>
			<Action Type="Run">
				<RunWhat>SpecificProcecure</RunWhat>
				<Procedure>dcsu::prSelectInputShadowFolder</Procedure>
				<AbortOnError>true</AbortOnError>
			</Action>
		</ActionSequence>
	</PageObject>
	<PageObject Type="Scalar">
		<Location top="792" left="84" bottom="822" right="348" />
		<TabOrder>15</TabOrder>
		<Font GUID="00000000-0000-0000-0000-000000000001" Name="Main Font" />
		<Border Style="InShadow" Width="2" MarginTop="5" MarginRight="5" MarginBottom="5" MarginLeft="5" />
		<BackgroundColor RGB="#ffffff" />
		<Layout>Value</Layout>
		<SeparatorSign>=</SeparatorSign>
		<ExplicitIdentifier>
			<Identifier>dcsu::spShadowFolder</Identifier>
			<NumberFormat Width="80" Decimals="0" Alignment="Left" ShowDefaults="true" />
		</ExplicitIdentifier>
	</PageObject>
	<PageObject Type="Button">
		<Location top="744" left="690" bottom="774" right="954" />
		<TabOrder>18</TabOrder>
		<LeaveOnEnter>false</LeaveOnEnter>
		<ButtonType>Text</ButtonType>
		<Title>"Select 'to' atomic data folder"</Title>
		<Font GUID="63AD267B-3D90-40EE-BBB1-19B7896B3401" Name="Ariel12" />
		<ActionSequence>
			<Action Type="Run">
				<RunWhat>SpecificProcecure</RunWhat>
				<Procedure>dcsu::prSelectOutputAtomicFolder</Procedure>
				<AbortOnError>true</AbortOnError>
			</Action>
		</ActionSequence>
	</PageObject>
	<PageObject Type="Scalar">
		<Location top="792" left="690" bottom="822" right="954" />
		<TabOrder>21</TabOrder>
		<Font GUID="00000000-0000-0000-0000-000000000001" Name="Main Font" />
		<Border Style="InShadow" Width="2" MarginTop="5" MarginRight="5" MarginBottom="5" MarginLeft="5" />
		<BackgroundColor RGB="#ffffff" />
		<Layout>Value</Layout>
		<SeparatorSign>=</SeparatorSign>
		<ExplicitIdentifier>
			<Identifier>dcsu::spAtomicFolder</Identifier>
			<NumberFormat Width="80" Decimals="0" Alignment="Left" ShowDefaults="true" />
		</ExplicitIdentifier>
	</PageObject>
	<PageObject Type="Button">
		<Location top="624" left="84" bottom="654" right="348" />
		<TabOrder>11</TabOrder>
		<LeaveOnEnter>false</LeaveOnEnter>
		<ButtonType>Text</ButtonType>
		<Title>"Select a single input shadow case"</Title>
		<Font GUID="63AD267B-3D90-40EE-BBB1-19B7896B3401" Name="Ariel12" />
		<ActionSequence>
			<Action Type="Run">
				<RunWhat>SpecificProcecure</RunWhat>
				<Procedure>dcsu::prSelectInputShadowCase</Procedure>
				<AbortOnError>true</AbortOnError>
			</Action>
		</ActionSequence>
	</PageObject>
	<PageObject Type="Button">
		<Location top="624" left="690" bottom="654" right="954" />
		<TabOrder>16</TabOrder>
		<LeaveOnEnter>false</LeaveOnEnter>
		<ButtonType>Text</ButtonType>
		<Title>"Output atomic case file name"</Title>
		<Font GUID="63AD267B-3D90-40EE-BBB1-19B7896B3401" Name="Ariel12" />
		<ActionSequence>
			<Action Type="Run">
				<RunWhat>SpecificProcecure</RunWhat>
				<Procedure>dcsu::prSelectOutputAtomicCase</Procedure>
				<AbortOnError>true</AbortOnError>
			</Action>
		</ActionSequence>
	</PageObject>
	<PageObject Type="Scalar">
		<Location top="666" left="84" bottom="696" right="348" />
		<TabOrder>12</TabOrder>
		<Font GUID="00000000-0000-0000-0000-000000000001" Name="Main Font" />
		<Border Style="InShadow" Width="2" MarginTop="5" MarginRight="5" MarginBottom="5" MarginLeft="5" />
		<BackgroundColor RGB="#ffffff" />
		<Layout>Value</Layout>
		<SeparatorSign>=</SeparatorSign>
		<ExplicitIdentifier>
			<Identifier>dcsu::spShadowCase</Identifier>
			<NumberFormat Width="80" Decimals="0" Alignment="Left" ShowDefaults="true" />
		</ExplicitIdentifier>
	</PageObject>
	<PageObject Type="Scalar">
		<Location top="666" left="690" bottom="696" right="954" />
		<TabOrder>23</TabOrder>
		<Font GUID="00000000-0000-0000-0000-000000000001" Name="Main Font" />
		<Border Style="InShadow" Width="2" MarginTop="5" MarginRight="5" MarginBottom="5" MarginLeft="5" />
		<BackgroundColor RGB="#ffffff" />
		<Layout>Value</Layout>
		<SeparatorSign>=</SeparatorSign>
		<ExplicitIdentifier>
			<Identifier>dcsu::spAtomicCase</Identifier>
			<NumberFormat Width="80" Decimals="0" Alignment="Left" ShowDefaults="true" />
		</ExplicitIdentifier>
	</PageObject>
	<PageObject Type="Button">
		<Location top="666" left="396" bottom="696" right="636" />
		<TabOrder>4</TabOrder>
		<LeaveOnEnter>false</LeaveOnEnter>
		<ButtonType>Text</ButtonType>
		<Title>"Copy a single case"</Title>
		<Font GUID="63AD267B-3D90-40EE-BBB1-19B7896B3401" Name="Ariel12" />
		<ActionSequence>
			<Action Type="Run">
				<RunWhat>SpecificProcecure</RunWhat>
				<Procedure>dcsu::prCopySingleShadowToAtomic</Procedure>
				<AbortOnError>true</AbortOnError>
			</Action>
		</ActionSequence>
	</PageObject>
	<PageObject Type="Rectangle">
		<Location top="606" left="66" bottom="708" right="978" />
		<Shape>Open</Shape>
		<FillColor RGB="#ffffff" />
		<LineColor RGB="#000000" />
	</PageObject>
	<PageObject Type="Rectangle">
		<Location top="546" left="54" bottom="858" right="990" />
		<Shape>Open</Shape>
		<FillColor RGB="#ffffff" />
		<LineColor RGB="#000000" />
	</PageObject>
	<PageObject Type="Text">
		<Location top="564" left="66" bottom="594" right="588" />
		<StaticText>Backward - creating cases with original identifiers without compound data</StaticText>
		<Font GUID="63AD267B-3D90-40EE-BBB1-19B7896B3401" Name="Ariel12" />
		<TextColor RGB="#000000" />
	</PageObject>
	<PageObject Type="Selection Object">
		<SelectionType>ListBox</SelectionType>
		<Location top="60" left="54" bottom="120" right="990" />
		<TabOrder>10</TabOrder>
		<UseTabInObject>true</UseTabInObject>
		<Font GUID="62A6991F-92A7-4A79-93EE-28097D0767CA" Name="Ariel10" />
		<TextShown>ElementName</TextShown>
		<Border Style="InShadow" Width="2" MarginTop="3" MarginLeft="3" />
		<BackgroundColor RGB="#ffffff" />
		<MultipleColumns>true</MultipleColumns>
		<ExplicitIdentifier>
			<Identifier>dcsu::sCompoundSets(dcsu::sCompoundSets)</Identifier>
		</ExplicitIdentifier>
	</PageObject>
	<PageObject Type="Text">
		<Location top="42" left="54" bottom="60" right="318" />
		<StaticText>Existing compound sets:</StaticText>
		<Font GUID="63AD267B-3D90-40EE-BBB1-19B7896B3401" Name="Ariel12" />
		<TextColor RGB="#000000" />
	</PageObject>
	<PageObject Type="Button">
		<Location top="132" left="54" bottom="186" right="264" />
		<TabOrder>5</TabOrder>
		<LeaveOnEnter>false</LeaveOnEnter>
		<ButtonType>Text</ButtonType>
		<Title>"Show attribute window of defined compound sets"</Title>
		<Font GUID="63AD267B-3D90-40EE-BBB1-19B7896B3401" Name="Ariel12" />
		<ActionSequence>
			<Action Type="Run">
				<RunWhat>SpecificProcecure</RunWhat>
				<Procedure>dcsu::prCheckFormatDefinitionsCompoundSets</Procedure>
				<AbortOnError>true</AbortOnError>
			</Action>
		</ActionSequence>
	</PageObject>
	<PageObject Type="Button">
		<Location top="132" left="624" bottom="186" right="834" />
		<TabOrder>6</TabOrder>
		<LeaveOnEnter>false</LeaveOnEnter>
		<ButtonType>Text</ButtonType>
		<Title>"Delete Set Mapping Declarations"</Title>
		<Font GUID="63AD267B-3D90-40EE-BBB1-19B7896B3401" Name="Ariel12" />
		<ActionSequence>
			<Action Type="Run">
				<RunWhat>SpecificProcecure</RunWhat>
				<Procedure>dcsu::prDeleteRuntimeSetMappingsCompoundSet</Procedure>
				<AbortOnError>true</AbortOnError>
			</Action>
		</ActionSequence>
	</PageObject>
	<UsedReferences>
		<Model>
			<Symbol>dcsu::prCreateSetMappingsCompoundSet</Symbol>
			<Symbol>dcsu::prCopyDataFolderToShadowFolder</Symbol>
			<Symbol>dcsu::prCheckFormatDefinitionsCompoundSets</Symbol>
			<Symbol>dcsu::sCompoundSets</Symbol>
			<Symbol>dcsu::prPageOpenDeprecateCompoundSetUtilities</Symbol>
			<Symbol>dcsu::spInputCaseFilename</Symbol>
			<Symbol>dcsu::spOutputCaseFilename</Symbol>
			<Symbol>dcsu::spDataFolderName</Symbol>
			<Symbol>dcsu::spShadowDataFolderName</Symbol>
			<Symbol>dcsu::prSelectSingleInputCase</Symbol>
			<Symbol>dcsu::prCopySingleInputCaseToShadowCase</Symbol>
			<Symbol>dcsu::prSelectFromDataFolder</Symbol>
			<Symbol>dcsu::prSelectToShadowDataFolder</Symbol>
			<Symbol>dcsu::spShadowCase</Symbol>
			<Symbol>dcsu::spAtomicCase</Symbol>
			<Symbol>dcsu::spShadowFolder</Symbol>
			<Symbol>dcsu::spAtomicFolder</Symbol>
			<Symbol>dcsu::prSelectInputShadowCase</Symbol>
			<Symbol>dcsu::prSelectOutputAtomicCase</Symbol>
			<Symbol>dcsu::prSelectInputShadowFolder</Symbol>
			<Symbol>dcsu::prSelectOutputAtomicFolder</Symbol>
			<Symbol>dcsu::prCopySingleShadowToAtomic</Symbol>
			<Symbol>dcsu::prCopyFolderShadowToAtomic</Symbol>
			<Symbol>dcsu::prDeleteRuntimeSetMappingsCompoundSet</Symbol>
		</Model>
	</UsedReferences>
</Page>
