<?xml version="1.0"?>
<Page Version="4000" TimeStamp="2018-05-28 13:23:26">
	<PageEditSize Type="Inherited" />
	<ProjectUUID>20FA164F-37C1-49B1-AB6C-A8AF79AF40F1</ProjectUUID>
	<TemplatesTabOrderPosition>1</TemplatesTabOrderPosition>
	<Background Inherited="true" />
	<Action>
		<EntryProcedure>dcsu::prPageOpenDeprecateCompoundSetUtilities</EntryProcedure>
	</Action>
	<PageObject Type="Button">
		<Location top="24" left="396" bottom="78" right="606" />
		<TabOrder>5</TabOrder>
		<LeaveOnEnter>false</LeaveOnEnter>
		<ButtonType>Text</ButtonType>
		<Title>"Create Set Mapping Declarations"</Title>
		<Font GUID="63AD267B-3D90-40EE-BBB1-19B7896B3401" Name="Ariel12" />
		<ActionSequence>
			<Action Type="Run">
				<RunWhat>SpecificProcecure</RunWhat>
				<Procedure>dcsu::prCreateSetMappingsCompoundSet</Procedure>
				<AbortOnError>true</AbortOnError>
			</Action>
		</ActionSequence>
	</PageObject>
	<PageObject Type="Button">
		<Location top="372" left="384" bottom="450" right="624" />
		<TabOrder>1</TabOrder>
		<LeaveOnEnter>false</LeaveOnEnter>
		<ButtonType>Text</ButtonType>
		<Title>"Copy a folder contain cases"</Title>
		<Font GUID="63AD267B-3D90-40EE-BBB1-19B7896B3401" Name="Ariel12" />
		<ActionSequence>
			<Action Type="Run">
				<RunWhat>SpecificProcecure</RunWhat>
				<Procedure>dcsu::prCopyDataFolderToShadowFolder</Procedure>
				<AbortOnError>true</AbortOnError>
			</Action>
		</ActionSequence>
	</PageObject>
	<PageObject Type="Rectangle">
		<Location top="306" left="66" bottom="456" right="978" />
		<Shape>Open</Shape>
		<FillColor RGB="#ffffff" />
		<LineColor RGB="#000000" />
	</PageObject>
	<PageObject Type="Button">
		<Location top="312" left="78" bottom="366" right="342" />
		<TabOrder>7</TabOrder>
		<LeaveOnEnter>false</LeaveOnEnter>
		<ButtonType>Text</ButtonType>
		<Title>"Select 'from' data folder"</Title>
		<Font GUID="63AD267B-3D90-40EE-BBB1-19B7896B3401" Name="Ariel12" />
		<ActionSequence>
			<Action Type="Run">
				<RunWhat>SpecificProcecure</RunWhat>
				<Procedure>dcsu::prSelectFromDataFolder</Procedure>
				<AbortOnError>true</AbortOnError>
			</Action>
		</ActionSequence>
	</PageObject>
	<PageObject Type="Scalar">
		<Location top="378" left="78" bottom="438" right="342" />
		<TabOrder>12</TabOrder>
		<Font GUID="00000000-0000-0000-0000-000000000001" Name="Main Font" />
		<Border Style="InShadow" Width="2" MarginTop="5" MarginRight="5" MarginBottom="5" MarginLeft="5" />
		<BackgroundColor RGB="#ffffff" />
		<Layout>Value</Layout>
		<SeparatorSign>=</SeparatorSign>
		<ExplicitIdentifier>
			<Identifier>dcsu::spDataFolderName</Identifier>
			<NumberFormat Width="80" Decimals="0" Alignment="Left" ShowDefaults="true" />
		</ExplicitIdentifier>
	</PageObject>
	<PageObject Type="Button">
		<Location top="318" left="690" bottom="372" right="954" />
		<TabOrder>17</TabOrder>
		<LeaveOnEnter>false</LeaveOnEnter>
		<ButtonType>Text</ButtonType>
		<Title>"Select 'to' shadow data folder"</Title>
		<Font GUID="63AD267B-3D90-40EE-BBB1-19B7896B3401" Name="Ariel12" />
		<ActionSequence>
			<Action Type="Run">
				<RunWhat>SpecificProcecure</RunWhat>
				<Procedure>dcsu::prSelectToShadowDataFolder</Procedure>
				<AbortOnError>true</AbortOnError>
			</Action>
		</ActionSequence>
	</PageObject>
	<PageObject Type="Scalar">
		<Location top="378" left="690" bottom="438" right="954" />
		<TabOrder>18</TabOrder>
		<Font GUID="00000000-0000-0000-0000-000000000001" Name="Main Font" />
		<Border Style="InShadow" Width="2" MarginTop="5" MarginRight="5" MarginBottom="5" MarginLeft="5" />
		<BackgroundColor RGB="#ffffff" />
		<Layout>Value</Layout>
		<SeparatorSign>=</SeparatorSign>
		<ExplicitIdentifier>
			<Identifier>dcsu::spShadowDataFolderName</Identifier>
			<NumberFormat Width="80" Decimals="0" Alignment="Left" ShowDefaults="true" />
		</ExplicitIdentifier>
	</PageObject>
	<PageObject Type="Button">
		<Location top="156" left="72" bottom="210" right="336" />
		<TabOrder>8</TabOrder>
		<LeaveOnEnter>false</LeaveOnEnter>
		<ButtonType>Text</ButtonType>
		<Title>"Select a single input case"</Title>
		<Font GUID="63AD267B-3D90-40EE-BBB1-19B7896B3401" Name="Ariel12" />
		<ActionSequence>
			<Action Type="Run">
				<RunWhat>SpecificProcecure</RunWhat>
				<Procedure>dcsu::prSelectSingleInputCase</Procedure>
				<AbortOnError>true</AbortOnError>
			</Action>
		</ActionSequence>
	</PageObject>
	<PageObject Type="Button">
		<Location top="156" left="690" bottom="210" right="954" />
		<TabOrder>15</TabOrder>
		<LeaveOnEnter>false</LeaveOnEnter>
		<ButtonType>Text</ButtonType>
		<Title>"Output case file name"</Title>
		<Font GUID="63AD267B-3D90-40EE-BBB1-19B7896B3401" Name="Ariel12" />
		<ActionSequence>
			<Action Type="Run">
				<RunWhat>SpecificProcecure</RunWhat>
				<Procedure>dcsu::prSelectToShadowDataFolder</Procedure>
				<AbortOnError>true</AbortOnError>
			</Action>
		</ActionSequence>
	</PageObject>
	<PageObject Type="Scalar">
		<Location top="222" left="72" bottom="282" right="336" />
		<TabOrder>11</TabOrder>
		<Font GUID="00000000-0000-0000-0000-000000000001" Name="Main Font" />
		<Border Style="InShadow" Width="2" MarginTop="5" MarginRight="5" MarginBottom="5" MarginLeft="5" />
		<BackgroundColor RGB="#ffffff" />
		<Layout>Value</Layout>
		<SeparatorSign>=</SeparatorSign>
		<ExplicitIdentifier>
			<Identifier>dcsu::spInputCaseFilename</Identifier>
			<NumberFormat Width="80" Decimals="0" Alignment="Left" ShowDefaults="true" />
		</ExplicitIdentifier>
	</PageObject>
	<PageObject Type="Scalar">
		<Location top="228" left="690" bottom="288" right="954" />
		<TabOrder>20</TabOrder>
		<Font GUID="00000000-0000-0000-0000-000000000001" Name="Main Font" />
		<Border Style="InShadow" Width="2" MarginTop="5" MarginRight="5" MarginBottom="5" MarginLeft="5" />
		<BackgroundColor RGB="#ffffff" />
		<Layout>Value</Layout>
		<SeparatorSign>=</SeparatorSign>
		<ExplicitIdentifier>
			<Identifier>dcsu::spOutputCaseFilename</Identifier>
			<NumberFormat Width="80" Decimals="0" Alignment="Left" ShowDefaults="true" />
		</ExplicitIdentifier>
	</PageObject>
	<PageObject Type="Button">
		<Location top="198" left="384" bottom="276" right="624" />
		<TabOrder>3</TabOrder>
		<LeaveOnEnter>false</LeaveOnEnter>
		<ButtonType>Text</ButtonType>
		<Title>"Copy a single case"</Title>
		<Font GUID="63AD267B-3D90-40EE-BBB1-19B7896B3401" Name="Ariel12" />
		<ActionSequence>
			<Action Type="Run">
				<RunWhat>SpecificProcecure</RunWhat>
				<Procedure>dcsu::prCopySingleInputCaseToShadowCase</Procedure>
				<AbortOnError>true</AbortOnError>
			</Action>
		</ActionSequence>
	</PageObject>
	<PageObject Type="Rectangle">
		<Location top="144" left="66" bottom="294" right="978" />
		<Shape>Open</Shape>
		<FillColor RGB="#ffffff" />
		<LineColor RGB="#000000" />
	</PageObject>
	<PageObject Type="Rectangle">
		<Location top="96" left="54" bottom="468" right="1050" />
		<Shape>Open</Shape>
		<FillColor RGB="#ffffff" />
		<LineColor RGB="#000000" />
	</PageObject>
	<PageObject Type="Text">
		<Location top="108" left="72" bottom="138" right="336" />
		<StaticText>Forward - creating shadow cases.</StaticText>
		<Font GUID="63AD267B-3D90-40EE-BBB1-19B7896B3401" Name="Ariel12" />
		<TextColor RGB="#000000" />
	</PageObject>
	<PageObject Type="Button">
		<Location top="756" left="384" bottom="834" right="624" />
		<TabOrder>2</TabOrder>
		<LeaveOnEnter>false</LeaveOnEnter>
		<ButtonType>Text</ButtonType>
		<Title>"Copy a folder contain cases"</Title>
		<Font GUID="63AD267B-3D90-40EE-BBB1-19B7896B3401" Name="Ariel12" />
		<ActionSequence>
			<Action Type="Run">
				<RunWhat>SpecificProcecure</RunWhat>
				<Procedure>dcsu::prCopyFolderShadowToAtomic</Procedure>
				<AbortOnError>true</AbortOnError>
			</Action>
		</ActionSequence>
	</PageObject>
	<PageObject Type="Rectangle">
		<Location top="690" left="66" bottom="840" right="978" />
		<Shape>Open</Shape>
		<FillColor RGB="#ffffff" />
		<LineColor RGB="#000000" />
	</PageObject>
	<PageObject Type="Button">
		<Location top="696" left="78" bottom="750" right="342" />
		<TabOrder>6</TabOrder>
		<LeaveOnEnter>false</LeaveOnEnter>
		<ButtonType>Text</ButtonType>
		<Title>"Select 'from' shadow folder"</Title>
		<Font GUID="63AD267B-3D90-40EE-BBB1-19B7896B3401" Name="Ariel12" />
		<ActionSequence>
			<Action Type="Run">
				<RunWhat>SpecificProcecure</RunWhat>
				<Procedure>dcsu::prSelectInputShadowFolder</Procedure>
				<AbortOnError>true</AbortOnError>
			</Action>
		</ActionSequence>
	</PageObject>
	<PageObject Type="Scalar">
		<Location top="762" left="78" bottom="822" right="342" />
		<TabOrder>13</TabOrder>
		<Font GUID="00000000-0000-0000-0000-000000000001" Name="Main Font" />
		<Border Style="InShadow" Width="2" MarginTop="5" MarginRight="5" MarginBottom="5" MarginLeft="5" />
		<BackgroundColor RGB="#ffffff" />
		<Layout>Value</Layout>
		<SeparatorSign>=</SeparatorSign>
		<ExplicitIdentifier>
			<Identifier>dcsu::spShadowFolder</Identifier>
			<NumberFormat Width="80" Decimals="0" Alignment="Left" ShowDefaults="true" />
		</ExplicitIdentifier>
	</PageObject>
	<PageObject Type="Button">
		<Location top="702" left="690" bottom="756" right="954" />
		<TabOrder>16</TabOrder>
		<LeaveOnEnter>false</LeaveOnEnter>
		<ButtonType>Text</ButtonType>
		<Title>"Select 'to' atomic data folder"</Title>
		<Font GUID="63AD267B-3D90-40EE-BBB1-19B7896B3401" Name="Ariel12" />
		<ActionSequence>
			<Action Type="Run">
				<RunWhat>SpecificProcecure</RunWhat>
				<Procedure>dcsu::prSelectOutputAtomicFolder</Procedure>
				<AbortOnError>true</AbortOnError>
			</Action>
		</ActionSequence>
	</PageObject>
	<PageObject Type="Scalar">
		<Location top="762" left="690" bottom="822" right="954" />
		<TabOrder>19</TabOrder>
		<Font GUID="00000000-0000-0000-0000-000000000001" Name="Main Font" />
		<Border Style="InShadow" Width="2" MarginTop="5" MarginRight="5" MarginBottom="5" MarginLeft="5" />
		<BackgroundColor RGB="#ffffff" />
		<Layout>Value</Layout>
		<SeparatorSign>=</SeparatorSign>
		<ExplicitIdentifier>
			<Identifier>dcsu::spAtomicFolder</Identifier>
			<NumberFormat Width="80" Decimals="0" Alignment="Left" ShowDefaults="true" />
		</ExplicitIdentifier>
	</PageObject>
	<PageObject Type="Button">
		<Location top="540" left="72" bottom="594" right="336" />
		<TabOrder>9</TabOrder>
		<LeaveOnEnter>false</LeaveOnEnter>
		<ButtonType>Text</ButtonType>
		<Title>"Select a single input shadow case"</Title>
		<Font GUID="63AD267B-3D90-40EE-BBB1-19B7896B3401" Name="Ariel12" />
		<ActionSequence>
			<Action Type="Run">
				<RunWhat>SpecificProcecure</RunWhat>
				<Procedure>dcsu::prSelectInputShadowCase</Procedure>
				<AbortOnError>true</AbortOnError>
			</Action>
		</ActionSequence>
	</PageObject>
	<PageObject Type="Button">
		<Location top="540" left="690" bottom="594" right="954" />
		<TabOrder>14</TabOrder>
		<LeaveOnEnter>false</LeaveOnEnter>
		<ButtonType>Text</ButtonType>
		<Title>"Output atomic case file name"</Title>
		<Font GUID="63AD267B-3D90-40EE-BBB1-19B7896B3401" Name="Ariel12" />
		<ActionSequence>
			<Action Type="Run">
				<RunWhat>SpecificProcecure</RunWhat>
				<Procedure>dcsu::prSelectOutputAtomicCase</Procedure>
				<AbortOnError>true</AbortOnError>
			</Action>
		</ActionSequence>
	</PageObject>
	<PageObject Type="Scalar">
		<Location top="606" left="72" bottom="666" right="336" />
		<TabOrder>10</TabOrder>
		<Font GUID="00000000-0000-0000-0000-000000000001" Name="Main Font" />
		<Border Style="InShadow" Width="2" MarginTop="5" MarginRight="5" MarginBottom="5" MarginLeft="5" />
		<BackgroundColor RGB="#ffffff" />
		<Layout>Value</Layout>
		<SeparatorSign>=</SeparatorSign>
		<ExplicitIdentifier>
			<Identifier>dcsu::spShadowCase</Identifier>
			<NumberFormat Width="80" Decimals="0" Alignment="Left" ShowDefaults="true" />
		</ExplicitIdentifier>
	</PageObject>
	<PageObject Type="Scalar">
		<Location top="612" left="690" bottom="672" right="954" />
		<TabOrder>22</TabOrder>
		<Font GUID="00000000-0000-0000-0000-000000000001" Name="Main Font" />
		<Border Style="InShadow" Width="2" MarginTop="5" MarginRight="5" MarginBottom="5" MarginLeft="5" />
		<BackgroundColor RGB="#ffffff" />
		<Layout>Value</Layout>
		<SeparatorSign>=</SeparatorSign>
		<ExplicitIdentifier>
			<Identifier>dcsu::spAtomicCase</Identifier>
			<NumberFormat Width="80" Decimals="0" Alignment="Left" ShowDefaults="true" />
		</ExplicitIdentifier>
	</PageObject>
	<PageObject Type="Button">
		<Location top="582" left="384" bottom="660" right="624" />
		<TabOrder>4</TabOrder>
		<LeaveOnEnter>false</LeaveOnEnter>
		<ButtonType>Text</ButtonType>
		<Title>"Copy a single case"</Title>
		<Font GUID="63AD267B-3D90-40EE-BBB1-19B7896B3401" Name="Ariel12" />
		<ActionSequence>
			<Action Type="Run">
				<RunWhat>SpecificProcecure</RunWhat>
				<Procedure>dcsu::prCopySingleShadowToAtomic</Procedure>
				<AbortOnError>true</AbortOnError>
			</Action>
		</ActionSequence>
	</PageObject>
	<PageObject Type="Rectangle">
		<Location top="528" left="66" bottom="678" right="978" />
		<Shape>Open</Shape>
		<FillColor RGB="#ffffff" />
		<LineColor RGB="#000000" />
	</PageObject>
	<PageObject Type="Rectangle">
		<Location top="480" left="54" bottom="852" right="1050" />
		<Shape>Open</Shape>
		<FillColor RGB="#ffffff" />
		<LineColor RGB="#000000" />
	</PageObject>
	<PageObject Type="Text">
		<Location top="492" left="72" bottom="522" right="594" />
		<StaticText>Backward - creating cases with original identifiers without compound data</StaticText>
		<Font GUID="63AD267B-3D90-40EE-BBB1-19B7896B3401" Name="Ariel12" />
		<TextColor RGB="#000000" />
	</PageObject>
	<UsedReferences>
		<Model>
			<Symbol>dcsu::prCreateSetMappingsCompoundSet</Symbol>
			<Symbol>dcsu::prCopyDataFolderToShadowFolder</Symbol>
			<Symbol>dcsu::prPageOpenDeprecateCompoundSetUtilities</Symbol>
			<Symbol>dcsu::spInputCaseFilename</Symbol>
			<Symbol>dcsu::spOutputCaseFilename</Symbol>
			<Symbol>dcsu::spDataFolderName</Symbol>
			<Symbol>dcsu::spShadowDataFolderName</Symbol>
			<Symbol>dcsu::prSelectSingleInputCase</Symbol>
			<Symbol>dcsu::prCopySingleInputCaseToShadowCase</Symbol>
			<Symbol>dcsu::prSelectFromDataFolder</Symbol>
			<Symbol>dcsu::prSelectToShadowDataFolder</Symbol>
			<Symbol>dcsu::spShadowCase</Symbol>
			<Symbol>dcsu::spAtomicCase</Symbol>
			<Symbol>dcsu::spShadowFolder</Symbol>
			<Symbol>dcsu::spAtomicFolder</Symbol>
			<Symbol>dcsu::prSelectInputShadowCase</Symbol>
			<Symbol>dcsu::prSelectOutputAtomicCase</Symbol>
			<Symbol>dcsu::prSelectInputShadowFolder</Symbol>
			<Symbol>dcsu::prSelectOutputAtomicFolder</Symbol>
			<Symbol>dcsu::prCopySingleShadowToAtomic</Symbol>
			<Symbol>dcsu::prCopyFolderShadowToAtomic</Symbol>
		</Model>
	</UsedReferences>
</Page>
