{
    "openapi": "3.0.2",
    "info": {
        "title": "FastAPI",
        "version": "0.1.0"
    },
    "paths": {
        "/compute": {
            "post": {
                "summary": "Compute",
                "operationId": "compute_compute_post",
                "requestBody": {
                    "content": {
                        "application/json": {
                            "schema": {
                                "$ref": "#/components/schemas/BiasInAIInput"
                            }
                        }
                    },
                    "required": true
                },
                "responses": {
                    "200": {
                        "description": "Successful Response",
                        "content": {
                            "application/json": {
                                "schema": {
                                    "$ref": "#/components/schemas/BiasInAIOutput"
                                }
                            }
                        }
                    },
                    "422": {
                        "description": "Validation Error",
                        "content": {
                            "application/json": {
                                "schema": {
                                    "$ref": "#/components/schemas/HTTPValidationError"
                                }
                            }
                        }
                    }
                }
            }
        }
    },
    "components": {
        "schemas": {
            "BiasInAIInput": {
                "title": "BiasInAIInput",
                "required": [
                    "no_observations",
                    "comments",
                    "target",
                    "new_comment"
                ],
                "type": "object",
                "properties": {
                    "no_observations": {
                        "title": "No Observations",
                        "type": "integer"
                    },
                    "comments": {
                        "title": "Comments",
                        "type": "array",
                        "items": {
                            "type": "string"
                        }
                    },
                    "target": {
                        "title": "Target",
                        "type": "array",
                        "items": {
                            "type": "integer"
                        }
                    },
                    "new_comment": {
                        "title": "New Comment",
                        "type": "string"
                    }
                }
            },
            "BiasInAIOutput": {
                "title": "BiasInAIOutput",
                "required": [
                    "is_toxic"
                ],
                "type": "object",
                "properties": {
                    "is_toxic": {
                        "title": "Is Toxic",
                        "type": "integer"
                    }
                }
            },
            "HTTPValidationError": {
                "title": "HTTPValidationError",
                "type": "object",
                "properties": {
                    "detail": {
                        "title": "Detail",
                        "type": "array",
                        "items": {
                            "$ref": "#/components/schemas/ValidationError"
                        }
                    }
                }
            },
            "ValidationError": {
                "title": "ValidationError",
                "required": [
                    "loc",
                    "msg",
                    "type"
                ],
                "type": "object",
                "properties": {
                    "loc": {
                        "title": "Location",
                        "type": "array",
                        "items": {
                            "anyOf": [
                                {
                                    "type": "string"
                                },
                                {
                                    "type": "integer"
                                }
                            ]
                        }
                    },
                    "msg": {
                        "title": "Message",
                        "type": "string"
                    },
                    "type": {
                        "title": "Error Type",
                        "type": "string"
                    }
                }
            }
        }
    }
}