<?xml version="1.0"?>
<TemplateManager>
	<Template Name="Size Template" PageGUID="0D2C1BAF-FBCA-4028-AB03-0F8FB3C1BA5E" CrossLibraryDuplicate="66E08D8C-5677-49B5-970F-BB85475A48BE|6A8815C4-5811-47AB-BC76-82C3180C1295|Size Template">
		<Template Name="Navigation Template" PageGUID="8993A23D-1CF9-4FA8-9EC9-D2A9F2F9D916" CrossLibraryDuplicate="66E08D8C-5677-49B5-970F-BB85475A48BE|3241DDB1-55C5-441B-9DC8-359086631B74|Navigation Template">
			<Template Name="Background Info Template" PageGUID="6699DC09-71E9-46B5-B042-4A545B7208DF" CrossLibraryDuplicate="66E08D8C-5677-49B5-970F-BB85475A48BE|153A8CDB-E916-4F3B-B652-41C25F2C9CB5|Background Info Template">
				<Page Name="AIMMS Demo" PageGUID="3F499100-EF31-4478-894D-60D871EEF70D" />
			</Template>
			<Page Name="Santa Claus Sleigh Pulled by Magic Reindeer" PageGUID="FF94E8D8-3BF9-4569-9849-49F96ED40376" />
		</Template>
	</Template>
</TemplateManager>
