<?xml version="1.0"?>
<Page Version="4000" TimeStamp="2012-05-24 11:55:34">
	<Location top="27" left="8" bottom="862" right="1420" />
	<PageEditSize Type="Inherited" />
	<ProjectUUID>469ECA73-CD4F-42E7-B6DB-5DA654FD4967</ProjectUUID>
	<TemplatesTabOrderPosition>1</TemplatesTabOrderPosition>
	<Background Inherited="true" />
	<PageObject Type="Button">
		<Location top="132" left="30" bottom="174" right="168" />
		<TabOrder>2</TabOrder>
		<LeaveOnEnter>false</LeaveOnEnter>
		<ButtonType>Text</ButtonType>
		<Title>"Solve"</Title>
		<Font GUID="00000000-0000-0000-0000-000000000001" Name="Main Font" />
		<ActionSequence>
			<Action Type="Run">
				<RunWhat>SpecificProcecure</RunWhat>
				<Procedure>ApplyBothApproaches</Procedure>
				<AbortOnError>true</AbortOnError>
			</Action>
		</ActionSequence>
	</PageObject>
	<PageObject Type="Pivot Table">
		<Location top="198" left="30" bottom="498" right="510" />
		<TabOrder>1</TabOrder>
		<ObjectUUID>0E4D463B-230C-4A40-AFAF-7A273D005030</ObjectUUID>
		<Font GUID="00000000-0000-0000-0000-000000000001" Name="Main Font" />
		<Border Style="InShadow" Width="2" MarginTop="5" MarginRight="5" MarginBottom="5" MarginLeft="5" />
		<Contents>
			<Explicit_Identifier>
				<Identifier ID="4110">IntegerEliminationObjective( s )</Identifier>
				<Title ID="4120">"Integer elimination solution value"</Title>
			</Explicit_Identifier>
			<Explicit_Identifier>
				<Identifier ID="4110">SolutionPoolObjective( s )</Identifier>
				<Title ID="4120">"Solution pool solution value"</Title>
			</Explicit_Identifier>
		</Contents>
		<Indices>
			<Explicit_Index>
				<Index ID="6510">s</Index>
				<Header_Title ID="6530">"Solution"</Header_Title>
			</Explicit_Index>
		</Indices>
		<General>
			<Dense_Aggregation_restricts_to_Domain ID="1022">"Yes"</Dense_Aggregation_restricts_to_Domain>
		</General>
		<Row_Area>
			<Background_Color ID="2010">RGB&lt;255,255,200&gt;</Background_Color>
			<Text_Color ExtraInfo="D4F48705-BFDF-4DF8-8E1F-D38EFF981024" ID="2020">"default selection"</Text_Color>
			<Headers>
				<Background_Color ExtraInfo="D4F48705-BFDF-4DF8-8E1F-D38EFF981024" ID="2120">"default selection"</Background_Color>
				<Text_Color ID="2130">RGB&lt;255,255,255&gt;</Text_Color>
			</Headers>
			<Grid_Focus_Indicator>
				<Background_Color ID="2270">RGB&lt;0,0,168&gt;</Background_Color>
				<Text_Color ID="2280">RGB&lt;255,255,200&gt;</Text_Color>
			</Grid_Focus_Indicator>
		</Row_Area>
		<Grid_Area>
			<Background_Color ID="5010">RGB&lt;255,255,255&gt;</Background_Color>
			<Alternating_Background_Color ID="5011">RGB&lt;225,225,225&gt;</Alternating_Background_Color>
			<Aggregators>
				<Background_Color ID="5220">RGB&lt;255,128,128&gt;</Background_Color>
			</Aggregators>
			<Sub_Header_Row_or_Column>
				<Background_Color ID="5320">RGB&lt;255,255,200&gt;</Background_Color>
			</Sub_Header_Row_or_Column>
		</Grid_Area>
	</PageObject>
	<PageObject Type="Scalar">
		<Location top="24" left="30" bottom="120" right="240" />
		<TabOrder>3</TabOrder>
		<Font GUID="00000000-0000-0000-0000-000000000001" Name="Main Font" />
		<Border Style="InShadow" Width="2" MarginTop="5" MarginRight="5" MarginBottom="5" MarginLeft="5" />
		<BackgroundColor RGB="#ffffff" />
		<Layout>Text-Value</Layout>
		<SeparatorSign>=</SeparatorSign>
		<ExplicitIdentifier>
			<Identifier>PoolReplacementStrategy</Identifier>
			<NumberFormat Width="5" Decimals="0" Scientific="IfTooSmallorLarge" Alignment="Center" ShowDefaults="true" />
		</ExplicitIdentifier>
		<ExplicitIdentifier>
			<Identifier>PoolIntensity</Identifier>
			<NumberFormat Width="7" Decimals="0" Scientific="IfTooSmallorLarge" Alignment="Center" ShowDefaults="true" />
		</ExplicitIdentifier>
		<ExplicitIdentifier>
			<Identifier>PoolLimit</Identifier>
			<NumberFormat Width="7" Decimals="0" Scientific="IfTooSmallorLarge" Alignment="Center" ShowDefaults="true" />
		</ExplicitIdentifier>
		<ExplicitIdentifier>
			<Identifier>N</Identifier>
			<NumberFormat Width="7" Decimals="0" Scientific="IfTooSmallorLarge" Alignment="Center" ShowDefaults="true" />
		</ExplicitIdentifier>
		<ExplicitIdentifier>
			<Identifier>K</Identifier>
			<NumberFormat Width="7" Decimals="0" Scientific="IfTooSmallorLarge" Alignment="Center" ShowDefaults="true" />
		</ExplicitIdentifier>
	</PageObject>
	<PageObject Type="Scalar">
		<Location top="510" left="30" bottom="552" right="318" />
		<TabOrder>4</TabOrder>
		<Font GUID="00000000-0000-0000-0000-000000000001" Name="Main Font" />
		<Border Style="InShadow" Width="2" MarginTop="5" MarginRight="5" MarginBottom="5" MarginLeft="5" />
		<BackgroundColor RGB="#ffffff" />
		<Layout>Text-Value</Layout>
		<SeparatorSign>=</SeparatorSign>
		<ExplicitIdentifier>
			<Identifier>TimeForEliminationRows</Identifier>
			<NumberFormat Width="7" Decimals="3" Scientific="IfTooSmallorLarge" Alignment="Center" ShowDefaults="true" />
			<Title>"Time needed for elimination rows approach"</Title>
		</ExplicitIdentifier>
		<ExplicitIdentifier>
			<Identifier>TimeForSolutionPool</Identifier>
			<NumberFormat Width="7" Decimals="3" Scientific="IfTooSmallorLarge" Alignment="Center" ShowDefaults="true" />
			<Title>"Time needed for solution pool approach"</Title>
		</ExplicitIdentifier>
	</PageObject>
	<PageObject Type="Text">
		<Location top="24" left="252" bottom="90" right="456" />
		<StaticText>PoolReplacementStrategy values:
	0 : FIFO
	1: Worst objective
	2: Diverse Solutions
	</StaticText>
		<Font GUID="00000000-0000-0000-0000-000000000001" Name="Main Font" />
		<TextColor RGB="#000000" />
	</PageObject>
	<PageObject Type="Text">
		<Location top="24" left="462" bottom="120" right="612" />
		<StaticText>PoolIntensity values:
	0: Automatic
	1: Mild
	2: Moderate
	3: Aggressive
	4: Very aggressive
	</StaticText>
		<Font GUID="00000000-0000-0000-0000-000000000001" Name="Main Font" />
		<TextColor RGB="#000000" />
	</PageObject>
	<UsedReferences>
		<Model>
			<Symbol>K</Symbol>
			<Symbol>N</Symbol>
			<Symbol>s</Symbol>
			<Symbol>PoolLimit</Symbol>
			<Symbol>IntegerEliminationObjective</Symbol>
			<Symbol>SolutionPoolObjective</Symbol>
			<Symbol>ApplyBothApproaches</Symbol>
			<Symbol>PoolReplacementStrategy</Symbol>
			<Symbol>TimeForSolutionPool</Symbol>
			<Symbol>PoolIntensity</Symbol>
			<Symbol>TimeForEliminationRows</Symbol>
		</Model>
	</UsedReferences>
</Page>
