{
  "version": "4.67.0",
  "application": {
    "aimms.widget.type": {
      "literal": "application"
    },
    "browser.language": {
      "aimms": {
        "contents": [
          "webui::ClientBrowserLanguage"
        ]
      }
    },
    "browser.name": {
      "aimms": {
        "contents": [
          "webui::ClientBrowserName"
        ]
      }
    },
    "browser.timezone": {
      "aimms": {
        "contents": [
          "webui::BrowserTimeZone"
        ]
      }
    },
    "data.manager.hidden": {
      "literal": true
    },
    "ignoredst": {
      "aimms": {
        "contents": [
          "webui::IgnoreDST"
        ]
      }
    },
    "pages": {
      "literal": {
        "name": "root",
        "slug": "root",
        "children": [
          {
            "name": "Main Project",
            "slug": "main_project",
            "children": [
              {
                "name": "home",
                "slug": "home",
                "type": "pagev2-grid",
                "children": []
              },
              {
                "name": "Task overview",
                "type": "pagev2-grid",
                "slug": "task_overview",
                "children": []
              },
              {
                "name": "Follow Task",
                "type": "pagev2-grid",
                "slug": "follow_task",
                "children": []
              },
              {
                "name": "Task details",
                "type": "pagev2-grid",
                "slug": "task_details",
                "children": []
              },
              {
                "name": "database",
                "type": "pagev2-grid",
                "slug": "database",
                "children": [
                  {
                    "name": "GetDbAdminCred",
                    "type": "pagev2-grid-dialog",
                    "slug": "getdbadmincred",
                    "children": []
                  },
                  {
                    "name": "GetUserAPIKey",
                    "type": "pagev2-grid-dialog",
                    "slug": "getuserapikey",
                    "children": []
                  }
                ]
              },
              {
                "name": "Scratch",
                "type": "pagev2-grid",
                "slug": "scratch",
                "children": []
              },
              {
                "name": "Debug",
                "type": "pagev2-grid",
                "slug": "debug",
                "children": []
              }
            ]
          }
        ]
      }
    },
    "theme.classic": {
      "literal": "NOT_ALLOWED"
    },
    "timezone": {
      "aimms": {
        "contents": [
          "webui::DisplayTimeZone"
        ]
      }
    },
    "timezone.dst.readonly": {
      "aimms": {
        "contents": [
          "webui::DefaultDSTSettingForDisplayTimeZone"
        ]
      }
    },
    "timezonesetting": {
      "literal": true
    },
    "ui.editable": {
      "literal": 0
    },
    "workflows.configuration": {
      "literal": {
        "identifier": "sp_workFlowSteps",
        "slice": [
          {
            "index": "webui::indexWorkflowOrder",
            "type": "free",
            "value": "webui::indexWorkflowOrder"
          },
          {
            "index": "webui::indexNoOfPages",
            "type": "free",
            "value": "webui::indexNoOfPages"
          },
          {
            "index": "webui::indexWorkflowPageSpec",
            "type": "free",
            "value": "webui::indexWorkflowPageSpec"
          }
        ]
      }
    },
    "workflows.information": {
      "aimms": {
        "contents": [
          "sp_workflow"
        ],
        "slices": [
          {
            "identifier": "sp_workflow",
            "slice": [
              {
                "index": "webui::indexWorkflowOrder",
                "type": "free",
                "value": "webui::indexWorkflowOrder"
              },
              {
                "index": "webui::indexWorkflowSpec",
                "type": "free",
                "value": "webui::indexWorkflowSpec"
              }
            ]
          }
        ]
      }
    }
  },
  "layouts/custom_0b8256c1-781b-4404-9f03-3795f83ad30d": {
    "definition": {
      "literal": {
        "componentName": "Grid",
        "props": {
          "gridTemplateColumns": "1fr 1fr",
          "gridTemplateRows": "1fr 1fr",
          "gridTemplateAreas": "\"area-a area-a\" \"area-b area-c\""
        },
        "items": [
          {
            "componentName": "WidgetArea",
            "props": {
              "gridArea": "area-a",
              "name": "Area A",
              "gridAutoFlow": "column"
            }
          },
          {
            "componentName": "WidgetArea",
            "props": {
              "gridArea": "area-b",
              "name": "Area B",
              "gridAutoFlow": "row"
            }
          },
          {
            "componentName": "WidgetArea",
            "props": {
              "gridArea": "area-c",
              "name": "Area C",
              "gridAutoFlow": "row"
            }
          }
        ]
      }
    },
    "displayName": {
      "literal": "Layout2 Copy"
    }
  },
  "layouts/custom_ccfb6715-d2f7-41fa-8185-8a360703b497": {
    "definition": {
      "literal": {
        "componentName": "Grid",
        "props": {
          "gridTemplateColumns": "1fr 2fr",
          "gridTemplateRows": "1fr 1fr",
          "gridTemplateAreas": "\"area-a area-b\" \"area-c area-c\""
        },
        "items": [
          {
            "componentName": "WidgetArea",
            "props": {
              "gridArea": "area-a",
              "name": "Area A",
              "gridAutoFlow": "row"
            }
          },
          {
            "componentName": "WidgetArea",
            "props": {
              "gridArea": "area-b",
              "name": "Area B",
              "gridAutoFlow": "row"
            }
          },
          {
            "componentName": "WidgetArea",
            "props": {
              "gridArea": "area-c",
              "name": "Area C",
              "gridAutoFlow": "column"
            }
          }
        ]
      }
    },
    "displayName": {
      "literal": "TaskLoggingDetails"
    }
  },
  "pages/database": {
    "aimms.widget.type": {
      "literal": "pagev2-grid"
    },
    "bindings": {
      "literal": [
        {
          "widgetUri": "buttonCreateDatabase",
          "gridArea": "Unassigned widgets",
          "dndId": "Unassigned widgetsbuttonCreateDatabase0"
        },
        {
          "widgetUri": "buttonDeleteDatabase",
          "gridArea": "Unassigned widgets",
          "dndId": "Unassigned widgetsbuttonDeleteDatabase1"
        },
        {
          "widgetUri": "buttonExportDatabaseData",
          "gridArea": "Unassigned widgets",
          "dndId": "Unassigned widgetsbuttonExportDatabaseData2"
        },
        {
          "widgetUri": "buttonImportDatabaseData",
          "gridArea": "Unassigned widgets",
          "dndId": "Unassigned widgetsbuttonImportDatabaseData3"
        },
        {
          "widgetUri": "scalarsDatabasePage",
          "gridArea": "area-a",
          "dndId": "Unassigned widgetsscalarsDatabasePage"
        }
      ]
    },
    "layoutId": {
      "literal": "Layout11"
    },
    "onload": {
      "aimms": {
        "run": "dp::pr_pageOpenDatabasePage"
      }
    },
    "secondarypageactions": {
      "aimms": {
        "contents": [
          "dp::sp_secundaryActionsDatabasePage"
        ],
        "slices": [
          {
            "identifier": "dp::sp_secundaryActionsDatabasePage",
            "slice": [
              {
                "index": "webui::indexPageExtension",
                "type": "free",
                "value": "webui::indexPageExtension"
              },
              {
                "index": "webui::indexPageActionSpec",
                "type": "free",
                "value": "webui::indexPageActionSpec"
              }
            ]
          }
        ]
      }
    },
    "widgets": {
      "literal": [
        {
          "uri": "buttonCreateDatabase",
          "layoutInfo": {
            "width": "2",
            "height": "1"
          }
        },
        {
          "uri": "buttonExportDatabaseData",
          "layoutInfo": {
            "width": "2",
            "height": "1"
          }
        },
        {
          "uri": "buttonImportDatabaseData",
          "layoutInfo": {
            "width": "2",
            "height": "1"
          }
        },
        {
          "uri": "buttonDeleteDatabase",
          "layoutInfo": {
            "width": "2",
            "height": "1"
          }
        },
        {
          "uri": "scalarsDatabasePage",
          "layoutInfo": {
            "width": "2",
            "height": "1"
          }
        }
      ]
    }
  },
  "pages/debug": {
    "aimms.widget.type": {
      "literal": "pagev2-grid"
    },
    "bindings": {
      "literal": [
        {
          "widgetUri": "tableReadArguments",
          "gridArea": "area-c",
          "dndId": "area-btableReadArguments1"
        },
        {
          "widgetUri": "tableMappings",
          "gridArea": "area-a",
          "dndId": "area-atableMappings0"
        }
      ]
    },
    "layoutId": {
      "literal": "Layout5"
    },
    "widgets": {
      "literal": [
        {
          "uri": "tableMappings",
          "layoutInfo": {
            "width": "2",
            "height": "1"
          }
        },
        {
          "uri": "tableReadArguments",
          "layoutInfo": {
            "width": "2",
            "height": "1"
          }
        }
      ]
    }
  },
  "pages/follow_task": {
    "aimms.widget.type": {
      "literal": "pagev2-grid"
    },
    "bindings": {
      "literal": [
        {
          "widgetUri": "tableFollowTask",
          "gridArea": "area-b",
          "dndId": "area-btableFollowTask0"
        },
        {
          "widgetUri": "tableFollowTaskDetails",
          "gridArea": "area-a",
          "dndId": "Unassigned widgetstableFollowTaskDetails"
        }
      ]
    },
    "onload": {
      "aimms": {
        "run": "pr_pageOpenTaskFollowPage"
      }
    },
    "widgets": {
      "literal": [
        {
          "uri": "tableFollowTask",
          "layoutInfo": {
            "width": "2",
            "height": "1"
          }
        },
        {
          "uri": "tableFollowTaskDetails",
          "layoutInfo": {
            "width": "2",
            "height": "1"
          }
        }
      ]
    }
  },
  "pages/getdbadmincred": {
    "aimms.widget.type": {
      "literal": "pagev2-grid-dialog"
    },
    "bindings": {
      "literal": [
        {
          "widgetUri": "scalarDBAdminCred",
          "gridArea": "area-a",
          "dndId": "Unassigned widgetsscalarDBAdminCred"
        }
      ]
    },
    "layoutId": {
      "literal": "Layout11"
    },
    "maxcolumns": {
      "literal": 4
    },
    "maxrows": {
      "literal": 2
    },
    "widgets": {
      "literal": [
        {
          "uri": "scalarDBAdminCred",
          "layoutInfo": {
            "width": "2",
            "height": "1"
          }
        }
      ]
    }
  },
  "pages/getuserapikey": {
    "bindings": {
      "literal": [
        {
          "widgetUri": "scalarGetUserAPIKey",
          "gridArea": "area-a",
          "dndId": "Unassigned widgetsscalarGetUserAPIKey"
        }
      ]
    },
    "maxcolumns": {
      "literal": 3
    },
    "maxrows": {
      "literal": 1
    },
    "widgets": {
      "literal": [
        {
          "uri": "scalarGetUserAPIKey",
          "layoutInfo": {
            "width": "2",
            "height": "1"
          }
        }
      ]
    },
    "aimms.widget.type": {
      "literal": "pagev2-grid-dialog"
    }
  },
  "pages/home": {
    "aimms.widget.type": {
      "literal": "pagev2-grid"
    },
    "bindings": {
      "literal": [
        {
          "widgetUri": "home_text_welcome",
          "gridArea": "area-a",
          "dndId": "area-ahome_text_welcome0"
        },
        {
          "widgetUri": "img_homeLogo",
          "gridArea": "area-d",
          "dndId": "Unassigned widgetsimg_homeLogo"
        }
      ]
    },
    "layoutId": {
      "literal": "Layout10"
    },
    "onload": {
      "aimms": {
        "run": "pr_uponLoadHomePage"
      }
    },
    "widgets": {
      "literal": [
        {
          "uri": "home_text_welcome",
          "layoutInfo": {
            "width": "2",
            "height": "1"
          }
        },
        {
          "uri": "img_homeLogo",
          "layoutInfo": {
            "width": "2",
            "height": "1"
          }
        }
      ]
    }
  },
  "pages/scratch": {
    "aimms.widget.type": {
      "literal": "pagev2-grid"
    },
    "bindings": {
      "literal": [
        {
          "widgetUri": "homeScalarDebugDirectSQL_1",
          "gridArea": "area-d",
          "dndId": "area-dhomeScalarDebugDirectSQL_10"
        },
        {
          "widgetUri": "home_scalar_db_cred_1",
          "gridArea": "area-b",
          "dndId": "area-bhome_scalar_db_cred_11"
        },
        {
          "widgetUri": "tableAccountInfo",
          "gridArea": "area-a",
          "dndId": "area-atableAccountInfo2"
        },
        {
          "widgetUri": "buttonMakeConnection_2",
          "gridArea": "area-c",
          "dndId": "area-cbuttonMakeConnection_23"
        },
        {
          "widgetUri": "buttonCreatePletDatabaseSchema_1",
          "gridArea": "area-c",
          "dndId": "area-cbuttonCreatePletDatabaseSchema_14"
        },
        {
          "widgetUri": "buttonCreatePletLogger_1",
          "gridArea": "area-c",
          "dndId": "area-cbuttonCreatePletLogger_15"
        },
        {
          "widgetUri": "buttonDiagnosticTask_1",
          "gridArea": "area-c",
          "dndId": "area-cbuttonDiagnosticTask_16"
        },
        {
          "widgetUri": "buttonGetAPIkeys",
          "gridArea": "area-c",
          "dndId": "Unassigned widgetsbuttonGetAPIkeys"
        }
      ]
    },
    "layoutId": {
      "literal": "Layout5"
    },
    "widgets": {
      "literal": [
        {
          "uri": "buttonMakeConnection_2",
          "layoutInfo": {
            "width": "2",
            "height": "1"
          }
        },
        {
          "uri": "buttonDiagnosticTask_1",
          "layoutInfo": {
            "width": "2",
            "height": "1"
          }
        },
        {
          "uri": "homeScalarDebugDirectSQL_1",
          "layoutInfo": {
            "width": "2",
            "height": "1"
          }
        },
        {
          "uri": "buttonCreatePletLogger_1",
          "layoutInfo": {
            "width": "2",
            "height": "1"
          }
        },
        {
          "uri": "home_scalar_db_cred_1",
          "layoutInfo": {
            "width": "2",
            "height": "1"
          }
        },
        {
          "uri": "buttonCreatePletDatabaseSchema_1",
          "layoutInfo": {
            "width": "2",
            "height": "1"
          }
        },
        {
          "uri": "tableAccountInfo",
          "layoutInfo": {
            "width": "2",
            "height": "1"
          }
        },
        {
          "uri": "buttonGetAPIkeys",
          "layoutInfo": {
            "width": "2",
            "height": "1"
          }
        }
      ]
    }
  },
  "pages/task_details": {
    "aimms.widget.type": {
      "literal": "pagev2-grid"
    },
    "bindings": {
      "literal": [
        {
          "widgetUri": "taskDetailsLoggingTable",
          "gridArea": "area-c",
          "dndId": "area-ctaskDetailsLoggingTable0"
        },
        {
          "widgetUri": "tableFollowTaskDetails_1",
          "gridArea": "area-a",
          "dndId": "area-atableFollowTaskDetails_11"
        },
        {
          "widgetUri": "tableErrorsEncountered",
          "gridArea": "area-b",
          "dndId": "area-btableErrorsEncountered2"
        },
        {
          "widgetUri": "tableStackPositionsSelectedError",
          "gridArea": "area-b",
          "dndId": "Unassigned widgetstableStackPositionsSelectedError"
        }
      ]
    },
    "layoutId": {
      "literal": "custom_ccfb6715-d2f7-41fa-8185-8a360703b497"
    },
    "onload": {
      "aimms": {
        "run": "pr_pageOpenTaskDetails"
      }
    },
    "secondarypageactions": {
      "aimms": {
        "contents": [
          "sp_secundaryActionsTaskDetails"
        ],
        "slices": [
          {
            "identifier": "sp_secundaryActionsTaskDetails",
            "slice": [
              {
                "index": "webui::indexPageExtension",
                "type": "free",
                "value": "webui::indexPageExtension"
              },
              {
                "index": "webui::indexPageActionSpec",
                "type": "free",
                "value": "webui::indexPageActionSpec"
              }
            ]
          }
        ]
      }
    },
    "widgets": {
      "literal": [
        {
          "uri": "taskDetailsLoggingTable",
          "layoutInfo": {
            "width": "2",
            "height": "1"
          }
        },
        {
          "uri": "tableFollowTaskDetails_1",
          "layoutInfo": {
            "width": "2",
            "height": "1"
          }
        },
        {
          "uri": "tableErrorsEncountered",
          "layoutInfo": {
            "width": "2",
            "height": "1"
          }
        },
        {
          "uri": "tableStackPositionsSelectedError",
          "layoutInfo": {
            "width": "2",
            "height": "1"
          }
        }
      ]
    }
  },
  "pages/task_overview": {
    "aimms.widget.type": {
      "literal": "pagev2-grid"
    },
    "bindings": {
      "literal": [
        {
          "widgetUri": "tableTaskOverview",
          "gridArea": "area-a",
          "dndId": "Unassigned widgetstableTaskOverview"
        }
      ]
    },
    "layoutId": {
      "literal": "Layout9"
    },
    "onload": {
      "aimms": {
        "run": "pr_pageOpenTaskOverview"
      }
    },
    "secondarypageactions": {
      "aimms": {
        "contents": [
          "sp_secundaryActionsTaskOverview"
        ],
        "slices": [
          {
            "identifier": "sp_secundaryActionsTaskOverview",
            "slice": [
              {
                "index": "webui::indexPageExtension",
                "type": "free",
                "value": "webui::indexPageExtension"
              },
              {
                "index": "webui::indexPageActionSpec",
                "type": "free",
                "value": "webui::indexPageActionSpec"
              }
            ]
          }
        ]
      }
    },
    "widgets": {
      "literal": [
        {
          "uri": "tableTaskOverview",
          "layoutInfo": {
            "width": "2",
            "height": "1"
          }
        }
      ]
    }
  },
  "widgets/buttonCreateDatabase": {
    "action": {
      "literal": {
        "type": "procedure",
        "value": "dp::pr_buttonCreateDatabase"
      }
    },
    "aimms.widget.type": {
      "literal": "button"
    },
    "name": {
      "literal": "buttonCreateDatabase"
    },
    "title": {
      "literal": "buttonCreateDatabase"
    }
  },
  "widgets/buttonCreatePletDatabaseSchema_1": {
    "action": {
      "literal": {
        "type": "procedure",
        "value": "pr_buttonCreatePletDatabaseSchema"
      }
    },
    "aimms.widget.type": {
      "literal": "button"
    },
    "name": {
      "literal": "buttonCreatePletDatabaseSchema (1)"
    },
    "title": {
      "literal": "Create PLET schema"
    }
  },
  "widgets/buttonCreatePletLogger_1": {
    "action": {
      "literal": {
        "type": "procedure",
        "value": "pr_buttonCreatePletUser"
      }
    },
    "aimms.widget.type": {
      "literal": "button"
    },
    "name": {
      "literal": "buttonCreatePletLogger (1)"
    },
    "title": {
      "literal": "buttonCreatePletLogger"
    }
  },
  "widgets/buttonDeleteDatabase": {
    "action": {
      "literal": {
        "type": "procedure",
        "value": "dp::pr_buttonDeleteDatabase"
      }
    },
    "aimms.widget.type": {
      "literal": "button"
    },
    "name": {
      "literal": "buttonDeleteDatabase"
    },
    "title": {
      "literal": "buttonDeleteDatabase"
    }
  },
  "widgets/buttonDiagnosticTask_1": {
    "action": {
      "literal": {
        "type": "procedure",
        "value": "pr_buttonDiagnosticTask"
      }
    },
    "aimms.widget.type": {
      "literal": "button"
    },
    "name": {
      "literal": "buttonDiagnosticTask (1)"
    },
    "title": {
      "literal": "buttonDiagnosticTask"
    }
  },
  "widgets/buttonExportDatabaseData": {
    "action": {
      "literal": {
        "type": "procedure",
        "value": "dp::pr_buttonCopyPletDatabaseDataToFile"
      }
    },
    "aimms.widget.type": {
      "literal": "button"
    },
    "name": {
      "literal": "buttonExportDatabaseData"
    },
    "title": {
      "literal": "buttonExportDatabaseData"
    }
  },
  "widgets/buttonGetAPIkeys": {
    "action": {
      "literal": {
        "type": "procedure",
        "value": "pr_buttonGetKeys"
      }
    },
    "aimms.widget.type": {
      "literal": "button"
    },
    "name": {
      "literal": "buttonGetAPIkeys"
    },
    "title": {
      "literal": "buttonGetAPIkeys"
    }
  },
  "widgets/buttonImportDatabaseData": {
    "action": {
      "literal": {
        "type": "procedure",
        "value": "dp::pr_buttonCopyPletFileToDatabase"
      }
    },
    "aimms.widget.type": {
      "literal": "button"
    },
    "name": {
      "literal": "buttonImportDatabaseData"
    },
    "title": {
      "literal": "buttonImportDatabaseData"
    }
  },
  "widgets/buttonMakeConnection_2": {
    "action": {
      "literal": {
        "type": "procedure",
        "value": "pr_makeDBAdminConnection"
      }
    },
    "aimms.widget.type": {
      "literal": "button"
    },
    "name": {
      "literal": "buttonMakeConnection (1) (1)"
    },
    "title": {
      "literal": "make ODBC Connection"
    }
  },
  "widgets/home_scalar_db_cred_1": {
    "aimms.widget.type": {
      "literal": "scalar"
    },
    "contents": {
      "aimms": {
        "contents": [
          "sp_db_admin",
          "sp_db_password",
          "sp_mySQLodbcDriverName",
          "sp_odbcDBAdminConnection",
          "bp_odbcDBAdminOK",
          "sp_odbcTestLogConnection",
          "bp_diagnosticVerifyFileOk",
          "bp_diagnosticObtainingTaskDetailsOk",
          "sp_cloud",
          "sp_apiKey"
        ]
      }
    },
    "name": {
      "literal": "home_scalar_db_cred (1)"
    },
    "views": {
      "literal": {}
    }
  },
  "widgets/home_text_welcome": {
    "aimms.widget.type": {
      "literal": "text"
    },
    "contents": {
      "literal": "<h1>Welcome!</h1><div><br></div><div><span style=\"color: rgb(0, 10, 34); font-size: 18px; background-color: rgb(249, 249, 249);\">You are in an AIMMS Example. Feel free to play around and create something more in this app!</span></div><div><br></div><div><span style=\"background-color: rgb(249, 249, 249); color: rgb(0, 10, 34); font-size: 18px;\">If you do, please fork this repository and commit your changes.&nbsp;</span><b style=\"background-color: rgb(249, 249, 249); color: rgb(0, 10, 34); font-size: 18px;\">This ensures our GitHub stays up-to-date for the entire community!</b></div><div><br></div><div><span style=\"background-color: inherit; color: rgb(0, 10, 34);\">In the Online&nbsp;</span><u style=\"background-color: inherit; color: var(--primaryDark);\"><a href=\"https://community.aimms.com/\" rel=\"noopener noreferrer\" target=\"_blank\">Community</a></u><span style=\"background-color: inherit; color: rgb(0, 10, 34);\">, talk to other developers and AIMMSians about the product, modeling, use cases, and more.</span></div><div><span style=\"background-color: inherit; color: rgb(0, 10, 34);\">In the&nbsp;</span><u style=\"background-color: inherit; color: var(--primaryDark);\"><a href=\"https://academy.aimms.com/\" rel=\"noopener noreferrer\" target=\"_blank\">Academy</a></u><span style=\"background-color: inherit; color: rgb(0, 10, 34);\">, learn new skills and challenge yourself. We are busy creating new courses, so keep an eye out!</span></div><div><br></div><div><span style=\"background-color: inherit; font-size: 18px; color: rgb(0, 10, 34);\">For questions that can't be posted on the community, contact us at&nbsp;</span><i style=\"background-color: rgb(255, 255, 204); font-size: 18px; color: rgb(0, 10, 34);\">support@aimms.com</i><span style=\"background-color: inherit; font-size: 18px; color: rgb(0, 10, 34);\">.</span></div><div><br></div><div><br></div><div><span style=\"font-size: 20px;\">This is pletR, the app to view the plet database.</span></div><div><span style=\"font-size: 20px;\">The plet database contains log information of tasks ran on this cloud.</span></div>"
    },
    "name": {
      "literal": "home_text_welcome"
    }
  },
  "widgets/homeScalarDebugDirectSQL_1": {
    "aimms.widget.type": {
      "literal": "scalar"
    },
    "contents": {
      "aimms": {
        "contents": [
          "plet::sp_pletODBCDatabaseConnection"
        ]
      }
    },
    "multi.line": {
      "literal": 1
    },
    "name": {
      "literal": "homeScalarDebugDirectSQL (1)"
    },
    "views": {
      "literal": {}
    }
  },
  "widgets/img_homeLogo": {
    "aimms.widget.type": {
      "literal": "image"
    },
    "contents": {
      "aimms": {
        "contents": [
          "sp_logo"
        ]
      }
    },
    "name": {
      "literal": "img_homeLogo"
    }
  },
  "widgets/scalarDBAdminCred": {
    "aimms.widget.type": {
      "literal": "scalar"
    },
    "contents": {
      "aimms": {
        "contents": [
          "sp_db_admin",
          "sp_db_password"
        ]
      }
    },
    "name": {
      "literal": "scalarDBAdminCred"
    },
    "views": {
      "literal": {}
    }
  },
  "widgets/scalarGetUserAPIKey": {
    "aimms.widget.type": {
      "literal": "scalar"
    },
    "contents": {
      "aimms": {
        "contents": [
          "sp_apiKey"
        ]
      }
    },
    "name": {
      "literal": "scalarGetUserAPIKey"
    },
    "views": {
      "literal": {}
    }
  },
  "widgets/scalarsDatabasePage": {
    "aimms.widget.type": {
      "literal": "scalar"
    },
    "contents": {
      "aimms": {
        "contents": [
          "bp_odbcDBAdminOK",
          "dp::bp_pletDatabasePresent",
          "dp::sp_pletCreatedAt",
          "dp::p_pletSchemaVersion",
          "bp_diagnosticVerifyFileOk",
          "sp_cloud",
          "bp_nonDefaultAPIKeyPresent"
        ]
      }
    },
    "contents.displaydomain": {
      "literal": {
        "bp_diagnosticverifyfileok": "bp_debug"
      }
    },
    "contents.numdecimals": {
      "literal": 0
    },
    "name": {
      "literal": "scalarsDatabasePage"
    },
    "views": {
      "literal": {}
    }
  },
  "widgets/tableAccountInfo": {
    "aimms.widget.type": {
      "literal": "table"
    },
    "contents.__display_order__": {
      "literal": [
        "contents.0"
      ]
    },
    "contents.0.identifier": {
      "literal": {
        "identifier": "sp_accountInfoValues",
        "slice": [
          {
            "index": "i_accountInfoKey",
            "type": "free",
            "value": "i_accountInfoKey"
          }
        ]
      }
    },
    "contents.partition": {
      "literal": {
        "rowHeader": [
          "i_accountInfoKey"
        ],
        "colHeader": [
          "<IDENTIFIER-SET>"
        ],
        "aggregated": []
      }
    },
    "custom.column.widths": {
      "literal": [
        {
          "type": "colHeader",
          "colKey": {
            "<IDENTIFIER-SET>": "sp_accountInfoValues"
          },
          "width": 67.35
        },
        {
          "type": "rowHeader",
          "colKey": "i_accountInfoKey",
          "width": 31.79
        }
      ]
    },
    "name": {
      "literal": "tableAccountInfo"
    },
    "title": {
      "literal": "pro::management::RetrieveAccountInfo"
    },
    "views": {
      "literal": {}
    }
  },
  "widgets/tableErrorsEncountered": {
    "aimms.widget.type": {
      "literal": "table"
    },
    "contents.__display_order__": {
      "literal": [
        "contents.0",
        "contents.1",
        "contents.2"
      ]
    },
    "contents.0.identifier": {
      "literal": {
        "identifier": "dti::p_errSev",
        "slice": [
          {
            "index": "dti::i_task",
            "type": "element-parameter",
            "value": "dti::ep_selectedTask"
          },
          {
            "index": "dti::i_errNo",
            "type": "free",
            "value": "dti::i_errNo"
          }
        ]
      }
    },
    "contents.0.numdecimals": {
      "literal": 0
    },
    "contents.0.readonly": {
      "literal": "Default"
    },
    "contents.1.identifier": {
      "literal": {
        "identifier": "dti::sp_errMom",
        "slice": [
          {
            "index": "dti::i_task",
            "type": "element-parameter",
            "value": "dti::ep_selectedTask"
          },
          {
            "index": "dti::i_errNo",
            "type": "free",
            "value": "dti::i_errNo"
          }
        ]
      }
    },
    "contents.1.readonly": {
      "literal": "Default"
    },
    "contents.2.identifier": {
      "literal": {
        "identifier": "dti::sp_errMsg",
        "slice": [
          {
            "index": "dti::i_task",
            "type": "element-parameter",
            "value": "dti::ep_selectedTask"
          },
          {
            "index": "dti::i_errNo",
            "type": "free",
            "value": "dti::i_errNo"
          }
        ]
      }
    },
    "contents.2.readonly": {
      "literal": "Default"
    },
    "contents.partition": {
      "literal": {
        "rowHeader": [
          "dti::i_errNo"
        ],
        "colHeader": [
          "<IDENTIFIER-SET>"
        ],
        "aggregated": []
      }
    },
    "custom.column.widths": {
      "literal": [
        {
          "type": "colHeader",
          "colKey": {
            "<IDENTIFIER-SET>": "dti::sp_errMom"
          },
          "width": 27.54
        },
        {
          "type": "colHeader",
          "colKey": {
            "<IDENTIFIER-SET>": "dti::p_errSev"
          },
          "width": 7.29
        },
        {
          "type": "rowHeader",
          "colKey": "dti::i_errNo",
          "width": 7.19
        },
        {
          "type": "colHeader",
          "colKey": {
            "<IDENTIFIER-SET>": "dti::sp_errMsg"
          },
          "width": 71.85
        }
      ]
    },
    "indices.__display_order__": {
      "literal": [
        "indices.0"
      ]
    },
    "indices.0.index": {
      "literal": "dti::i_errNo"
    },
    "indices.0.storefocus": {
      "literal": {
        "identifier": "dti::ep_selectedErrorNumber"
      }
    },
    "name": {
      "literal": "tableErrorsEncountered"
    },
    "title": {
      "aimms": {
        "contents": [
          "sp_titleErrorMessages"
        ],
        "slices": []
      }
    },
    "views": {
      "literal": {}
    }
  },
  "widgets/tableFollowTask": {
    "aimms.widget.type": {
      "literal": "table"
    },
    "contents.__display_order__": {
      "literal": [
        "contents.0",
        "contents.1",
        "contents.2"
      ]
    },
    "contents.0.displaydomain": {
      "literal": ""
    },
    "contents.0.identifier": {
      "literal": {
        "identifier": "dbtt::sp_msgLev",
        "slice": [
          {
            "index": "dti::i_followTask",
            "type": "element-parameter",
            "value": "dti::ep_selectedTask"
          },
          {
            "index": "dti::i_lineno",
            "type": "free",
            "value": "dti::i_lineno"
          }
        ]
      }
    },
    "contents.0.numdecimals": {
      "literal": 0
    },
    "contents.1.identifier": {
      "literal": {
        "identifier": "dbtt::sp_mom",
        "slice": [
          {
            "index": "dti::i_followTask",
            "type": "element-parameter",
            "value": "dti::ep_selectedTask"
          },
          {
            "index": "dti::i_lineno",
            "type": "free",
            "value": "dti::i_lineno"
          }
        ]
      }
    },
    "contents.1.readonly": {
      "literal": "True"
    },
    "contents.2.identifier": {
      "literal": {
        "identifier": "dbtt::sp_msg",
        "slice": [
          {
            "index": "dti::i_followTask",
            "type": "element-parameter",
            "value": "dti::ep_selectedTask"
          },
          {
            "index": "dti::i_lineno",
            "type": "free",
            "value": "dti::i_lineno"
          }
        ]
      }
    },
    "contents.2.readonly": {
      "literal": "True"
    },
    "contents.partition": {
      "literal": {
        "rowHeader": [
          "dti::i_lineno"
        ],
        "colHeader": [
          "<IDENTIFIER-SET>"
        ],
        "aggregated": []
      }
    },
    "custom.column.widths": {
      "literal": [
        {
          "type": "colHeader",
          "colKey": {
            "<IDENTIFIER-SET>": "dti::sp_msg"
          },
          "width": 40
        },
        {
          "type": "colHeader",
          "colKey": {
            "<IDENTIFIER-SET>": "dti::sp_mom"
          },
          "width": 37.64
        },
        {
          "type": "colHeader",
          "colKey": {
            "<IDENTIFIER-SET>": "dti::p_msgLev"
          },
          "width": 13.03
        },
        {
          "type": "colHeader",
          "colKey": {
            "<IDENTIFIER-SET>": "dbtt::sp_mom"
          },
          "width": 36.04
        },
        {
          "type": "colHeader",
          "colKey": {
            "<IDENTIFIER-SET>": "dbtt::sp_msg"
          },
          "width": 92.29
        },
        {
          "type": "rowHeader",
          "colKey": "dti::i_lineno",
          "width": 9.45
        },
        {
          "type": "colHeader",
          "colKey": {
            "<IDENTIFIER-SET>": "dbtt::p_msgLev"
          },
          "width": 7.53
        }
      ]
    },
    "name": {
      "literal": "tableFollowTask"
    },
    "title": {
      "aimms": {
        "contents": [
          "sp_titleFollowTable"
        ],
        "slices": []
      }
    },
    "views": {
      "literal": {}
    }
  },
  "widgets/tableFollowTaskDetails": {
    "aimms.widget.type": {
      "literal": "table"
    },
    "contents.__display_order__": {
      "literal": [
        "contents.0",
        "contents.1",
        "contents.2",
        "contents.3",
        "contents.4",
        "contents.5",
        "contents.6",
        "contents.7",
        "contents.8"
      ]
    },
    "contents.0.identifier": {
      "literal": {
        "identifier": "dti::sp_username",
        "slice": [
          {
            "index": "dti::i_task",
            "type": "element-parameter",
            "value": "dti::ep_selectedTask"
          }
        ]
      }
    },
    "contents.0.readonly": {
      "literal": "True"
    },
    "contents.1.identifier": {
      "literal": {
        "identifier": "dti::sp_envname",
        "slice": [
          {
            "index": "dti::i_task",
            "type": "element-parameter",
            "value": "dti::ep_selectedTask"
          }
        ]
      }
    },
    "contents.1.readonly": {
      "literal": "True"
    },
    "contents.2.identifier": {
      "literal": {
        "identifier": "dti::sp_app",
        "slice": [
          {
            "index": "dti::i_task",
            "type": "element-parameter",
            "value": "dti::ep_selectedTask"
          }
        ]
      }
    },
    "contents.2.readonly": {
      "literal": "True"
    },
    "contents.3.identifier": {
      "literal": {
        "identifier": "dti::sp_ver",
        "slice": [
          {
            "index": "dti::i_task",
            "type": "element-parameter",
            "value": "dti::ep_selectedTask"
          }
        ]
      }
    },
    "contents.3.readonly": {
      "literal": "True"
    },
    "contents.4.identifier": {
      "literal": {
        "identifier": "dti::sp_service",
        "slice": [
          {
            "index": "dti::i_task",
            "type": "element-parameter",
            "value": "dti::ep_selectedTask"
          }
        ]
      }
    },
    "contents.4.readonly": {
      "literal": "True"
    },
    "contents.5.identifier": {
      "literal": {
        "identifier": "dti::sp_starttime",
        "slice": [
          {
            "index": "dti::i_task",
            "type": "element-parameter",
            "value": "dti::ep_selectedTask"
          }
        ]
      }
    },
    "contents.5.readonly": {
      "literal": "True"
    },
    "contents.6.identifier": {
      "literal": {
        "identifier": "dti::sp_stoptime",
        "slice": [
          {
            "index": "dti::i_task",
            "type": "element-parameter",
            "value": "dti::ep_selectedTask"
          }
        ]
      }
    },
    "contents.6.readonly": {
      "literal": "True"
    },
    "contents.7.identifier": {
      "literal": {
        "identifier": "dti::p_taskLineno",
        "slice": [
          {
            "index": "dti::i_task",
            "type": "element-parameter",
            "value": "dti::ep_selectedTask"
          }
        ]
      }
    },
    "contents.7.numdecimals": {
      "literal": 0
    },
    "contents.7.readonly": {
      "literal": "True"
    },
    "contents.8.identifier": {
      "literal": {
        "identifier": "dti::sp_aimmsRestSession",
        "slice": [
          {
            "index": "dti::i_task",
            "type": "element-parameter",
            "value": "dti::ep_selectedTask"
          }
        ]
      }
    },
    "contents.8.readonly": {
      "literal": "True"
    },
    "custom.column.widths": {
      "literal": [
        {
          "type": "colHeader",
          "colKey": {},
          "width": 50.48
        },
        {
          "type": "rowHeader",
          "colKey": "<IDENTIFIER-SET>",
          "width": 11.57
        }
      ]
    },
    "header.visibility": {
      "literal": "HIDE_COLUMN_HEADER"
    },
    "name": {
      "literal": "tableFollowTaskDetails"
    },
    "title": {
      "aimms": {
        "contents": [
          "sp_titleDetailsFollowTaskTable"
        ],
        "slices": []
      }
    },
    "views": {
      "literal": {}
    }
  },
  "widgets/tableFollowTaskDetails_1": {
    "aimms.widget.type": {
      "literal": "table"
    },
    "contents.__display_order__": {
      "literal": [
        "contents.0",
        "contents.1",
        "contents.2",
        "contents.3",
        "contents.4",
        "contents.5",
        "contents.6",
        "contents.7",
        "contents.8"
      ]
    },
    "contents.0.identifier": {
      "literal": {
        "identifier": "dti::sp_username",
        "slice": [
          {
            "index": "dti::i_task",
            "type": "element-parameter",
            "value": "dti::ep_selectedTask"
          }
        ]
      }
    },
    "contents.0.readonly": {
      "literal": "True"
    },
    "contents.1.identifier": {
      "literal": {
        "identifier": "dti::sp_envname",
        "slice": [
          {
            "index": "dti::i_task",
            "type": "element-parameter",
            "value": "dti::ep_selectedTask"
          }
        ]
      }
    },
    "contents.1.readonly": {
      "literal": "True"
    },
    "contents.2.identifier": {
      "literal": {
        "identifier": "dti::sp_app",
        "slice": [
          {
            "index": "dti::i_task",
            "type": "element-parameter",
            "value": "dti::ep_selectedTask"
          }
        ]
      }
    },
    "contents.2.readonly": {
      "literal": "True"
    },
    "contents.3.identifier": {
      "literal": {
        "identifier": "dti::sp_ver",
        "slice": [
          {
            "index": "dti::i_task",
            "type": "element-parameter",
            "value": "dti::ep_selectedTask"
          }
        ]
      }
    },
    "contents.3.readonly": {
      "literal": "True"
    },
    "contents.4.identifier": {
      "literal": {
        "identifier": "dti::sp_service",
        "slice": [
          {
            "index": "dti::i_task",
            "type": "element-parameter",
            "value": "dti::ep_selectedTask"
          }
        ]
      }
    },
    "contents.4.readonly": {
      "literal": "True"
    },
    "contents.5.identifier": {
      "literal": {
        "identifier": "dti::sp_starttime",
        "slice": [
          {
            "index": "dti::i_task",
            "type": "element-parameter",
            "value": "dti::ep_selectedTask"
          }
        ]
      }
    },
    "contents.5.readonly": {
      "literal": "True"
    },
    "contents.6.identifier": {
      "literal": {
        "identifier": "dti::sp_stoptime",
        "slice": [
          {
            "index": "dti::i_task",
            "type": "element-parameter",
            "value": "dti::ep_selectedTask"
          }
        ]
      }
    },
    "contents.6.readonly": {
      "literal": "True"
    },
    "contents.7.identifier": {
      "literal": {
        "identifier": "dti::p_taskLineno",
        "slice": [
          {
            "index": "dti::i_task",
            "type": "element-parameter",
            "value": "dti::ep_selectedTask"
          }
        ]
      }
    },
    "contents.7.numdecimals": {
      "literal": 0
    },
    "contents.7.readonly": {
      "literal": "True"
    },
    "contents.8.identifier": {
      "literal": {
        "identifier": "dti::sp_aimmsRestSession",
        "slice": [
          {
            "index": "dti::i_task",
            "type": "element-parameter",
            "value": "dti::ep_selectedTask"
          }
        ]
      }
    },
    "contents.8.readonly": {
      "literal": "True"
    },
    "custom.column.widths": {
      "literal": [
        {
          "type": "rowHeader",
          "colKey": "<IDENTIFIER-SET>",
          "width": 9.55
        },
        {
          "type": "colHeader",
          "colKey": {},
          "width": 39.11
        }
      ]
    },
    "header.visibility": {
      "literal": "HIDE_COLUMN_HEADER"
    },
    "name": {
      "literal": "tableFollowTaskDetails (1)"
    },
    "title": {
      "aimms": {
        "contents": [
          "sp_titleDetailsTaskTable"
        ],
        "slices": []
      }
    },
    "views": {
      "literal": {}
    }
  },
  "widgets/tableMappings": {
    "aimms.widget.type": {
      "literal": "table"
    },
    "contents.__display_order__": {
      "literal": [
        "contents.0"
      ]
    },
    "contents.0.identifier": {
      "literal": {
        "identifier": "dex::Mappings",
        "slice": [
          {
            "index": "-",
            "type": "free",
            "value": "-"
          }
        ]
      }
    },
    "contents.partition": {
      "literal": {
        "rowHeader": [
          "dex::map"
        ],
        "colHeader": [
          "<IDENTIFIER-SET>"
        ],
        "aggregated": []
      }
    },
    "custom.column.widths": {
      "literal": [
        {
          "type": "colHeader",
          "colKey": {
            "<IDENTIFIER-SET>": "dex::Mappings"
          },
          "width": 20
        },
        {
          "type": "rowHeader",
          "colKey": "dex::map",
          "width": 56.62
        }
      ]
    },
    "name": {
      "literal": "tableMappings"
    },
    "title": {
      "literal": "Dex::Mappings"
    },
    "views": {
      "literal": {}
    }
  },
  "widgets/tableReadArguments": {
    "aimms.widget.type": {
      "literal": "table"
    },
    "contents.__display_order__": {
      "literal": [
        "contents.0"
      ]
    },
    "contents.0.identifier": {
      "literal": {
        "identifier": "pro::ReadArguments",
        "slice": [
          {
            "index": "pro::CL",
            "type": "free",
            "value": "pro::CL"
          }
        ]
      }
    },
    "contents.partition": {
      "literal": {
        "rowHeader": [
          "pro::CL"
        ],
        "colHeader": [
          "<IDENTIFIER-SET>"
        ],
        "aggregated": []
      }
    },
    "custom.column.widths": {
      "literal": [
        {
          "type": "rowHeader",
          "colKey": "pro::CL",
          "width": 23.92
        },
        {
          "type": "colHeader",
          "colKey": {
            "<IDENTIFIER-SET>": "pro::ReadArguments"
          },
          "width": 77.08
        }
      ]
    },
    "name": {
      "literal": "tableReadArguments"
    },
    "title": {
      "literal": "pro::ReadArguments"
    },
    "views": {
      "literal": {}
    }
  },
  "widgets/tableStackPositionsSelectedError": {
    "aimms.widget.type": {
      "literal": "table"
    },
    "contents.__display_order__": {
      "literal": [
        "contents.2",
        "contents.1",
        "contents.0"
      ]
    },
    "contents.0.identifier": {
      "literal": {
        "identifier": "dti::p_errStkLine",
        "slice": [
          {
            "index": "dti::i_task",
            "type": "element-parameter",
            "value": "dti::ep_selectedTask"
          },
          {
            "index": "dti::i_errNo",
            "type": "element-parameter",
            "value": "dti::ep_selectedErrorNumber"
          },
          {
            "index": "dti::i_errStkLev",
            "type": "free",
            "value": "dti::i_errStkLev"
          }
        ]
      }
    },
    "contents.0.numdecimals": {
      "literal": 0
    },
    "contents.0.readonly": {
      "literal": "Default"
    },
    "contents.1.identifier": {
      "literal": {
        "identifier": "dti::sp_errStkAttr",
        "slice": [
          {
            "index": "dti::i_task",
            "type": "element-parameter",
            "value": "dti::ep_selectedTask"
          },
          {
            "index": "dti::i_errNo",
            "type": "element-parameter",
            "value": "dti::ep_selectedErrorNumber"
          },
          {
            "index": "dti::i_errStkLev",
            "type": "free",
            "value": "dti::i_errStkLev"
          }
        ]
      }
    },
    "contents.1.readonly": {
      "literal": "Default"
    },
    "contents.2.identifier": {
      "literal": {
        "identifier": "dti::sp_errStkNode",
        "slice": [
          {
            "index": "dti::i_task",
            "type": "element-parameter",
            "value": "dti::ep_selectedTask"
          },
          {
            "index": "dti::i_errNo",
            "type": "element-parameter",
            "value": "dti::ep_selectedErrorNumber"
          },
          {
            "index": "dti::i_errStkLev",
            "type": "free",
            "value": "dti::i_errStkLev"
          }
        ]
      }
    },
    "contents.2.readonly": {
      "literal": "Default"
    },
    "contents.partition": {
      "literal": {
        "rowHeader": [
          "dti::i_errStkLev"
        ],
        "colHeader": [
          "<IDENTIFIER-SET>"
        ],
        "aggregated": []
      }
    },
    "custom.column.widths": {
      "literal": [
        {
          "type": "colHeader",
          "colKey": {
            "<IDENTIFIER-SET>": "dti::sp_errStkAttr"
          },
          "width": 11.87
        },
        {
          "type": "colHeader",
          "colKey": {
            "<IDENTIFIER-SET>": "dti::p_errStkLine"
          },
          "width": 6.87
        },
        {
          "type": "colHeader",
          "colKey": {
            "<IDENTIFIER-SET>": "dti::sp_errStkNode"
          },
          "width": 37.37
        },
        {
          "type": "rowHeader",
          "colKey": "dti::i_errStkLev",
          "width": 7.37
        }
      ]
    },
    "name": {
      "literal": "tableStackPositionsSelectedError"
    },
    "title": {
      "aimms": {
        "contents": [
          "sp_titleErrorStack"
        ],
        "slices": []
      }
    },
    "views": {
      "literal": {}
    }
  },
  "widgets/tableTaskOverview": {
    "aimms.widget.type": {
      "literal": "table"
    },
    "contents.__display_order__": {
      "literal": [
        "contents.1",
        "contents.2",
        "contents.3",
        "contents.0",
        "contents.4",
        "contents.5",
        "contents.6",
        "contents.7",
        "contents.8"
      ]
    },
    "contents.0.identifier": {
      "literal": {
        "identifier": "dti::sp_starttime",
        "slice": [
          {
            "index": "dti::i_task",
            "type": "subset",
            "value": "dti::i_orderedTask"
          }
        ]
      }
    },
    "contents.0.readonly": {
      "literal": "True"
    },
    "contents.1.identifier": {
      "literal": {
        "identifier": "dti::sp_app",
        "slice": [
          {
            "index": "dti::i_task",
            "type": "subset",
            "value": "dti::i_orderedTask"
          }
        ]
      }
    },
    "contents.1.readonly": {
      "literal": "True"
    },
    "contents.2.identifier": {
      "literal": {
        "identifier": "dti::sp_ver",
        "slice": [
          {
            "index": "dti::i_task",
            "type": "subset",
            "value": "dti::i_orderedTask"
          }
        ]
      }
    },
    "contents.2.readonly": {
      "literal": "True"
    },
    "contents.3.identifier": {
      "literal": {
        "identifier": "dti::sp_service",
        "slice": [
          {
            "index": "dti::i_task",
            "type": "subset",
            "value": "dti::i_orderedTask"
          }
        ]
      }
    },
    "contents.3.readonly": {
      "literal": "True"
    },
    "contents.4.identifier": {
      "literal": {
        "identifier": "dti::sp_stoptime",
        "slice": [
          {
            "index": "dti::i_task",
            "type": "subset",
            "value": "dti::i_orderedTask"
          }
        ]
      }
    },
    "contents.4.readonly": {
      "literal": "True"
    },
    "contents.5.identifier": {
      "literal": {
        "identifier": "dti::sp_username",
        "slice": [
          {
            "index": "dti::i_task",
            "type": "subset",
            "value": "dti::i_orderedTask"
          }
        ]
      }
    },
    "contents.5.readonly": {
      "literal": "True"
    },
    "contents.6.identifier": {
      "literal": {
        "identifier": "dti::sp_envname",
        "slice": [
          {
            "index": "dti::i_task",
            "type": "subset",
            "value": "dti::i_orderedTask"
          }
        ]
      }
    },
    "contents.6.readonly": {
      "literal": "True"
    },
    "contents.7.identifier": {
      "literal": {
        "identifier": "dti::sp_aimmsRestSession",
        "slice": [
          {
            "index": "dti::i_task",
            "type": "subset",
            "value": "dti::i_orderedTask"
          }
        ]
      }
    },
    "contents.7.readonly": {
      "literal": "True"
    },
    "contents.8.identifier": {
      "literal": {
        "identifier": "dti::p_taskLineno",
        "slice": [
          {
            "index": "dti::i_task",
            "type": "subset",
            "value": "dti::i_orderedTask"
          }
        ]
      }
    },
    "contents.8.numdecimals": {
      "literal": 0
    },
    "contents.8.readonly": {
      "literal": "True"
    },
    "contents.partition": {
      "literal": {
        "rowHeader": [
          "dti::i_orderedTask"
        ],
        "colHeader": [
          "<IDENTIFIER-SET>"
        ],
        "aggregated": []
      }
    },
    "contents.sorting": {
      "literal": [
        {
          "partIndex": 0,
          "index": "dti::i_orderedTask",
          "mode": "setorder"
        }
      ]
    },
    "custom.column.widths": {
      "literal": [
        {
          "type": "colHeader",
          "colKey": {
            "<IDENTIFIER-SET>": "dti::sp_ver"
          },
          "width": 12.08
        },
        {
          "type": "colHeader",
          "colKey": {
            "<IDENTIFIER-SET>": "dti::sp_starttime"
          },
          "width": 34.34
        },
        {
          "type": "colHeader",
          "colKey": {
            "<IDENTIFIER-SET>": "dti::sp_stoptime"
          },
          "width": 27.7
        },
        {
          "type": "colHeader",
          "colKey": {
            "<IDENTIFIER-SET>": "dti::sp_service"
          },
          "width": 22.87
        },
        {
          "type": "colHeader",
          "colKey": {
            "<IDENTIFIER-SET>": "dti::sp_app"
          },
          "width": 15.41
        },
        {
          "type": "rowHeader",
          "colKey": "dti::i_orderedTask",
          "width": 49.8
        }
      ]
    },
    "indices.__display_order__": {
      "literal": [
        "indices.0"
      ]
    },
    "indices.0.index": {
      "literal": "dti::i_orderedTask"
    },
    "indices.0.storefocus": {
      "literal": {
        "identifier": "dti::ep_selectedTask"
      }
    },
    "name": {
      "literal": "tableTaskOverview"
    },
    "title": {
      "literal": "Logged task overview"
    },
    "views": {
      "literal": {}
    },
    "views.__display_order__": {
      "literal": [
        "views.0"
      ]
    },
    "views.0.type": {
      "literal": "view"
    }
  },
  "widgets/taskDetailsLoggingTable": {
    "aimms.widget.type": {
      "literal": "table"
    },
    "contents.__display_order__": {
      "literal": [
        "contents.0",
        "contents.1",
        "contents.2"
      ]
    },
    "contents.0.identifier": {
      "literal": {
        "identifier": "dti::sp_msgLev",
        "slice": [
          {
            "index": "dti::i_task",
            "type": "element-parameter",
            "value": "dti::ep_selectedTask"
          },
          {
            "index": "dti::i_lineno",
            "type": "free",
            "value": "dti::i_lineno"
          }
        ]
      }
    },
    "contents.0.readonly": {
      "literal": "True"
    },
    "contents.1.identifier": {
      "literal": {
        "identifier": "dti::sp_mom",
        "slice": [
          {
            "index": "dti::i_task",
            "type": "element-parameter",
            "value": "dti::ep_selectedTask"
          },
          {
            "index": "dti::i_lineno",
            "type": "free",
            "value": "dti::i_lineno"
          }
        ]
      }
    },
    "contents.1.readonly": {
      "literal": "True"
    },
    "contents.2.identifier": {
      "literal": {
        "identifier": "dti::sp_msg",
        "slice": [
          {
            "index": "dti::i_task",
            "type": "element-parameter",
            "value": "dti::ep_selectedTask"
          },
          {
            "index": "dti::i_lineno",
            "type": "free",
            "value": "dti::i_lineno"
          }
        ]
      }
    },
    "contents.2.readonly": {
      "literal": "True"
    },
    "contents.partition": {
      "literal": {
        "rowHeader": [
          "dti::i_task",
          "dti::i_lineno"
        ],
        "colHeader": [
          "<IDENTIFIER-SET>"
        ],
        "aggregated": []
      }
    },
    "custom.column.widths": {
      "literal": [
        {
          "type": "colHeader",
          "colKey": {
            "<IDENTIFIER-SET>": "dti::sp_message"
          },
          "width": 112.5
        },
        {
          "type": "colHeader",
          "colKey": {
            "<IDENTIFIER-SET>": "dti::sp_moment"
          },
          "width": 36.08
        },
        {
          "type": "rowHeader",
          "colKey": "dti::i_task",
          "width": 47.4
        },
        {
          "type": "colHeader",
          "colKey": {
            "<IDENTIFIER-SET>": "dti::p_messageLevel"
          },
          "width": 29.67
        },
        {
          "type": "colHeader",
          "colKey": {
            "<IDENTIFIER-SET>": "dbtt::sp_mom",
            "dti::i_followTask": "a70808dd-1eee-43d8-8ec5-a1d9fef6c9da"
          },
          "width": 19.79
        },
        {
          "type": "colHeader",
          "colKey": {
            "<IDENTIFIER-SET>": "dbtt::sp_msg",
            "dti::i_followTask": "a70808dd-1eee-43d8-8ec5-a1d9fef6c9da"
          },
          "width": 40.95
        },
        {
          "type": "colHeader",
          "colKey": {
            "<IDENTIFIER-SET>": "dti::sp_msgLev"
          },
          "width": 11.15
        },
        {
          "type": "rowHeader",
          "colKey": "dti::i_lineno",
          "width": 8.87
        },
        {
          "type": "colHeader",
          "colKey": {
            "<IDENTIFIER-SET>": "dti::sp_mom"
          },
          "width": 35.45
        },
        {
          "type": "colHeader",
          "colKey": {
            "<IDENTIFIER-SET>": "dti::sp_msg"
          },
          "width": 172.26
        }
      ]
    },
    "name": {
      "literal": "taskDetailsLoggingTable"
    },
    "title": {
      "literal": "Task logging"
    },
    "views": {
      "literal": {}
    }
  }
}