<?xml version="1.0"?>
<Page Version="4000" TimeStamp="2015-10-27 19:35:11">
	<Location top="23" left="4" bottom="644" right="768" />
	<PageEditSize Type="Inherited">
		<Size Width="772" Height="622" />
	</PageEditSize>
	<ProjectUUID>911E8D88-0FB5-447F-ABC8-1053330CF8F7</ProjectUUID>
	<TemplatesTabOrderPosition>2</TemplatesTabOrderPosition>
	<ResizeData>
		<MainArea Line="FixedFromTop" Value="99">
			<TopArea Line="FixedFromLeft" Value="200" />
			<BottomArea Line="FixedFromLeft" Value="201">
				<LeftArea Line="FixedFromTop" Value="204">
					<BottomArea Line="FixedFromLeft" Value="192" />
				</LeftArea>
				<RightArea Line="FixedFromTop" Value="85">
					<BottomArea Line="FixedFromTop" Value="370" />
				</RightArea>
			</BottomArea>
		</MainArea>
	</ResizeData>
	<Background>
		<UserColor GUID="64A69181-F0F6-4D9E-801E-0CF03514D6BE">white</UserColor>
	</Background>
	<PageObject Type="Gantt Chart">
		<Location top="492" left="204" bottom="528" right="762" />
		<TabOrder>5</TabOrder>
		<TabStop>false</TabStop>
		<Font GUID="03C8F639-CD1F-4C7B-AFB9-E6C8F186C198" Name="default" />
		<Border Style="None" Width="2" MarginTop="5" MarginRight="5" MarginBottom="5" MarginLeft="5" />
		<BackgroundColor>
			<UserColor GUID="64A69181-F0F6-4D9E-801E-0CF03514D6BE">white</UserColor>
		</BackgroundColor>
		<TextColor>
			<UserColor GUID="64A69181-F0F6-4D9E-801E-0CF03514D6BE">white</UserColor>
		</TextColor>
		<ColorScheme Number="0" />
		<TimeRange>
			<Upper Value="26" />
			<GridPoints>26</GridPoints>
		</TimeRange>
		<TaskGroup>
			<Domain>th</Domain>
			<Start>StartPeriod( th )</Start>
			<Duration>PeriodLength( th )</Duration>
			<Color>ColorPeriod( th )</Color>
		</TaskGroup>
	</PageObject>
	<PageObject Type="Button">
		<Location top="450" left="210" bottom="480" right="426" />
		<TabOrder>4</TabOrder>
		<LeaveOnEnter>false</LeaveOnEnter>
		<ButtonType>Text</ButtonType>
		<Title>"Illustrate Rolling Horizon"</Title>
		<Font GUID="0BDEF216-23B3-4F0F-B5D6-83C5A7303CF9" Name="Buttons" />
		<ActionSequence>
			<Action Type="Run">
				<RunWhat>SpecificProcecure</RunWhat>
				<Procedure>IllustrateRollingHorizon</Procedure>
				<AbortOnError>true</AbortOnError>
			</Action>
		</ActionSequence>
	</PageObject>
	<PageObject Type="Text">
		<Location top="192" left="210" bottom="360" right="762" />
		<StaticText>On this page you can see the principle of rolling horizon. Click on the 'Illustrate Rolling Horizon' button to see the rolling horizon process.

When using rolling horizon, the model is solved for the planning interval (GREEN). After the solve, the horizon is rolled forward and a new planning interval is solved. The  periods before the planning interval are the past (RED) and the variables are fixed for these periods. The periods after the planning interval are the beyond (BLUE). For these periods there is not yet a solution.

Below, you can specify the initial number of periods in the planning interval. When (through rolling) the planning interval reaches the end of the horizon, the number of periods in the planning interval can become smaller. You can also specify the stepsize of the rolling horizon process. The stepsize determines how many periods roll to the past and become fixed.</StaticText>
		<Font GUID="C82FBF27-1614-41C9-B718-A431388D2B5A" Name="General Text" />
		<TextColor>
			<UserColor GUID="23F33851-505F-45B5-AA1F-5360CB8B3EFB">Text Blue</UserColor>
		</TextColor>
	</PageObject>
	<PageObject Type="Text">
		<Location top="366" left="210" bottom="396" right="372" />
		<StaticText>Initial number of periods in the planning interval:</StaticText>
		<Font GUID="C82FBF27-1614-41C9-B718-A431388D2B5A" Name="General Text" />
		<TextColor>
			<UserColor GUID="23F33851-505F-45B5-AA1F-5360CB8B3EFB">Text Blue</UserColor>
		</TextColor>
	</PageObject>
	<PageObject Type="Text">
		<Location top="414" left="210" bottom="444" right="276" />
		<StaticText>Step size:</StaticText>
		<Font GUID="C82FBF27-1614-41C9-B718-A431388D2B5A" Name="General Text" />
		<TextColor>
			<UserColor GUID="23F33851-505F-45B5-AA1F-5360CB8B3EFB">Text Blue</UserColor>
		</TextColor>
	</PageObject>
	<PageObject Type="Scalar">
		<Location top="366" left="384" bottom="396" right="426" />
		<TabOrder>1</TabOrder>
		<Font GUID="428A93A5-26E1-4F42-8B0F-227299B289C7" Name="Table Text" />
		<Border Style="InShadow" Width="2" MarginTop="5" MarginRight="5" MarginBottom="5" MarginLeft="5" />
		<BackgroundColor RGB="#ffffff" />
		<TextColor>
			<UserColor GUID="04959515-D061-4A73-88CD-51B94616B7E3">default selection</UserColor>
		</TextColor>
		<Layout>Value</Layout>
		<SeparatorSign>=</SeparatorSign>
		<ExplicitIdentifier>
			<Identifier>InitialNumberOfPeriodsInPlanningInterval</Identifier>
			<NumberFormat Width="4" Decimals="0" Scientific="IfTooSmallorLarge" Alignment="Center" ShowDefaults="true" />
		</ExplicitIdentifier>
	</PageObject>
	<PageObject Type="Scalar">
		<Location top="408" left="384" bottom="438" right="426" />
		<TabOrder>3</TabOrder>
		<Font GUID="428A93A5-26E1-4F42-8B0F-227299B289C7" Name="Table Text" />
		<Border Style="InShadow" Width="2" MarginTop="5" MarginRight="5" MarginBottom="5" MarginLeft="5" />
		<BackgroundColor RGB="#ffffff" />
		<TextColor>
			<UserColor GUID="04959515-D061-4A73-88CD-51B94616B7E3">default selection</UserColor>
		</TextColor>
		<Layout>Value</Layout>
		<SeparatorSign>=</SeparatorSign>
		<ExplicitIdentifier>
			<Identifier>StepSize</Identifier>
			<NumberFormat Width="4" Decimals="0" Scientific="IfTooSmallorLarge" Alignment="Center" ShowDefaults="true" />
		</ExplicitIdentifier>
	</PageObject>
	<PageObject Type="Text">
		<Location top="528" left="210" bottom="546" right="252" />
		<StaticText>Past</StaticText>
		<Font GUID="107CF1DD-5B8E-41FC-BD55-10C950947E3C" Name="Headers" />
		<TextColor>
			<UserColor GUID="1073A0D0-375C-4177-B05D-EA7A4E4311CB">red</UserColor>
		</TextColor>
	</PageObject>
	<PageObject Type="Text">
		<Location top="528" left="252" bottom="546" right="324" />
		<StaticText>Planning</StaticText>
		<Font GUID="107CF1DD-5B8E-41FC-BD55-10C950947E3C" Name="Headers" />
		<TextColor>
			<UserColor GUID="D60BE870-B713-415A-AD01-788575FC9A0E">green</UserColor>
		</TextColor>
	</PageObject>
	<PageObject Type="Text">
		<Location top="528" left="324" bottom="546" right="396" />
		<StaticText>Beyond</StaticText>
		<Font GUID="107CF1DD-5B8E-41FC-BD55-10C950947E3C" Name="Headers" />
		<TextColor>
			<UserColor GUID="E9EC71DD-6717-41A9-B870-D75FC4F90AEF">blue</UserColor>
		</TextColor>
	</PageObject>
	<PageObject Type="Navigation Object">
		<Location top="180" left="12" bottom="247" right="198" />
		<TabOrder>6</TabOrder>
		<UseTabInObject>true</UseTabInObject>
		<LeaveOnEnter>false</LeaveOnEnter>
		<Font GUID="C82FBF27-1614-41C9-B718-A431388D2B5A" Name="General Text" />
		<Border Style="None" Width="2" MarginTop="5" MarginRight="5" MarginBottom="5" MarginLeft="5" />
		<Display>Text</Display>
		<Spacing>6</Spacing>
		<BackgroundColor Transparent="true" />
		<TextColor>
			<UserColor GUID="1798981A-C40D-4713-BC08-E97545963465">Link</UserColor>
		</TextColor>
		<InputColor RGB="#009b00" />
		<NavigationData>
			<ReferencePage>NthParent</ReferencePage>
			<NthParentNumber>1</NthParentNumber>
			<NumberOfGenerations>1</NumberOfGenerations>
			<ActionSequence>
				<Action Type="GotoNavigationPage" />
			</ActionSequence>
		</NavigationData>
	</PageObject>
	<UsedReferences>
		<Model>
			<Symbol>PeriodLength</Symbol>
			<Symbol>StepSize</Symbol>
			<Symbol>StartPeriod</Symbol>
			<Symbol>ColorPeriod</Symbol>
			<Symbol>InitialNumberOfPeriodsInPlanningInterval</Symbol>
			<Symbol>IllustrateRollingHorizon</Symbol>
			<Symbol>th</Symbol>
		</Model>
	</UsedReferences>
</Page>
