<?xml version="1.0"?>
<Page Version="4000" TimeStamp="2014-10-02 11:08:38">
	<Location top="23" left="4" bottom="644" right="768" />
	<PageEditSize Type="Inherited">
		<Size Width="772" Height="622" />
	</PageEditSize>
	<ProjectUUID>1BB5D4C5-F165-4C1A-A79C-2A169B13090F</ProjectUUID>
	<TemplatesTabOrderPosition>2</TemplatesTabOrderPosition>
	<ResizeData>
		<MainArea Line="FixedFromTop" Value="99">
			<TopArea Line="FixedFromLeft" Value="200" />
			<BottomArea Line="FixedFromLeft" Value="201">
				<LeftArea Line="FixedFromTop" Value="204">
					<BottomArea Line="FixedFromTop" Value="292" />
				</LeftArea>
				<RightArea Line="FixedFromTop" Value="85" />
			</BottomArea>
		</MainArea>
	</ResizeData>
	<Background Inherited="true" />
	<PageObject Type="Network Object">
		<Location top="186" left="210" bottom="618" right="762" />
		<TabOrder>3</TabOrder>
		<Font GUID="00000000-0000-0000-0000-000000000001" Name="Main Font" />
		<Border Style="InShadow" Width="2" MarginTop="5" MarginRight="5" MarginBottom="5" MarginLeft="5" />
		<BackgroundColor RGB="#ffffff" />
		<TextColor>
			<Symbol>reindeerNameColor</Symbol>
		</TextColor>
		<ScrollControl>NoScrolling</ScrollControl>
		<AutoAdjust>Right</AutoAdjust>
		<VisibleArea>
			<Right>128.708133971</Right>
			<Top>100</Top>
		</VisibleArea>
		<Background>
			<Background_Image_Source ID="101">"From File"</Background_Image_Source>
			<Image_File_Name ID="200" LiteralFileName="true">"&lt;prj&gt;:bitmaps\Up-Up-and-Away.jpg"</Image_File_Name>
			<Left ID="210">0</Left>
			<Right ID="211">100</Right>
			<Top ID="212">100</Top>
			<Bottom ID="213">0</Bottom>
		</Background>
		<Node>
			<Identifier>rd</Identifier>
			<XCoordinate>leftPosX( rd )</XCoordinate>
			<YCoordinate>leftPosY( rd )</YCoordinate>
			<NumberFormat Width="6" Decimals="2" />
			<MaximumSize>8</MaximumSize>
			<TextPosition>Left</TextPosition>
			<TextShowWhat>OtherIdentifier</TextShowWhat>
			<Size>5</Size>
			<Text>LeftName( rd )</Text>
			<Shape>Circle</Shape>
		</Node>
		<Node>
			<Identifier>rd</Identifier>
			<XCoordinate>rghtPosX( rd )</XCoordinate>
			<YCoordinate>rightPosY( rd )</YCoordinate>
			<NumberFormat Width="6" Decimals="2" />
			<MaximumSize>8</MaximumSize>
			<TextPosition>Right</TextPosition>
			<TextShowWhat>OtherIdentifier</TextShowWhat>
			<Size>5</Size>
			<Text>RightName( rd )</Text>
			<Shape>Circle</Shape>
		</Node>
		<Node>
			<Identifier>ldrs</Identifier>
			<XCoordinate>leaderPosX( ldrs )</XCoordinate>
			<YCoordinate>leaderPoxY( ldrs )</YCoordinate>
			<NumberFormat Width="6" Decimals="2" />
			<MaximumSize>8</MaximumSize>
			<TextPosition>Right</TextPosition>
			<TextShowWhat>OtherIdentifier</TextShowWhat>
			<Size>5</Size>
			<Text>LeadingReindeer( ldrs )</Text>
			<Shape>Circle</Shape>
		</Node>
		<Node>
			<Identifier>crh</Identifier>
			<XCoordinate>crhPosX( crh )</XCoordinate>
			<YCoordinate>crhPoxY( crh )</YCoordinate>
			<NumberFormat Width="6" Decimals="2" />
			<MaximumSize>8</MaximumSize>
			<TextPosition>Left</TextPosition>
			<TextShowWhat>OtherIdentifier</TextShowWhat>
			<Size>0</Size>
			<Text>copyRightHoldersName( crh )</Text>
			<Shape>Circle</Shape>
		</Node>
	</PageObject>
	<PageObject Type="Selection Object">
		<SelectionType>RadioButtons</SelectionType>
		<Location top="366" left="12" bottom="402" right="192" />
		<TabOrder>5</TabOrder>
		<Font GUID="00000000-0000-0000-0000-000000000001" Name="Main Font" />
		<TextShown>ElementName</TextShown>
		<Border Style="InShadow" Width="2" MarginTop="5" MarginRight="5" MarginBottom="5" MarginLeft="5" />
		<BackgroundColor RGB="#ffffff" />
		<ProcedureUponChange>AssignNames</ProcedureUponChange>
		<ExplicitIdentifier>
			<Identifier>viewedPerspective</Identifier>
		</ExplicitIdentifier>
	</PageObject>
	<PageObject Type="Selection Object">
		<SelectionType>RadioButtons</SelectionType>
		<Location top="444" left="12" bottom="480" right="192" />
		<TabOrder>4</TabOrder>
		<Font GUID="00000000-0000-0000-0000-000000000001" Name="Main Font" />
		<TextShown>ElementName</TextShown>
		<Border Style="InShadow" Width="2" MarginTop="5" MarginRight="5" MarginBottom="5" MarginLeft="5" />
		<BackgroundColor RGB="#ffffff" />
		<ProcedureUponChange>AssignNames</ProcedureUponChange>
		<ExplicitIdentifier>
			<Identifier>viewedSolution</Identifier>
		</ExplicitIdentifier>
	</PageObject>
	<PageObject Type="Text">
		<Location top="342" left="12" bottom="366" right="198" />
		<StaticText>Viewed perspective</StaticText>
		<Font GUID="3D4F8FDE-28E6-4338-998E-C89108819645" Name="Legend" />
		<TextColor RGB="#000000" />
	</PageObject>
	<PageObject Type="Text">
		<Location top="420" left="12" bottom="444" right="198" />
		<StaticText>Viewed solution</StaticText>
		<Font GUID="3D4F8FDE-28E6-4338-998E-C89108819645" Name="Legend" />
		<TextColor RGB="#000000" />
	</PageObject>
	<PageObject Type="Selection Object">
		<SelectionType>RadioButtons</SelectionType>
		<Location top="522" left="12" bottom="612" right="192" />
		<TabOrder>6</TabOrder>
		<Font GUID="00000000-0000-0000-0000-000000000001" Name="Main Font" />
		<TextShown>ElementName</TextShown>
		<Border Style="InShadow" Width="2" MarginTop="5" MarginRight="5" MarginBottom="5" MarginLeft="5" />
		<BackgroundColor RGB="#ffffff" />
		<ExplicitIdentifier>
			<Identifier>reindeerNameColor</Identifier>
		</ExplicitIdentifier>
	</PageObject>
	<PageObject Type="Text">
		<Location top="498" left="12" bottom="522" right="198" />
		<StaticText>Color of reindeer names</StaticText>
		<Font GUID="3D4F8FDE-28E6-4338-998E-C89108819645" Name="Legend" />
		<TextColor RGB="#000000" />
	</PageObject>
	<PageObject Type="Text">
		<Location top="192" left="18" bottom="210" right="195" />
		<StaticText>Problem Description</StaticText>
		<Font GUID="C82FBF27-1614-41C9-B718-A431388D2B5A" Name="General Text" />
		<TextColor>
			<UserColor GUID="1798981A-C40D-4713-BC08-E97545963465">Link</UserColor>
		</TextColor>
	</PageObject>
	<PageObject Type="Button">
		<Location top="186" left="6" bottom="210" right="192" />
		<TabOrder>1</TabOrder>
		<ButtonType>Text</ButtonType>
		<Transparent>true</Transparent>
		<Font GUID="0BDEF216-23B3-4F0F-B5D6-83C5A7303CF9" Name="Buttons" />
		<ActionSequence>
			<Action Type="ClosePage" />
			<Action Type="LinkedPage">
				<Page PageGUID="3F499100-EF31-4478-894D-60D871EEF70D" Name="AIMMS Demo" />
			</Action>
		</ActionSequence>
	</PageObject>
	<PageObject Type="Button">
		<Location top="306" left="6" bottom="330" right="192" />
		<TabOrder>7</TabOrder>
		<LeaveOnEnter>false</LeaveOnEnter>
		<ButtonType>Text</ButtonType>
		<Title>"Solve Model"</Title>
		<Font GUID="00000000-0000-0000-0000-000000000001" Name="Main Font" />
		<ActionSequence>
			<Action Type="Run">
				<RunWhat>SpecificProcecure</RunWhat>
				<Procedure>MainExecution</Procedure>
				<AbortOnError>true</AbortOnError>
			</Action>
		</ActionSequence>
	</PageObject>
	<UsedReferences>
		<Model>
			<Symbol>AllColors</Symbol>
			<Symbol>solutionSet</Symbol>
			<Symbol>LeftName</Symbol>
			<Symbol>RightName</Symbol>
			<Symbol>LeadingReindeer</Symbol>
			<Symbol>leftPosX</Symbol>
			<Symbol>leftPosY</Symbol>
			<Symbol>rghtPosX</Symbol>
			<Symbol>rightPosY</Symbol>
			<Symbol>leaderPosX</Symbol>
			<Symbol>leaderPoxY</Symbol>
			<Symbol>copyRightHoldersName</Symbol>
			<Symbol>crhPosX</Symbol>
			<Symbol>crhPoxY</Symbol>
			<Symbol>Perspectives</Symbol>
			<Symbol>viewedSolution</Symbol>
			<Symbol>reindeerNameColor</Symbol>
			<Symbol>AssignNames</Symbol>
			<Symbol>MainExecution</Symbol>
			<Symbol>rd</Symbol>
			<Symbol>ldrs</Symbol>
			<Symbol>crh</Symbol>
			<Symbol>viewedPerspective</Symbol>
		</Model>
	</UsedReferences>
</Page>
