{
  "version": "4.67.0",
  "application": {
    "aimms.widget.type": {
      "literal": "application"
    },
    "pages": {
      "literal": {
        "name": "root",
        "slug": "root",
        "children": [
          {
            "name": "Main Project",
            "slug": "main_project",
            "children": [
              {
                "name": "home",
                "slug": "home",
                "type": "pagev2-grid",
                "children": [
                  {
                    "name": "Component based data",
                    "type": "pagev2-grid",
                    "slug": "component_based_data",
                    "children": []
                  },
                  {
                    "name": "Reference based data",
                    "type": "pagev2-grid",
                    "slug": "reference_based_data",
                    "children": []
                  }
                ]
              }
            ]
          }
        ]
      }
    },
    "theme.classic": {
      "literal": "NOT_ALLOWED"
    }
  },
  "pages/component_based_data": {
    "aimms.widget.type": {
      "literal": "pagev2-grid"
    },
    "bindings": {
      "literal": [
        {
          "widgetUri": "flow cost",
          "gridArea": "area-b",
          "dndId": "Unassigned widgetsflow cost1"
        },
        {
          "widgetUri": "valid arcs",
          "gridArea": "area-a",
          "dndId": "area-avalid arcs0"
        }
      ]
    },
    "widgets": {
      "literal": [
        {
          "uri": "valid arcs",
          "layoutInfo": {}
        },
        {
          "uri": "flow cost",
          "layoutInfo": {}
        }
      ]
    }
  },
  "pages/home": {
    "aimms.widget.type": {
      "literal": "pagev2-grid"
    },
    "bindings": {
      "literal": [
        {
          "widgetUri": "valid arcs",
          "gridArea": "area-a",
          "dndId": "Unassigned widgetsvalid arcs0"
        }
      ]
    },
    "layoutId": {
      "literal": "Layout1"
    },
    "widgets": {
      "literal": []
    }
  },
  "pages/reference_based_data": {
    "aimms.widget.type": {
      "literal": "pagev2-grid"
    },
    "bindings": {
      "literal": [
        {
          "widgetUri": "Arc data",
          "gridArea": "area-b",
          "dndId": "Unassigned widgetsArc data2"
        },
        {
          "widgetUri": "Arcs Set in Table",
          "gridArea": "area-a",
          "dndId": "area-aArcs Set in Table0"
        },
        {
          "widgetUri": "Allowed Arcs",
          "gridArea": "Unassigned widgets",
          "dndId": "Unassigned widgetsAllowed Arcs1"
        }
      ]
    },
    "widgets": {
      "literal": [
        {
          "uri": "Allowed Arcs",
          "layoutInfo": {}
        },
        {
          "uri": "Arcs Set in Table",
          "layoutInfo": {}
        },
        {
          "uri": "Arc data",
          "layoutInfo": {}
        }
      ]
    }
  },
  "widgets/Allowed Arcs": {
    "aimms.widget.type": {
      "literal": "table"
    },
    "name": {
      "literal": "Allowed Arcs"
    }
  },
  "widgets/Arc data": {
    "aimms.widget.type": {
      "literal": "table"
    },
    "contents": {
      "aimms": {
        "contents": [
          "p_cost2",
          "v_flow2"
        ]
      }
    },
    "contents.displaydomain": {
      "literal": {
        "p_cost2": "1"
      }
    },
    "contents.partition": {
      "literal": {
        "rowHeader": [
          "i_arc"
        ],
        "colHeader": [
          "<IDENTIFIER-SET>",
          "i_tp"
        ],
        "aggregated": []
      }
    },
    "custom.column.widths": {
      "literal": [
        {
          "type": "colHeader",
          "colKey": {
            "<IDENTIFIER-SET>": "p_cost2"
          },
          "width": 15.46
        },
        {
          "type": "rowHeader",
          "width": 13.92
        },
        {
          "type": "rowHeader",
          "colKey": "i_arc",
          "width": 28.42
        }
      ]
    },
    "default.column.width": {
      "literal": 15
    },
    "name": {
      "literal": "Arc data"
    },
    "title": {
      "literal": "Arc data"
    }
  },
  "widgets/Arcs Set in Table": {
    "aimms.widget.type": {
      "literal": "table"
    },
    "contents": {
      "aimms": {
        "contents": [
          "bp_arcsDef"
        ]
      }
    },
    "contents.partition": {
      "literal": {
        "rowHeader": [
          "i_nodeFrom"
        ],
        "colHeader": [
          "i_nodeTo"
        ],
        "aggregated": [
          "<IDENTIFIER-SET>"
        ]
      }
    },
    "name": {
      "literal": "Arcs Set in Table"
    },
    "title": {
      "literal": " Arc set in tabular form"
    }
  },
  "widgets/flow cost": {
    "aimms.widget.type": {
      "literal": "table"
    },
    "contents": {
      "aimms": {
        "contents": [
          "p_cost1",
          "v_flow1"
        ]
      }
    },
    "contents.displaydomain": {
      "literal": {
        "p_cost1": "bp_arcs"
      }
    },
    "contents.partition": {
      "literal": {
        "rowHeader": [
          "i_nodeFrom",
          "i_nodeTo"
        ],
        "colHeader": [
          "<IDENTIFIER-SET>",
          "i_tp"
        ],
        "aggregated": []
      }
    },
    "custom.column.widths": {
      "literal": [
        {
          "type": "colHeader",
          "colKey": {
            "<IDENTIFIER-SET>": "p_cost1"
          },
          "width": 22.29
        },
        {
          "type": "rowHeader",
          "colKey": "i_nodeTo",
          "width": 21.48
        },
        {
          "type": "rowHeader",
          "colKey": "i_nodeFrom",
          "width": 19.25
        }
      ]
    },
    "default.column.width": {
      "literal": 15
    },
    "name": {
      "literal": "flow cost"
    },
    "title": {
      "literal": "Arc data"
    }
  },
  "widgets/valid arcs": {
    "aimms.widget.type": {
      "literal": "table"
    },
    "contents": {
      "aimms": {
        "contents": [
          "bp_arcs"
        ]
      }
    },
    "contents.partition": {
      "literal": {
        "rowHeader": [
          "i_nodeFrom"
        ],
        "colHeader": [
          "i_nodeTo"
        ],
        "aggregated": [
          "<IDENTIFIER-SET>"
        ]
      }
    },
    "name": {
      "literal": "valid arcs"
    },
    "title": {
      "literal": "Arc condition in tabular form"
    }
  }
}