{
  "version": "4.67.0",
  "application": {
    "aimms.widget.type": {
      "literal": "application"
    },
    "theme.classic": {
      "literal": "NOT_ALLOWED"
    }
  },
  "pages/home": {
    "widgets": {
      "literal": [
        {
          "uri": "headers",
          "layoutInfo": {
            "width": "10",
            "height": "4",
            "customPosition": ""
          }
        }
      ]
    }
  },
  "widgets/headers": {
    "aimms.widget.type": {
      "literal": "table"
    },
    "contents": {
      "aimms": {
        "contents": [
          "sp_httpRequestHeaders",
          "sp_httpResponseHeaders"
        ]
      }
    },
    "contents.displaydomain": {
      "literal": {
        "sp_httprequestheaders": "1",
        "sp_httpresponseheaders": "1"
      }
    },
    "contents.partition": {
      "literal": {
        "rowHeader": [
          "web::httpHeader"
        ],
        "colHeader": [
          "<IDENTIFIER-SET>"
        ],
        "aggregated": []
      }
    },
    "custom.column.widths": {
      "literal": [
        {
          "type": "rowHeader",
          "colKey": "web::httpHeader",
          "width": 31.4
        },
        {
          "type": "colHeader",
          "colKey": {
            "<IDENTIFIER-SET>": "sp_httpRequestHeaders"
          },
          "width": 27.06
        },
        {
          "type": "colHeader",
          "colKey": {
            "<IDENTIFIER-SET>": "sp_httpResponseHeaders"
          },
          "width": 47.73
        }
      ]
    }
  }
}