<?xml version="1.0"?>
<TemplateManager>
	<Template Name="Size Template" PageGUID="3C6D6A61-3748-4399-9019-96AF7CB5C8AF" CrossLibraryDuplicate="66E08D8C-5677-49B5-970F-BB85475A48BE|6A8815C4-5811-47AB-BC76-82C3180C1295|Size Template">
		<Template Name="Navigation Template" PageGUID="258FD189-F9D8-4E32-B775-959C88200B0E" CrossLibraryDuplicate="66E08D8C-5677-49B5-970F-BB85475A48BE|3241DDB1-55C5-441B-9DC8-359086631B74|Navigation Template">
			<Template Name="Background Info Template" PageGUID="8E4BA1D8-C6B8-4BFD-A014-D10CA79824C2" CrossLibraryDuplicate="66E08D8C-5677-49B5-970F-BB85475A48BE|153A8CDB-E916-4F3B-B652-41C25F2C9CB5|Background Info Template">
				<Page Name="AIMMS Demo" PageGUID="47EBF9C7-3AF6-4B2F-B985-D334325E1A4B" />
			</Template>
			<Page Name="3D Chart Demo 1" PageGUID="43F452E2-EB4E-4076-9B1D-EED1A3977E3D" />
			<Page Name="3D Chart Demo 2" PageGUID="B00B0C80-5F62-4520-9FD0-36BDAAA736A5" />
		</Template>
	</Template>
</TemplateManager>
