<?xml version="1.0"?>
<TemplateManager>
	<Template Name="Size Template" PageGUID="7C7A5EB2-DC46-44A7-A5D6-5B2A06018148" CrossLibraryDuplicate="66E08D8C-5677-49B5-970F-BB85475A48BE|6A8815C4-5811-47AB-BC76-82C3180C1295|Size Template">
		<Template Name="Navigation Template" PageGUID="FC6A6DE0-532C-4ED6-AE8B-C93BF817B88D" CrossLibraryDuplicate="66E08D8C-5677-49B5-970F-BB85475A48BE|3241DDB1-55C5-441B-9DC8-359086631B74|Navigation Template">
			<Template Name="Background Info Template" PageGUID="5115568E-F4C6-40D1-B56A-23CD7FEF1556" CrossLibraryDuplicate="66E08D8C-5677-49B5-970F-BB85475A48BE|153A8CDB-E916-4F3B-B652-41C25F2C9CB5|Background Info Template">
				<Page Name="AIMMS Demo" PageGUID="B4D5E2F0-BD53-41F0-AC3D-0A3E15DF5A70" />
			</Template>
			<Page Name="Gantt Chart" PageGUID="C0291E2E-6200-4996-86C6-72E0A2D859F5" />
			<Page Name="Gantt Chart with Calendar" PageGUID="ADF38BC2-6B4E-4A8F-813A-2D6DAE751C1A" />
		</Template>
	</Template>
</TemplateManager>
