<?xml version="1.0"?>
<Page Version="4000" TimeStamp="2012-09-07 00:05:14">
	<Location top="23" left="4" bottom="644" right="768" />
	<PageEditSize Type="Inherited">
		<Size Width="772" Height="622" />
	</PageEditSize>
	<ProjectUUID>14D845C9-CBE3-4423-9E06-75DBBD6A56BF</ProjectUUID>
	<TemplatesTabOrderPosition>1</TemplatesTabOrderPosition>
	<ResizeData>
		<MainArea Line="FixedFromTop" Value="99">
			<TopArea Line="FixedFromLeft" Value="200" />
			<BottomArea Line="FixedFromLeft" Value="200">
				<LeftArea Line="FixedFromTop" Value="204" />
				<RightArea Line="FixedFromTop" Value="85">
					<BottomArea Line="FixedFromTop" Value="92" />
				</RightArea>
			</BottomArea>
		</MainArea>
	</ResizeData>
	<Background>
		<UserColor GUID="1CF41E83-C30C-4CFA-8169-365228DCC036">white</UserColor>
	</Background>
	<HorizontalGridDistance>-6</HorizontalGridDistance>
	<VerticalGridDistance>-6</VerticalGridDistance>
	<PageObject Type="Scalar">
		<Location top="214" left="210" bottom="269" right="467" />
		<TabOrder>2</TabOrder>
		<Font GUID="428A93A5-26E1-4F42-8B0F-227299B289C7" Name="Table Text" />
		<Border Style="InShadow" Width="2" MarginTop="5" MarginRight="5" MarginBottom="5" MarginLeft="5" />
		<BackgroundColor RGB="#ffffff" />
		<TextColor>
			<UserColor GUID="FA87FEC2-0D1F-4C53-B54B-062F5B142F02">default selection</UserColor>
		</TextColor>
		<Layout>Text-Value</Layout>
		<SeparatorSign>=</SeparatorSign>
		<ExplicitIdentifier>
			<Identifier>WasteTargetLevel</Identifier>
			<NumberFormat Width="6" Decimals="0" Scientific="IfTooSmallorLarge" ThousandSeparator="true" Alignment="Center" ShowDefaults="true" />
			<Title>"Waste Target Level"</Title>
			<ProcedureUponChange>UpdateAllData</ProcedureUponChange>
		</ExplicitIdentifier>
		<ExplicitIdentifier>
			<Identifier>MonitoringCosts</Identifier>
			<NumberFormat Width="5" Decimals="0" Scientific="IfTooSmallorLarge" Alignment="Center" ShowDefaults="true" />
		</ExplicitIdentifier>
	</PageObject>
	<PageObject Type="Button">
		<Location top="189" left="476" bottom="220" right="767" />
		<TabOrder>3</TabOrder>
		<LeaveOnEnter>false</LeaveOnEnter>
		<ButtonType>Text</ButtonType>
		<Title>"Solve Two-Level Model / Find Tax and Subsidy"</Title>
		<Font GUID="0BDEF216-23B3-4F0F-B5D6-83C5A7303CF9" Name="Buttons" />
		<ActionSequence>
			<Action Type="Run">
				<RunWhat>SpecificProcecure</RunWhat>
				<Procedure>SolveTwoLevelModel</Procedure>
				<AbortOnError>true</AbortOnError>
			</Action>
		</ActionSequence>
	</PageObject>
	<PageObject Type="2D Chart">
		<Location top="441" left="206" bottom="615" right="388" />
		<TabOrder>5</TabOrder>
		<TabStop>false</TabStop>
		<Border Style="Line" Width="2" />
		<X_Axis>
			<Domain ID="1004">i</Domain>
		</X_Axis>
		<Y_Axis>
			<Chart_type ID="2001">"Bar"</Chart_type>
			<Identifier>
				<Value ID="2007">Tax_and_Subsidy( i )</Value>
				<Appearance>
					<Fill>
						<Foreground_color ID="2013">TaxSubsidyColor( i )</Foreground_color>
					</Fill>
				</Appearance>
			</Identifier>
			<Misc_settings>
				<Show_identifier_unit_s ID="2059">0</Show_identifier_unit_s>
			</Misc_settings>
		</Y_Axis>
		<Display>
			<Surrounding_area>
				<Background_color ExtraInfo="CCB23DE4-D3C9-4647-BE46-7A1779576484" ID="2">"Background yellow"</Background_color>
			</Surrounding_area>
			<View_3D>
				<Depth ID="62">40</Depth>
				<Elevation ID="63">5</Elevation>
				<Rotation ID="64">5</Rotation>
			</View_3D>
			<Misc_display_settings>
				<Show_box_around_plot_area ID="66">0</Show_box_around_plot_area>
				<Show_outlines ID="68">1</Show_outlines>
				<Axis_annotation_font ExtraInfo="830FCB02-C24A-4129-A49F-C4CECA5B454E" ID="74">"default"</Axis_annotation_font>
				<Click_label>
					<Hide_value_label_on_click ID="77">0</Hide_value_label_on_click>
					<Click_label_decimals ID="79">2</Click_label_decimals>
				</Click_label>
			</Misc_display_settings>
		</Display>
		<Header_Footer>
			<Header>
				<Text ID="23">"Tax and Subsidy"</Text>
				<Font ExtraInfo="107CF1DD-5B8E-41FC-BD55-10C950947E3C" ID="22">"Headers"</Font>
			</Header>
		</Header_Footer>
	</PageObject>
	<PageObject Type="2D Chart">
		<Location top="441" left="393" bottom="615" right="575" />
		<TabOrder>6</TabOrder>
		<TabStop>false</TabStop>
		<Border Style="Line" Width="2" />
		<Y_Axis>
			<Chart_type ID="2001">"Pie"</Chart_type>
			<Identifier>
				<Value ID="2007">WasteRemoved( j )</Value>
				<Appearance>
					<Fill>
						<Foreground_color ID="2013">TotalCostsColor( j )</Foreground_color>
					</Fill>
				</Appearance>
			</Identifier>
		</Y_Axis>
		<Display>
			<Surrounding_area>
				<Background_color ExtraInfo="CCB23DE4-D3C9-4647-BE46-7A1779576484" ID="2">"Background yellow"</Background_color>
			</Surrounding_area>
			<Chart_area>
				<Background_color ExtraInfo="CCB23DE4-D3C9-4647-BE46-7A1779576484" ID="8">"Background yellow"</Background_color>
			</Chart_area>
			<View_3D>
				<Depth ID="62">40</Depth>
				<Elevation ID="63">15</Elevation>
			</View_3D>
			<Misc_display_settings>
				<Show_outlines ID="68">1</Show_outlines>
				<Click_label>
					<Hide_value_label_on_click ID="77">0</Hide_value_label_on_click>
					<Click_label_decimals ID="79">2</Click_label_decimals>
				</Click_label>
			</Misc_display_settings>
		</Display>
		<Header_Footer>
			<Header>
				<Text ID="23">"Removed Waste Levels"</Text>
				<Font ExtraInfo="107CF1DD-5B8E-41FC-BD55-10C950947E3C" ID="22">"Headers"</Font>
			</Header>
		</Header_Footer>
		<Legend>
			<Show ID="53">"Show"</Show>
			<Font ExtraInfo="830FCB02-C24A-4129-A49F-C4CECA5B454E" ID="42">"default"</Font>
			<Misc_display_settings>
				<Anchor ID="41">"South"</Anchor>
				<Reversed ID="52">0</Reversed>
			</Misc_display_settings>
		</Legend>
	</PageObject>
	<PageObject Type="2D Chart">
		<Location top="441" left="580" bottom="615" right="762" />
		<TabOrder>7</TabOrder>
		<TabStop>false</TabStop>
		<Border Style="Line" Width="2" />
		<X_Axis>
			<Domain ID="1004">j</Domain>
		</X_Axis>
		<Y_Axis>
			<Chart_type ID="2001">"Bar"</Chart_type>
			<Identifier>
				<Value ID="2007">TotalCost( j )</Value>
				<Appearance>
					<Fill>
						<Foreground_color ID="2013">TotalCostsColor( j )</Foreground_color>
					</Fill>
				</Appearance>
			</Identifier>
			<Misc_settings>
				<Show_identifier_unit_s ID="2059">0</Show_identifier_unit_s>
			</Misc_settings>
		</Y_Axis>
		<Display>
			<Surrounding_area>
				<Background_color ExtraInfo="CCB23DE4-D3C9-4647-BE46-7A1779576484" ID="2">"Background yellow"</Background_color>
			</Surrounding_area>
			<View_3D>
				<Depth ID="62">40</Depth>
				<Elevation ID="63">5</Elevation>
				<Rotation ID="64">5</Rotation>
			</View_3D>
			<Misc_display_settings>
				<Show_box_around_plot_area ID="66">0</Show_box_around_plot_area>
				<Show_outlines ID="68">1</Show_outlines>
				<Click_label>
					<Hide_value_label_on_click ID="77">0</Hide_value_label_on_click>
					<Click_label_decimals ID="79">2</Click_label_decimals>
				</Click_label>
			</Misc_display_settings>
		</Display>
		<Header_Footer>
			<Header>
				<Text ID="23">"Total Costs"</Text>
				<Font ExtraInfo="107CF1DD-5B8E-41FC-BD55-10C950947E3C" ID="22">"Headers"</Font>
			</Header>
		</Header_Footer>
	</PageObject>
	<PageObject Type="Composite Table">
		<Location top="309" left="210" bottom="432" right="756" />
		<TabOrder>4</TabOrder>
		<TabStop>false</TabStop>
		<Font GUID="428A93A5-26E1-4F42-8B0F-227299B289C7" Name="Table Text" />
		<Border Style="Line" Width="1" MarginTop="5" MarginRight="5" MarginBottom="5" MarginLeft="5" />
		<BackgroundColor RGB="#ffffff" />
		<TextColor>
			<UserColor GUID="FA87FEC2-0D1F-4C53-B54B-062F5B142F02">default selection</UserColor>
		</TextColor>
		<AutomaticReSort>false</AutomaticReSort>
		<Domain>
			<Identifier>j</Identifier>
			<Index Name="j">
				<NumberFormat Alignment="Right" />
				<TitleText>"Companies"</TitleText>
			</Index>
		</Domain>
		<ExplicitIdentifier>
			<Identifier>WasteRemovalRate( j )</Identifier>
			<NumberFormat Width="15" Decimals="3" Alignment="Right" ShowDefaults="true" />
			<TitleText>"Waste Removal Rate"</TitleText>
			<AutomaticWidth>false</AutomaticWidth>
		</ExplicitIdentifier>
		<ExplicitIdentifier>
			<Identifier>WasteRemoved( j )</Identifier>
			<NumberFormat Width="15" Decimals="3" ThousandSeparator="true" Alignment="Center" ShowDefaults="true" />
			<Hidden>0</Hidden>
			<TitleText>"Removed Waste"</TitleText>
		</ExplicitIdentifier>
		<ExplicitIdentifier>
			<Identifier>CleaningCost( j )</Identifier>
			<NumberFormat Width="15" Decimals="3" ThousandSeparator="true" Alignment="Center" ShowDefaults="true" />
			<Hidden>0</Hidden>
			<TitleText>"Cleaning Costs"</TitleText>
		</ExplicitIdentifier>
		<ExplicitIdentifier>
			<Identifier>TaxMinusSubsidy( j )</Identifier>
			<NumberFormat Width="15" Decimals="3" ThousandSeparator="true" Alignment="Center" />
			<Hidden>0</Hidden>
			<TitleText>"Tax - Subsidy"</TitleText>
		</ExplicitIdentifier>
		<ExplicitIdentifier>
			<Identifier>TotalCost( j )</Identifier>
			<NumberFormat Width="15" Decimals="3" Scientific="IfTooSmallorLarge" ThousandSeparator="true" Alignment="Center" ShowDefaults="true" />
			<Hidden>0</Hidden>
			<TitleText>"Total Costs"</TitleText>
		</ExplicitIdentifier>
	</PageObject>
	<PageObject Type="Rectangle">
		<Location top="279" left="206" bottom="439" right="762" />
		<Shape>Open</Shape>
		<FillColor RGB="#ffffff" />
		<LineColor>
			<UserColor GUID="FA87FEC2-0D1F-4C53-B54B-062F5B142F02">default selection</UserColor>
		</LineColor>
		<LineWidth>2</LineWidth>
	</PageObject>
	<PageObject Type="Text">
		<Location top="287" left="210" bottom="307" right="762" />
		<StaticText>Optimal Removal Levels and Corresponding Costs</StaticText>
		<Font GUID="107CF1DD-5B8E-41FC-BD55-10C950947E3C" Name="Headers" />
		<TextColor>
			<UserColor GUID="FA87FEC2-0D1F-4C53-B54B-062F5B142F02">default selection</UserColor>
		</TextColor>
	</PageObject>
	<PageObject Type="Rectangle">
		<Location top="190" left="206" bottom="274" right="472" />
		<Shape>Open</Shape>
		<FillColor RGB="#ffffff" />
		<LineColor>
			<UserColor GUID="FA87FEC2-0D1F-4C53-B54B-062F5B142F02">default selection</UserColor>
		</LineColor>
		<LineWidth>2</LineWidth>
	</PageObject>
	<PageObject Type="Text">
		<Location top="196" left="213" bottom="213" right="463" />
		<StaticText>Government Parameters</StaticText>
		<Font GUID="107CF1DD-5B8E-41FC-BD55-10C950947E3C" Name="Headers" />
		<TextColor>
			<UserColor GUID="FA87FEC2-0D1F-4C53-B54B-062F5B142F02">default selection</UserColor>
		</TextColor>
	</PageObject>
	<PageObject Type="Text">
		<Location top="308" left="6" bottom="606" right="192" />
		<SourceType>File</SourceType>
		<FileName LiteralFileName="true">"Explanations Files\twolevel.txt"</FileName>
		<Font GUID="428A93A5-26E1-4F42-8B0F-227299B289C7" Name="Table Text" />
		<TextColor>
			<UserColor GUID="FA87FEC2-0D1F-4C53-B54B-062F5B142F02">default selection</UserColor>
		</TextColor>
	</PageObject>
	<UsedReferences>
		<Model>
			<Symbol>i</Symbol>
			<Symbol>j</Symbol>
			<Symbol>TaxSubsidyColor</Symbol>
			<Symbol>TotalCostsColor</Symbol>
			<Symbol>TaxMinusSubsidy</Symbol>
			<Symbol>UpdateAllData</Symbol>
			<Symbol>WasteRemoved</Symbol>
			<Symbol>WasteTargetLevel</Symbol>
			<Symbol>SolveTwoLevelModel</Symbol>
			<Symbol>WasteRemovalRate</Symbol>
			<Symbol>TotalCost</Symbol>
			<Symbol>Tax_and_Subsidy</Symbol>
			<Symbol>MonitoringCosts</Symbol>
			<Symbol>CleaningCost</Symbol>
		</Model>
	</UsedReferences>
</Page>
