<?xml version="1.0"?>
<Page Version="4000" TimeStamp="2014-10-02 11:08:38">
	<Location top="23" left="4" bottom="644" right="768" />
	<PageEditSize Type="Inherited">
		<Size Width="772" Height="622" />
	</PageEditSize>
	<ProjectUUID>B5A1FE45-F691-4B83-809E-99EBA45791FF</ProjectUUID>
	<TemplatesTabOrderPosition>1</TemplatesTabOrderPosition>
	<ResizeData>
		<MainArea Line="FixedFromTop" Value="99">
			<TopArea Line="FixedFromLeft" Value="200" />
			<BottomArea Line="FixedFromLeft" Value="201">
				<LeftArea Line="FixedFromTop" Value="204">
					<BottomArea Line="FixedFromTop" Value="311" />
				</LeftArea>
				<RightArea Line="FixedFromTop" Value="85">
					<BottomArea Line="FixedFromTop" Value="430" />
				</RightArea>
			</BottomArea>
		</MainArea>
	</ResizeData>
	<Background>
		<UserColor GUID="F22C0B96-DC57-48E8-9F0B-34208A670BCC">white</UserColor>
	</Background>
	<PageObject Type="Button">
		<Location top="186" left="6" bottom="210" right="192" />
		<TabOrder>2</TabOrder>
		<ButtonType>Text</ButtonType>
		<Transparent>true</Transparent>
		<Font GUID="0BDEF216-23B3-4F0F-B5D6-83C5A7303CF9" Name="Buttons" />
		<ActionSequence>
			<Action Type="GotoPage">
				<Destination>Parent</Destination>
			</Action>
		</ActionSequence>
	</PageObject>
	<PageObject Type="Text">
		<Location top="192" left="210" bottom="246" right="762" />
		<StaticText>The data below is generated by the datafeed thread which is running independently of AIMMS. You can start, stop and block the data feed using the check boxes to the left.</StaticText>
		<Font GUID="C82FBF27-1614-41C9-B718-A431388D2B5A" Name="General Text" />
		<TextColor>
			<UserColor GUID="23F33851-505F-45B5-AA1F-5360CB8B3EFB">Text Blue</UserColor>
		</TextColor>
	</PageObject>
	<PageObject Type="Text">
		<Location top="462" left="6" bottom="612" right="192" />
		<StaticText>When you check or uncheck one of the above check boxes, AIMMS will automatically run the procedures StartStopDataFeed or SetControl to pass the changed settings to the datafeed DLL.</StaticText>
		<Font GUID="C82FBF27-1614-41C9-B718-A431388D2B5A" Name="General Text" />
		<TextColor>
			<UserColor GUID="8CB17F0B-1DEE-4000-91A2-540468C4FD26">default selection</UserColor>
		</TextColor>
	</PageObject>
	<PageObject Type="Table">
		<Location top="396" left="210" bottom="546" right="762" />
		<TabOrder>7</TabOrder>
		<TabStop>false</TabStop>
		<Font GUID="C82FBF27-1614-41C9-B718-A431388D2B5A" Name="General Text" />
		<Border Style="InShadow" Width="2" MarginTop="5" MarginRight="5" MarginBottom="5" MarginLeft="5" />
		<BackgroundColor RGB="#ffffff" />
		<TextColor>
			<UserColor GUID="8CB17F0B-1DEE-4000-91A2-540468C4FD26">default selection</UserColor>
		</TextColor>
		<RowIndentation>3</RowIndentation>
		<ElementTextAsTooltip>false</ElementTextAsTooltip>
		<ExplicitIdentifier>
			<Identifier>Transport( d, c )</Identifier>
			<FirstColumn>1</FirstColumn>
			<NumberFormat Width="7" Decimals="3" />
		</ExplicitIdentifier>
		<ExplicitIdentifier>
			<Identifier>Demand( c )</Identifier>
			<FirstColumn>0</FirstColumn>
			<NumberFormat Width="7" Decimals="3" />
		</ExplicitIdentifier>
		<ExplicitIdentifier>
			<Identifier>Supply( d )</Identifier>
			<FirstColumn>1</FirstColumn>
			<NumberFormat Width="7" Decimals="3" />
		</ExplicitIdentifier>
	</PageObject>
	<PageObject Type="Selection Object">
		<SelectionType>CheckBoxes</SelectionType>
		<Location top="396" left="6" bottom="426" right="186" />
		<TabOrder>5</TabOrder>
		<Font GUID="428A93A5-26E1-4F42-8B0F-227299B289C7" Name="Table Text" />
		<TextShown>IdentifierText</TextShown>
		<Border Style="None" Width="2" MarginTop="5" MarginRight="5" MarginBottom="5" MarginLeft="5" />
		<BackgroundColor RGB="#ffffff" />
		<TextColor>
			<UserColor GUID="8CB17F0B-1DEE-4000-91A2-540468C4FD26">default selection</UserColor>
		</TextColor>
		<SpreadVertically>false</SpreadVertically>
		<ProcedureUponChange>StartStopDataFeed</ProcedureUponChange>
		<ExplicitIdentifier>
			<Identifier>AutoSolve</Identifier>
			<Description>"Automatically solve model"</Description>
		</ExplicitIdentifier>
	</PageObject>
	<PageObject Type="Selection Object">
		<SelectionType>CheckBoxes</SelectionType>
		<Location top="366" left="6" bottom="396" right="192" />
		<TabOrder>6</TabOrder>
		<Font GUID="428A93A5-26E1-4F42-8B0F-227299B289C7" Name="Table Text" />
		<TextShown>IdentifierText</TextShown>
		<Border Style="None" Width="2" MarginTop="5" MarginRight="5" MarginBottom="5" MarginLeft="5" />
		<BackgroundColor RGB="#ffffff" />
		<TextColor>
			<UserColor GUID="8CB17F0B-1DEE-4000-91A2-540468C4FD26">default selection</UserColor>
		</TextColor>
		<SpreadVertically>false</SpreadVertically>
		<ProcedureUponChange>SetControl</ProcedureUponChange>
		<ExplicitIdentifier>
			<Identifier>DataFeedBlocked</Identifier>
			<Description>"Data feed is blocked"</Description>
		</ExplicitIdentifier>
	</PageObject>
	<PageObject Type="Selection Object">
		<SelectionType>CheckBoxes</SelectionType>
		<Location top="336" left="6" bottom="366" right="192" />
		<TabOrder>4</TabOrder>
		<Font GUID="428A93A5-26E1-4F42-8B0F-227299B289C7" Name="Table Text" />
		<TextShown>IdentifierText</TextShown>
		<Border Style="None" Width="2" MarginTop="5" MarginRight="5" MarginBottom="5" MarginLeft="5" />
		<BackgroundColor RGB="#ffffff" />
		<TextColor>
			<UserColor GUID="8CB17F0B-1DEE-4000-91A2-540468C4FD26">default selection</UserColor>
		</TextColor>
		<SpreadVertically>false</SpreadVertically>
		<ProcedureUponChange>StartStopDataFeed</ProcedureUponChange>
		<ExplicitIdentifier>
			<Identifier>DataFeedRunning</Identifier>
			<Description>"Data feed is running"</Description>
		</ExplicitIdentifier>
	</PageObject>
	<PageObject Type="Button">
		<Location top="426" left="6" bottom="450" right="192" />
		<TabOrder>3</TabOrder>
		<ButtonType>Text</ButtonType>
		<Title>"Manually Solve Model"</Title>
		<ForegroundColor>
			<UserColor GUID="23F33851-505F-45B5-AA1F-5360CB8B3EFB">Text Blue</UserColor>
		</ForegroundColor>
		<Font GUID="0BDEF216-23B3-4F0F-B5D6-83C5A7303CF9" Name="Buttons" />
		<ActionSequence>
			<Action Type="Run">
				<RunWhat>SpecificProcecure</RunWhat>
				<Procedure>MainExecution</Procedure>
				<AbortOnError>true</AbortOnError>
			</Action>
		</ActionSequence>
	</PageObject>
	<PageObject Type="Scalar">
		<Location top="552" left="210" bottom="582" right="372" />
		<TabOrder>8</TabOrder>
		<TabStop>false</TabStop>
		<Font GUID="C82FBF27-1614-41C9-B718-A431388D2B5A" Name="General Text" />
		<Border Style="InShadow" Width="2" MarginTop="5" MarginRight="5" MarginBottom="5" MarginLeft="5" />
		<BackgroundColor RGB="#ffffff" />
		<TextColor>
			<UserColor GUID="8CB17F0B-1DEE-4000-91A2-540468C4FD26">default selection</UserColor>
		</TextColor>
		<Layout>Text-Value</Layout>
		<SeparatorSign>=</SeparatorSign>
		<ExplicitIdentifier>
			<Identifier>TotalCost</Identifier>
			<NumberFormat Width="7" Decimals="3" Alignment="Center" ShowDefaults="true" />
			<Title>"Total Cost"</Title>
		</ExplicitIdentifier>
	</PageObject>
	<PageObject Type="Table">
		<Location top="246" left="210" bottom="390" right="762" />
		<TabOrder>9</TabOrder>
		<TabStop>false</TabStop>
		<Font GUID="C82FBF27-1614-41C9-B718-A431388D2B5A" Name="General Text" />
		<Border Style="InShadow" Width="2" MarginTop="5" MarginRight="5" MarginBottom="5" MarginLeft="5" />
		<BackgroundColor RGB="#ffffff" />
		<TextColor>
			<UserColor GUID="8CB17F0B-1DEE-4000-91A2-540468C4FD26">default selection</UserColor>
		</TextColor>
		<RowIndentation>3</RowIndentation>
		<ElementTextAsTooltip>false</ElementTextAsTooltip>
		<ExplicitIdentifier>
			<Identifier>UnitTransportCost( d, c )</Identifier>
			<FirstColumn>1</FirstColumn>
			<HeaderText>"Unit Transport Cost"</HeaderText>
			<NumberFormat Width="7" Decimals="3" Alignment="Center" />
		</ExplicitIdentifier>
	</PageObject>
	<PageObject Type="Rectangle">
		<Location top="306" left="6" bottom="330" right="192" />
		<FillColor>
			<UserColor GUID="A3839E01-47DC-46BB-819D-6CECB851B151">Bar Blue</UserColor>
		</FillColor>
		<LineColor>
			<UserColor GUID="A3839E01-47DC-46BB-819D-6CECB851B151">Bar Blue</UserColor>
		</LineColor>
	</PageObject>
	<PageObject Type="Text">
		<Location top="309" left="18" bottom="327" right="186" />
		<StaticText>Execution</StaticText>
		<Font GUID="107CF1DD-5B8E-41FC-BD55-10C950947E3C" Name="Headers" />
		<TextColor>
			<UserColor GUID="B5956EEA-5F3E-4BD0-85C7-9F70EB490991">Header Blue</UserColor>
		</TextColor>
	</PageObject>
	<PageObject Type="Text">
		<Location top="192" left="18" bottom="210" right="195" />
		<StaticText>Problem Description</StaticText>
		<Font GUID="C82FBF27-1614-41C9-B718-A431388D2B5A" Name="General Text" />
		<TextColor>
			<UserColor GUID="1798981A-C40D-4713-BC08-E97545963465">Link</UserColor>
		</TextColor>
	</PageObject>
	<UsedReferences>
		<Model>
			<Symbol>Supply</Symbol>
			<Symbol>Demand</Symbol>
			<Symbol>UnitTransportCost</Symbol>
			<Symbol>Transport</Symbol>
			<Symbol>TotalCost</Symbol>
			<Symbol>DataFeedRunning</Symbol>
			<Symbol>AutoSolve</Symbol>
			<Symbol>DataFeedBlocked</Symbol>
			<Symbol>StartStopDataFeed</Symbol>
			<Symbol>SetControl</Symbol>
			<Symbol>MainExecution</Symbol>
			<Symbol>d</Symbol>
			<Symbol>c</Symbol>
		</Model>
	</UsedReferences>
</Page>
