<?xml version="1.0"?>
<TemplateManager>
	<Template Name="Size Template" PageGUID="8B161A9F-5823-458B-B610-E72CB9DF8BB8" CrossLibraryDuplicate="66E08D8C-5677-49B5-970F-BB85475A48BE|6A8815C4-5811-47AB-BC76-82C3180C1295|Size Template">
		<Template Name="Navigation Template" PageGUID="F7E5118C-CC67-44E1-AF90-D6BBB466C656" CrossLibraryDuplicate="66E08D8C-5677-49B5-970F-BB85475A48BE|3241DDB1-55C5-441B-9DC8-359086631B74|Navigation Template">
			<Template Name="Background Info Template" PageGUID="ACC31C67-FE7F-4343-92BD-147376EA4C02" CrossLibraryDuplicate="66E08D8C-5677-49B5-970F-BB85475A48BE|153A8CDB-E916-4F3B-B652-41C25F2C9CB5|Background Info Template">
				<Page Name="AIMMS Demo" PageGUID="51A2EB23-E009-4791-BD58-76DA14914423" />
			</Template>
			<Page Name="Example Page" PageGUID="73A74A57-6D53-4AE0-AAFF-D7D83C3FC1A0" />
			<Page Name="Source Article" PageGUID="09279A00-C23D-4C9F-B2C7-C3CB10452C92" />
		</Template>
	</Template>
</TemplateManager>
