<AimmsJSONMapping>
    <ObjectMapping>
        <ArrayMapping name="log">
            <ObjectMapping>
                <ValueMapping name="task" binds-to="dti::i_task"/>
                <ValueMapping name="line" binds-to="dti::i_lineno"/>
                <ValueMapping name="lev" maps-to="dbtt::p_msgLev(dti::i_task,dti::i_lineno)"/>
                <ValueMapping name="mom" maps-to="dbtt::sp_mom(dti::i_task,dti::i_lineno)"/>
                <ValueMapping name="msg" maps-to="dbtt::sp_msg(dti::i_task,dti::i_lineno)"/>
            </ObjectMapping>
        </ArrayMapping>
    </ObjectMapping>
</AimmsJSONMapping>