<?xml version="1.0"?>
<Page Version="4000" TimeStamp="2014-10-02 11:08:38">
	<Location top="23" left="4" bottom="644" right="768" />
	<PageEditSize Type="Inherited">
		<Size Width="772" Height="622" />
	</PageEditSize>
	<ProjectUUID>C35B3ED1-C858-4E2C-8964-7FBA64B7AE54</ProjectUUID>
	<TemplatesTabOrderPosition>1</TemplatesTabOrderPosition>
	<ResizeData>
		<MainArea Line="FixedFromTop" Value="99">
			<TopArea Line="FixedFromLeft" Value="200" />
			<BottomArea Line="FixedFromLeft" Value="200">
				<LeftArea Line="FixedFromTop" Value="204">
					<BottomArea Line="FixedFromTop" Value="120">
						<TopArea Line="FixedFromTop" Value="32" />
					</BottomArea>
				</LeftArea>
				<RightArea Line="FixedFromTop" Value="85">
					<BottomArea Line="FixedFromLeft" Value="367" />
				</RightArea>
			</BottomArea>
		</MainArea>
	</ResizeData>
	<Background Inherited="true" />
	<Action>
		<EntryProcedure>MainInitialization</EntryProcedure>
	</Action>
	<HorizontalGridDistance>3</HorizontalGridDistance>
	<VerticalGridDistance>3</VerticalGridDistance>
	<PageObject Type="Button">
		<Location top="186" left="6" bottom="210" right="192" />
		<TabOrder>10</TabOrder>
		<LeaveOnEnter>false</LeaveOnEnter>
		<ButtonType>Text</ButtonType>
		<Transparent>true</Transparent>
		<ForegroundColor>
			<UserColor GUID="1798981A-C40D-4713-BC08-E97545963465">Link</UserColor>
		</ForegroundColor>
		<Font GUID="0BDEF216-23B3-4F0F-B5D6-83C5A7303CF9" Name="Buttons" />
		<ActionSequence>
			<Action Type="GotoPage">
				<Destination>Parent</Destination>
				<IfDestinationNonExisting>Nowhere</IfDestinationNonExisting>
			</Action>
			<Action Type="ClosePage" />
		</ActionSequence>
	</PageObject>
	<PageObject Type="Network Object">
		<Location top="213" left="204" bottom="561" right="567" />
		<TabOrder>2</TabOrder>
		<Font GUID="06BE7B73-2CAA-486D-A602-01D503C1855F" Name="Network Object" />
		<Border Style="InShadow" Width="2" MarginTop="5" MarginRight="5" MarginBottom="5" MarginLeft="5" />
		<BackgroundColor RGB="#ffffff" />
		<HorizontalScrollbar>true</HorizontalScrollbar>
		<VerticalScrollbar>true</VerticalScrollbar>
		<ScrollControl>NavigationButtons</ScrollControl>
		<AutoAdjust>Right</AutoAdjust>
		<VisibleArea>
			<Left>-3.80205746396</Left>
			<Right>14.6147108945</Right>
			<Top>15.7385099002</Top>
			<Bottom>-1.88670680961</Bottom>
		</VisibleArea>
		<Node>
			<Identifier>n</Identifier>
			<XCoordinate>Nodes_XLocation( n )</XCoordinate>
			<YCoordinate>Nodes_YLocation( n )</YCoordinate>
			<NumberFormat Width="6" Decimals="2" />
			<MaximumSize>25</MaximumSize>
			<ScaleFactor>13</ScaleFactor>
			<TextPosition>Left</TextPosition>
			<TextShowWhat>ElementName</TextShowWhat>
			<Shape>Circle</Shape>
		</Node>
		<Arc>
			<Identifier>Predecessors( n_from, n_to )</Identifier>
			<NumberFormat Width="2" Decimals="0" />
			<MaximumSize>8</MaximumSize>
			<TextPosition>Right</TextPosition>
			<TextShowWhat>OtherIdentifier</TextShowWhat>
			<Color>GUI_ArcColor( n_from, n_to )</Color>
			<Text>Duration( n_from )</Text>
			<Shape>Straight</Shape>
			<FirstSegment>Horizontal</FirstSegment>
			<ClickWhere>EntireArc</ClickWhere>
		</Arc>
	</PageObject>
	<PageObject Type="Scalar">
		<Location top="186" left="204" bottom="213" right="567" />
		<TabOrder>9</TabOrder>
		<Font GUID="00000000-0000-0000-0000-000000000001" Name="Main Font" />
		<Border Style="InShadow" Width="2" MarginTop="5" MarginRight="5" MarginBottom="5" MarginLeft="5" />
		<BackgroundColor>
			<UserColor GUID="CCB23DE4-D3C9-4647-BE46-7A1779576484">Background yellow</UserColor>
		</BackgroundColor>
		<Layout>Text-Value</Layout>
		<SeparatorSign>=</SeparatorSign>
		<ExplicitIdentifier>
			<Identifier>ProjectDeadline</Identifier>
			<NumberFormat Width="5" Decimals="0" Scientific="IfTooSmallorLarge" Alignment="Center" ShowDefaults="true" />
			<Color>23F33851-505F-45B5-AA1F-5360CB8B3EFB Text Blue</Color>
			<ColorUpdatableEntriesOnly>true</ColorUpdatableEntriesOnly>
		</ExplicitIdentifier>
	</PageObject>
	<PageObject Type="2D Chart">
		<Location top="438" left="570" bottom="615" right="768" />
		<TabOrder>3</TabOrder>
		<Border Style="InShadow" Width="2" />
		<X_Axis>
			<Domain ID="1004">t</Domain>
		</X_Axis>
		<Y_Axis>
			<Chart_type ID="2001">"Candle"</Chart_type>
			<Identifier>
				<Value ID="2007">TaskTime( t, 'Crash' )</Value>
			</Identifier>
			<Identifier>
				<Value ID="2007">TaskTime( t, 'Normal' )</Value>
			</Identifier>
			<Identifier>
				<Value ID="2007">Duration( t )</Value>
			</Identifier>
			<Identifier>
				<Value ID="2007">Duration( t )</Value>
			</Identifier>
		</Y_Axis>
	</PageObject>
	<PageObject Type="Scalar">
		<Location top="561" left="204" bottom="588" right="567" />
		<ReadOnly>"Yes"</ReadOnly>
		<TabOrder>8</TabOrder>
		<Font GUID="00000000-0000-0000-0000-000000000001" Name="Main Font" />
		<Border Style="InShadow" Width="2" MarginTop="5" MarginRight="5" MarginBottom="5" MarginLeft="5" />
		<BackgroundColor>
			<UserColor GUID="CCB23DE4-D3C9-4647-BE46-7A1779576484">Background yellow</UserColor>
		</BackgroundColor>
		<Layout>Text-Value</Layout>
		<SeparatorSign>=</SeparatorSign>
		<ExplicitIdentifier>
			<Identifier>ProjectCompletionTime</Identifier>
			<NumberFormat Width="5" Decimals="0" Scientific="IfTooSmallorLarge" Alignment="Center" ShowDefaults="true" />
			<Color>GUI_TextColor</Color>
		</ExplicitIdentifier>
	</PageObject>
	<PageObject Type="Scalar">
		<Location top="588" left="204" bottom="615" right="567" />
		<TabOrder>5</TabOrder>
		<Font GUID="00000000-0000-0000-0000-000000000001" Name="Main Font" />
		<Border Style="InShadow" Width="2" MarginTop="5" MarginRight="5" MarginBottom="5" MarginLeft="5" />
		<BackgroundColor>
			<UserColor GUID="CCB23DE4-D3C9-4647-BE46-7A1779576484">Background yellow</UserColor>
		</BackgroundColor>
		<Layout>Text-Value</Layout>
		<SeparatorSign>=</SeparatorSign>
		<ExplicitIdentifier>
			<Identifier>ProjectCost</Identifier>
			<NumberFormat Width="5" Decimals="0" Scientific="IfTooSmallorLarge" Alignment="Center" ShowDefaults="true" />
		</ExplicitIdentifier>
	</PageObject>
	<PageObject Type="Table">
		<Location top="186" left="570" bottom="435" right="768" />
		<TabOrder>11</TabOrder>
		<Font GUID="00000000-0000-0000-0000-000000000001" Name="Main Font" />
		<Border Style="InShadow" Width="2" MarginTop="5" MarginRight="5" MarginBottom="5" MarginLeft="5" />
		<BackgroundColor>
			<UserColor GUID="CCB23DE4-D3C9-4647-BE46-7A1779576484">Background yellow</UserColor>
		</BackgroundColor>
		<RowIndentation>3</RowIndentation>
		<ElementTextAsTooltip>false</ElementTextAsTooltip>
		<ExplicitIdentifier>
			<Identifier>TaskTime( t, ts )</Identifier>
			<FirstColumn>1</FirstColumn>
			<NumberFormat Width="2" Decimals="0" Alignment="Center" />
			<Color>23F33851-505F-45B5-AA1F-5360CB8B3EFB Text Blue</Color>
			<ColorUpdatableEntriesOnly>true</ColorUpdatableEntriesOnly>
		</ExplicitIdentifier>
		<ExplicitIdentifier>
			<Identifier>TaskCost( t, ts )</Identifier>
			<FirstColumn>1</FirstColumn>
			<NumberFormat Width="5" Decimals="0" Alignment="Center" />
			<Color>23F33851-505F-45B5-AA1F-5360CB8B3EFB Text Blue</Color>
			<ColorUpdatableEntriesOnly>true</ColorUpdatableEntriesOnly>
		</ExplicitIdentifier>
		<ExplicitIdentifier>
			<Identifier>MaxReducedTime( t )</Identifier>
			<FirstColumn>1</FirstColumn>
			<NumberFormat Width="1" Decimals="0" Alignment="Center" />
			<Color>257CED91-8909-41AC-BED6-911268D7BBCE blue</Color>
			<ColorUpdatableEntriesOnly>true</ColorUpdatableEntriesOnly>
			<Readonly>1</Readonly>
		</ExplicitIdentifier>
		<ExplicitIdentifier>
			<Identifier>ExtraUnitCost( t )</Identifier>
			<FirstColumn>1</FirstColumn>
			<NumberFormat Width="4" Decimals="0" Alignment="Center" />
			<Color>257CED91-8909-41AC-BED6-911268D7BBCE blue</Color>
			<ColorUpdatableEntriesOnly>true</ColorUpdatableEntriesOnly>
			<Readonly>1</Readonly>
		</ExplicitIdentifier>
		<ExplicitIdentifier>
			<Identifier>StartTime( t )</Identifier>
			<FirstColumn>1</FirstColumn>
			<NumberFormat Width="3" Decimals="0" Alignment="Center" ShowDefaults="true" />
			<Color>257CED91-8909-41AC-BED6-911268D7BBCE blue</Color>
			<ColorUpdatableEntriesOnly>true</ColorUpdatableEntriesOnly>
			<Readonly>1</Readonly>
		</ExplicitIdentifier>
		<ExplicitIdentifier>
			<Identifier>FinishTime( t )</Identifier>
			<FirstColumn>1</FirstColumn>
			<NumberFormat Width="3" Decimals="0" Alignment="Center" />
			<Color>GUI_TaskColor( t )</Color>
			<ColorUpdatableEntriesOnly>true</ColorUpdatableEntriesOnly>
			<Readonly>1</Readonly>
		</ExplicitIdentifier>
		<ExplicitIdentifier>
			<Identifier>TimeReduction( t )</Identifier>
			<FirstColumn>1</FirstColumn>
			<NumberFormat Width="2" Decimals="0" Alignment="Center" />
			<Color>8C1FFC91-A781-4272-831D-2D86F23592E4 red</Color>
			<Readonly>1</Readonly>
		</ExplicitIdentifier>
	</PageObject>
	<PageObject Type="Button">
		<Location top="366" left="6" bottom="393" right="192" />
		<TabOrder>6</TabOrder>
		<LeaveOnEnter>false</LeaveOnEnter>
		<ButtonType>Text</ButtonType>
		<Title>"Crash Project"</Title>
		<ForegroundColor>
			<UserColor GUID="23F33851-505F-45B5-AA1F-5360CB8B3EFB">Text Blue</UserColor>
		</ForegroundColor>
		<Font GUID="0BDEF216-23B3-4F0F-B5D6-83C5A7303CF9" Name="Buttons" />
		<ActionSequence>
			<Action Type="Run">
				<RunWhat>SpecificProcecure</RunWhat>
				<Procedure>MainExecution</Procedure>
				<AbortOnError>true</AbortOnError>
			</Action>
		</ActionSequence>
	</PageObject>
	<PageObject Type="Rectangle">
		<Location top="309" left="6" bottom="333" right="192" />
		<FillColor>
			<UserColor GUID="A3839E01-47DC-46BB-819D-6CECB851B151">Bar Blue</UserColor>
		</FillColor>
		<LineColor>
			<UserColor GUID="A3839E01-47DC-46BB-819D-6CECB851B151">Bar Blue</UserColor>
		</LineColor>
	</PageObject>
	<PageObject Type="Text">
		<Location top="312" left="12" bottom="330" right="186" />
		<StaticText>Execute</StaticText>
		<Font GUID="107CF1DD-5B8E-41FC-BD55-10C950947E3C" Name="Headers" />
		<TextColor>
			<UserColor GUID="B5956EEA-5F3E-4BD0-85C7-9F70EB490991">Header Blue</UserColor>
		</TextColor>
	</PageObject>
	<PageObject Type="Button">
		<Location top="396" left="6" bottom="423" right="192" />
		<TabOrder>4</TabOrder>
		<LeaveOnEnter>false</LeaveOnEnter>
		<ButtonType>Text</ButtonType>
		<Title>"Clear Solution"</Title>
		<ForegroundColor>
			<UserColor GUID="23F33851-505F-45B5-AA1F-5360CB8B3EFB">Text Blue</UserColor>
		</ForegroundColor>
		<Font GUID="0BDEF216-23B3-4F0F-B5D6-83C5A7303CF9" Name="Buttons" />
		<ActionSequence>
			<Action Type="Run">
				<RunWhat>SpecificProcecure</RunWhat>
				<Procedure>CleanData</Procedure>
				<AbortOnError>true</AbortOnError>
			</Action>
		</ActionSequence>
	</PageObject>
	<PageObject Type="Button">
		<Location top="336" left="6" bottom="363" right="192" />
		<TabOrder>7</TabOrder>
		<LeaveOnEnter>false</LeaveOnEnter>
		<ButtonType>Text</ButtonType>
		<Title>"Normal Completion"</Title>
		<ForegroundColor>
			<UserColor GUID="23F33851-505F-45B5-AA1F-5360CB8B3EFB">Text Blue</UserColor>
		</ForegroundColor>
		<Font GUID="0BDEF216-23B3-4F0F-B5D6-83C5A7303CF9" Name="Buttons" />
		<ActionSequence>
			<Action Type="Run">
				<RunWhat>SpecificProcecure</RunWhat>
				<Procedure>InputDataAnalysis</Procedure>
				<AbortOnError>true</AbortOnError>
			</Action>
		</ActionSequence>
	</PageObject>
	<UsedReferences>
		<Model>
			<Symbol>ProjectDeadline</Symbol>
			<Symbol>Predecessors</Symbol>
			<Symbol>TaskTime</Symbol>
			<Symbol>MaxReducedTime</Symbol>
			<Symbol>TaskCost</Symbol>
			<Symbol>ExtraUnitCost</Symbol>
			<Symbol>TimeReduction</Symbol>
			<Symbol>StartTime</Symbol>
			<Symbol>FinishTime</Symbol>
			<Symbol>Duration</Symbol>
			<Symbol>ProjectCompletionTime</Symbol>
			<Symbol>ProjectCost</Symbol>
			<Symbol>Nodes_XLocation</Symbol>
			<Symbol>Nodes_YLocation</Symbol>
			<Symbol>GUI_ArcColor</Symbol>
			<Symbol>GUI_TaskColor</Symbol>
			<Symbol>GUI_TextColor</Symbol>
			<Symbol>MainInitialization</Symbol>
			<Symbol>InputDataAnalysis</Symbol>
			<Symbol>MainExecution</Symbol>
			<Symbol>CleanData</Symbol>
			<Symbol>n</Symbol>
			<Symbol>n_from</Symbol>
			<Symbol>n_to</Symbol>
			<Symbol>t</Symbol>
			<Symbol>ts</Symbol>
		</Model>
	</UsedReferences>
</Page>
