<?xml version="1.0"?>
<Page Version="4000" TimeStamp="2015-10-27 19:04:38">
	<PageEditSize Type="Inherited" />
	<ProjectUUID>48F21F1F-E5E2-469D-BE4F-604D6946C1DF</ProjectUUID>
	<TemplatesTabOrderPosition>1</TemplatesTabOrderPosition>
	<Background Inherited="true" />
	<PageObject Type="Network Object">
		<Location top="138" left="276" bottom="666" right="804" />
		<TabOrder>1</TabOrder>
		<Font GUID="4B4C5D47-5469-4901-9BF7-0533B63FF808" Name="1" />
		<Border Style="InShadow" Width="2" MarginTop="5" MarginRight="5" MarginBottom="5" MarginLeft="5" />
		<BackgroundColor RGB="#d2d2d2" />
		<HorizontalScrollbar>true</HorizontalScrollbar>
		<VerticalScrollbar>true</VerticalScrollbar>
		<EqualXYScale>false</EqualXYScale>
		<ScrollControl>NavigationButtons</ScrollControl>
		<VisibleArea>
			<Left>XCoordMin</Left>
			<Right>XCoordMax</Right>
			<Top>YCoordMax</Top>
			<Bottom>YCoordMin</Bottom>
		</VisibleArea>
		<TotalArea>
			<Left>-60</Left>
			<Right>60</Right>
			<Top>60</Top>
			<Bottom>-60</Bottom>
		</TotalArea>
		<Node>
			<Identifier>i</Identifier>
			<XCoordinate>XCoordinate( i )</XCoordinate>
			<YCoordinate>YCoordinate( i )</YCoordinate>
			<NumberFormat Width="6" Decimals="2" />
			<MaximumSize>8</MaximumSize>
			<ScaleFactor>3</ScaleFactor>
			<TextPosition>Right</TextPosition>
			<TextShowWhat>ElementName</TextShowWhat>
			<Size>CustomersDemand( i )</Size>
			<TooltipText>CustomersDemand( i )</TooltipText>
			<Shape>Circle</Shape>
		</Node>
		<Arc>
			<Identifier>X( i, j, k )</Identifier>
			<NumberFormat Width="6" Decimals="2" />
			<MaximumSize>8</MaximumSize>
			<ScaleFactor>2</ScaleFactor>
			<TextPosition>Right</TextPosition>
			<Color>Xcolor( k )</Color>
			<ArrowPosition>63</ArrowPosition>
			<Shape>Straight</Shape>
			<FirstSegment>Horizontal</FirstSegment>
			<ClickWhere>EntireArc</ClickWhere>
		</Arc>
	</PageObject>
	<PageObject Type="Table">
		<Location top="138" left="78" bottom="714" right="240" />
		<TabOrder>2</TabOrder>
		<Font GUID="4B4C5D47-5469-4901-9BF7-0533B63FF808" Name="1" />
		<Border Style="InShadow" Width="2" MarginTop="5" MarginRight="5" MarginBottom="5" MarginLeft="5" />
		<BackgroundColor RGB="#ffffff" />
		<RowIndentation>3</RowIndentation>
		<ExplicitIdentifier>
			<Identifier>CustomersDemand( c )</Identifier>
			<FirstColumn>1</FirstColumn>
			<IdentifierTextInCell>true</IdentifierTextInCell>
			<HeaderText>"Demand"</HeaderText>
			<NumberFormat Width="5" Decimals="0" />
		</ExplicitIdentifier>
	</PageObject>
	<PageObject Type="Scalar">
		<Location top="672" left="546" bottom="714" right="804" />
		<TabOrder>3</TabOrder>
		<Font GUID="4B4C5D47-5469-4901-9BF7-0533B63FF808" Name="1" />
		<Border Style="InShadow" Width="2" MarginTop="5" MarginRight="5" MarginBottom="5" MarginLeft="5" />
		<BackgroundColor RGB="#ffffff" />
		<Layout>Text-Value</Layout>
		<SeparatorSign>=</SeparatorSign>
		<ExplicitIdentifier>
			<Identifier>TotalCost</Identifier>
			<NumberFormat Width="4" Decimals="0" Scientific="IfTooSmallorLarge" Alignment="Center" ShowDefaults="true" />
		</ExplicitIdentifier>
	</PageObject>
	<PageObject Type="Scalar">
		<Location top="672" left="276" bottom="714" right="534" />
		<TabOrder>4</TabOrder>
		<Font GUID="4B4C5D47-5469-4901-9BF7-0533B63FF808" Name="1" />
		<Border Style="InShadow" Width="2" MarginTop="5" MarginRight="5" MarginBottom="5" MarginLeft="5" />
		<BackgroundColor RGB="#ffffff" />
		<Layout>Text-Value</Layout>
		<SeparatorSign>=</SeparatorSign>
		<ExplicitIdentifier>
			<Identifier>NumberOfVehicles</Identifier>
			<NumberFormat Width="3" Decimals="0" Scientific="IfTooSmallorLarge" Alignment="Center" ShowDefaults="true" />
			<Title>"Vehicles"</Title>
		</ExplicitIdentifier>
	</PageObject>
	<PageObject Type="Rectangle">
		<Location top="60" left="72" bottom="720" right="246" />
		<Shape>Open</Shape>
		<FillColor RGB="#ffffff" />
		<LineColor RGB="#000000" />
		<LineWidth>3</LineWidth>
	</PageObject>
	<PageObject Type="Rectangle">
		<Location top="60" left="270" bottom="720" right="810" />
		<Shape>Open</Shape>
		<FillColor RGB="#ffffff" />
		<LineColor RGB="#000000" />
		<LineWidth>3</LineWidth>
	</PageObject>
	<PageObject Type="Text">
		<Location top="84" left="72" bottom="126" right="246" />
		<StaticText>Input</StaticText>
		<Alignment>Center</Alignment>
		<Font GUID="222CA504-8190-42F8-A718-92AFE9280373" Name="2" />
		<TextColor RGB="#000000" />
	</PageObject>
	<PageObject Type="Text">
		<Location top="84" left="450" bottom="126" right="624" />
		<StaticText>Output</StaticText>
		<Alignment>Center</Alignment>
		<Font GUID="222CA504-8190-42F8-A718-92AFE9280373" Name="2" />
		<TextColor RGB="#000000" />
	</PageObject>
	<PageObject Type="Button">
		<Location top="222" left="828" bottom="264" right="1002" />
		<TabOrder>5</TabOrder>
		<LeaveOnEnter>false</LeaveOnEnter>
		<ButtonType>Text</ButtonType>
		<Title>"Run"</Title>
		<Font GUID="4B4C5D47-5469-4901-9BF7-0533B63FF808" Name="1" />
		<ActionSequence>
			<Action Type="Run">
				<RunWhat>SpecificProcecure</RunWhat>
				<Procedure>MainExecution</Procedure>
				<AbortOnError>true</AbortOnError>
			</Action>
		</ActionSequence>
	</PageObject>
	<PageObject Type="Selection Object">
		<SelectionType>RadioButtons</SelectionType>
		<Location top="132" left="828" bottom="204" right="1002" />
		<Font GUID="00000000-0000-0000-0000-000000000001" Name="Main Font" />
		<TextShown>ElementName</TextShown>
		<Border Style="InShadow" Width="2" MarginTop="5" MarginRight="5" MarginBottom="5" MarginLeft="5" />
		<BackgroundColor RGB="#ffffff" />
		<ExplicitIdentifier>
			<Identifier>Formulation</Identifier>
		</ExplicitIdentifier>
	</PageObject>
	<PageObject Type="Text">
		<Location top="84" left="828" bottom="126" right="1002" />
		<StaticText>Formulation</StaticText>
		<Alignment>Center</Alignment>
		<Font GUID="222CA504-8190-42F8-A718-92AFE9280373" Name="2" />
		<TextColor RGB="#000000" />
	</PageObject>
	<UsedReferences>
		<Model>
			<Symbol>PossibleFormulations</Symbol>
			<Symbol>Formulation</Symbol>
			<Symbol>CustomersDemand</Symbol>
			<Symbol>NumberOfVehicles</Symbol>
			<Symbol>XCoordinate</Symbol>
			<Symbol>YCoordinate</Symbol>
			<Symbol>X</Symbol>
			<Symbol>TotalCost</Symbol>
			<Symbol>Xcolor</Symbol>
			<Symbol>XCoordMax</Symbol>
			<Symbol>XCoordMin</Symbol>
			<Symbol>YCoordMax</Symbol>
			<Symbol>YCoordMin</Symbol>
			<Symbol>MainExecution</Symbol>
			<Symbol>i</Symbol>
			<Symbol>j</Symbol>
			<Symbol>c</Symbol>
			<Symbol>k</Symbol>
		</Model>
	</UsedReferences>
</Page>
