<?xml version="1.0"?>
<Page Version="4000" TimeStamp="2014-10-02 11:08:38" NeedsCompiledModel="false">
	<Location top="23" left="4" bottom="644" right="768" />
	<PageEditSize Type="Inherited">
		<Size Width="772" Height="622" />
	</PageEditSize>
	<ProjectUUID>F726EABE-8D3D-4E3E-94BE-4700EF7E9162</ProjectUUID>
	<Title>"AIMMS Demo: Economic Exchange Equilibrium"</Title>
	<TemplatesTabOrderPosition>1</TemplatesTabOrderPosition>
	<ResizeData>
		<MainArea Line="FixedFromTop" Value="99">
			<TopArea Line="FixedFromLeft" Value="200" />
			<BottomArea Line="FixedFromLeft" Value="249">
				<LeftArea Line="FixedFromTop" Value="204" />
				<RightArea Line="FixedFromTop" Value="85">
					<BottomArea Line="FixedFromRight" Value="515" />
				</RightArea>
			</BottomArea>
		</MainArea>
	</ResizeData>
	<Background Inherited="true" />
	<HorizontalGridDistance>3</HorizontalGridDistance>
	<VerticalGridDistance>3</VerticalGridDistance>
	<PageObject Type="Text">
		<Location top="189" left="207" bottom="576" right="759" />
		<SourceType>File</SourceType>
		<FileName LiteralFileName="true">"Description.txt"</FileName>
		<Font GUID="C82FBF27-1614-41C9-B718-A431388D2B5A" Name="General Text" />
		<TextColor>
			<UserColor GUID="23F33851-505F-45B5-AA1F-5360CB8B3EFB">Text Blue</UserColor>
		</TextColor>
	</PageObject>
	<PageObject Type="Text">
		<Location top="588" left="210" bottom="615" right="762" />
		<StaticText>This example has been developed in collaboration with dr. Kenneth L. Judd.</StaticText>
		<Font GUID="00000000-0000-0000-0000-000000000001" Name="Main Font" />
		<TextColor RGB="#000000" />
	</PageObject>
	<UsedReferences>
		<Model />
	</UsedReferences>
</Page>
