<?xml version="1.0"?>
<Page Version="4000" TimeStamp="2014-10-02 11:08:38">
	<Location top="23" left="4" bottom="644" right="768" />
	<PageEditSize Type="Inherited">
		<Size Width="772" Height="622" />
	</PageEditSize>
	<ProjectUUID>F726EABE-8D3D-4E3E-94BE-4700EF7E9162</ProjectUUID>
	<TemplatesTabOrderPosition>1</TemplatesTabOrderPosition>
	<ResizeData>
		<MainArea Line="FixedFromTop" Value="99">
			<TopArea Line="FixedFromLeft" Value="200" />
			<BottomArea Line="FixedFromLeft" Value="249">
				<LeftArea Line="FixedFromTop" Value="204">
					<BottomArea Line="FixedFromTop" Value="120" />
				</LeftArea>
				<RightArea Line="FixedFromTop" Value="85" />
			</BottomArea>
		</MainArea>
	</ResizeData>
	<Background Inherited="true" />
	<PageObject Type="Button">
		<Location top="186" left="6" bottom="210" right="192" />
		<TabOrder>2</TabOrder>
		<LeaveOnEnter>false</LeaveOnEnter>
		<ButtonType>Text</ButtonType>
		<Transparent>true</Transparent>
		<Font GUID="00000000-0000-0000-0000-000000000001" Name="Main Font" />
		<ActionSequence>
			<Action Type="GotoPage" />
		</ActionSequence>
	</PageObject>
	<PageObject Type="Text">
		<Location top="192" left="18" bottom="216" right="174" />
		<StaticText>Results Overview</StaticText>
		<Font GUID="0BDEF216-23B3-4F0F-B5D6-83C5A7303CF9" Name="Buttons" />
		<TextColor>
			<UserColor GUID="1798981A-C40D-4713-BC08-E97545963465">Link</UserColor>
		</TextColor>
	</PageObject>
	<PageObject Type="Button">
		<Location top="246" left="6" bottom="270" right="192" />
		<TabOrder>4</TabOrder>
		<LeaveOnEnter>false</LeaveOnEnter>
		<ButtonType>Text</ButtonType>
		<Transparent>true</Transparent>
		<Font GUID="00000000-0000-0000-0000-000000000001" Name="Main Font" />
		<ActionSequence>
			<Action Type="GotoPage">
				<Destination>Parent</Destination>
			</Action>
		</ActionSequence>
	</PageObject>
	<PageObject Type="Text">
		<Location top="252" left="18" bottom="276" right="189" />
		<StaticText>Problem Description</StaticText>
		<Font GUID="0BDEF216-23B3-4F0F-B5D6-83C5A7303CF9" Name="Buttons" />
		<TextColor>
			<UserColor GUID="1798981A-C40D-4713-BC08-E97545963465">Link</UserColor>
		</TextColor>
	</PageObject>
	<PageObject Type="Network Object">
		<Location top="216" left="210" bottom="612" right="636" />
		<TabOrder>7</TabOrder>
		<Font GUID="00000000-0000-0000-0000-000000000001" Name="Main Font" />
		<Border Style="InShadow" Width="2" MarginTop="5" MarginRight="5" MarginBottom="5" MarginLeft="5" />
		<BackgroundColor RGB="#ffffff" />
		<HorizontalScrollbar>true</HorizontalScrollbar>
		<VerticalScrollbar>true</VerticalScrollbar>
		<ScrollControl>Scrollbars</ScrollControl>
		<AutoAdjust>Right</AutoAdjust>
		<VisibleArea>
			<Left>LeftMargin</Left>
			<Right>RightMargin</Right>
			<Top>TopMargin</Top>
			<Bottom>BottomMargin</Bottom>
		</VisibleArea>
		<Node>
			<Identifier>i</Identifier>
			<XCoordinate>x( i )</XCoordinate>
			<YCoordinate>y( i )</YCoordinate>
			<NumberFormat Width="6" Decimals="2" />
			<MaximumSize>100</MaximumSize>
			<TextPosition>Right</TextPosition>
			<TextShowWhat>ElementName</TextShowWhat>
			<Color>8C1FFC91-A781-4272-831D-2D86F23592E4 red</Color>
			<Size>15</Size>
			<Shape>Rectangle</Shape>
		</Node>
		<Node>
			<Identifier>at</Identifier>
			<XCoordinate>xAT( at )</XCoordinate>
			<YCoordinate>yAT( at )</YCoordinate>
			<NumberFormat Width="6" Decimals="2" />
			<MaximumSize>50</MaximumSize>
			<TextPosition>Right</TextPosition>
			<TextShowWhat>Nothing</TextShowWhat>
			<Color>8C1FFC91-A781-4272-831D-2D86F23592E4 red</Color>
			<Shape>Circle</Shape>
		</Node>
		<Node>
			<Identifier>m</Identifier>
			<XCoordinate>xMarket( m )</XCoordinate>
			<YCoordinate>yMarket( m )</YCoordinate>
			<NumberFormat Width="6" Decimals="2" />
			<MaximumSize>400</MaximumSize>
			<TextPosition>Right</TextPosition>
			<TextShowWhat>Nothing</TextShowWhat>
			<Size>75</Size>
			<NodeImageFile LiteralFileName="true">"&lt;prj&gt;:market.bmp"</NodeImageFile>
			<Shape>Bitmap</Shape>
		</Node>
		<Arc>
			<Identifier>TradeWithMarket( i, at )</Identifier>
			<NumberFormat Width="6" Decimals="2" />
			<MaximumSize>50</MaximumSize>
			<TextPosition>Right</TextPosition>
			<TextShowWhat>Nothing</TextShowWhat>
			<Color>ArcColors( i, at )</Color>
			<Size>TradeWithMarket( i, at )</Size>
			<Shape>Straight</Shape>
			<FirstSegment>Horizontal</FirstSegment>
			<ClickWhere>EntireArc</ClickWhere>
		</Arc>
	</PageObject>
	<PageObject Type="Button">
		<Location top="348" left="18" bottom="378" right="186" />
		<TabOrder>5</TabOrder>
		<LeaveOnEnter>false</LeaveOnEnter>
		<ButtonType>Text</ButtonType>
		<Title>"Zoom Reset"</Title>
		<Font GUID="0BDEF216-23B3-4F0F-B5D6-83C5A7303CF9" Name="Buttons" />
		<ActionSequence>
			<Action Type="Run">
				<RunWhat>SpecificProcecure</RunWhat>
				<Procedure>ResetNetwork</Procedure>
				<AbortOnError>true</AbortOnError>
			</Action>
		</ActionSequence>
	</PageObject>
	<PageObject Type="Button">
		<Location top="384" left="18" bottom="414" right="186" />
		<TabOrder>6</TabOrder>
		<LeaveOnEnter>false</LeaveOnEnter>
		<ButtonType>Text</ButtonType>
		<Title>ButtonText</Title>
		<Font GUID="0BDEF216-23B3-4F0F-B5D6-83C5A7303CF9" Name="Buttons" />
		<ActionSequence>
			<Action Type="Run">
				<RunWhat>SpecificProcecure</RunWhat>
				<Procedure>ChangeNetwork</Procedure>
				<AbortOnError>true</AbortOnError>
			</Action>
		</ActionSequence>
	</PageObject>
	<PageObject Type="Rectangle">
		<Location top="309" left="6" bottom="333" right="192" />
		<FillColor>
			<UserColor GUID="A3839E01-47DC-46BB-819D-6CECB851B151">Bar Blue</UserColor>
		</FillColor>
		<LineColor>
			<UserColor GUID="A3839E01-47DC-46BB-819D-6CECB851B151">Bar Blue</UserColor>
		</LineColor>
	</PageObject>
	<PageObject Type="Text">
		<Location top="312" left="18" bottom="333" right="186" />
		<StaticText>Controls</StaticText>
		<Font GUID="107CF1DD-5B8E-41FC-BD55-10C950947E3C" Name="Headers" />
		<TextColor>
			<UserColor GUID="B5956EEA-5F3E-4BD0-85C7-9F70EB490991">Header Blue</UserColor>
		</TextColor>
	</PageObject>
	<PageObject Type="Text">
		<Location top="192" left="210" bottom="216" right="432" />
		<SourceType>StringParameter</SourceType>
		<StringParameter>NetworkTitle</StringParameter>
		<Font GUID="C82FBF27-1614-41C9-B718-A431388D2B5A" Name="General Text" />
		<TextColor>
			<UserColor GUID="23F33851-505F-45B5-AA1F-5360CB8B3EFB">Text Blue</UserColor>
		</TextColor>
	</PageObject>
	<PageObject Type="Text">
		<Location top="192" left="648" bottom="216" right="768" />
		<StaticText>Legend:</StaticText>
		<Font GUID="C82FBF27-1614-41C9-B718-A431388D2B5A" Name="General Text" />
		<TextColor>
			<UserColor GUID="23F33851-505F-45B5-AA1F-5360CB8B3EFB">Text Blue</UserColor>
		</TextColor>
	</PageObject>
	<PageObject Type="Indexed Page Object">
		<Location top="216" left="642" bottom="612" right="762" />
		<TabOrder>8</TabOrder>
		<TabStop>false</TabStop>
		<Border Style="None" />
		<Rows>
			<ElementParameter>ATOfLegend</ElementParameter>
		</Rows>
		<Columns>
			<FixedNumber>1</FixedNumber>
		</Columns>
		<PageToShow PageGUID="62444092-B55E-4582-963D-C57DDC035B8D" Name="Legend" />
		<BackgroundColor RGB="#ffffff" />
		<ForeGroundColor>
			<UserColor GUID="4C29CF98-3E51-4BAA-8563-90FCE3E3DF3B">default background</UserColor>
		</ForeGroundColor>
	</PageObject>
	<PageObject Type="Button">
		<Location top="216" left="6" bottom="240" right="192" />
		<TabOrder>3</TabOrder>
		<LeaveOnEnter>false</LeaveOnEnter>
		<ButtonType>Text</ButtonType>
		<Transparent>true</Transparent>
		<Font GUID="00000000-0000-0000-0000-000000000001" Name="Main Font" />
		<ActionSequence>
			<Action Type="LinkedPage">
				<Page PageGUID="729BBEC7-5617-484E-9971-76814C49F351" Name="Input Overview" />
			</Action>
		</ActionSequence>
	</PageObject>
	<PageObject Type="Text">
		<Location top="222" left="18" bottom="246" right="174" />
		<StaticText>Input Overview</StaticText>
		<Font GUID="0BDEF216-23B3-4F0F-B5D6-83C5A7303CF9" Name="Buttons" />
		<TextColor>
			<UserColor GUID="1798981A-C40D-4713-BC08-E97545963465">Link</UserColor>
		</TextColor>
	</PageObject>
	<UsedReferences>
		<Model>
			<Symbol>x</Symbol>
			<Symbol>y</Symbol>
			<Symbol>xMarket</Symbol>
			<Symbol>yMarket</Symbol>
			<Symbol>xAT</Symbol>
			<Symbol>yAT</Symbol>
			<Symbol>TradeWithMarket</Symbol>
			<Symbol>ButtonText</Symbol>
			<Symbol>NetworkTitle</Symbol>
			<Symbol>LeftMargin</Symbol>
			<Symbol>RightMargin</Symbol>
			<Symbol>TopMargin</Symbol>
			<Symbol>BottomMargin</Symbol>
			<Symbol>ArcColors</Symbol>
			<Symbol>ATOfLegend</Symbol>
			<Symbol>ResetNetwork</Symbol>
			<Symbol>ChangeNetwork</Symbol>
			<Symbol>i</Symbol>
			<Symbol>m</Symbol>
			<Symbol>at</Symbol>
		</Model>
	</UsedReferences>
</Page>
