<?xml version="1.0"?>
<ExportSettings>
	<ExcludedFile>backup</ExcludedFile>
	<ExcludedFile>IncidentMaterials</ExcludedFile>
	<ExcludedFile>log</ExcludedFile>
	<ExcludedFile>MainProject\WebUI</ExcludedFile>
	<ExcludedFile>PROTemp</ExcludedFile>
	<ExcludedFile>tracings</ExcludedFile>
	<ExcludedFile>IncidentSummary.zip</ExcludedFile>
	<ExcludedFile>pro_arguments_.txt</ExcludedFile>
	<ExcludedFile>PROLog.cfg</ExcludedFile>
	<ExcludedFile>Library Repository (local copy)</ExcludedFile>
</ExportSettings>
