<?xml version="1.0"?>
<TemplateManager>
	<Template Name="Size Template" PageGUID="76EB905C-44B4-402E-8720-6BA2CD3153CE" CrossLibraryDuplicate="66E08D8C-5677-49B5-970F-BB85475A48BE|7A30BA12-AC42-4146-A93D-E4548F258B02|Size Template">
		<Template Name="Navigation Template" PageGUID="0F978663-9BFE-492C-A2CB-5471883B3A8F" CrossLibraryDuplicate="66E08D8C-5677-49B5-970F-BB85475A48BE|61773C34-8B80-4108-9801-6DC1546D5BE5|Navigation Template">
			<Template Name="Background Info Template" PageGUID="B2064E80-EE11-4AC7-988E-869F936717EF" CrossLibraryDuplicate="66E08D8C-5677-49B5-970F-BB85475A48BE|C7574000-4FC1-46D2-B002-6EE0872FA828|Background Info Template">
				<Page Name="AIMMS Demo" PageGUID="40802BB0-917E-4589-AEEB-0105B630B8DF" />
			</Template>
			<Page Name="Gantt Chart page" PageGUID="37504931-2A55-4049-8919-3723EC41854E" />
		</Template>
	</Template>
	<Page Name="Page 1" PageGUID="69DD239E-29CB-4951-92B2-17B11C0BEDF1" />
</TemplateManager>
