{
  "version": "4.67.0",
  "application": {
    "aimms.widget.type": {
      "literal": "application"
    },
    "browser.language": {
      "aimms": {
        "contents": [
          "webui::ClientBrowserLanguage"
        ]
      }
    },
    "browser.name": {
      "aimms": {
        "contents": [
          "webui::ClientBrowserName"
        ]
      }
    },
    "browser.timezone": {
      "aimms": {
        "contents": [
          "webui::BrowserTimeZone"
        ]
      }
    },
    "browsername": {
      "aimms": {
        "contents": [
          "webui::ClientBrowserName"
        ]
      }
    },
    "browsertimezone": {
      "aimms": {
        "contents": [
          "webui::BrowserTimeZone"
        ]
      }
    },
    "ignoredst": {
      "aimms": {
        "contents": [
          "webui::IgnoreDST"
        ]
      }
    },
    "theme.classic": {
      "literal": "NOT_ALLOWED"
    },
    "timezone": {
      "aimms": {
        "contents": [
          "webui::DisplayTimeZone"
        ]
      }
    },
    "timezone.dst.readonly": {
      "aimms": {
        "contents": [
          "webui::DefaultDSTSettingForDisplayTimeZone"
        ]
      }
    },
    "ui.editable": {
      "literal": 0
    }
  },
  "pages/home": {
    "aimms.widget.type": {
      "literal": "pagev2-grid"
    },
    "bindings": {
      "literal": [
        {
          "widgetUri": "Session info",
          "gridArea": "area-a",
          "dndId": "area-aSession info0"
        },
        {
          "widgetUri": "solve",
          "gridArea": "area-a",
          "dndId": "area-asolve1"
        },
        {
          "widgetUri": "xyo",
          "gridArea": "area-a",
          "dndId": "area-cxyo2"
        }
      ]
    },
    "layoutId": {
      "literal": "Layout7"
    },
    "onload": {
      "aimms": {
        "run": "pr_openPageWebUI"
      }
    },
    "pageleave": {
      "aimms": {
        "run": "pr_closePageWebUI"
      }
    },
    "widgets": {
      "literal": [
        {
          "uri": "Session info",
          "layoutInfo": {
            "width": "4",
            "height": "2",
            "customPosition": ""
          }
        },
        {
          "uri": "solve",
          "layoutInfo": {
            "width": "2",
            "height": "1"
          }
        },
        {
          "uri": "xyo",
          "layoutInfo": {
            "width": "2",
            "height": "1"
          }
        }
      ]
    }
  },
  "widgets/xyo": {
    "aimms.widget.type": {
      "literal": "scalar"
    },
    "contents": {
      "aimms": {
        "contents": [
          "x",
          "y",
          "o"
        ]
      }
    },
    "name": {
      "literal": "xyo"
    },
    "title": {
      "literal": "Variable values"
    },
    "views": {
      "literal": {}
    }
  },
  "widgets/Session info": {
    "aimms.widget.type": {
      "literal": "scalar"
    },
    "contents": {
      "aimms": {
        "contents": [
          "p_visits"
        ]
      }
    },
    "contents.numdecimals": {
      "literal": 0
    },
    "name": {
      "literal": "Session info"
    },
    "title": {
      "literal": "Session info"
    },
    "views": {
      "literal": {}
    }
  },
  "widgets/solve": {
    "action": {
      "literal": {
        "type": "procedure",
        "value": "pr_solve"
      }
    },
    "aimms.widget.type": {
      "literal": "button"
    },
    "name": {
      "literal": "solve"
    },
    "title": {
      "literal": "solve"
    }
  }
}