<?xml version="1.0"?>
<Page Version="4000" TimeStamp="2019-08-14 08:07:04">
	<PageEditSize Type="Inherited" />
	<ProjectUUID>CF55C225-C2CB-402E-A2BE-2A186C8499D4</ProjectUUID>
	<TemplatesTabOrderPosition>1</TemplatesTabOrderPosition>
	<Background Inherited="true" />
	<PageObject Type="Button">
		<Location top="30" left="60" bottom="288" right="894" />
		<LeaveOnEnter>false</LeaveOnEnter>
		<ButtonType>Text</ButtonType>
		<Title>"StartJobThatWaitsAWhile"</Title>
		<Font GUID="00000000-0000-0000-0000-000000000001" Name="Main Font" />
		<ActionSequence>
			<Action Type="Run">
				<RunWhat>SpecificProcecure</RunWhat>
				<Procedure>MainExecution</Procedure>
				<AbortOnError>true</AbortOnError>
			</Action>
		</ActionSequence>
	</PageObject>
	<UsedReferences>
		<Model>
			<Symbol>MainExecution</Symbol>
		</Model>
	</UsedReferences>
</Page>
