{
  "application": {
    "aimms.widget.type": {
      "literal": "application"
    },
    "browser.language": {
      "aimms": {
        "contents": [
          "webui::ClientBrowserLanguage"
        ]
      }
    },
    "browser.name": {
      "aimms": {
        "contents": [
          "webui::ClientBrowserName"
        ]
      }
    },
    "browser.timezone": {
      "aimms": {
        "contents": [
          "webui::BrowserTimeZone"
        ]
      }
    },
    "ignoredst": {
      "aimms": {
        "contents": [
          "webui::IgnoreDST"
        ]
      }
    },
    "theme.classic": {
      "literal": "NOT_ALLOWED"
    },
    "timezone": {
      "aimms": {
        "contents": [
          "webui::DisplayTimeZone"
        ]
      }
    }
  },
  "version": "4.67.0"
}