{
  "version": "4.67.0",
  "application": {
    "aimms.widget.type": {
      "literal": "application"
    },
    "browsername": {
      "aimms": {
        "contents": [
          "webui::ClientBrowserName"
        ]
      }
    },
    "browsertimezone": {
      "aimms": {
        "contents": [
          "webui::BrowserTimeZone"
        ]
      }
    },
    "ignoredst": {
      "aimms": {
        "contents": [
          "webui::IgnoreDST"
        ]
      }
    },
    "pages": {
      "literal": {
        "name": "root",
        "slug": "root",
        "children": [
          {
            "name": "Main Project",
            "slug": "main_project",
            "children": [
              {
                "name": "Demo",
                "type": "pagev2-grid",
                "slug": "demo",
                "children": []
              },
              {
                "name": "home",
                "slug": "home",
                "type": "pagev2-grid",
                "children": []
              }
            ]
          }
        ]
      }
    },
    "theme.classic": {
      "literal": "NOT_ALLOWED"
    },
    "timezone": {
      "aimms": {
        "contents": [
          "webui::DisplayTimeZone"
        ]
      }
    },
    "timezone.dst.readonly": {
      "aimms": {
        "contents": [
          "webui::DefaultDSTSettingForDisplayTimeZone"
        ]
      }
    }
  },
  "pages/demo": {
    "aimms.widget.type": {
      "literal": "pagev2-grid"
    },
    "bindings": {
      "literal": [
        {
          "widgetUri": "tableLocationData",
          "gridArea": "area-a",
          "dndId": "area-atableLocationData0"
        },
        {
          "widgetUri": "mapWorld",
          "gridArea": "area-b",
          "dndId": "Unassigned widgetsmapWorld"
        }
      ]
    },
    "layoutId": {
      "literal": "Layout1"
    },
    "widgets": {
      "literal": [
        {
          "uri": "tableLocationData",
          "layoutInfo": {
            "width": "2",
            "height": "1"
          }
        },
        {
          "uri": "mapWorld",
          "layoutInfo": {
            "width": "2",
            "height": "1"
          }
        }
      ]
    }
  },
  "widgets/mapWorld": {
    "aimms.widget.type": {
      "literal": "map-v2"
    },
    "center.latitude": {
      "literal": 53.29479613071708
    },
    "center.longitude": {
      "literal": 13.985595703125002
    },
    "name": {
      "literal": "mapWorld"
    },
    "nodes.__display_order__": {
      "literal": [
        "nodes.0"
      ]
    },
    "nodes.0": {
      "aimms": {
        "contents": [
          "locationSearch::p_lon",
          "locationSearch::p_lat",
          "locationSearch::p_shownLocSize",
          "locationSearch::sp_shownIcon"
        ],
        "slices": [
          {
            "identifier": "locationSearch::p_lon",
            "slice": [
              {
                "index": "locationSearch::i_loc",
                "type": "free",
                "value": "locationSearch::i_loc"
              }
            ]
          },
          {
            "identifier": "locationSearch::p_lat",
            "slice": [
              {
                "index": "locationSearch::i_loc",
                "type": "free",
                "value": "locationSearch::i_loc"
              }
            ]
          },
          {
            "identifier": "locationSearch::p_shownLocSize",
            "slice": [
              {
                "index": "locationSearch::i_loc",
                "type": "free",
                "value": "locationSearch::i_loc"
              }
            ]
          },
          {
            "identifier": "locationSearch::sp_shownIcon",
            "slice": [
              {
                "index": "locationSearch::i_loc",
                "type": "free",
                "value": "locationSearch::i_loc"
              }
            ]
          }
        ]
      }
    },
    "nodes.0.icon": {
      "literal": {
        "identifier": "locationSearch::sp_shownIcon",
        "slice": [
          {
            "index": "locationSearch::i_loc",
            "type": "free",
            "value": "locationSearch::i_loc"
          }
        ]
      }
    },
    "nodes.0.index": {
      "literal": {
        "identifier": "locationSearch::i_loc"
      }
    },
    "nodes.0.latitude": {
      "literal": {
        "identifier": "locationSearch::p_lat",
        "slice": [
          {
            "index": "locationSearch::i_loc",
            "type": "free",
            "value": "locationSearch::i_loc"
          }
        ]
      }
    },
    "nodes.0.longitude": {
      "literal": {
        "identifier": "locationSearch::p_lon",
        "slice": [
          {
            "index": "locationSearch::i_loc",
            "type": "free",
            "value": "locationSearch::i_loc"
          }
        ]
      }
    },
    "nodes.0.maximumreferencesize": {
      "aimms": {
        "contents": [
          "locationSearch::p_shownLocRefSize"
        ],
        "slices": []
      }
    },
    "nodes.0.size": {
      "literal": {
        "identifier": "locationSearch::p_shownLocSize",
        "slice": [
          {
            "index": "locationSearch::i_loc",
            "type": "free",
            "value": "locationSearch::i_loc"
          }
        ]
      }
    },
    "zoom": {
      "literal": 7
    }
  },
  "widgets/tableLocationData": {
    "aimms.widget.type": {
      "literal": "table"
    },
    "contents": {
      "aimms": {
        "contents": [
          "locationSearch::sp_givenName",
          "locationSearch::p_lat",
          "locationSearch::p_lon",
          "locationSearch::sp_displayName"
        ]
      }
    },
    "contents.numdecimals": {
      "literal": 6
    },
    "contents.partition": {
      "literal": {
        "rowHeader": [
          "locationSearch::i_loc"
        ],
        "colHeader": [
          "<IDENTIFIER-SET>"
        ],
        "aggregated": []
      }
    },
    "custom.column.widths": {
      "literal": [
        {
          "type": "colHeader",
          "colKey": {
            "<IDENTIFIER-SET>": "locationSearch::sp_givenName"
          },
          "width": 29.51
        },
        {
          "type": "colHeader",
          "colKey": {
            "<IDENTIFIER-SET>": "locationSearch::p_lat"
          },
          "width": 17.05
        },
        {
          "type": "colHeader",
          "colKey": {
            "<IDENTIFIER-SET>": "locationSearch::p_lon"
          },
          "width": 17.24
        },
        {
          "type": "colHeader",
          "colKey": {
            "<IDENTIFIER-SET>": "locationSearch::sp_displayName"
          },
          "width": 192.02
        },
        {
          "type": "rowHeader",
          "colKey": "locationSearch::i_loc",
          "width": 10.17
        }
      ]
    },
    "name": {
      "literal": "tableLocationData"
    }
  }
}