<?xml version="1.0"?>
<TemplateManager>
	<Template Name="Size Template" PageGUID="E8D5650A-638B-4C83-A1EA-F8E9592018F7" CrossLibraryDuplicate="66E08D8C-5677-49B5-970F-BB85475A48BE|6A8815C4-5811-47AB-BC76-82C3180C1295|Size Template">
		<Template Name="Navigation Template" PageGUID="AC6EE750-7090-4440-941D-2CA27AC0B9A6" CrossLibraryDuplicate="66E08D8C-5677-49B5-970F-BB85475A48BE|3241DDB1-55C5-441B-9DC8-359086631B74|Navigation Template">
			<Template Name="Background Info Template" PageGUID="6C7BE9D1-D2BC-4DF1-92B9-DC624A28034E" CrossLibraryDuplicate="66E08D8C-5677-49B5-970F-BB85475A48BE|153A8CDB-E916-4F3B-B652-41C25F2C9CB5|Background Info Template" />
			<Page Name="AIMMS Demo" PageGUID="78367511-2784-4D7A-B0E4-642DD25D9615" />
		</Template>
	</Template>
	<Page Name="Resizable Page" PageGUID="84F0A939-A49C-4441-9657-7A597EF21F24" />
	<Page Name="Nonresizable Page" PageGUID="E61FB01B-5ED2-4A86-AF06-C92E5D668378" />
	<Page Name="Complete Page" PageGUID="86D7D1FB-0AD7-4FF5-92A9-E208463327C8" />
	<Page Name="Complete Page Nonresizable" PageGUID="FA67C163-D53F-4E79-8973-893DE47F626A" />
</TemplateManager>
