<?xml version="1.0"?>
<UserMenuTree Version="4000" TimeStamp="2015-10-01 09:56:20">
	<Menubar Name="Softdrink Planning Menubar" UUID="0DF9416E-A873-48BB-8385-35D3FA1CBC00">
		<Menu Name="&amp;File" UUID="910C368D-2749-4306-BB57-B9188B8F23FC">
			<Menu Name="Backup" UUID="A602DD76-5C0C-45A8-AC8C-EF347E4A4E03">
				<MenuItem Name="Create..." UUID="37367617-E490-4C42-982C-2503322F1684" BitmapIndex="31">
					<ActionSequence>
						<Action Type="MenuCommand">
							<Command>File-Backup-Data-Create</Command>
						</Action>
					</ActionSequence>
					<Help>
						<StatusLineText>"Creates a backup file of the current data"</StatusLineText>
						<Tooltip>"Create Data Backup"</Tooltip>
					</Help>
				</MenuItem>
				<MenuItem Name="Restore..." UUID="8EB6D96C-F66F-4C22-A5D7-FCCA24E6A4F3" BitmapIndex="31">
					<ActionSequence>
						<Action Type="MenuCommand">
							<Command>File-Backup-Data-Restore</Command>
						</Action>
					</ActionSequence>
					<Help>
						<StatusLineText>"Restores a previously created data backup"</StatusLineText>
						<Tooltip>"Restore Data Backup"</Tooltip>
					</Help>
				</MenuItem>
			</Menu>
			<Separator />
			<MenuItem Name="Print Set&amp;up..." UUID="65F6AD5B-83DC-4696-BECF-FC0C1458D046" BitmapIndex="12">
				<ActionSequence>
					<Action Type="MenuCommand">
						<Command>File-Print Setup</Command>
					</Action>
				</ActionSequence>
				<Help>
					<StatusLineText>"Opens the Windows Print Setup dialog"</StatusLineText>
					<Tooltip>"Print Setup"</Tooltip>
				</Help>
			</MenuItem>
			<MenuItem Name="&amp;Print" UUID="E4317F91-2AED-4BCE-9C32-D3F5F2C6A791" BitmapIndex="11">
				<ActionSequence>
					<Action Type="MenuCommand">
						<Command>File-Print</Command>
					</Action>
				</ActionSequence>
				<Help>
					<StatusLineText>"Prints the contents of the active window"</StatusLineText>
					<Tooltip>"Print"</Tooltip>
				</Help>
			</MenuItem>
			<Separator />
			<MenuItem Name="E&amp;xit" UUID="C3FB6461-5042-4ABB-B711-AEFAE2D77E16" BitmapIndex="13">
				<ActionSequence>
					<Action Type="MenuCommand">
						<Command>File-Exit</Command>
					</Action>
				</ActionSequence>
				<Help>
					<StatusLineText>"Closes the current project and exits AIMMS"</StatusLineText>
					<Tooltip>"Exit"</Tooltip>
				</Help>
			</MenuItem>
		</Menu>
		<Menu Name="&amp;Edit" UUID="7E44A7FA-0887-40A5-9703-4F84D48FF381">
			<MenuItem Name="Undo &amp;Last" UUID="E1B037EA-B146-47A6-A17D-A91F0E190369" BitmapIndex="14">
				<ActionSequence>
					<Action Type="MenuCommand">
						<Command>Edit-Undo Last</Command>
					</Action>
				</ActionSequence>
				<Help>
					<StatusLineText>"Undoes the last data change"</StatusLineText>
					<Tooltip>"Undo Last"</Tooltip>
				</Help>
			</MenuItem>
			<MenuItem Name="&amp;Undo..." UUID="FEC8338F-D36F-4C14-9E52-465504CB4F55" BitmapIndex="15">
				<ActionSequence>
					<Action Type="MenuCommand">
						<Command>Edit-Undo</Command>
					</Action>
				</ActionSequence>
				<Help>
					<StatusLineText>"Undoes a set of data changes"</StatusLineText>
					<Tooltip>"Undo"</Tooltip>
				</Help>
			</MenuItem>
			<Separator />
			<MenuItem Name="Cu&amp;t" UUID="BDE34C9C-30F0-4605-A332-A8948E488DD7" ShortcutKey="2350" BitmapIndex="16">
				<ActionSequence>
					<Action Type="MenuCommand">
						<Command>Edit-Cut</Command>
					</Action>
				</ActionSequence>
				<Help>
					<StatusLineText>"Cuts the selected data and puts it onto the clipboard"</StatusLineText>
					<Tooltip>"Cut"</Tooltip>
				</Help>
			</MenuItem>
			<MenuItem Name="&amp;Copy" UUID="CF0E587A-33DE-47AD-86A4-C838D424891E" ShortcutKey="579" BitmapIndex="17">
				<ActionSequence>
					<Action Type="MenuCommand">
						<Command>Edit-Copy</Command>
					</Action>
				</ActionSequence>
				<Help>
					<StatusLineText>"Copies the selected data onto the clipboard"</StatusLineText>
					<Tooltip>"Copy"</Tooltip>
				</Help>
			</MenuItem>
			<MenuItem Name="&amp;Paste" UUID="D6973686-260A-444B-AD6E-DF8F476184DB" ShortcutKey="598" BitmapIndex="18">
				<ActionSequence>
					<Action Type="MenuCommand">
						<Command>Edit-Paste</Command>
					</Action>
				</ActionSequence>
				<Help>
					<StatusLineText>"Paste the data from the clipboard into the current object"</StatusLineText>
					<Tooltip>"Paste"</Tooltip>
				</Help>
			</MenuItem>
			<MenuItem Name="&amp;Delete" UUID="80617DAD-19AE-45C0-9EA5-76F079B6060F" BitmapIndex="19">
				<ActionSequence>
					<Action Type="MenuCommand">
						<Command>Edit-Delete</Command>
					</Action>
				</ActionSequence>
				<Help>
					<StatusLineText>"Deletes the selected object"</StatusLineText>
					<Tooltip>"Delete"</Tooltip>
				</Help>
			</MenuItem>
		</Menu>
		<Menu Name="&amp;Data" UUID="447FEA9E-72CA-4AF2-80B4-94421B9E6B9E">
			<Menu Name="Load &amp;Case" UUID="EC1646D8-CD6C-4101-8AD1-71A27FF8D6EE">
				<MenuItem Name="as &amp;Active..." UUID="E72AAE1F-9A69-4CA6-AD23-31A045E6FA62" BitmapIndex="21">
					<ActionSequence>
						<Action Type="MenuCommand">
							<Command>Case-Load As Active</Command>
						</Action>
					</ActionSequence>
					<Help>
						<StatusLineText>"Loads an existing case and makes it the current case"</StatusLineText>
						<Tooltip>"Load Case"</Tooltip>
					</Help>
				</MenuItem>
				<MenuItem Name="in&amp;to Active..." UUID="00EE4716-B0DF-4045-B955-6503487E820D" BitmapIndex="24">
					<ActionSequence>
						<Action Type="MenuCommand">
							<Command>Case-Load into Active</Command>
						</Action>
					</ActionSequence>
					<Help>
						<StatusLineText>"Loads the data from an existing case into the current case"</StatusLineText>
						<Tooltip>"Load Case into Current"</Tooltip>
					</Help>
				</MenuItem>
				<MenuItem Name="&amp;Merging into Active..." UUID="71531553-0112-4375-8D58-5F452D99E9F0" BitmapIndex="31">
					<ActionSequence>
						<Action Type="MenuCommand">
							<Command>Case-Merging into Active</Command>
						</Action>
					</ActionSequence>
					<Help>
						<StatusLineText>"Merges the data from an existing case with the the current case"</StatusLineText>
						<Tooltip>"Merge Case into Current"</Tooltip>
					</Help>
				</MenuItem>
			</Menu>
			<MenuItem Name="&amp;New Case" UUID="496592CF-6D2C-45CA-9E0C-918E10B7F3BA" BitmapIndex="20">
				<ActionSequence>
					<Action Type="MenuCommand">
						<Command>Case-New</Command>
					</Action>
				</ActionSequence>
				<Help>
					<StatusLineText>"Creates a new, empty case and makes it the current case"</StatusLineText>
					<Tooltip>"New Case"</Tooltip>
				</Help>
			</MenuItem>
			<MenuItem Name="&amp;Save Case" UUID="92FF438A-0BEC-48A4-9A9A-7F83DD03EF00" BitmapIndex="22">
				<ActionSequence>
					<Action Type="MenuCommand">
						<Command>Case-Save</Command>
					</Action>
				</ActionSequence>
				<Help>
					<StatusLineText>"Saves all data to the current case"</StatusLineText>
					<Tooltip>"Save Case"</Tooltip>
				</Help>
			</MenuItem>
			<MenuItem Name="Save Case &amp;as..." UUID="324B4968-138C-424F-B405-BEBFF7C08B75" BitmapIndex="23">
				<ActionSequence>
					<Action Type="MenuCommand">
						<Command>Case-Save As</Command>
					</Action>
				</ActionSequence>
				<Help>
					<StatusLineText>"Saves all data to a new case"</StatusLineText>
					<Tooltip>"Save Case As"</Tooltip>
				</Help>
			</MenuItem>
			<Separator />
			<Separator />
			<MenuItem Name="&amp;Multiple Cases..." UUID="71C68D77-BF54-4DCB-AC3E-87C6C32C9B1C" BitmapIndex="31">
				<ActionSequence>
					<Action Type="MenuCommand">
						<Command>Data-Multiple Cases</Command>
					</Action>
				</ActionSequence>
				<Help>
					<StatusLineText>""</StatusLineText>
					<Tooltip>""</Tooltip>
				</Help>
			</MenuItem>
		</Menu>
		<Menu Name="&amp;Run" UUID="DB041226-D5DC-458C-A2FD-F49C5FA9B4CC">
			<MenuItem Name="Run Next" UUID="FF046656-57DD-4DC1-B23A-8733CE9EF65F">
				<ActionSequence>
					<Action Type="Run">
						<RunWhat>SpecificProcecure</RunWhat>
						<Procedure>RollHorizonOnce</Procedure>
						<AbortOnError>true</AbortOnError>
					</Action>
				</ActionSequence>
			</MenuItem>
			<MenuItem Name="Run All" UUID="3C63E6F4-0D1B-4678-8A98-48C2F7E0A388">
				<ActionSequence>
					<Action Type="Run">
						<RunWhat>SpecificProcecure</RunWhat>
						<Procedure>RollHorizonToEnd</Procedure>
						<AbortOnError>true</AbortOnError>
					</Action>
				</ActionSequence>
			</MenuItem>
			<Separator />
			<MenuItem Name="Restart" UUID="0B619BBB-FA2D-4BB1-AFAC-8930E94CB1FC">
				<ActionSequence>
					<Action Type="Run">
						<RunWhat>SpecificProcecure</RunWhat>
						<Procedure>MovePlanningIntervalToStartOfCalendar</Procedure>
						<AbortOnError>true</AbortOnError>
					</Action>
				</ActionSequence>
			</MenuItem>
		</Menu>
		<Menu Name="&amp;Overview" UUID="7B634BD7-A131-438B-B6E6-CF60C6F230E9">
			<NavigationMenu Name="Overview Pages" UUID="437E97FE-D869-4E36-A22D-B863B904C484">
				<NavigationData>
					<ReferencePage>Other</ReferencePage>
					<OtherPage PageGUID="202F0B55-644B-4CE3-AA99-E3821BDC9BAA" Name="Contents" />
					<NumberOfGenerations>1</NumberOfGenerations>
				</NavigationData>
			</NavigationMenu>
		</Menu>
		<Menu Name="&amp;Window" UUID="AE6C03D6-A899-46DA-AC4C-94A090CE8FBD">
			<Control>
				<ShowWindowList>true</ShowWindowList>
			</Control>
			<Menu Name="&amp;Layout" UUID="F3DEC439-46D7-4962-B6F2-4FFBFD7A2E0C">
				<MenuItem Name="&amp;Developer" UUID="DB96E668-C1FB-405D-BA4D-C19C2BA65BF2" BitmapIndex="31">
					<ActionSequence>
						<Action Type="MenuCommand" />
					</ActionSequence>
					<Help>
						<StatusLineText>"Switch to the Developer layout of docking windows"</StatusLineText>
						<Tooltip>"Developer Layout"</Tooltip>
					</Help>
				</MenuItem>
				<MenuItem Name="&amp;End-User" UUID="66410913-7A83-4751-9939-4F9900018E59" BitmapIndex="31">
					<ActionSequence>
						<Action Type="MenuCommand" />
					</ActionSequence>
					<Help>
						<StatusLineText>"Switch to the End-User layout of docking windows"</StatusLineText>
						<Tooltip>"End User Layout"</Tooltip>
					</Help>
				</MenuItem>
				<Separator />
				<MenuItem Name="&amp;Reset to Default" UUID="7A0D09B5-E871-48AA-A958-2687A8DE20CE" BitmapIndex="31">
					<ActionSequence>
						<Action Type="MenuCommand" />
					</ActionSequence>
					<Help>
						<StatusLineText>""</StatusLineText>
						<Tooltip>""</Tooltip>
					</Help>
				</MenuItem>
				<Separator />
				<MenuItem Name="&amp;Save Layouts to Project" UUID="CBF20B27-4A9E-4C87-9706-8C3047A66AA3" BitmapIndex="31">
					<ActionSequence>
						<Action Type="MenuCommand" />
					</ActionSequence>
					<Help>
						<StatusLineText>""</StatusLineText>
						<Tooltip>""</Tooltip>
					</Help>
				</MenuItem>
			</Menu>
			<Separator />
			<MenuItem Name="&amp;Next Window" UUID="FF54FB96-C02E-423A-9604-2705F21059D9" BitmapIndex="44">
				<ActionSequence>
					<Action Type="MenuCommand">
						<Command>Window-Next Window</Command>
					</Action>
				</ActionSequence>
				<Help>
					<StatusLineText>"Sets the next window as the active window"</StatusLineText>
					<Tooltip>"Next Window"</Tooltip>
				</Help>
			</MenuItem>
			<MenuItem Name="Close &amp;All Windows" UUID="2C887F84-3811-4DDC-8DF6-E05A03BE9209" BitmapIndex="31">
				<ActionSequence>
					<Action Type="MenuCommand">
						<Command>File-Close All</Command>
					</Action>
				</ActionSequence>
				<Help>
					<StatusLineText>"Closes all currently opened (non-docking) windows"</StatusLineText>
					<Tooltip>"Close All Windows"</Tooltip>
				</Help>
			</MenuItem>
			<MenuItem Name="Close All &amp;Other Windows" UUID="F596A2BC-2608-4FB5-A5DB-E9C9D7C4859D" BitmapIndex="31">
				<ActionSequence>
					<Action Type="MenuCommand" />
				</ActionSequence>
				<Help>
					<StatusLineText>"Closes all currently opened (non-docking) windows, except the active one"</StatusLineText>
					<Tooltip>"Close All Other Windows"</Tooltip>
				</Help>
			</MenuItem>
			<Separator />
			<MenuItem Name="&amp;Progress Window" UUID="EAB37E54-3FE4-4F2D-9367-E307B4526434" ShortcutKey="592" BitmapIndex="31">
				<ActionSequence>
					<Action Type="MenuCommand">
						<Command>Window-Progress Window</Command>
					</Action>
				</ActionSequence>
				<Help>
					<StatusLineText>"Opens the Progress window containing AIMMS and solver statistics"</StatusLineText>
					<Tooltip>"Progress Window"</Tooltip>
				</Help>
			</MenuItem>
			<MenuItem Name="&amp;Message Window" UUID="09CE3F48-F741-40C1-B394-CE751F3F5F51" ShortcutKey="589" BitmapIndex="31">
				<ActionSequence>
					<Action Type="MenuCommand">
						<Command>Window-Message Window</Command>
					</Action>
				</ActionSequence>
				<Help>
					<StatusLineText>"Opens the Message window containing AIMMS and solver messages"</StatusLineText>
					<Tooltip>"Message Window"</Tooltip>
				</Help>
			</MenuItem>
			<Separator />
			<MenuItem Name="[windowlist]" UUID="05DED7CE-E981-48DB-838E-330FA5ABED25" BitmapIndex="31">
				<ActionSequence>
					<Action Type="MenuCommand" />
				</ActionSequence>
				<Help>
					<StatusLineText>""</StatusLineText>
					<Tooltip>""</Tooltip>
				</Help>
			</MenuItem>
		</Menu>
		<Menu Name="Help" UUID="59340F23-4C84-4C01-BE37-8462A30B295C">
			<MenuItem Name="AIMMS Help" UUID="F318A811-887D-4E97-8DE6-57526C0E57C6">
				<ActionSequence>
					<Action Type="MenuCommand">
						<Command>Help-Contents and Index</Command>
					</Action>
				</ActionSequence>
			</MenuItem>
			<MenuItem Name="Model Summary" UUID="C8184277-6A7F-4A28-A136-4AC8D8461CDA">
				<ActionSequence>
					<Action Type="Run">
						<RunWhat>SpecificProcecure</RunWhat>
						<Procedure>ShowModelSummary</Procedure>
						<AbortOnError>true</AbortOnError>
					</Action>
				</ActionSequence>
			</MenuItem>
			<MenuItem Name="About" UUID="5BA06CBE-5FAA-40E9-8B0C-30E3FAE174D4">
				<ActionSequence>
					<Action Type="LinkedPage">
						<Page PageGUID="EFFEEFDA-D837-44C4-AD29-767B5B1D8D88" Name="About Softdrink Planning" />
					</Action>
				</ActionSequence>
			</MenuItem>
		</Menu>
	</Menubar>
</UserMenuTree>
