<?xml version="1.0"?>
<PageManager>
	<Page Name="Contents" PageGUID="202F0B55-644B-4CE3-AA99-E3821BDC9BAA">
		<Page Name="Production Overview" PageGUID="153DE512-9599-4199-92BD-E09867F9B86F" />
		<Page Name="Transport Overview" PageGUID="58637CD9-79DB-4E13-803E-D1535A213295" />
		<Page Name="Absentee Overview" PageGUID="789CF4E1-C5B0-46D8-9A52-A37B5DA5CB6F" />
		<Page Name="Planning Overview" PageGUID="9051178F-15E1-4AF2-B5C3-0FB124C49127" />
		<Page Name="Scenario Overview" PageGUID="FB5D2E12-B88F-49AF-9A4B-FF6953229CA0" />
	</Page>
	<Page Name="Locations" PageGUID="F3665625-65B5-4E13-BC72-A1731E66965A" />
	<Page Name="About Softdrink Planning" PageGUID="EFFEEFDA-D837-44C4-AD29-767B5B1D8D88" />
	<Page Name="Multiple Case Oveview" PageGUID="B395FB2C-4EE8-4C73-9749-6719662F3A61" />
</PageManager>
