<AimmsJSONMapping>
    <ObjectMapping>
        <ValueMapping name="message"        maps-to="tel::sp_taskStateMessage"/>
        <ValueMapping name="id"             maps-to="tel::sp_taskStateID"/>
        <ValueMapping name="appName"        maps-to="tel::sp_taskStateAppName"/>
        <ValueMapping name="appVersion"     maps-to="tel::sp_taskStateAppVersion"/>
        <ValueMapping name="serviceName"    maps-to="tel::sp_taskStateService"/>
        <ValueMapping name="state"          maps-to="tel::sp_taskStateState"/>
        <ValueMapping name="runTime"        maps-to="tel::p_taskStateRuntime"/>
        <ValueMapping name="queueTime"      maps-to="tel::p_taskStateQueueTime"/>
        <ValueMapping name="errorCode"      maps-to="tel::p_taskStateErrorCode"/>
        <ValueMapping name="returncode"     maps-to="tel::p_taskStateReturnCode"/>
        <ValueMapping name="errorMessage"   maps-to="tel::sp_taskStateErrorMessage"/>
        <ValueMapping name="starttime"      maps-to="tel::sp_taskStartTime"/>
    </ObjectMapping>
</AimmsJSONMapping>
