{
  "version": "4.67.0",
  "application": {
    "aimms.widget.type": {
      "literal": "application"
    },
    "theme.classic": {
      "literal": "NOT_ALLOWED"
    }
  },
  "pages/home": {
    "maxcolumns": {
      "literal": 8
    },
    "widgets": {
      "literal": [
        {
          "uri": "locMap",
          "layoutInfo": {
            "width": "6",
            "height": "4",
            "customPosition": ""
          }
        },
        {
          "uri": "newLabel",
          "layoutInfo": {
            "width": "6",
            "height": "1",
            "customPosition": ""
          }
        },
        {
          "uri": "slideClusters",
          "layoutInfo": {
            "width": "2",
            "height": "1"
          }
        },
        {
          "uri": "Cluster Locations",
          "layoutInfo": {
            "width": "2",
            "height": "1"
          }
        },
        {
          "uri": "locTable",
          "layoutInfo": {
            "width": "2",
            "height": "2",
            "customPosition": ""
          }
        },
        {
          "uri": "Reset",
          "layoutInfo": {
            "width": "2",
            "height": "1"
          }
        }
      ]
    }
  },
  "widgets/Cluster Locations": {
    "action": {
      "literal": {
        "type": "procedure",
        "value": "prCluster"
      }
    },
    "aimms.widget.type": {
      "literal": "button"
    },
    "title": {
      "literal": "Cluster Locations"
    }
  },
  "widgets/locMap": {
    "aimms.widget.type": {
      "literal": "map-v2"
    },
    "arcs.__display_order__": {
      "literal": [
        "arcs.0"
      ]
    },
    "arcs.0": {
      "aimms": {
        "contents": [
          "pArcs"
        ],
        "slices": [
          {
            "identifier": "pArcs",
            "slice": [
              {
                "index": "iLoc",
                "type": "free",
                "value": "iLoc"
              },
              {
                "index": "iCentroid",
                "type": "free",
                "value": "iCentroid"
              }
            ]
          }
        ]
      }
    },
    "arcs.0.label.hide": {
      "literal": true
    },
    "arcs.0.line.straight": {
      "literal": false
    },
    "arcs.0.value": {
      "literal": {
        "identifier": "pArcs",
        "slice": [
          {
            "index": "iLoc",
            "type": "free",
            "value": "iLoc"
          },
          {
            "index": "iCentroid",
            "type": "free",
            "value": "iCentroid"
          }
        ]
      }
    },
    "arcs.0.width.dynamic": {
      "literal": false
    },
    "center.latitude": {
      "literal": 47.635783590864857
    },
    "center.longitude": {
      "literal": -121.83288574218752
    },
    "nodes.__display_order__": {
      "literal": [
        "nodes.0",
        "nodes.1"
      ]
    },
    "nodes.0": {
      "aimms": {
        "contents": [
          "pLongitude",
          "pLatitude",
          "pSize"
        ],
        "slices": [
          {
            "identifier": "pLongitude",
            "slice": [
              {
                "index": "iLoc",
                "type": "free",
                "value": "iLoc"
              }
            ]
          },
          {
            "identifier": "pLatitude",
            "slice": [
              {
                "index": "iLoc",
                "type": "free",
                "value": "iLoc"
              }
            ]
          },
          {
            "identifier": "pSize",
            "slice": [
              {
                "index": "iLoc",
                "type": "free",
                "value": "iLoc"
              }
            ]
          }
        ]
      }
    },
    "nodes.0.index": {
      "literal": {
        "identifier": "iLoc"
      }
    },
    "nodes.0.latitude": {
      "literal": {
        "identifier": "pLatitude",
        "slice": [
          {
            "index": "iLoc",
            "type": "free",
            "value": "iLoc"
          }
        ]
      }
    },
    "nodes.0.longitude": {
      "literal": {
        "identifier": "pLongitude",
        "slice": [
          {
            "index": "iLoc",
            "type": "free",
            "value": "iLoc"
          }
        ]
      }
    },
    "nodes.0.maximumreferencesize": {
      "literal": 100
    },
    "nodes.0.size": {
      "literal": {
        "identifier": "pSize",
        "slice": [
          {
            "index": "iLoc",
            "type": "free",
            "value": "iLoc"
          }
        ]
      }
    },
    "nodes.1": {
      "aimms": {
        "contents": [
          "pCenLon",
          "pCenLat",
          "pCenSize"
        ],
        "slices": [
          {
            "identifier": "pCenLon",
            "slice": [
              {
                "index": "iCentroid",
                "type": "free",
                "value": "iCentroid"
              }
            ]
          },
          {
            "identifier": "pCenLat",
            "slice": [
              {
                "index": "iCentroid",
                "type": "free",
                "value": "iCentroid"
              }
            ]
          },
          {
            "identifier": "pCenSize",
            "slice": [
              {
                "index": "iCentroid",
                "type": "free",
                "value": "iCentroid"
              }
            ]
          }
        ]
      }
    },
    "nodes.1.index": {
      "literal": {
        "identifier": "iCentroid",
        "focus": [
          {
            "index": "iCentroid",
            "value": "epCentroid"
          }
        ]
      }
    },
    "nodes.1.latitude": {
      "literal": {
        "identifier": "pCenLat",
        "slice": [
          {
            "index": "iCentroid",
            "type": "free",
            "value": "iCentroid"
          }
        ]
      }
    },
    "nodes.1.longitude": {
      "literal": {
        "identifier": "pCenLon",
        "slice": [
          {
            "index": "iCentroid",
            "type": "free",
            "value": "iCentroid"
          }
        ]
      }
    },
    "nodes.1.size": {
      "literal": {
        "identifier": "pClusterSize",
        "slice": [
          {
            "index": "iCentroid",
            "type": "free",
            "value": "iCentroid"
          }
        ]
      }
    },
    "title": {
      "literal": "Locations"
    },
    "zoom": {
      "literal": 8
    }
  },
  "widgets/locTable": {
    "aimms.widget.type": {
      "literal": "table"
    },
    "contents": {
      "aimms": {
        "contents": [
          "pSize"
        ],
        "prefix": "aimms",
        "slices": [
          {
            "identifier": "pSize",
            "slice": [
              {
                "index": "iLoc",
                "type": "subset",
                "value": "isLoc"
              }
            ]
          }
        ]
      }
    },
    "contents.partition": {
      "literal": {
        "rowHeader": [
          "isLoc"
        ],
        "colHeader": [
          "<IDENTIFIER-SET>"
        ],
        "aggregated": []
      }
    },
    "custom.column.widths": {
      "literal": [
        {
          "type": "rowHeader",
          "colKey": "isLoc",
          "width": 20.317874692874697
        },
        {
          "type": "colHeader",
          "colKey": {
            "<IDENTIFIER-SET>": "pSize"
          },
          "width": 13.284875594073244
        }
      ]
    },
    "title": {
      "aimms": {
        "contents": [
          "spTableTitle"
        ],
        "slices": []
      }
    }
  },
  "widgets/newLabel": {
    "aimms.widget.type": {
      "literal": "label"
    },
    "contents": {
      "aimms": {
        "contents": [
          "spWarning"
        ]
      }
    }
  },
  "widgets/Reset": {
    "action": {
      "literal": {
        "type": "procedure",
        "value": "prReset"
      }
    },
    "aimms.widget.type": {
      "literal": "button"
    },
    "title": {
      "literal": "Reset"
    }
  },
  "widgets/slideClusters": {
    "aimms.widget.type": {
      "literal": "slider"
    },
    "contents": {
      "aimms": {
        "contents": [
          "pNumClusters"
        ]
      }
    },
    "contents.numdecimals": {
      "literal": 0
    },
    "max": {
      "literal": 30
    },
    "min": {
      "literal": 1
    },
    "step": {
      "literal": 1
    },
    "title": {
      "literal": "Set # of Clusters"
    }
  }
}