<AimmsJSONMapping>
    <ObjectMapping>

        <!--
            The problem definition
        -->
        <ValueMapping name="name" maps-to="sp_problemName"/>
        <ValueMapping name="allowTardiness" maps-to="bp_allowTardiness"/>

        <!--
            The optimization limits
        -->
        <ValueMapping name="optimizationTimeLimitSeconds" maps-to="p_timeLimit"/>
        <ValueMapping name="relativeOptimalityTolerance" maps-to="p_relOptimalityTolerance"/>
        <ValueMapping name="absoluteOptimalityTolerance" maps-to="p_absOptimalityTolerance"/>

        <!--
            The objective weights
        -->
        <ArrayMapping name="objectiveDefinition">
            <ObjectMapping>
                <ValueMapping name-binds-to="i_objAttr" name-regex= ".*" maps-to="p_objectiveData(i_objAttr)"/>
            </ObjectMapping>
        </ArrayMapping>

        <!-- 
            Resources
        -->
        <ArrayMapping name="resources">
            <ObjectMapping>
                <ValueMapping name-binds-to="i_res" name-regex= ".*" maps-to="p_speed(i_res)"/>
            </ObjectMapping>
        </ArrayMapping>

        <!--
            The activities  
        -->
        <ArrayMapping name="activities">
            <ObjectMapping>
                <ValueMapping name="act" binds-to="i_act"/>
                <ValueMapping name="releaseDate" maps-to="p_releaseDate(i_act)"/>
                <ValueMapping name="dueDate"     maps-to="p_dueDate(i_act)"/>
                <ValueMapping name="processTime" maps-to="p_processTime(i_act)"/>
            </ObjectMapping>
        </ArrayMapping>

    </ObjectMapping>
</AimmsJSONMapping>