<AimmsJSONMapping>
    <ObjectMapping>

        <!--
           Problem status and statistics
        -->
        <ValueMapping name="problemStatus"   maps-to="sp_problemStatus"/>
        <ValueMapping name="solverStatus"    maps-to="sp_solverStatus"/>
        <ValueMapping name="taskStatus"      maps-to="sp_taskStatus"/>
        <ValueMapping name="objective"       maps-to="p_objectiveValue"/>
        <ValueMapping name="secondsNeeded"   maps-to="p_secondsNeededToSolve"/>

        <!--
            The solution KPIs
        -->
        <ArrayMapping name="KPIs">
            <ObjectMapping>
                <ValueMapping name-binds-to="i_objAttr" name-regex= ".*" maps-to="p_KPIs(i_objAttr)"/>
            </ObjectMapping>
        </ArrayMapping>

        <!--
            Solution detail
            (start, resource)
        -->
       <ArrayMapping name="solution">
             <ObjectMapping>
                <ValueMapping name="act" binds-to="i_act"/>
                <ValueMapping name="start"     maps-to="p_start(i_act)"/>
                <ValueMapping name="resource"  maps-to="sp_resource(i_act)"/>
            </ObjectMapping>
        </ArrayMapping>

    </ObjectMapping>
</AimmsJSONMapping>