<?xml version="1.0"?>
<Page Version="4000" TimeStamp="2019-01-17 16:14:15">
	<PageEditSize Type="Inherited" />
	<ProjectUUID>19F8E33C-25D4-4D0F-9777-598CD7AA944A</ProjectUUID>
	<TemplatesTabOrderPosition>1</TemplatesTabOrderPosition>
	<Background Inherited="true" />
	<PageObject Type="Scalar">
		<Location top="48" left="90" bottom="402" right="294" />
		<TabOrder>1</TabOrder>
		<Font GUID="00000000-0000-0000-0000-000000000001" Name="Main Font" />
		<Border Style="InShadow" Width="2" MarginTop="5" MarginRight="5" MarginBottom="5" MarginLeft="5" />
		<BackgroundColor RGB="#ffffff" />
		<Layout>Text-Value</Layout>
		<SeparatorSign>=</SeparatorSign>
		<ExplicitIdentifier>
			<Identifier>sp_Level1</Identifier>
			<NumberFormat Width="15" Decimals="0" Alignment="Left" ShowDefaults="true" />
		</ExplicitIdentifier>
		<ExplicitIdentifier>
			<Identifier>sp_Level2</Identifier>
			<NumberFormat Width="15" Decimals="0" Alignment="Left" ShowDefaults="true" />
		</ExplicitIdentifier>
		<ExplicitIdentifier>
			<Identifier>sp_Level3</Identifier>
			<NumberFormat Width="15" Decimals="0" Alignment="Left" ShowDefaults="true" />
		</ExplicitIdentifier>
		<ExplicitIdentifier>
			<Identifier>sp_Filename</Identifier>
			<NumberFormat Width="15" Decimals="0" Alignment="Left" ShowDefaults="true" />
		</ExplicitIdentifier>
		<ExplicitIdentifier>
			<Identifier>pro_cur_user</Identifier>
			<NumberFormat Width="15" Decimals="0" Alignment="Left" ShowDefaults="true" />
		</ExplicitIdentifier>
		<ExplicitIdentifier>
			<Identifier>pro_cur_env</Identifier>
			<NumberFormat Width="15" Decimals="0" Alignment="Left" ShowDefaults="true" />
		</ExplicitIdentifier>
		<ExplicitIdentifier>
			<Identifier>pro_cur_Bucket</Identifier>
			<NumberFormat Width="15" Decimals="0" Alignment="Left" ShowDefaults="true" />
		</ExplicitIdentifier>
		<ExplicitIdentifier>
			<Identifier>sp_AuthUsersRWX</Identifier>
			<NumberFormat Width="15" Decimals="0" Alignment="Left" ShowDefaults="true" />
		</ExplicitIdentifier>
	</PageObject>
	<PageObject Type="Table">
		<Location top="432" left="96" bottom="792" right="1356" />
		<TabOrder>3</TabOrder>
		<Font GUID="00000000-0000-0000-0000-000000000001" Name="Main Font" />
		<Border Style="InShadow" Width="2" MarginTop="5" MarginRight="5" MarginBottom="5" MarginLeft="5" />
		<BackgroundColor RGB="#ffffff" />
		<RowIndentation>3</RowIndentation>
		<ExplicitIdentifier>
			<Identifier>guipro::PROEntityEnvironment( guipro::PRO_ENT )</Identifier>
			<FirstColumn>1</FirstColumn>
			<NumberFormat Width="15" Decimals="0" Alignment="Left" />
		</ExplicitIdentifier>
		<ExplicitIdentifier>
			<Identifier>guipro::PROEntityName( guipro::PRO_ENT )</Identifier>
			<FirstColumn>1</FirstColumn>
			<NumberFormat Width="30" Decimals="0" Alignment="Left" />
		</ExplicitIdentifier>
		<ExplicitIdentifier>
			<Identifier>guipro::PROEntityIsGroup( guipro::PRO_ENT )</Identifier>
			<FirstColumn>1</FirstColumn>
			<NumberFormat Width="4" Decimals="0" Alignment="Center" />
		</ExplicitIdentifier>
	</PageObject>
	<PageObject Type="Table">
		<Location top="48" left="312" bottom="138" right="486" />
		<TabOrder>2</TabOrder>
		<Font GUID="00000000-0000-0000-0000-000000000001" Name="Main Font" />
		<Border Style="InShadow" Width="2" MarginTop="5" MarginRight="5" MarginBottom="5" MarginLeft="5" />
		<BackgroundColor RGB="#ffffff" />
		<RowIndentation>3</RowIndentation>
		<RemoveDefaults>true</RemoveDefaults>
		<ExplicitIdentifier>
			<Identifier>s_UserEntities( guipro::PROEntity )</Identifier>
			<FirstColumn>1</FirstColumn>
			<NumberFormat Width="1" Decimals="0" Binary="true" />
		</ExplicitIdentifier>
	</PageObject>
	<PageObject Type="Button">
		<Location top="144" left="312" bottom="204" right="486" />
		<TabOrder>5</TabOrder>
		<LeaveOnEnter>false</LeaveOnEnter>
		<ButtonType>Text</ButtonType>
		<Title>"Save some file"</Title>
		<Font GUID="00000000-0000-0000-0000-000000000001" Name="Main Font" />
		<ActionSequence>
			<Action Type="Run">
				<RunWhat>SpecificProcecure</RunWhat>
				<Procedure>pr_ButtonSaveFile</Procedure>
				<AbortOnError>true</AbortOnError>
			</Action>
		</ActionSequence>
	</PageObject>
	<PageObject Type="Button">
		<Location top="216" left="312" bottom="276" right="486" />
		<TabOrder>4</TabOrder>
		<LeaveOnEnter>false</LeaveOnEnter>
		<ButtonType>Text</ButtonType>
		<Title>"Load some file"</Title>
		<Font GUID="00000000-0000-0000-0000-000000000001" Name="Main Font" />
		<ActionSequence>
			<Action Type="Run">
				<RunWhat>SpecificProcecure</RunWhat>
				<Procedure>pr_ButtonLoadFile</Procedure>
				<AbortOnError>true</AbortOnError>
			</Action>
		</ActionSequence>
	</PageObject>
	<PageObject Type="Text">
		<Location top="54" left="510" bottom="276" right="972" />
		<SourceType>StringParameter</SourceType>
		<StringParameter>sp_Text</StringParameter>
		<Font GUID="00000000-0000-0000-0000-000000000001" Name="Main Font" />
		<TextColor RGB="#000000" />
	</PageObject>
	<UsedReferences>
		<Model>
			<Symbol>sp_Level1</Symbol>
			<Symbol>sp_Level2</Symbol>
			<Symbol>sp_Level3</Symbol>
			<Symbol>sp_Filename</Symbol>
			<Symbol>sp_AuthUsersRWX</Symbol>
			<Symbol>s_UserEntities</Symbol>
			<Symbol>pro_cur_env</Symbol>
			<Symbol>pro_cur_user</Symbol>
			<Symbol>pro_cur_Bucket</Symbol>
			<Symbol>pr_ButtonLoadFile</Symbol>
			<Symbol>pr_ButtonSaveFile</Symbol>
			<Symbol>guipro::PROEntity</Symbol>
			<Symbol>guipro::PROEntityIsGroup</Symbol>
			<Symbol>guipro::PROEntityEnvironment</Symbol>
			<Symbol>guipro::PROEntityName</Symbol>
			<Symbol>guipro::PRO_ENT</Symbol>
			<Symbol>sp_Text</Symbol>
		</Model>
	</UsedReferences>
</Page>
