<?xml version="1.0"?>
<Page Version="4000" TimeStamp="2014-10-02 11:08:38">
	<Location top="23" left="4" bottom="644" right="768" />
	<PageEditSize Type="Inherited">
		<Size Width="772" Height="622" />
	</PageEditSize>
	<ProjectUUID>02DB8DDD-BFA6-4099-9B44-0F5CF43FED1B</ProjectUUID>
	<Title>"AIMMS Demo: Clock"</Title>
	<TemplatesTabOrderPosition>1</TemplatesTabOrderPosition>
	<ResizeData>
		<MainArea Line="FixedFromTop" Value="99">
			<TopArea Line="FixedFromLeft" Value="200" />
			<BottomArea Line="FixedFromLeft" Value="201">
				<LeftArea Line="FixedFromTop" Value="204" />
				<RightArea Line="FixedFromTop" Value="85">
					<TopArea Line="FixedFromTop" Value="77" />
					<BottomArea Line="FixedFromRight" Value="214">
						<RightArea Line="FixedFromTop" Value="316" />
					</BottomArea>
				</RightArea>
			</BottomArea>
		</MainArea>
	</ResizeData>
	<Background RGB="#ffffff" />
	<Action>
		<EntryProcedure>InitClock</EntryProcedure>
	</Action>
	<HorizontalGridDistance>1</HorizontalGridDistance>
	<VerticalGridDistance>1</VerticalGridDistance>
	<PageObject Type="Text">
		<Location top="189" left="207" bottom="615" right="555" />
		<SourceType>File</SourceType>
		<FileName LiteralFileName="true">"Description.txt"</FileName>
		<Font GUID="C82FBF27-1614-41C9-B718-A431388D2B5A" Name="General Text" />
		<TextColor>
			<UserColor GUID="23F33851-505F-45B5-AA1F-5360CB8B3EFB">Text Blue</UserColor>
		</TextColor>
	</PageObject>
	<PageObject Type="Network Object">
		<Location top="190" left="562" bottom="394" right="761" />
		<TabOrder>7</TabOrder>
		<TabStop>false</TabStop>
		<Font GUID="3D4F8FDE-28E6-4338-998E-C89108819645" Name="Legend" />
		<Border Style="Line" Width="2" MarginTop="5" MarginRight="5" MarginBottom="5" MarginLeft="5" />
		<BackgroundColor>
			<UserColor GUID="9CF4AA25-F1A3-4967-9860-C7A0E532F00F">white</UserColor>
		</BackgroundColor>
		<TextColor>
			<Symbol>ClockColor</Symbol>
		</TextColor>
		<AllowZoom>false</AllowZoom>
		<ScrollControl>NoScrolling</ScrollControl>
		<AutoAdjust>Right</AutoAdjust>
		<VisibleArea>
			<Left>-120</Left>
			<Right>113.684210526</Right>
			<Top>120</Top>
			<Bottom>-120</Bottom>
		</VisibleArea>
		<Background>
			<Background_Image_Source ID="101">"From File"</Background_Image_Source>
			<Image_File_Name ID="200" LiteralFileName="true">"&lt;prj&gt;:AIMMS - logo.bmp"</Image_File_Name>
			<Left ID="210">-105</Left>
			<Right ID="211">105</Right>
			<Top ID="212">120</Top>
			<Bottom ID="213">-105</Bottom>
		</Background>
		<Node>
			<Identifier>tn</Identifier>
			<XCoordinate>LocX( tn )</XCoordinate>
			<YCoordinate>LocY( tn )</YCoordinate>
			<NumberFormat Width="6" Decimals="2" />
			<MaximumSize>8</MaximumSize>
			<ScaleFactor>3</ScaleFactor>
			<TextPosition>Top</TextPosition>
			<TextShowWhat>OtherIdentifier</TextShowWhat>
			<Text>Description( tn )</Text>
			<Shape>Circle</Shape>
		</Node>
		<Node>
			<Identifier>o</Identifier>
			<XCoordinate>OriginX( o )</XCoordinate>
			<YCoordinate>OriginY( o )</YCoordinate>
			<NumberFormat Width="6" Decimals="2" />
			<MaximumSize>8</MaximumSize>
			<ScaleFactor>4</ScaleFactor>
			<TextPosition>Right</TextPosition>
			<TextShowWhat>Nothing</TextShowWhat>
			<Shape>Circle</Shape>
		</Node>
		<Node>
			<Identifier>tns</Identifier>
			<XCoordinate>LocSmallX( tns )</XCoordinate>
			<YCoordinate>LocSmallY( tns )</YCoordinate>
			<NumberFormat Width="6" Decimals="2" />
			<MaximumSize>8</MaximumSize>
			<TextPosition>Top</TextPosition>
			<TextShowWhat>Nothing</TextShowWhat>
			<Shape>Rectangle</Shape>
		</Node>
		<Arc>
			<Identifier>TimeSize( o, tns, 'Hour-Hand' )</Identifier>
			<NumberFormat Width="6" Decimals="2" />
			<MaximumSize>8</MaximumSize>
			<TextPosition>Right</TextPosition>
			<Size>TimeSize( o, tns, 'Hour-Hand' )</Size>
			<Shape>Straight</Shape>
			<FirstSegment>Horizontal</FirstSegment>
			<ClickWhere>EntireArc</ClickWhere>
		</Arc>
		<Arc>
			<Identifier>TimeSize( o, tn, 'Minute-Hand' )</Identifier>
			<NumberFormat Width="6" Decimals="2" />
			<MaximumSize>8</MaximumSize>
			<TextPosition>Right</TextPosition>
			<Size>TimeSize( o, tn, 'Minute-Hand' )</Size>
			<Shape>Straight</Shape>
			<FirstSegment>Horizontal</FirstSegment>
			<ClickWhere>EntireArc</ClickWhere>
		</Arc>
		<Arc>
			<Identifier>TimeSize( o, tn, 'Second-Hand' )</Identifier>
			<NumberFormat Width="6" Decimals="2" />
			<MaximumSize>8</MaximumSize>
			<TextPosition>Right</TextPosition>
			<Size>TimeSize( o, tn, 'Second-Hand' )</Size>
			<Shape>Straight</Shape>
			<FirstSegment>Horizontal</FirstSegment>
			<ClickWhere>EntireArc</ClickWhere>
		</Arc>
	</PageObject>
	<PageObject Type="Selection Object">
		<SelectionType>CheckBoxes</SelectionType>
		<Location top="464" left="603" bottom="494" right="724" />
		<TabOrder>4</TabOrder>
		<Font GUID="C82FBF27-1614-41C9-B718-A431388D2B5A" Name="General Text" />
		<TextShown>IdentifierText</TextShown>
		<Border Style="None" Width="2" MarginTop="5" MarginRight="5" MarginBottom="5" MarginLeft="5" />
		<BackgroundColor>
			<UserColor GUID="9CF4AA25-F1A3-4967-9860-C7A0E532F00F">white</UserColor>
		</BackgroundColor>
		<TextColor>
			<UserColor GUID="869F2BC4-8BF6-40B3-B3EB-65A9616B25CD">default selection</UserColor>
		</TextColor>
		<ProcedureUponChange>DrawClock</ProcedureUponChange>
		<ExplicitIdentifier>
			<Identifier>RedrawClock</Identifier>
			<Description>"Run Clock"</Description>
		</ExplicitIdentifier>
	</PageObject>
	<PageObject Type="Scalar">
		<Location top="401" left="603" bottom="430" right="724" />
		<TabOrder>6</TabOrder>
		<TabStop>false</TabStop>
		<Font GUID="2832EE6F-A385-4E18-B4CE-576DA1EB3029" Name="default" />
		<Border Style="None" Width="2" MarginRight="5" MarginLeft="5" />
		<BackgroundColor RGB="#ffffff" />
		<Layout>Value</Layout>
		<SeparatorSign>=</SeparatorSign>
		<ExplicitIdentifier>
			<Identifier>DisplayTime</Identifier>
			<NumberFormat Width="15" Decimals="0" Alignment="Left" ShowDefaults="true" />
			<Color>ClockColor</Color>
		</ExplicitIdentifier>
	</PageObject>
	<PageObject Type="Selection Object">
		<SelectionType>DropDownList</SelectionType>
		<Location top="436" left="603" bottom="462" right="724" />
		<TabOrder>3</TabOrder>
		<Font GUID="107CF1DD-5B8E-41FC-BD55-10C950947E3C" Name="Headers" />
		<TextShown>ElementName</TextShown>
		<Border Style="None" />
		<BackgroundColor RGB="#ffffff" />
		<TextColor>
			<UserColor GUID="869F2BC4-8BF6-40B3-B3EB-65A9616B25CD">default selection</UserColor>
		</TextColor>
		<ExplicitIdentifier>
			<Identifier>ClockColor</Identifier>
		</ExplicitIdentifier>
	</PageObject>
	<PageObject Type="Button">
		<Location top="186" left="6" bottom="210" right="192" />
		<TabOrder>2</TabOrder>
		<LeaveOnEnter>false</LeaveOnEnter>
		<ButtonType>Text</ButtonType>
		<Transparent>true</Transparent>
		<Font GUID="2832EE6F-A385-4E18-B4CE-576DA1EB3029" Name="default" />
		<ActionSequence>
			<Action Type="MenuCommand">
				<Command>Tools-Model Explorer</Command>
			</Action>
		</ActionSequence>
	</PageObject>
	<PageObject Type="Button">
		<Location top="216" left="6" bottom="240" right="192" />
		<TabOrder>5</TabOrder>
		<LeaveOnEnter>false</LeaveOnEnter>
		<ButtonType>Text</ButtonType>
		<Transparent>true</Transparent>
		<Font GUID="2832EE6F-A385-4E18-B4CE-576DA1EB3029" Name="default" />
		<ActionSequence>
			<Action Type="MenuCommand">
				<Command>File-Exit</Command>
			</Action>
		</ActionSequence>
	</PageObject>
	<PageObject Type="Text">
		<Location top="192" left="18" bottom="210" right="195" />
		<StaticText>Open Model Explorer</StaticText>
		<Font GUID="C82FBF27-1614-41C9-B718-A431388D2B5A" Name="General Text" />
		<TextColor>
			<UserColor GUID="1798981A-C40D-4713-BC08-E97545963465">Link</UserColor>
		</TextColor>
	</PageObject>
	<PageObject Type="Text">
		<Location top="222" left="18" bottom="240" right="195" />
		<StaticText>Quit AIMMS</StaticText>
		<Font GUID="C82FBF27-1614-41C9-B718-A431388D2B5A" Name="General Text" />
		<TextColor>
			<UserColor GUID="1798981A-C40D-4713-BC08-E97545963465">Link</UserColor>
		</TextColor>
	</PageObject>
	<UsedReferences>
		<Model>
			<Symbol>AllColors</Symbol>
			<Symbol>RedrawClock</Symbol>
			<Symbol>DisplayTime</Symbol>
			<Symbol>TimeSize</Symbol>
			<Symbol>OriginX</Symbol>
			<Symbol>OriginY</Symbol>
			<Symbol>LocX</Symbol>
			<Symbol>LocSmallX</Symbol>
			<Symbol>LocY</Symbol>
			<Symbol>LocSmallY</Symbol>
			<Symbol>Description</Symbol>
			<Symbol>ClockColor</Symbol>
			<Symbol>InitClock</Symbol>
			<Symbol>DrawClock</Symbol>
			<Symbol>o</Symbol>
			<Symbol>tn</Symbol>
			<Symbol>tns</Symbol>
		</Model>
	</UsedReferences>
</Page>
