<?xml version="1.0"?>
<TemplateManager>
	<Template Name="Size Template" PageGUID="3D847E14-C118-451F-AFDB-5975CCB694E1" CrossLibraryDuplicate="66E08D8C-5677-49B5-970F-BB85475A48BE|6A8815C4-5811-47AB-BC76-82C3180C1295|Size Template">
		<Template Name="Navigation Template" PageGUID="D8E9EB1F-6192-4BA4-A961-78F0E1E2F02F" CrossLibraryDuplicate="66E08D8C-5677-49B5-970F-BB85475A48BE|3241DDB1-55C5-441B-9DC8-359086631B74|Navigation Template">
			<Template Name="Background Info Template" PageGUID="C851C057-85F5-4C68-985C-B714D4CB12C3" CrossLibraryDuplicate="66E08D8C-5677-49B5-970F-BB85475A48BE|153A8CDB-E916-4F3B-B652-41C25F2C9CB5|Background Info Template">
				<Page Name="AIMMS Demo" PageGUID="3D4AC038-A30B-40C0-858F-CB3FFB6AA07C" />
			</Template>
			<Page Name="External Procedure Call" PageGUID="A4AA543C-AE0F-4603-BD8F-121C0E428EEC" />
		</Template>
	</Template>
</TemplateManager>
