<?xml version="1.0"?>
<Page Version="4000" TimeStamp="2014-10-02 11:08:38">
	<Location top="23" left="4" bottom="644" right="768" />
	<PageEditSize Type="Inherited">
		<Size Width="772" Height="622" />
	</PageEditSize>
	<ProjectUUID>63C0B03F-C6A2-433C-9194-0CA43285BB2E</ProjectUUID>
	<TemplatesTabOrderPosition>1</TemplatesTabOrderPosition>
	<ResizeData>
		<MainArea Line="FixedFromTop" Value="99">
			<TopArea Line="FixedFromLeft" Value="200" />
			<BottomArea Line="FixedFromLeft" Value="201">
				<LeftArea Line="FixedFromTop" Value="204">
					<BottomArea Line="FixedFromTop" Value="311" />
				</LeftArea>
				<RightArea Line="FixedFromTop" Value="85" />
			</BottomArea>
		</MainArea>
	</ResizeData>
	<Background Inherited="true" />
	<HorizontalGridDistance>3</HorizontalGridDistance>
	<VerticalGridDistance>3</VerticalGridDistance>
	<PageObject Type="Button">
		<Location top="276" left="6" bottom="300" right="192" />
		<TabOrder>3</TabOrder>
		<LeaveOnEnter>false</LeaveOnEnter>
		<ButtonType>Text</ButtonType>
		<Title>"Run 1st Experiment"</Title>
		<Font GUID="0BDEF216-23B3-4F0F-B5D6-83C5A7303CF9" Name="Buttons" />
		<ActionSequence>
			<Action Type="Run">
				<RunWhat>SpecificProcecure</RunWhat>
				<Procedure>FirstExperiment</Procedure>
				<AbortOnError>true</AbortOnError>
			</Action>
		</ActionSequence>
	</PageObject>
	<PageObject Type="Button">
		<Location top="306" left="6" bottom="330" right="192" />
		<TabOrder>4</TabOrder>
		<LeaveOnEnter>false</LeaveOnEnter>
		<ButtonType>Text</ButtonType>
		<Title>"Run 2nd Experiment"</Title>
		<Font GUID="0BDEF216-23B3-4F0F-B5D6-83C5A7303CF9" Name="Buttons" />
		<ActionSequence>
			<Action Type="Run">
				<RunWhat>SpecificProcecure</RunWhat>
				<Procedure>SecondExperiment</Procedure>
				<AbortOnError>true</AbortOnError>
			</Action>
		</ActionSequence>
	</PageObject>
	<PageObject Type="Button">
		<Location top="336" left="6" bottom="360" right="192" />
		<TabOrder>5</TabOrder>
		<LeaveOnEnter>false</LeaveOnEnter>
		<ButtonType>Text</ButtonType>
		<Title>"Run 3rd Experiment"</Title>
		<Font GUID="0BDEF216-23B3-4F0F-B5D6-83C5A7303CF9" Name="Buttons" />
		<ActionSequence>
			<Action Type="Run">
				<RunWhat>SpecificProcecure</RunWhat>
				<Procedure>ThirdExperiment</Procedure>
				<AbortOnError>true</AbortOnError>
			</Action>
		</ActionSequence>
	</PageObject>
	<PageObject Type="Tabbed Page Object">
		<Location top="189" left="204" bottom="615" right="768" />
		<TabOrder>6</TabOrder>
		<PrintingOccurrence>Never</PrintingOccurrence>
		<Font GUID="428A93A5-26E1-4F42-8B0F-227299B289C7" Name="Table Text" />
		<MultipleTabRows>true</MultipleTabRows>
	</PageObject>
	<PageObject Type="Button">
		<Location top="186" left="6" bottom="210" right="192" />
		<TabOrder>2</TabOrder>
		<LeaveOnEnter>false</LeaveOnEnter>
		<ButtonType>Text</ButtonType>
		<Transparent>true</Transparent>
		<Font GUID="00000000-0000-0000-0000-000000000001" Name="Main Font" />
		<ActionSequence>
			<Action Type="GotoPage">
				<Destination>Parent</Destination>
			</Action>
		</ActionSequence>
	</PageObject>
	<PageObject Type="Text">
		<Location top="192" left="18" bottom="210" right="192" />
		<StaticText>Problem Description</StaticText>
		<Font GUID="0BDEF216-23B3-4F0F-B5D6-83C5A7303CF9" Name="Buttons" />
		<TextColor>
			<UserColor GUID="1798981A-C40D-4713-BC08-E97545963465">Link</UserColor>
		</TextColor>
	</PageObject>
	<PageObject Type="Rectangle">
		<Location top="246" left="6" bottom="270" right="192" />
		<FillColor>
			<UserColor GUID="A3839E01-47DC-46BB-819D-6CECB851B151">Bar Blue</UserColor>
		</FillColor>
		<LineColor>
			<UserColor GUID="A3839E01-47DC-46BB-819D-6CECB851B151">Bar Blue</UserColor>
		</LineColor>
	</PageObject>
	<PageObject Type="Text">
		<Location top="249" left="18" bottom="267" right="186" />
		<StaticText>Execution</StaticText>
		<Font GUID="107CF1DD-5B8E-41FC-BD55-10C950947E3C" Name="Headers" />
		<TextColor>
			<UserColor GUID="B5956EEA-5F3E-4BD0-85C7-9F70EB490991">Header Blue</UserColor>
		</TextColor>
	</PageObject>
	<PageObject Type="Rectangle">
		<Location top="366" left="6" bottom="390" right="192" />
		<FillColor>
			<UserColor GUID="A3839E01-47DC-46BB-819D-6CECB851B151">Bar Blue</UserColor>
		</FillColor>
		<LineColor>
			<UserColor GUID="A3839E01-47DC-46BB-819D-6CECB851B151">Bar Blue</UserColor>
		</LineColor>
	</PageObject>
	<PageObject Type="Text">
		<Location top="369" left="18" bottom="387" right="186" />
		<StaticText>Information</StaticText>
		<Font GUID="107CF1DD-5B8E-41FC-BD55-10C950947E3C" Name="Headers" />
		<TextColor>
			<UserColor GUID="B5956EEA-5F3E-4BD0-85C7-9F70EB490991">Header Blue</UserColor>
		</TextColor>
	</PageObject>
	<PageObject Type="Text">
		<Location top="396" left="6" bottom="420" right="192" />
		<StaticText>Input Categories</StaticText>
		<Font GUID="C82FBF27-1614-41C9-B718-A431388D2B5A" Name="General Text" />
		<TextColor>
			<UserColor GUID="D4F48705-BFDF-4DF8-8E1F-D38EFF981024">default selection</UserColor>
		</TextColor>
	</PageObject>
	<PageObject Type="Sparse List">
		<Location top="420" left="6" bottom="501" right="192" />
		<ReadOnly>"Yes"</ReadOnly>
		<TabOrder>7</TabOrder>
		<TabStop>false</TabStop>
		<Font GUID="C82FBF27-1614-41C9-B718-A431388D2B5A" Name="General Text" />
		<Border Style="Line" Width="2" MarginTop="5" MarginRight="5" MarginBottom="5" MarginLeft="5" />
		<BackgroundColor RGB="#ffffff" />
		<TextColor>
			<UserColor GUID="D4F48705-BFDF-4DF8-8E1F-D38EFF981024">default selection</UserColor>
		</TextColor>
		<InactiveData>true</InactiveData>
		<Layout>Text-Only</Layout>
		<ShowTitle>false</ShowTitle>
		<ShowColumnLabels>false</ShowColumnLabels>
		<SeparatorSign>=</SeparatorSign>
		<ExplicitIdentifier>
			<Identifier>InputCategories( Categories )</Identifier>
			<NumberFormat Width="2" Decimals="0" Alignment="Right" />
		</ExplicitIdentifier>
	</PageObject>
	<PageObject Type="Text">
		<Location top="507" left="6" bottom="531" right="192" />
		<StaticText>Output Categories</StaticText>
		<Font GUID="C82FBF27-1614-41C9-B718-A431388D2B5A" Name="General Text" />
		<TextColor>
			<UserColor GUID="D4F48705-BFDF-4DF8-8E1F-D38EFF981024">default selection</UserColor>
		</TextColor>
	</PageObject>
	<PageObject Type="Sparse List">
		<Location top="531" left="6" bottom="606" right="192" />
		<ReadOnly>"Yes"</ReadOnly>
		<TabOrder>8</TabOrder>
		<TabStop>false</TabStop>
		<Font GUID="C82FBF27-1614-41C9-B718-A431388D2B5A" Name="General Text" />
		<Border Style="Line" Width="2" MarginTop="5" MarginRight="5" MarginBottom="5" MarginLeft="5" />
		<BackgroundColor RGB="#ffffff" />
		<TextColor>
			<UserColor GUID="D4F48705-BFDF-4DF8-8E1F-D38EFF981024">default selection</UserColor>
		</TextColor>
		<InactiveData>true</InactiveData>
		<Layout>Text-Only</Layout>
		<ShowTitle>false</ShowTitle>
		<ShowColumnLabels>false</ShowColumnLabels>
		<SeparatorSign>=</SeparatorSign>
		<ExplicitIdentifier>
			<Identifier>OutputCategories( Categories )</Identifier>
			<NumberFormat Width="2" Decimals="0" Alignment="Right" />
		</ExplicitIdentifier>
	</PageObject>
	<UsedReferences>
		<Model>
			<Symbol>Categories</Symbol>
			<Symbol>InputCategories</Symbol>
			<Symbol>OutputCategories</Symbol>
			<Symbol>FirstExperiment</Symbol>
			<Symbol>SecondExperiment</Symbol>
			<Symbol>ThirdExperiment</Symbol>
		</Model>
	</UsedReferences>
</Page>
