{
  "version": "4.67.0",
  "application": {
    "aimms.widget.type": {
      "literal": "application"
    },
    "theme.classic": {
      "literal": "NOT_ALLOWED"
    }
  },
  "pages/home": {
    "aimms.widget.type": {
      "literal": "page"
    },
    "widgets": {
      "literal": [
        {
          "uri": "inpres",
          "layoutInfo": {
            "width": "2",
            "height": "1"
          }
        },
        {
          "uri": "CompRuntimeFunc",
          "layoutInfo": {
            "width": "2",
            "height": "1"
          }
        }
      ]
    }
  },
  "widgets/CompRuntimeFunc": {
    "action": {
      "literal": {
        "type": "procedure",
        "value": "pr_buttonAction"
      }
    },
    "aimms.widget.type": {
      "literal": "button"
    },
    "name": {
      "literal": "CompRuntimeFunc"
    },
    "title": {
      "literal": "CompRuntimeFunc"
    }
  },
  "widgets/inpres": {
    "aimms.widget.type": {
      "literal": "scalar"
    },
    "contents": {
      "aimms": {
        "contents": [
          "p_inp",
          "p_res"
        ]
      }
    },
    "name": {
      "literal": "inpres"
    }
  }
}