<?xml version="1.0"?>
<TemplateManager>
	<Template Name="Size Template" PageGUID="42932F20-5A59-46B4-84F2-0EAC81ECDA22" CrossLibraryDuplicate="66E08D8C-5677-49B5-970F-BB85475A48BE|6A8815C4-5811-47AB-BC76-82C3180C1295|Size Template">
		<Template Name="Navigation Template" PageGUID="D9676133-D3C2-4BB0-979D-53CD2EEA8AFA" CrossLibraryDuplicate="66E08D8C-5677-49B5-970F-BB85475A48BE|3241DDB1-55C5-441B-9DC8-359086631B74|Navigation Template">
			<Template Name="Background Info Template" PageGUID="764DE3C8-9B10-4AE7-8D57-0FABEE0165C2" CrossLibraryDuplicate="66E08D8C-5677-49B5-970F-BB85475A48BE|153A8CDB-E916-4F3B-B652-41C25F2C9CB5|Background Info Template">
				<Page Name="AIMMS Demo" PageGUID="1D454066-207E-446C-BBD6-27D92AE7A754" />
			</Template>
			<Page Name="Input Data" PageGUID="EDA5D7C1-879A-4A42-9BDB-89D62387EE82" />
			<Page Name="Scenario Analysis and Explicit Stochastic Model" PageGUID="163F9747-3084-424B-9E38-3D62573B8A33" />
			<Page Name="Stochastic Programming Model (automatic)" PageGUID="B0C51069-AE89-4ADB-ADC4-8966238EE77C" />
		</Template>
	</Template>
</TemplateManager>
