<?xml version="1.0"?>
<Page Version="4000" TimeStamp="2014-08-19 12:53:23">
	<PageEditSize Type="Inherited" />
	<ProjectUUID>E12365F4-F4BE-4848-A0FC-524EA60AE8E8</ProjectUUID>
	<TemplatesTabOrderPosition>1</TemplatesTabOrderPosition>
	<Background Inherited="true" />
	<PageObject Type="Scalar">
		<Location top="18" left="24" bottom="120" right="372" />
		<TabOrder>1</TabOrder>
		<Font GUID="BC9762D2-B98D-4138-B20F-7AA283BF7933" Name="10" />
		<Border Style="InShadow" Width="2" MarginTop="5" MarginRight="5" MarginBottom="5" MarginLeft="5" />
		<BackgroundColor RGB="#ffffff" />
		<Layout>Text-Value</Layout>
		<SeparatorSign>=</SeparatorSign>
		<ExplicitIdentifier>
			<Identifier>someFormula</Identifier>
			<NumberFormat Width="30" Decimals="0" Alignment="Left" ShowDefaults="true" />
		</ExplicitIdentifier>
		<ExplicitIdentifier>
			<Identifier>itsArgument</Identifier>
			<NumberFormat Width="15" Decimals="0" Alignment="Left" ShowDefaults="true" />
		</ExplicitIdentifier>
		<ExplicitIdentifier>
			<Identifier>varLowerBound</Identifier>
			<NumberFormat Width="7" Decimals="3" Scientific="IfTooSmallorLarge" Alignment="Center" ShowDefaults="true" />
		</ExplicitIdentifier>
		<ExplicitIdentifier>
			<Identifier>varUpperBound</Identifier>
			<NumberFormat Width="7" Decimals="3" Scientific="IfTooSmallorLarge" Alignment="Center" ShowDefaults="true" />
		</ExplicitIdentifier>
		<ExplicitIdentifier>
			<Identifier>boundedVariable</Identifier>
			<NumberFormat Width="7" Decimals="3" Scientific="IfTooSmallorLarge" Alignment="Center" ShowDefaults="true" />
		</ExplicitIdentifier>
	</PageObject>
	<PageObject Type="Button">
		<Location top="126" left="24" bottom="162" right="372" />
		<TabOrder>3</TabOrder>
		<LeaveOnEnter>false</LeaveOnEnter>
		<ButtonType>Text</ButtonType>
		<Title>"Draw"</Title>
		<Font GUID="BC9762D2-B98D-4138-B20F-7AA283BF7933" Name="10" />
		<ActionSequence>
			<Action Type="Run">
				<RunWhat>SpecificProcecure</RunWhat>
				<Procedure>DrawFormula</Procedure>
				<AbortOnError>true</AbortOnError>
			</Action>
		</ActionSequence>
	</PageObject>
	<PageObject Type="Button">
		<Location top="168" left="24" bottom="204" right="372" />
		<TabOrder>2</TabOrder>
		<LeaveOnEnter>false</LeaveOnEnter>
		<ButtonType>Text</ButtonType>
		<Title>"Solve"</Title>
		<Font GUID="BC9762D2-B98D-4138-B20F-7AA283BF7933" Name="10" />
		<ActionSequence>
			<Action Type="Run">
				<RunWhat>SpecificProcecure</RunWhat>
				<Procedure>ZeroPoint</Procedure>
				<AbortOnError>true</AbortOnError>
			</Action>
		</ActionSequence>
	</PageObject>
	<PageObject Type="Curve">
		<Location top="18" left="402" bottom="204" right="732" />
		<TabOrder>4</TabOrder>
		<Font GUID="00000000-0000-0000-0000-000000000001" Name="Main Font" />
		<Border Style="InShadow" Width="2" MarginTop="5" MarginRight="5" MarginBottom="5" MarginLeft="5" />
		<BackgroundColor RGB="#ffffff" />
		<ColorScheme Number="0" />
		<Title>true</Title>
		<Legend>true</Legend>
		<Y-Labels>true</Y-Labels>
		<X-Labels>true</X-Labels>
		<HorizontalGridLines>true</HorizontalGridLines>
		<StatusLine>true</StatusLine>
		<YRange>
			<NumGridPoints>6</NumGridPoints>
		</YRange>
		<ExplicitIdentifier>
			<Identifier>Y( xp )</Identifier>
		</ExplicitIdentifier>
		<DrawLines>true</DrawLines>
		<MarkPoints>true</MarkPoints>
	</PageObject>
	<UsedReferences>
		<Model>
			<Symbol>Y</Symbol>
			<Symbol>someFormula</Symbol>
			<Symbol>itsArgument</Symbol>
			<Symbol>boundedVariable</Symbol>
			<Symbol>varLowerBound</Symbol>
			<Symbol>varUpperBound</Symbol>
			<Symbol>ZeroPoint</Symbol>
			<Symbol>DrawFormula</Symbol>
			<Symbol>xp</Symbol>
			<Symbol>curveUpper</Symbol>
			<Symbol>curveLower</Symbol>
		</Model>
	</UsedReferences>
</Page>
