<?xml version="1.0"?>
<Page Version="4000" TimeStamp="2024-10-11 12:21:36">
	<PageEditSize Type="Inherited" />
	<ProjectUUID>010BC904-F112-4834-AB89-E96FF4013569</ProjectUUID>
	<TemplatesTabOrderPosition>1</TemplatesTabOrderPosition>
	<Background Inherited="true" />
	<PageObject Type="Button">
		<Location top="18" left="12" bottom="78" right="102" />
		<LeaveOnEnter>false</LeaveOnEnter>
		<ButtonType>Text</ButtonType>
		<Title>"Good bye"</Title>
		<Font GUID="00000000-0000-0000-0000-000000000001" Name="Main Font" />
		<ActionSequence>
			<Action Type="Run">
				<RunWhat>SpecificProcecure</RunWhat>
				<Procedure>pr_goodBye</Procedure>
				<AbortOnError>true</AbortOnError>
			</Action>
		</ActionSequence>
	</PageObject>
	<UsedReferences>
		<Model>
			<Symbol>pr_goodBye</Symbol>
		</Model>
	</UsedReferences>
</Page>
