{
  "version": "4.67.0",
  "application": {
    "aimms.widget.type": {
      "literal": "application"
    },
    "browsername": {
      "aimms": {
        "contents": [
          "webui::ClientBrowserName"
        ]
      }
    },
    "browsertimezone": {
      "aimms": {
        "contents": [
          "webui::BrowserTimeZone"
        ]
      }
    },
    "defaults.upload.download.controls.show": {
      "literal": true
    },
    "ignoredst": {
      "aimms": {
        "contents": [
          "webui::IgnoreDST"
        ]
      }
    },
    "pages": {
      "literal": {
        "name": "root",
        "slug": "root",
        "children": [
          {
            "name": "Main Project",
            "slug": "main_project",
            "children": [
              {
                "name": "home",
                "slug": "home",
                "type": "pagev2-grid",
                "children": []
              },
              {
                "name": "Problem Description",
                "type": "pagev2-grid",
                "slug": "problem_description",
                "children": []
              },
              {
                "name": "Inputs",
                "type": "pagev2-grid",
                "slug": "inputs",
                "children": []
              },
              {
                "name": "Dashboard",
                "type": "pagev2-grid",
                "slug": "dashboard",
                "children": []
              },
              {
                "name": "Scratch",
                "type": "pagev2-grid",
                "slug": "scratch",
                "children": []
              }
            ]
          }
        ]
      }
    },
    "theme.classic": {
      "literal": "NOT_ALLOWED"
    },
    "timezone": {
      "aimms": {
        "contents": [
          "webui::DisplayTimeZone"
        ]
      }
    },
    "timezone.dst.readonly": {
      "aimms": {
        "contents": [
          "webui::DefaultDSTSettingForDisplayTimeZone"
        ]
      }
    },
    "workflows.configuration": {
      "literal": {
        "identifier": "sp_myWorkflowSteps",
        "slice": [
          {
            "index": "webui::indexWorkflowOrder",
            "type": "free",
            "value": "webui::indexWorkflowOrder"
          },
          {
            "index": "webui::indexNoOfPages",
            "type": "free",
            "value": "webui::indexNoOfPages"
          },
          {
            "index": "webui::indexWorkflowPageSpec",
            "type": "free",
            "value": "webui::indexWorkflowPageSpec"
          }
        ]
      }
    }
  },
  "layouts/custom_5e66e8c0-a39e-49f6-ad04-d7a616c2e416": {
    "definition": {
      "literal": {
        "componentName": "Grid",
        "props": {
          "gridTemplateColumns": "1fr 0.3fr",
          "gridTemplateRows": "1fr 1fr",
          "gridTemplateAreas": "\"area-a area-b\" \"area-c area-d\""
        },
        "items": [
          {
            "componentName": "WidgetArea",
            "props": {
              "gridArea": "area-a",
              "name": "Area A",
              "gridAutoFlow": "column"
            }
          },
          {
            "componentName": "WidgetArea",
            "props": {
              "gridArea": "area-b",
              "name": "Area B",
              "gridAutoFlow": "row"
            }
          },
          {
            "componentName": "WidgetArea",
            "props": {
              "gridArea": "area-c",
              "name": "Area C",
              "gridAutoFlow": "row"
            }
          },
          {
            "componentName": "WidgetArea",
            "props": {
              "gridArea": "area-d",
              "name": "Area D",
              "gridAutoFlow": "row"
            }
          }
        ]
      }
    },
    "displayName": {
      "literal": "Layout2 Copy"
    }
  },
  "layouts/custom_b849d869-6dc6-4262-8a0a-9c5712f8b49b": {
    "definition": {
      "literal": {
        "componentName": "Grid",
        "props": {
          "gridTemplateColumns": "3fr 1fr",
          "gridTemplateRows": "0.4fr 0.1fr 0.1fr 1fr",
          "gridTemplateAreas": "\"area-a area-b\" \"area-a area-c\" \"area-a area-d\" \"area-a area-e\""
        },
        "items": [
          {
            "componentName": "WidgetArea",
            "props": {
              "gridArea": "area-a",
              "name": "Area A",
              "gridAutoFlow": "column"
            }
          },
          {
            "componentName": "WidgetArea",
            "props": {
              "gridArea": "area-b",
              "name": "Area B",
              "gridAutoFlow": "row"
            }
          },
          {
            "componentName": "WidgetArea",
            "props": {
              "gridArea": "area-c",
              "name": "Area C",
              "gridAutoFlow": "column"
            }
          },
          {
            "componentName": "WidgetArea",
            "props": {
              "gridArea": "area-d",
              "name": "Area D",
              "gridAutoFlow": "column"
            }
          },
          {
            "componentName": "WidgetArea",
            "props": {
              "gridArea": "area-e",
              "name": "Area E",
              "gridAutoFlow": "row"
            }
          }
        ]
      }
    },
    "displayName": {
      "literal": "Inputs"
    }
  },
  "pages/dashboard": {
    "aimms.widget.type": {
      "literal": "pagev2-grid"
    },
    "bindings": {
      "literal": [
        {
          "widgetUri": "img_queryAnswer",
          "gridArea": "area-b",
          "dndId": "area-aimg_queryAnswer4"
        },
        {
          "widgetUri": "tbl_historicalQueries",
          "gridArea": "area-c",
          "dndId": "area-ctbl_historicalQueries0"
        },
        {
          "widgetUri": "tree_queryAnswered",
          "gridArea": "area-d",
          "dndId": "area-dtree_queryAnswered1"
        },
        {
          "widgetUri": "scalarIsAboveCommentToxic",
          "gridArea": "Unassigned widgets",
          "dndId": "Unassigned widgetsscalarIsAboveCommentToxic2"
        },
        {
          "widgetUri": "scalarCommentInvestigated",
          "gridArea": "area-a",
          "dndId": "area-ascalarCommentInvestigated3"
        }
      ]
    },
    "layoutId": {
      "literal": "custom_5e66e8c0-a39e-49f6-ad04-d7a616c2e416"
    },
    "onload": {
      "aimms": {
        "run": "pr_pageOpenResultsPage"
      }
    },
    "secondarypageactions": {
      "aimms": {
        "contents": [
          "sp_def_resultPageSecondaryActions"
        ],
        "slices": [
          {
            "identifier": "sp_def_resultPageSecondaryActions",
            "slice": [
              {
                "index": "webui::indexPageExtension",
                "type": "free",
                "value": "webui::indexPageExtension"
              },
              {
                "index": "webui::indexPageActionSpec",
                "type": "free",
                "value": "webui::indexPageActionSpec"
              }
            ]
          }
        ]
      }
    },
    "widgets": {
      "literal": [
        {
          "uri": "scalarCommentInvestigated",
          "layoutInfo": {
            "width": "2",
            "height": "1"
          }
        },
        {
          "uri": "scalarIsAboveCommentToxic",
          "layoutInfo": {
            "width": "2",
            "height": "1"
          }
        },
        {
          "uri": "tbl_historicalQueries",
          "layoutInfo": {
            "width": "2",
            "height": "1"
          }
        },
        {
          "uri": "tree_queryAnswered",
          "layoutInfo": {
            "width": "2",
            "height": "1"
          }
        },
        {
          "uri": "img_queryAnswer",
          "layoutInfo": {
            "width": "2",
            "height": "1"
          }
        }
      ]
    }
  },
  "pages/home": {
    "aimms.widget.type": {
      "literal": "pagev2-grid"
    },
    "bindings": {
      "literal": [
        {
          "widgetUri": "img_homeLogo",
          "gridArea": "area-d",
          "dndId": "area-dimg_homeLogo0"
        },
        {
          "widgetUri": "txt_welcome",
          "gridArea": "area-a",
          "dndId": "Unassigned widgetstxt_welcome"
        }
      ]
    },
    "layoutId": {
      "literal": "Layout10"
    },
    "widgets": {
      "literal": [
        {
          "uri": "img_homeLogo",
          "layoutInfo": {
            "width": "2",
            "height": "1"
          }
        },
        {
          "uri": "txt_welcome",
          "layoutInfo": {
            "width": "2",
            "height": "1"
          }
        }
      ]
    }
  },
  "pages/inputs": {
    "aimms.widget.type": {
      "literal": "pagev2-grid"
    },
    "bindings": {
      "literal": [
        {
          "widgetUri": "btn_backwards",
          "gridArea": "area-d",
          "dndId": "area-cbtn_backwards4"
        },
        {
          "widgetUri": "btn_forward",
          "gridArea": "area-d",
          "dndId": "area-dbtn_forward0"
        },
        {
          "widgetUri": "scl_paggedTable",
          "gridArea": "area-b",
          "dndId": "area-bscl_paggedTable1"
        },
        {
          "widgetUri": "tbl_dataset",
          "gridArea": "area-a",
          "dndId": "area-atbl_dataset2"
        },
        {
          "widgetUri": "btn_firstpage",
          "gridArea": "area-c",
          "dndId": "area-cbtn_firstpage3"
        },
        {
          "widgetUri": "btn_lastpage",
          "gridArea": "area-c",
          "dndId": "area-cbtn_lastpage5"
        }
      ]
    },
    "layoutId": {
      "literal": "custom_b849d869-6dc6-4262-8a0a-9c5712f8b49b"
    },
    "secondarypageactions": {
      "aimms": {
        "contents": [
          "sp_def_inputPageSecondaryActions"
        ],
        "slices": [
          {
            "identifier": "sp_def_inputPageSecondaryActions",
            "slice": [
              {
                "index": "webui::indexPageExtension",
                "type": "free",
                "value": "webui::indexPageExtension"
              },
              {
                "index": "webui::indexPageActionSpec",
                "type": "free",
                "value": "webui::indexPageActionSpec"
              }
            ]
          }
        ]
      }
    },
    "widgets": {
      "literal": [
        {
          "uri": "tbl_dataset",
          "layoutInfo": {
            "width": "2",
            "height": "1"
          }
        },
        {
          "uri": "scl_paggedTable",
          "layoutInfo": {
            "width": "2",
            "height": "1"
          }
        },
        {
          "uri": "btn_forward",
          "layoutInfo": {
            "width": "2",
            "height": "1"
          }
        },
        {
          "uri": "btn_backwards",
          "layoutInfo": {
            "width": "2",
            "height": "1"
          }
        },
        {
          "uri": "btn_firstpage",
          "layoutInfo": {
            "width": "2",
            "height": "1"
          }
        },
        {
          "uri": "btn_lastpage",
          "layoutInfo": {
            "width": "2",
            "height": "1"
          }
        }
      ]
    }
  },
  "pages/problem_description": {
    "aimms.widget.type": {
      "literal": "pagev2-grid"
    },
    "bindings": {
      "literal": [
        {
          "widgetUri": "txt_problemDescription",
          "gridArea": "area-a",
          "dndId": "Unassigned widgetstxt_problemDescription"
        }
      ]
    },
    "layoutId": {
      "literal": "Layout11"
    },
    "widgets": {
      "literal": [
        {
          "uri": "txt_problemDescription",
          "layoutInfo": {
            "width": "2",
            "height": "1"
          }
        }
      ]
    }
  },
  "pages/scratch": {
    "aimms.widget.type": {
      "literal": "pagev2-grid"
    },
    "bindings": {
      "literal": [
        {
          "widgetUri": "tableCommentTarget",
          "gridArea": "Unassigned widgets",
          "dndId": "area-atableCommentTarget1"
        },
        {
          "widgetUri": "tableCommentToxic",
          "gridArea": "area-a",
          "dndId": "area-atableCommentToxic0"
        }
      ]
    },
    "layoutId": {
      "literal": "Layout9"
    },
    "widgets": {
      "literal": [
        {
          "uri": "tableCommentToxic",
          "layoutInfo": {
            "width": "2",
            "height": "1"
          }
        },
        {
          "uri": "tableCommentTarget",
          "layoutInfo": {
            "width": "2",
            "height": "1"
          }
        }
      ]
    }
  },
  "widgets/btn_backwards": {
    "action": {
      "literal": {
        "type": "procedure",
        "value": "pr_previousPage"
      }
    },
    "aimms.widget.type": {
      "literal": "button"
    },
    "custom.tooltip": {
      "literal": "Go to previous page"
    },
    "name": {
      "literal": "btn_backwards"
    },
    "title": {
      "literal": "<"
    }
  },
  "widgets/btn_firstpage": {
    "action": {
      "literal": {
        "type": "procedure",
        "value": "pr_firstPage"
      }
    },
    "aimms.widget.type": {
      "literal": "button"
    },
    "custom.tooltip": {
      "literal": "Go to first page"
    },
    "name": {
      "literal": "btn_firstpage"
    },
    "title": {
      "literal": "<<"
    }
  },
  "widgets/btn_forward": {
    "action": {
      "literal": {
        "type": "procedure",
        "value": "pr_nextPage"
      }
    },
    "aimms.widget.type": {
      "literal": "button"
    },
    "custom.tooltip": {
      "literal": "Go to next page"
    },
    "name": {
      "literal": "btn_forward"
    },
    "title": {
      "literal": ">"
    }
  },
  "widgets/btn_lastpage": {
    "action": {
      "literal": {
        "type": "procedure",
        "value": "pr_lastPage"
      }
    },
    "aimms.widget.type": {
      "literal": "button"
    },
    "custom.tooltip": {
      "literal": "Go to last page"
    },
    "name": {
      "literal": "btn_lastpage"
    },
    "title": {
      "literal": ">>"
    }
  },
  "widgets/img_homeLogo": {
    "aimms.widget.type": {
      "literal": "image"
    },
    "contents": {
      "aimms": {
        "contents": [
          "sp_logo"
        ]
      }
    },
    "name": {
      "literal": "img_homeLogo"
    }
  },
  "widgets/img_queryAnswer": {
    "aimms.widget.type": {
      "literal": "image"
    },
    "contents": {
      "aimms": {
        "contents": [
          "sp_calc_imageQueryAnswer"
        ]
      }
    },
    "name": {
      "literal": "img_queryAnswer"
    },
    "widget.visible": {
      "literal": 1
    }
  },
  "widgets/scalarCommentInvestigated": {
    "aimms.widget.type": {
      "literal": "scalar"
    },
    "contents": {
      "aimms": {
        "contents": [
          "sp_queryToInvestigate"
        ]
      }
    },
    "contents.labels.visible": {
      "literal": 0
    },
    "multi.line": {
      "literal": 1
    },
    "name": {
      "literal": "scalarCommentInvestigated"
    },
    "title": {
      "literal": "Query to Investigate"
    },
    "views": {
      "literal": {}
    },
    "views.__display_order__": {
      "literal": [
        "views.0"
      ]
    }
  },
  "widgets/scalarIsAboveCommentToxic": {
    "aimms.widget.type": {
      "literal": "scalar"
    },
    "contents": {
      "aimms": {
        "contents": [
          "bp_calc_commentInvestigatedIsToxic"
        ]
      }
    },
    "contents.labels.visible": {
      "literal": 0
    },
    "name": {
      "literal": "scalarIsAboveCommentToxic"
    },
    "title": {
      "literal": "Is the Query Toxic?"
    },
    "views": {
      "literal": {}
    }
  },
  "widgets/scl_paggedTable": {
    "aimms.widget.type": {
      "literal": "scalar"
    },
    "contents": {
      "aimms": {
        "contents": [
          "p_quantityElementsPerPage",
          "p_def_cardID",
          "sp_def_currentPage"
        ]
      }
    },
    "contents.numdecimals": {
      "literal": 0
    },
    "name": {
      "literal": "scl_paggedTable"
    },
    "views": {
      "literal": {}
    }
  },
  "widgets/tableCommentTarget": {
    "aimms.widget.type": {
      "literal": "table"
    },
    "name": {
      "literal": "tableCommentTarget"
    },
    "views": {
      "literal": {}
    }
  },
  "widgets/tableCommentToxic": {
    "aimms.widget.type": {
      "literal": "table"
    },
    "contents": {
      "aimms": {
        "contents": [
          "bp_target",
          "sp_commentText"
        ]
      }
    },
    "contents.partition": {
      "literal": {
        "rowHeader": [
          "i_id"
        ],
        "colHeader": [
          "<IDENTIFIER-SET>"
        ],
        "aggregated": []
      }
    },
    "custom.column.widths": {
      "literal": [
        {
          "type": "colHeader",
          "colKey": {
            "<IDENTIFIER-SET>": "bp_target"
          },
          "width": 16.07
        },
        {
          "type": "colHeader",
          "colKey": {
            "<IDENTIFIER-SET>": "sp_commentText"
          },
          "width": 236.3
        }
      ]
    },
    "name": {
      "literal": "tableCommentToxic"
    },
    "views": {
      "literal": {}
    },
    "views.__display_order__": {
      "literal": [
        "views.0"
      ]
    }
  },
  "widgets/tbl_dataset": {
    "aimms.widget.type": {
      "literal": "table"
    },
    "contents": {
      "aimms": {
        "contents": [
          "p_target",
          "sp_commentText",
          "p_severeToxicity",
          "p_obscene",
          "p_identityAttack",
          "p_insult",
          "p_threat",
          "p_asian",
          "p_atheist",
          "p_bisexual",
          "p_black",
          "p_buddhist",
          "p_christian",
          "p_female",
          "p_heterosexual",
          "p_hindu",
          "p_homosexualGayLesbian",
          "p_intellectualLearningDisability",
          "p_jewish",
          "p_latino",
          "p_male",
          "p_muslim",
          "p_otherDisability",
          "p_otherGender",
          "p_otherraceethnicity",
          "p_otherReligion",
          "p_otherSexualOrientation",
          "p_physicalDisability",
          "p_psychiatricMentalIllness",
          "p_transgender",
          "p_white",
          "sp_createdDate",
          "p_publicationID",
          "p_parentID",
          "p_articleID",
          "sp_rating",
          "p_funny",
          "p_wow",
          "p_sad",
          "p_likes",
          "p_disagree",
          "p_sexualExplicit",
          "p_identityAnnotatorCount",
          "p_toxicityAnnotatorCount"
        ],
        "prefix": "aimms",
        "partition": {
          "rowHeader": [
            "i_id"
          ],
          "colHeader": [
            "<IDENTIFIER-SET>"
          ],
          "aggregated": []
        },
        "totals": [
          {
            "indexName": "<IDENTIFIER-SET>",
            "operators": [
              "count_only_visible"
            ]
          }
        ],
        "slices": [
          {
            "identifier": "p_articleID",
            "slice": [
              {
                "index": "i_id",
                "type": "subset",
                "value": "i_pg_id"
              }
            ]
          },
          {
            "identifier": "p_asian",
            "slice": [
              {
                "index": "i_id",
                "type": "subset",
                "value": "i_pg_id"
              }
            ]
          },
          {
            "identifier": "p_atheist",
            "slice": [
              {
                "index": "i_id",
                "type": "subset",
                "value": "i_pg_id"
              }
            ]
          },
          {
            "identifier": "p_bisexual",
            "slice": [
              {
                "index": "i_id",
                "type": "subset",
                "value": "i_pg_id"
              }
            ]
          },
          {
            "identifier": "p_black",
            "slice": [
              {
                "index": "i_id",
                "type": "subset",
                "value": "i_pg_id"
              }
            ]
          },
          {
            "identifier": "p_buddhist",
            "slice": [
              {
                "index": "i_id",
                "type": "subset",
                "value": "i_pg_id"
              }
            ]
          },
          {
            "identifier": "p_christian",
            "slice": [
              {
                "index": "i_id",
                "type": "subset",
                "value": "i_pg_id"
              }
            ]
          },
          {
            "identifier": "p_hindu",
            "slice": [
              {
                "index": "i_id",
                "type": "subset",
                "value": "i_pg_id"
              }
            ]
          },
          {
            "identifier": "p_disagree",
            "slice": [
              {
                "index": "i_id",
                "type": "subset",
                "value": "i_pg_id"
              }
            ]
          },
          {
            "identifier": "sp_rating",
            "slice": [
              {
                "index": "i_id",
                "type": "subset",
                "value": "i_pg_id"
              }
            ]
          },
          {
            "identifier": "sp_createdDate",
            "slice": [
              {
                "index": "i_id",
                "type": "subset",
                "value": "i_pg_id"
              }
            ]
          },
          {
            "identifier": "sp_commentText",
            "slice": [
              {
                "index": "i_id",
                "type": "subset",
                "value": "i_pg_id"
              }
            ]
          },
          {
            "identifier": "p_wow",
            "slice": [
              {
                "index": "i_id",
                "type": "subset",
                "value": "i_pg_id"
              }
            ]
          },
          {
            "identifier": "p_white",
            "slice": [
              {
                "index": "i_id",
                "type": "subset",
                "value": "i_pg_id"
              }
            ]
          },
          {
            "identifier": "p_transgender",
            "slice": [
              {
                "index": "i_id",
                "type": "subset",
                "value": "i_pg_id"
              }
            ]
          },
          {
            "identifier": "p_toxicityAnnotatorCount",
            "slice": [
              {
                "index": "i_id",
                "type": "subset",
                "value": "i_pg_id"
              }
            ]
          },
          {
            "identifier": "p_threat",
            "slice": [
              {
                "index": "i_id",
                "type": "subset",
                "value": "i_pg_id"
              }
            ]
          },
          {
            "identifier": "p_target",
            "slice": [
              {
                "index": "i_id",
                "type": "subset",
                "value": "i_pg_id"
              }
            ]
          },
          {
            "identifier": "p_sexualExplicit",
            "slice": [
              {
                "index": "i_id",
                "type": "subset",
                "value": "i_pg_id"
              }
            ]
          },
          {
            "identifier": "p_severeToxicity",
            "slice": [
              {
                "index": "i_id",
                "type": "subset",
                "value": "i_pg_id"
              }
            ]
          },
          {
            "identifier": "p_sad",
            "slice": [
              {
                "index": "i_id",
                "type": "subset",
                "value": "i_pg_id"
              }
            ]
          },
          {
            "identifier": "p_publicationID",
            "slice": [
              {
                "index": "i_id",
                "type": "subset",
                "value": "i_pg_id"
              }
            ]
          },
          {
            "identifier": "p_psychiatricMentalIllness",
            "slice": [
              {
                "index": "i_id",
                "type": "subset",
                "value": "i_pg_id"
              }
            ]
          },
          {
            "identifier": "p_physicalDisability",
            "slice": [
              {
                "index": "i_id",
                "type": "subset",
                "value": "i_pg_id"
              }
            ]
          },
          {
            "identifier": "p_parentID",
            "slice": [
              {
                "index": "i_id",
                "type": "subset",
                "value": "i_pg_id"
              }
            ]
          },
          {
            "identifier": "p_otherSexualOrientation",
            "slice": [
              {
                "index": "i_id",
                "type": "subset",
                "value": "i_pg_id"
              }
            ]
          },
          {
            "identifier": "p_obscene",
            "slice": [
              {
                "index": "i_id",
                "type": "subset",
                "value": "i_pg_id"
              }
            ]
          },
          {
            "identifier": "p_latino",
            "slice": [
              {
                "index": "i_id",
                "type": "subset",
                "value": "i_pg_id"
              }
            ]
          },
          {
            "identifier": "p_jewish",
            "slice": [
              {
                "index": "i_id",
                "type": "subset",
                "value": "i_pg_id"
              }
            ]
          },
          {
            "identifier": "p_insult",
            "slice": [
              {
                "index": "i_id",
                "type": "subset",
                "value": "i_pg_id"
              }
            ]
          },
          {
            "identifier": "p_identityAttack",
            "slice": [
              {
                "index": "i_id",
                "type": "subset",
                "value": "i_pg_id"
              }
            ]
          },
          {
            "identifier": "p_heterosexual",
            "slice": [
              {
                "index": "i_id",
                "type": "subset",
                "value": "i_pg_id"
              }
            ]
          },
          {
            "identifier": "p_female",
            "slice": [
              {
                "index": "i_id",
                "type": "subset",
                "value": "i_pg_id"
              }
            ]
          },
          {
            "identifier": "p_homosexualGayLesbian",
            "slice": [
              {
                "index": "i_id",
                "type": "subset",
                "value": "i_pg_id"
              }
            ]
          },
          {
            "identifier": "p_identityAnnotatorCount",
            "slice": [
              {
                "index": "i_id",
                "type": "subset",
                "value": "i_pg_id"
              }
            ]
          },
          {
            "identifier": "p_male",
            "slice": [
              {
                "index": "i_id",
                "type": "subset",
                "value": "i_pg_id"
              }
            ]
          },
          {
            "identifier": "p_intellectualLearningDisability",
            "slice": [
              {
                "index": "i_id",
                "type": "subset",
                "value": "i_pg_id"
              }
            ]
          },
          {
            "identifier": "p_muslim",
            "slice": [
              {
                "index": "i_id",
                "type": "subset",
                "value": "i_pg_id"
              }
            ]
          },
          {
            "identifier": "p_otherDisability",
            "slice": [
              {
                "index": "i_id",
                "type": "subset",
                "value": "i_pg_id"
              }
            ]
          },
          {
            "identifier": "p_otherGender",
            "slice": [
              {
                "index": "i_id",
                "type": "subset",
                "value": "i_pg_id"
              }
            ]
          },
          {
            "identifier": "p_otherReligion",
            "slice": [
              {
                "index": "i_id",
                "type": "subset",
                "value": "i_pg_id"
              }
            ]
          },
          {
            "identifier": "p_otherraceethnicity",
            "slice": [
              {
                "index": "i_id",
                "type": "subset",
                "value": "i_pg_id"
              }
            ]
          },
          {
            "identifier": "p_funny",
            "slice": [
              {
                "index": "i_id",
                "type": "subset",
                "value": "i_pg_id"
              }
            ]
          },
          {
            "identifier": "p_likes",
            "slice": [
              {
                "index": "i_id",
                "type": "subset",
                "value": "i_pg_id"
              }
            ]
          }
        ]
      }
    },
    "contents.partition": {
      "literal": {
        "rowHeader": [
          "i_id"
        ],
        "colHeader": [
          "<IDENTIFIER-SET>"
        ],
        "aggregated": []
      }
    },
    "contents.sorting": {
      "literal": [
        {
          "partIndex": 0,
          "partOffsets": [
            -1,
            7
          ],
          "mode": "setorder"
        }
      ]
    },
    "custom.column.widths": {
      "literal": [
        {
          "type": "colHeader",
          "colKey": {
            "<IDENTIFIER-SET>": "sp_commentText"
          },
          "width": 46.64
        },
        {
          "type": "colHeader",
          "colKey": {
            "<IDENTIFIER-SET>": "sp_createdDate"
          },
          "width": 43.19
        },
        {
          "type": "colHeader",
          "colKey": {
            "<IDENTIFIER-SET>": "p_homosexualGayLesbian"
          },
          "width": 32.95
        },
        {
          "type": "colHeader",
          "colKey": {
            "<IDENTIFIER-SET>": "p_intellectualLearningDisability"
          },
          "width": 39.17
        },
        {
          "type": "colHeader",
          "colKey": {
            "<IDENTIFIER-SET>": "p_toxicityAnnotatorCount"
          },
          "width": 29.5
        },
        {
          "type": "colHeader",
          "colKey": {
            "<IDENTIFIER-SET>": "p_identityAnnotatorCount"
          },
          "width": 29.35
        },
        {
          "type": "colHeader",
          "colKey": {
            "<IDENTIFIER-SET>": "p_sexualExplicit"
          },
          "width": 18.36
        },
        {
          "type": "colHeader",
          "colKey": {
            "<IDENTIFIER-SET>": "p_likes"
          },
          "width": 9.79
        },
        {
          "type": "colHeader",
          "colKey": {
            "<IDENTIFIER-SET>": "p_funny"
          },
          "width": 10.2
        },
        {
          "type": "colHeader",
          "colKey": {
            "<IDENTIFIER-SET>": "sp_rating"
          },
          "width": 15.44
        },
        {
          "type": "colHeader",
          "colKey": {
            "<IDENTIFIER-SET>": "p_articleID"
          },
          "width": 20.04
        },
        {
          "type": "colHeader",
          "colKey": {
            "<IDENTIFIER-SET>": "p_parentID"
          },
          "width": 19.38
        },
        {
          "type": "colHeader",
          "colKey": {
            "<IDENTIFIER-SET>": "p_white"
          },
          "width": 10.81
        },
        {
          "type": "colHeader",
          "colKey": {
            "<IDENTIFIER-SET>": "p_transgender"
          },
          "width": 16.93
        },
        {
          "type": "colHeader",
          "colKey": {
            "<IDENTIFIER-SET>": "p_psychiatricMentalIllness"
          },
          "width": 34.15
        },
        {
          "type": "colHeader",
          "colKey": {
            "<IDENTIFIER-SET>": "p_physicalDisability"
          },
          "width": 24.28
        },
        {
          "type": "colHeader",
          "colKey": {
            "<IDENTIFIER-SET>": "p_otherSexualOrientation"
          },
          "width": 29.78
        },
        {
          "type": "colHeader",
          "colKey": {
            "<IDENTIFIER-SET>": "p_otherraceethnicity"
          },
          "width": 28.58
        },
        {
          "type": "colHeader",
          "colKey": {
            "<IDENTIFIER-SET>": "p_muslim"
          },
          "width": 16.93
        },
        {
          "type": "colHeader",
          "colKey": {
            "<IDENTIFIER-SET>": "p_male"
          },
          "width": 9.79
        },
        {
          "type": "colHeader",
          "colKey": {
            "<IDENTIFIER-SET>": "p_latino"
          },
          "width": 12.04
        },
        {
          "type": "colHeader",
          "colKey": {
            "<IDENTIFIER-SET>": "p_jewish"
          },
          "width": 10
        },
        {
          "type": "colHeader",
          "colKey": {
            "<IDENTIFIER-SET>": "p_hindu"
          },
          "width": 11.02
        },
        {
          "type": "colHeader",
          "colKey": {
            "<IDENTIFIER-SET>": "p_female"
          },
          "width": 12.04
        },
        {
          "type": "colHeader",
          "colKey": {
            "<IDENTIFIER-SET>": "p_christian"
          },
          "width": 15.91
        },
        {
          "type": "colHeader",
          "colKey": {
            "<IDENTIFIER-SET>": "p_black"
          },
          "width": 9.59
        },
        {
          "type": "colHeader",
          "colKey": {
            "<IDENTIFIER-SET>": "p_threat"
          },
          "width": 9.79
        },
        {
          "type": "colHeader",
          "colKey": {
            "<IDENTIFIER-SET>": "p_insult"
          },
          "width": 9.18
        },
        {
          "type": "colHeader",
          "colKey": {
            "<IDENTIFIER-SET>": "p_obscene"
          },
          "width": 12.65
        },
        {
          "type": "colHeader",
          "colKey": {
            "<IDENTIFIER-SET>": "p_target"
          },
          "width": 10.81
        }
      ]
    },
    "default.column.width": {
      "literal": 20
    },
    "name": {
      "literal": "tbl_dataset"
    },
    "title": {
      "literal": "Raw Dataset"
    },
    "views": {
      "literal": {
        "views.0": {
          "viewName": "unique",
          "storedOptions": {
            "aimms.widget.type": {
              "literal": "table"
            },
            "contents": {
              "aimms": {
                "contents": [
                  "p_target",
                  "sp_commentText",
                  "p_severeToxicity",
                  "p_obscene",
                  "p_identityAttack",
                  "p_insult",
                  "p_threat",
                  "p_asian",
                  "p_atheist",
                  "p_bisexual",
                  "p_black",
                  "p_buddhist",
                  "p_christian",
                  "p_female",
                  "p_heterosexual",
                  "p_hindu",
                  "p_homosexualGayLesbian",
                  "p_intellectualLearningDisability",
                  "p_jewish",
                  "p_latino",
                  "p_male",
                  "p_muslim",
                  "p_otherDisability",
                  "p_otherGender",
                  "p_otherraceethnicity",
                  "p_otherReligion",
                  "p_otherSexualOrientation",
                  "p_physicalDisability",
                  "p_psychiatricMentalIllness",
                  "p_transgender",
                  "p_white",
                  "sp_createdDate",
                  "p_publicationID",
                  "p_parentID",
                  "p_articleID",
                  "sp_rating",
                  "p_funny",
                  "p_wow",
                  "p_sad",
                  "p_likes",
                  "p_disagree",
                  "p_sexualExplicit",
                  "p_identityAnnotatorCount",
                  "p_toxicityAnnotatorCount"
                ],
                "prefix": "aimms",
                "partition": {
                  "rowHeader": [
                    "i_id"
                  ],
                  "colHeader": [
                    "<IDENTIFIER-SET>"
                  ],
                  "aggregated": []
                },
                "totals": [
                  {
                    "indexName": "<IDENTIFIER-SET>",
                    "operators": [
                      "count_only_visible"
                    ]
                  }
                ],
                "slices": [
                  {
                    "identifier": "p_articleID",
                    "slice": [
                      {
                        "index": "i_id",
                        "type": "subset",
                        "value": "i_pg_id"
                      }
                    ]
                  },
                  {
                    "identifier": "p_asian",
                    "slice": [
                      {
                        "index": "i_id",
                        "type": "subset",
                        "value": "i_pg_id"
                      }
                    ]
                  },
                  {
                    "identifier": "p_atheist",
                    "slice": [
                      {
                        "index": "i_id",
                        "type": "subset",
                        "value": "i_pg_id"
                      }
                    ]
                  },
                  {
                    "identifier": "p_bisexual",
                    "slice": [
                      {
                        "index": "i_id",
                        "type": "subset",
                        "value": "i_pg_id"
                      }
                    ]
                  },
                  {
                    "identifier": "p_black",
                    "slice": [
                      {
                        "index": "i_id",
                        "type": "subset",
                        "value": "i_pg_id"
                      }
                    ]
                  },
                  {
                    "identifier": "p_buddhist",
                    "slice": [
                      {
                        "index": "i_id",
                        "type": "subset",
                        "value": "i_pg_id"
                      }
                    ]
                  },
                  {
                    "identifier": "p_christian",
                    "slice": [
                      {
                        "index": "i_id",
                        "type": "subset",
                        "value": "i_pg_id"
                      }
                    ]
                  },
                  {
                    "identifier": "p_hindu",
                    "slice": [
                      {
                        "index": "i_id",
                        "type": "subset",
                        "value": "i_pg_id"
                      }
                    ]
                  },
                  {
                    "identifier": "p_disagree",
                    "slice": [
                      {
                        "index": "i_id",
                        "type": "subset",
                        "value": "i_pg_id"
                      }
                    ]
                  },
                  {
                    "identifier": "sp_rating",
                    "slice": [
                      {
                        "index": "i_id",
                        "type": "subset",
                        "value": "i_pg_id"
                      }
                    ]
                  },
                  {
                    "identifier": "sp_createdDate",
                    "slice": [
                      {
                        "index": "i_id",
                        "type": "subset",
                        "value": "i_pg_id"
                      }
                    ]
                  },
                  {
                    "identifier": "sp_commentText",
                    "slice": [
                      {
                        "index": "i_id",
                        "type": "subset",
                        "value": "i_pg_id"
                      }
                    ]
                  },
                  {
                    "identifier": "p_wow",
                    "slice": [
                      {
                        "index": "i_id",
                        "type": "subset",
                        "value": "i_pg_id"
                      }
                    ]
                  },
                  {
                    "identifier": "p_white",
                    "slice": [
                      {
                        "index": "i_id",
                        "type": "subset",
                        "value": "i_pg_id"
                      }
                    ]
                  },
                  {
                    "identifier": "p_transgender",
                    "slice": [
                      {
                        "index": "i_id",
                        "type": "subset",
                        "value": "i_pg_id"
                      }
                    ]
                  },
                  {
                    "identifier": "p_toxicityAnnotatorCount",
                    "slice": [
                      {
                        "index": "i_id",
                        "type": "subset",
                        "value": "i_pg_id"
                      }
                    ]
                  },
                  {
                    "identifier": "p_threat",
                    "slice": [
                      {
                        "index": "i_id",
                        "type": "subset",
                        "value": "i_pg_id"
                      }
                    ]
                  },
                  {
                    "identifier": "p_target",
                    "slice": [
                      {
                        "index": "i_id",
                        "type": "subset",
                        "value": "i_pg_id"
                      }
                    ]
                  },
                  {
                    "identifier": "p_sexualExplicit",
                    "slice": [
                      {
                        "index": "i_id",
                        "type": "subset",
                        "value": "i_pg_id"
                      }
                    ]
                  },
                  {
                    "identifier": "p_severeToxicity",
                    "slice": [
                      {
                        "index": "i_id",
                        "type": "subset",
                        "value": "i_pg_id"
                      }
                    ]
                  },
                  {
                    "identifier": "p_sad",
                    "slice": [
                      {
                        "index": "i_id",
                        "type": "subset",
                        "value": "i_pg_id"
                      }
                    ]
                  },
                  {
                    "identifier": "p_publicationID",
                    "slice": [
                      {
                        "index": "i_id",
                        "type": "subset",
                        "value": "i_pg_id"
                      }
                    ]
                  },
                  {
                    "identifier": "p_psychiatricMentalIllness",
                    "slice": [
                      {
                        "index": "i_id",
                        "type": "subset",
                        "value": "i_pg_id"
                      }
                    ]
                  },
                  {
                    "identifier": "p_physicalDisability",
                    "slice": [
                      {
                        "index": "i_id",
                        "type": "subset",
                        "value": "i_pg_id"
                      }
                    ]
                  },
                  {
                    "identifier": "p_parentID",
                    "slice": [
                      {
                        "index": "i_id",
                        "type": "subset",
                        "value": "i_pg_id"
                      }
                    ]
                  },
                  {
                    "identifier": "p_otherSexualOrientation",
                    "slice": [
                      {
                        "index": "i_id",
                        "type": "subset",
                        "value": "i_pg_id"
                      }
                    ]
                  },
                  {
                    "identifier": "p_obscene",
                    "slice": [
                      {
                        "index": "i_id",
                        "type": "subset",
                        "value": "i_pg_id"
                      }
                    ]
                  },
                  {
                    "identifier": "p_latino",
                    "slice": [
                      {
                        "index": "i_id",
                        "type": "subset",
                        "value": "i_pg_id"
                      }
                    ]
                  },
                  {
                    "identifier": "p_jewish",
                    "slice": [
                      {
                        "index": "i_id",
                        "type": "subset",
                        "value": "i_pg_id"
                      }
                    ]
                  },
                  {
                    "identifier": "p_insult",
                    "slice": [
                      {
                        "index": "i_id",
                        "type": "subset",
                        "value": "i_pg_id"
                      }
                    ]
                  },
                  {
                    "identifier": "p_identityAttack",
                    "slice": [
                      {
                        "index": "i_id",
                        "type": "subset",
                        "value": "i_pg_id"
                      }
                    ]
                  },
                  {
                    "identifier": "p_heterosexual",
                    "slice": [
                      {
                        "index": "i_id",
                        "type": "subset",
                        "value": "i_pg_id"
                      }
                    ]
                  },
                  {
                    "identifier": "p_female",
                    "slice": [
                      {
                        "index": "i_id",
                        "type": "subset",
                        "value": "i_pg_id"
                      }
                    ]
                  },
                  {
                    "identifier": "p_homosexualGayLesbian",
                    "slice": [
                      {
                        "index": "i_id",
                        "type": "subset",
                        "value": "i_pg_id"
                      }
                    ]
                  },
                  {
                    "identifier": "p_identityAnnotatorCount",
                    "slice": [
                      {
                        "index": "i_id",
                        "type": "subset",
                        "value": "i_pg_id"
                      }
                    ]
                  },
                  {
                    "identifier": "p_male",
                    "slice": [
                      {
                        "index": "i_id",
                        "type": "subset",
                        "value": "i_pg_id"
                      }
                    ]
                  },
                  {
                    "identifier": "p_intellectualLearningDisability",
                    "slice": [
                      {
                        "index": "i_id",
                        "type": "subset",
                        "value": "i_pg_id"
                      }
                    ]
                  },
                  {
                    "identifier": "p_muslim",
                    "slice": [
                      {
                        "index": "i_id",
                        "type": "subset",
                        "value": "i_pg_id"
                      }
                    ]
                  },
                  {
                    "identifier": "p_otherDisability",
                    "slice": [
                      {
                        "index": "i_id",
                        "type": "subset",
                        "value": "i_pg_id"
                      }
                    ]
                  },
                  {
                    "identifier": "p_otherGender",
                    "slice": [
                      {
                        "index": "i_id",
                        "type": "subset",
                        "value": "i_pg_id"
                      }
                    ]
                  },
                  {
                    "identifier": "p_otherReligion",
                    "slice": [
                      {
                        "index": "i_id",
                        "type": "subset",
                        "value": "i_pg_id"
                      }
                    ]
                  },
                  {
                    "identifier": "p_otherraceethnicity",
                    "slice": [
                      {
                        "index": "i_id",
                        "type": "subset",
                        "value": "i_pg_id"
                      }
                    ]
                  },
                  {
                    "identifier": "p_funny",
                    "slice": [
                      {
                        "index": "i_id",
                        "type": "subset",
                        "value": "i_pg_id"
                      }
                    ]
                  },
                  {
                    "identifier": "p_likes",
                    "slice": [
                      {
                        "index": "i_id",
                        "type": "subset",
                        "value": "i_pg_id"
                      }
                    ]
                  }
                ]
              }
            },
            "contents.partition": {
              "literal": {
                "rowHeader": [
                  "i_id"
                ],
                "colHeader": [
                  "<IDENTIFIER-SET>"
                ],
                "aggregated": []
              }
            },
            "custom.column.widths": {
              "literal": [
                {
                  "type": "colHeader",
                  "colKey": {
                    "<IDENTIFIER-SET>": "sp_commentText"
                  },
                  "width": 46.64
                },
                {
                  "type": "colHeader",
                  "colKey": {
                    "<IDENTIFIER-SET>": "sp_createdDate"
                  },
                  "width": 43.19
                },
                {
                  "type": "colHeader",
                  "colKey": {
                    "<IDENTIFIER-SET>": "p_homosexualGayLesbian"
                  },
                  "width": 32.95
                },
                {
                  "type": "colHeader",
                  "colKey": {
                    "<IDENTIFIER-SET>": "p_intellectualLearningDisability"
                  },
                  "width": 39.17
                },
                {
                  "type": "colHeader",
                  "colKey": {
                    "<IDENTIFIER-SET>": "p_toxicityAnnotatorCount"
                  },
                  "width": 29.5
                },
                {
                  "type": "colHeader",
                  "colKey": {
                    "<IDENTIFIER-SET>": "p_identityAnnotatorCount"
                  },
                  "width": 29.35
                },
                {
                  "type": "colHeader",
                  "colKey": {
                    "<IDENTIFIER-SET>": "p_sexualExplicit"
                  },
                  "width": 18.36
                },
                {
                  "type": "colHeader",
                  "colKey": {
                    "<IDENTIFIER-SET>": "p_likes"
                  },
                  "width": 9.79
                },
                {
                  "type": "colHeader",
                  "colKey": {
                    "<IDENTIFIER-SET>": "p_funny"
                  },
                  "width": 10.2
                },
                {
                  "type": "colHeader",
                  "colKey": {
                    "<IDENTIFIER-SET>": "sp_rating"
                  },
                  "width": 15.44
                },
                {
                  "type": "colHeader",
                  "colKey": {
                    "<IDENTIFIER-SET>": "p_articleID"
                  },
                  "width": 20.04
                },
                {
                  "type": "colHeader",
                  "colKey": {
                    "<IDENTIFIER-SET>": "p_parentID"
                  },
                  "width": 19.38
                },
                {
                  "type": "colHeader",
                  "colKey": {
                    "<IDENTIFIER-SET>": "p_white"
                  },
                  "width": 10.81
                },
                {
                  "type": "colHeader",
                  "colKey": {
                    "<IDENTIFIER-SET>": "p_transgender"
                  },
                  "width": 16.93
                },
                {
                  "type": "colHeader",
                  "colKey": {
                    "<IDENTIFIER-SET>": "p_psychiatricMentalIllness"
                  },
                  "width": 34.15
                },
                {
                  "type": "colHeader",
                  "colKey": {
                    "<IDENTIFIER-SET>": "p_physicalDisability"
                  },
                  "width": 24.28
                },
                {
                  "type": "colHeader",
                  "colKey": {
                    "<IDENTIFIER-SET>": "p_otherSexualOrientation"
                  },
                  "width": 29.78
                },
                {
                  "type": "colHeader",
                  "colKey": {
                    "<IDENTIFIER-SET>": "p_otherraceethnicity"
                  },
                  "width": 28.58
                },
                {
                  "type": "colHeader",
                  "colKey": {
                    "<IDENTIFIER-SET>": "p_muslim"
                  },
                  "width": 16.93
                },
                {
                  "type": "colHeader",
                  "colKey": {
                    "<IDENTIFIER-SET>": "p_male"
                  },
                  "width": 9.79
                },
                {
                  "type": "colHeader",
                  "colKey": {
                    "<IDENTIFIER-SET>": "p_latino"
                  },
                  "width": 12.04
                },
                {
                  "type": "colHeader",
                  "colKey": {
                    "<IDENTIFIER-SET>": "p_jewish"
                  },
                  "width": 10
                },
                {
                  "type": "colHeader",
                  "colKey": {
                    "<IDENTIFIER-SET>": "p_hindu"
                  },
                  "width": 11.02
                },
                {
                  "type": "colHeader",
                  "colKey": {
                    "<IDENTIFIER-SET>": "p_female"
                  },
                  "width": 12.04
                },
                {
                  "type": "colHeader",
                  "colKey": {
                    "<IDENTIFIER-SET>": "p_christian"
                  },
                  "width": 15.91
                },
                {
                  "type": "colHeader",
                  "colKey": {
                    "<IDENTIFIER-SET>": "p_black"
                  },
                  "width": 9.59
                },
                {
                  "type": "colHeader",
                  "colKey": {
                    "<IDENTIFIER-SET>": "p_threat"
                  },
                  "width": 9.79
                },
                {
                  "type": "colHeader",
                  "colKey": {
                    "<IDENTIFIER-SET>": "p_insult"
                  },
                  "width": 9.18
                },
                {
                  "type": "colHeader",
                  "colKey": {
                    "<IDENTIFIER-SET>": "p_obscene"
                  },
                  "width": 12.65
                },
                {
                  "type": "colHeader",
                  "colKey": {
                    "<IDENTIFIER-SET>": "p_target"
                  },
                  "width": 10.81
                }
              ]
            },
            "title": {
              "literal": "Raw Dataset"
            },
            "contents.sorting": {
              "literal": [
                {
                  "partIndex": 0,
                  "partOffsets": [
                    -1,
                    7
                  ],
                  "mode": "setorder"
                }
              ]
            }
          }
        }
      }
    },
    "views.__display_order__": {
      "literal": [
        "views.0"
      ]
    },
    "views.0.name": {
      "literal": "unique"
    },
    "views.current": {
      "literal": "views.0"
    }
  },
  "widgets/tbl_historicalQueries": {
    "aimms.widget.type": {
      "literal": "table"
    },
    "contents": {
      "aimms": {
        "contents": [
          "sp_queryAsked",
          "ep_calc_queryAnswer"
        ]
      }
    },
    "contents.partition": {
      "literal": {
        "rowHeader": [
          "i_query"
        ],
        "colHeader": [
          "<IDENTIFIER-SET>"
        ],
        "aggregated": []
      }
    },
    "custom.column.widths": {
      "literal": [
        {
          "type": "colHeader",
          "colKey": {
            "<IDENTIFIER-SET>": "ep_queryAnswer"
          },
          "width": 19.84
        },
        {
          "type": "colHeader",
          "colKey": {
            "<IDENTIFIER-SET>": "sp_queryAsked"
          },
          "width": 59.8
        },
        {
          "type": "colHeader",
          "colKey": {
            "<IDENTIFIER-SET>": "ep_calc_queryAnswer"
          },
          "width": 21.92
        },
        {
          "type": "rowHeader",
          "colKey": "i_query",
          "width": 11.23
        }
      ]
    },
    "name": {
      "literal": "tbl_historicalQueries"
    },
    "title": {
      "literal": "Historical Queries"
    },
    "views": {
      "literal": {}
    },
    "views.__display_order__": {
      "literal": [
        "views.0"
      ]
    }
  },
  "widgets/tree_queryAnswered": {
    "aimms.widget.type": {
      "literal": "treemap"
    },
    "contents": {
      "aimms": {
        "contents": [
          "p_def_queryTypePercentage"
        ]
      }
    },
    "contents.partition": {
      "literal": {
        "rectangles": [
          "i_qType"
        ],
        "aggregated": [
          "<IDENTIFIER-SET>"
        ]
      }
    },
    "name": {
      "literal": "tree_queryAnswered"
    },
    "views": {
      "literal": {}
    },
    "views.__display_order__": {
      "literal": [
        "views.0"
      ]
    }
  },
  "widgets/txt_problemDescription": {
    "aimms.widget.type": {
      "literal": "text"
    },
    "contents": {
      "literal": "<div><span style=\"font-size: 32px;\"><b>Story</b></span></div><div><br></div><div><span style=\"font-size: 18px;\">At the end of 2017, the </span><a href=\"https://medium.com/@aja_15265/saying-goodbye-to-civil-comments-41859d3a2b1d\" style=\"font-size: 18px;\" target=\"_blank\">Civil Comments</a><span style=\"font-size: 18px;\"> platform shut down and released their ~2 million public comments in a lasting open archive. Jigsaw sponsored this effort and helped to comprehensively annotate the data.&nbsp; In 2019, Kaggle held the </span><a href=\"https://www.kaggle.com/c/jigsaw-unintended-bias-in-toxicity-classification/overview\" style=\"font-size: 18px;\" target=\"_blank\">Jigsaw Unintended Bias in Toxicity Classification</a><span style=\"font-size: 18px;\"> competition so that data scientists worldwide could work together to investigate ways to mitigate bias.</span></div><div><br></div><div><span style=\"font-size: 18px;\">This project is able to load some of the data from the competition and connect with Python model. After typing a query, the code will run for approximately 30 seconds, when it finishes, you should see as output a message saying if the query you typed is \"toxic\" or \"not toxic\".</span></div><div><br></div>"
    },
    "name": {
      "literal": "txt_problemDescription"
    }
  },
  "widgets/txt_welcome": {
    "aimms.widget.type": {
      "literal": "text"
    },
    "contents": {
      "literal": "<div><span style=\"background-color: inherit; font-size: 32px;\"><b>Welcome!</b></span></div><div><br></div><div><span style=\"background-color: inherit; font-size: 18px;\">You are in an AIMMS Example. Feel free to play around and create something more in this app!</span></div><div><span style=\"background-color: inherit; font-size: 18px;\">&nbsp;</span></div><div><span style=\"background-color: inherit; font-size: 18px;\">If you do, please fork this repository and commit your changes.&nbsp;This ensures our GitHub stays up-to-date for the entire community!</span></div><div><br></div><div><span style=\"background-color: inherit; font-size: 18px;\">You can also check our other interactive resources:</span></div><div><br></div><ul><li><span style=\"background-color: inherit; font-size: 18px;\">In the Online&nbsp;</span><a href=\"https://community.aimms.com/\" style=\"font-size: 18px;\" target=\"_blank\"><span style=\"background-color: inherit;\">Community</span></a><span style=\"background-color: inherit; font-size: 18px;\">, talk to other developers and AIMMSians about the product, modeling, use cases, and more.</span></li><li><span style=\"background-color: inherit; font-size: 18px;\">In the&nbsp;</span><a href=\"https://academy.aimms.com/\" style=\"font-size: 18px;\" target=\"_blank\"><span style=\"background-color: inherit;\">Academy</span></a><span style=\"background-color: inherit; font-size: 18px;\">, learn new skills and challenge yourself. We are busy creating new courses, so keep an eye out!</span></li></ul><div><br></div><div><span style=\"background-color: inherit; font-size: 18px;\">For questions that can't be posted on the community, contact us at&nbsp;</span><i style=\"background-color: rgb(255, 255, 204); font-size: 18px;\">support@aimms.com</i><span style=\"background-color: inherit; font-size: 18px;\">.</span></div>"
    },
    "name": {
      "literal": "txt_welcome"
    }
  }
}