<?xml version="1.0"?>
<Page Version="4000" TimeStamp="2021-03-12 09:48:33">
	<PageEditSize Type="Inherited">
		<Size Width="800" Height="796" />
	</PageEditSize>
	<ProjectUUID>2E3D40FC-CE49-45B3-9165-530BE1EE8E94</ProjectUUID>
	<TemplatesTabOrderPosition>1</TemplatesTabOrderPosition>
	<ResizeData>
		<MainArea Line="PercentageFromLeft" Value="0.49375">
			<LeftArea Line="PercentageFromTop" Value="0.457286432161">
				<BottomArea Line="FixedFromBottom" Value="89" />
			</LeftArea>
			<RightArea Line="PercentageFromTop" Value="0.45351758794">
				<BottomArea Line="FixedFromBottom" Value="91" />
			</RightArea>
		</MainArea>
	</ResizeData>
	<Background Inherited="true" />
	<Action>
		<EntryProcedure>gss::pr_openPageErrorWarningProfiler</EntryProcedure>
	</Action>
	<PageObject Type="Table">
		<Location top="66" left="14" bottom="354" right="366" />
		<TabOrder>7</TabOrder>
		<Font GUID="64997158-3D5B-41FC-BAC0-3F921D1A96BD" Name="default" />
		<Border Style="InShadow" Width="2" MarginTop="5" MarginRight="5" MarginBottom="5" MarginLeft="5" />
		<BackgroundColor RGB="#ffffff" />
		<RowIndentation>3</RowIndentation>
		<ExplicitIdentifier>
			<Identifier>gss::ep_shownJobErrorSeverity( gss::i_jobErrorMessageNumber-&gt;gss::ep_errorWarningSelectedMessage )</Identifier>
			<FirstColumn>1</FirstColumn>
			<HeaderText>"Severity"</HeaderText>
			<NumberFormat Width="8" Decimals="0" Alignment="Left" />
			<ProcedureUponDblClick>gss::pr_openIdentifierOnMessageList</ProcedureUponDblClick>
		</ExplicitIdentifier>
		<ExplicitIdentifier>
			<Identifier>gss::sp_shownJobErrorMoments( gss::i_jobErrorMessageNumber-&gt;gss::ep_errorWarningSelectedMessage )</Identifier>
			<FirstColumn>1</FirstColumn>
			<HeaderText>"Moment"</HeaderText>
			<NumberFormat Width="19" Decimals="0" Alignment="Left" />
			<ProcedureUponDblClick>gss::pr_openIdentifierOnMessageList</ProcedureUponDblClick>
		</ExplicitIdentifier>
		<ExplicitIdentifier>
			<Identifier>gss::sp_shownJobErrorMessages( gss::i_jobErrorMessageNumber-&gt;gss::ep_errorWarningSelectedMessage )</Identifier>
			<FirstColumn>1</FirstColumn>
			<HeaderText>"Message"</HeaderText>
			<NumberFormat Width="80" Decimals="0" Alignment="Left" />
			<ProcedureUponDblClick>gss::pr_openIdentifierOnMessageList</ProcedureUponDblClick>
		</ExplicitIdentifier>
	</PageObject>
	<PageObject Type="Scalar">
		<Location top="29" left="14" bottom="60" right="366" />
		<TabOrder>1</TabOrder>
		<Font GUID="64997158-3D5B-41FC-BAC0-3F921D1A96BD" Name="default" />
		<Border Style="InShadow" Width="2" MarginTop="5" MarginRight="5" MarginBottom="5" MarginLeft="5" />
		<BackgroundColor RGB="#ffffff" />
		<Layout>Value</Layout>
		<SeparatorSign>=</SeparatorSign>
		<ExplicitIdentifier>
			<Identifier>gss::sp_titleErrorWarningMessagesTable</Identifier>
			<NumberFormat Width="15" Decimals="0" Alignment="Left" ShowDefaults="true" />
		</ExplicitIdentifier>
	</PageObject>
	<PageObject Type="Scalar">
		<Location top="378" left="14" bottom="414" right="372" />
		<TabOrder>2</TabOrder>
		<Font GUID="64997158-3D5B-41FC-BAC0-3F921D1A96BD" Name="default" />
		<Border Style="InShadow" Width="2" MarginTop="5" MarginRight="5" MarginBottom="5" MarginLeft="5" />
		<BackgroundColor RGB="#ffffff" />
		<Layout>Value</Layout>
		<SeparatorSign>=</SeparatorSign>
		<ExplicitIdentifier>
			<Identifier>gss::sp_titleStackMessage</Identifier>
			<NumberFormat Width="15" Decimals="0" Alignment="Left" ShowDefaults="true" />
		</ExplicitIdentifier>
	</PageObject>
	<PageObject Type="Table">
		<Location top="420" left="14" bottom="702" right="378" />
		<TabOrder>3</TabOrder>
		<Font GUID="64997158-3D5B-41FC-BAC0-3F921D1A96BD" Name="default" />
		<Border Style="InShadow" Width="2" MarginTop="5" MarginRight="5" MarginBottom="5" MarginLeft="5" />
		<BackgroundColor RGB="#ffffff" />
		<RowIndentation>3</RowIndentation>
		<ExplicitIdentifier>
			<Identifier>gss::ep_shownJobErrorNodes( gss::ep_errorWarningSelectedMessage, gss::i_stackPosition )</Identifier>
			<Permutation>[1,0]</Permutation>
			<FirstColumn>2</FirstColumn>
			<NumberFormat Width="15" Decimals="0" Alignment="Left" />
			<ProcedureUponDblClick>gss::pr_openIdentifierOnStack</ProcedureUponDblClick>
		</ExplicitIdentifier>
		<ExplicitIdentifier>
			<Identifier>gss::ep_shownJobErrorAttributes( gss::ep_errorWarningSelectedMessage, gss::i_stackPosition )</Identifier>
			<Permutation>[1,0]</Permutation>
			<FirstColumn>2</FirstColumn>
			<NumberFormat Width="15" Decimals="0" Alignment="Left" />
			<ProcedureUponDblClick>gss::pr_openIdentifierOnStack</ProcedureUponDblClick>
		</ExplicitIdentifier>
		<ExplicitIdentifier>
			<Identifier>gss::p_shownJobErrorLines( gss::ep_errorWarningSelectedMessage, gss::i_stackPosition )</Identifier>
			<Permutation>[1,0]</Permutation>
			<FirstColumn>2</FirstColumn>
			<NumberFormat Width="7" Decimals="0" Alignment="Center" />
			<ProcedureUponDblClick>gss::pr_openIdentifierOnStack</ProcedureUponDblClick>
		</ExplicitIdentifier>
	</PageObject>
	<PageObject Type="Scalar">
		<Location top="30" left="408" bottom="66" right="772" />
		<TabOrder>4</TabOrder>
		<Font GUID="64997158-3D5B-41FC-BAC0-3F921D1A96BD" Name="default" />
		<Border Style="InShadow" Width="2" MarginTop="5" MarginRight="5" MarginBottom="5" MarginLeft="5" />
		<BackgroundColor RGB="#ffffff" />
		<Layout>Value</Layout>
		<SeparatorSign>=</SeparatorSign>
		<ExplicitIdentifier>
			<Identifier>gss::sp_titleProfilerOverview</Identifier>
			<NumberFormat Width="15" Decimals="0" Alignment="Left" ShowDefaults="true" />
		</ExplicitIdentifier>
	</PageObject>
	<PageObject Type="Scalar">
		<Location top="384" left="414" bottom="414" right="774" />
		<TabOrder>5</TabOrder>
		<Font GUID="64997158-3D5B-41FC-BAC0-3F921D1A96BD" Name="default" />
		<Border Style="InShadow" Width="2" MarginTop="5" MarginRight="5" MarginBottom="5" MarginLeft="5" />
		<BackgroundColor RGB="#ffffff" />
		<Layout>Value</Layout>
		<SeparatorSign>=</SeparatorSign>
		<ExplicitIdentifier>
			<Identifier>gss::sp_titleProfilerDetail</Identifier>
			<NumberFormat Width="15" Decimals="0" Alignment="Left" ShowDefaults="true" />
		</ExplicitIdentifier>
	</PageObject>
	<PageObject Type="Table">
		<Location top="420" left="408" bottom="702" right="778" />
		<TabOrder>6</TabOrder>
		<Font GUID="64997158-3D5B-41FC-BAC0-3F921D1A96BD" Name="default" />
		<Border Style="InShadow" Width="2" MarginTop="5" MarginRight="5" MarginBottom="5" MarginLeft="5" />
		<BackgroundColor RGB="#ffffff" />
		<RowIndentation>3</RowIndentation>
		<ExplicitIdentifier>
			<Identifier>gss::p_shownJobProfilerHits( gss::ep_profilerDataSelectedIdentifier, gss::i_actualLineNumber )</Identifier>
			<Permutation>[1,0]</Permutation>
			<FirstColumn>2</FirstColumn>
			<HeaderText>"hits"</HeaderText>
			<NumberFormat Width="8" Decimals="0" Alignment="Center" />
		</ExplicitIdentifier>
		<ExplicitIdentifier>
			<Identifier>gss::p_shownJobProfilerGross( gss::ep_profilerDataSelectedIdentifier, gss::i_actualLineNumber )</Identifier>
			<Permutation>[1,0]</Permutation>
			<FirstColumn>2</FirstColumn>
			<HeaderText>"gross time"</HeaderText>
			<NumberFormat Width="8" Decimals="3" Alignment="Center" />
		</ExplicitIdentifier>
		<ExplicitIdentifier>
			<Identifier>gss::p_shownJobProfilerNetto( gss::ep_profilerDataSelectedIdentifier, gss::i_actualLineNumber )</Identifier>
			<Permutation>[1,0]</Permutation>
			<FirstColumn>2</FirstColumn>
			<HeaderText>"net time"</HeaderText>
			<NumberFormat Width="8" Decimals="3" Alignment="Center" />
		</ExplicitIdentifier>
	</PageObject>
	<PageObject Type="Pivot Table">
		<Location top="72" left="408" bottom="354" right="772" />
		<TabOrder>8</TabOrder>
		<ObjectUUID>37E78650-ECE8-4024-8F1E-E26517E5E84C</ObjectUUID>
		<Font GUID="64997158-3D5B-41FC-BAC0-3F921D1A96BD" Name="default" />
		<Border Style="InShadow" Width="2" MarginTop="5" MarginRight="5" MarginBottom="5" MarginLeft="5" />
		<Contents>
			<Explicit_Identifier>
				<Identifier ID="4110">gss::p_shownJobProfilerHits( IndexIdentifiers-&gt;gss::ep_profilerDataSelectedIdentifier, '0' )</Identifier>
				<Title ID="4120">"hits"</Title>
				<Format>
					<Decimal_Places ID="4312">0</Decimal_Places>
				</Format>
			</Explicit_Identifier>
			<Explicit_Identifier>
				<Identifier ID="4110">gss::p_shownJobProfilerNetto( IndexIdentifiers-&gt;gss::ep_profilerDataSelectedIdentifier, '0' )</Identifier>
				<Title ID="4120">"net time"</Title>
				<Format>
					<Decimal_Places ID="4312">3</Decimal_Places>
				</Format>
			</Explicit_Identifier>
			<Explicit_Identifier>
				<Identifier ID="4110">gss::p_shownJobProfilerGross( IndexIdentifiers-&gt;gss::ep_profilerDataSelectedIdentifier, '0' )</Identifier>
				<Title ID="4120">"gross time"</Title>
				<Format>
					<Decimal_Places ID="4312">3</Decimal_Places>
				</Format>
			</Explicit_Identifier>
		</Contents>
		<Indices>
			<Explicit_Index>
				<Index ID="6510">IndexIdentifiers</Index>
				<Link_to_Element_Parameter ID="6515">gss::ep_profilerDataSelectedIdentifier</Link_to_Element_Parameter>
			</Explicit_Index>
			<Identifier_Index>
				<Hide_if_Single_Identifier ID="6270">"No"</Hide_if_Single_Identifier>
			</Identifier_Index>
		</Indices>
		<General>
			<Dense_Aggregation_restricts_to_Domain ID="1022">"Yes"</Dense_Aggregation_restricts_to_Domain>
		</General>
		<Row_Area>
			<Background_Color ID="2010">RGB&lt;255,255,200&gt;</Background_Color>
			<Text_Color ExtraInfo="65968BA9-9973-4F10-A487-19C6D88094F0" ID="2020">"default selection"</Text_Color>
			<Headers>
				<Background_Color ExtraInfo="65968BA9-9973-4F10-A487-19C6D88094F0" ID="2120">"default selection"</Background_Color>
				<Text_Color ID="2130">RGB&lt;255,255,255&gt;</Text_Color>
				<Show_Sub_Headers ID="2150">"No"</Show_Sub_Headers>
			</Headers>
			<Grid_Focus_Indicator>
				<Background_Color ID="2270">RGB&lt;0,0,168&gt;</Background_Color>
				<Text_Color ID="2280">RGB&lt;255,255,200&gt;</Text_Color>
			</Grid_Focus_Indicator>
		</Row_Area>
		<Column_Area>
			<Headers>
				<Show_Sub_Headers ID="3150">"No"</Show_Sub_Headers>
			</Headers>
		</Column_Area>
		<Grid_Area>
			<Background_Color ID="5010">RGB&lt;255,255,255&gt;</Background_Color>
			<Alternating_Background_Color ID="5011">RGB&lt;225,225,225&gt;</Alternating_Background_Color>
			<Aggregators>
				<Background_Color ID="5220">RGB&lt;255,128,128&gt;</Background_Color>
			</Aggregators>
			<Sub_Header_Row_or_Column>
				<Background_Color ID="5320">RGB&lt;255,255,200&gt;</Background_Color>
			</Sub_Header_Row_or_Column>
		</Grid_Area>
	</PageObject>
	<PageObject Type="Scalar">
		<Location top="714" left="18" bottom="750" right="378" />
		<TabOrder>13</TabOrder>
		<Font GUID="64997158-3D5B-41FC-BAC0-3F921D1A96BD" Name="default" />
		<Border Style="InShadow" Width="2" MarginTop="5" MarginRight="5" MarginBottom="5" MarginLeft="5" />
		<BackgroundColor RGB="#ffffff" />
		<Layout>Value</Layout>
		<SeparatorSign>=</SeparatorSign>
		<ExplicitIdentifier>
			<Identifier>gss::ep_shownSession</Identifier>
			<NumberFormat Width="15" Decimals="0" Alignment="Left" ShowDefaults="true" />
			<ProcedureUponChange>gss::pr_uponChangeShownSession</ProcedureUponChange>
		</ExplicitIdentifier>
	</PageObject>
	<PageObject Type="Button">
		<Location top="714" left="408" bottom="744" right="778" />
		<TabOrder>9</TabOrder>
		<LeaveOnEnter>false</LeaveOnEnter>
		<ButtonType>Text</ButtonType>
		<Title>"Upload Error Warning Data"</Title>
		<Font GUID="64997158-3D5B-41FC-BAC0-3F921D1A96BD" Name="default" />
		<ActionSequence>
			<Action Type="Run">
				<RunWhat>SpecificProcecure</RunWhat>
				<Procedure>gss::pr_uploadErrorDataWinUI</Procedure>
				<AbortOnError>true</AbortOnError>
			</Action>
		</ActionSequence>
	</PageObject>
	<PageObject Type="Button">
		<Location top="756" left="18" bottom="786" right="228" />
		<TabOrder>10</TabOrder>
		<LeaveOnEnter>false</LeaveOnEnter>
		<ButtonType>Text</ButtonType>
		<Title>gss::sp_titleDownloadActionLog</Title>
		<Font GUID="64997158-3D5B-41FC-BAC0-3F921D1A96BD" Name="default" />
		<ActionSequence>
			<Action Type="Run">
				<RunWhat>SpecificProcecure</RunWhat>
				<Procedure>gss::pr_downloadActionLogWinUI</Procedure>
				<AbortOnError>true</AbortOnError>
			</Action>
		</ActionSequence>
	</PageObject>
	<PageObject Type="Button">
		<Location top="750" left="414" bottom="780" right="778" />
		<TabOrder>11</TabOrder>
		<LeaveOnEnter>false</LeaveOnEnter>
		<ButtonType>Text</ButtonType>
		<Title>"Download Error Warning Data"</Title>
		<Font GUID="64997158-3D5B-41FC-BAC0-3F921D1A96BD" Name="default" />
		<ActionSequence>
			<Action Type="Run">
				<RunWhat>SpecificProcecure</RunWhat>
				<Procedure>gss::pr_downloadErrorDataFileWinUI</Procedure>
				<AbortOnError>true</AbortOnError>
			</Action>
		</ActionSequence>
	</PageObject>
	<PageObject Type="Button">
		<Location top="756" left="240" bottom="786" right="378" />
		<TabOrder>12</TabOrder>
		<LeaveOnEnter>false</LeaveOnEnter>
		<ButtonType>Text</ButtonType>
		<Title>"Download error report"</Title>
		<Font GUID="64997158-3D5B-41FC-BAC0-3F921D1A96BD" Name="default" />
		<ActionSequence>
			<Action Type="Run">
				<RunWhat>SpecificProcecure</RunWhat>
				<Procedure>gss::pr_downloadErrorReportWinUI</Procedure>
				<AbortOnError>true</AbortOnError>
			</Action>
		</ActionSequence>
	</PageObject>
	<UsedReferences>
		<Model>
			<Symbol>IndexIdentifiers</Symbol>
			<Symbol>gss::sp_titleErrorWarningMessagesTable</Symbol>
			<Symbol>gss::sp_titleStackMessage</Symbol>
			<Symbol>gss::sp_titleProfilerDetail</Symbol>
			<Symbol>gss::sp_titleProfilerOverview</Symbol>
			<Symbol>gss::sp_titleDownloadActionLog</Symbol>
			<Symbol>gss::ep_profilerDataSelectedIdentifier</Symbol>
			<Symbol>gss::ep_errorWarningSelectedMessage</Symbol>
			<Symbol>gss::pr_openPageErrorWarningProfiler</Symbol>
			<Symbol>gss::ep_shownSession</Symbol>
			<Symbol>gss::pr_uponChangeShownSession</Symbol>
			<Symbol>gss::sp_shownJobErrorMessages</Symbol>
			<Symbol>gss::sp_shownJobErrorMoments</Symbol>
			<Symbol>gss::ep_shownJobErrorSeverity</Symbol>
			<Symbol>gss::ep_shownJobErrorNodes</Symbol>
			<Symbol>gss::ep_shownJobErrorAttributes</Symbol>
			<Symbol>gss::p_shownJobErrorLines</Symbol>
			<Symbol>gss::p_shownJobProfilerHits</Symbol>
			<Symbol>gss::p_shownJobProfilerNetto</Symbol>
			<Symbol>gss::p_shownJobProfilerGross</Symbol>
			<Symbol>gss::pr_uploadErrorDataWinUI</Symbol>
			<Symbol>gss::pr_downloadErrorDataFileWinUI</Symbol>
			<Symbol>gss::pr_downloadErrorReportWinUI</Symbol>
			<Symbol>gss::pr_openIdentifierOnStack</Symbol>
			<Symbol>gss::pr_openIdentifierOnMessageList</Symbol>
			<Symbol>gss::pr_downloadActionLogWinUI</Symbol>
			<Symbol>gss::i_actualLineNumber</Symbol>
			<Symbol>gss::i_stackPosition</Symbol>
			<Symbol>gss::i_jobErrorMessageNumber</Symbol>
		</Model>
	</UsedReferences>
</Page>
