{
  "version": "4.67.0",
  "application": {
    "aimms.widget.type": {
      "literal": "application"
    },
    "pages": {
      "literal": {
        "name": "root",
        "slug": "root",
        "children": [
          {
            "name": "Main Project",
            "slug": "main_project",
            "children": [
              {
                "name": "home",
                "slug": "home",
                "children": [
                  {
                    "name": "SKU",
                    "type": "pagev2-grid",
                    "slug": "sku_1",
                    "children": []
                  },
                  {
                    "name": "SKU Temp",
                    "type": "page",
                    "slug": "sku_temp",
                    "children": []
                  }
                ]
              }
            ]
          }
        ]
      }
    },
    "theme.classic": {
      "literal": "NOT_ALLOWED"
    }
  },
  "layouts/custom_a0ef1e72-a42c-495b-b955-27d569bc8aff": {
    "definition": {
      "literal": {
        "componentName": "Grid",
        "props": {
          "gridTemplateColumns": "1fr 2fr",
          "gridTemplateRows": "1fr",
          "gridTemplateAreas": "\"area-a area-b\""
        },
        "items": [
          {
            "componentName": "WidgetArea",
            "props": {
              "gridArea": "area-a",
              "name": "Area Master",
              "gridAutoFlow": "row"
            }
          },
          {
            "componentName": "WidgetArea",
            "props": {
              "gridArea": "area-b",
              "name": "Area Detail",
              "gridAutoFlow": "row"
            }
          }
        ]
      }
    },
    "displayName": {
      "literal": "Layout master detail"
    }
  },
  "pages/sku_1": {
    "aimms.widget.type": {
      "literal": "pagev2-grid"
    },
    "bindings": {
      "literal": [
        {
          "widgetUri": "ScalarSKUDetail",
          "gridArea": "area-b",
          "dndId": "area-aScalarSKUDetail0"
        },
        {
          "widgetUri": "LegendSKUMaster",
          "gridArea": "area-a",
          "dndId": "area-aLegendSKUMaster1"
        }
      ]
    },
    "layoutId": {
      "literal": "custom_a0ef1e72-a42c-495b-b955-27d569bc8aff"
    },
    "secondarypageactions": {
      "aimms": {
        "contents": [
          "sp_SKUFORM_SecondaryPageActions"
        ],
        "slices": [
          {
            "identifier": "sp_SKUFORM_SecondaryPageActions",
            "slice": [
              {
                "index": "webui::indexPageExtension",
                "type": "free",
                "value": "webui::indexPageExtension"
              },
              {
                "index": "webui::indexPageActionSpec",
                "type": "free",
                "value": "webui::indexPageActionSpec"
              }
            ]
          }
        ]
      }
    },
    "widgets": {
      "literal": [
        {
          "uri": "LegendSKUMaster",
          "layoutInfo": {
            "width": "2",
            "height": "2"
          }
        },
        {
          "uri": "ScalarSKUDetail",
          "layoutInfo": {
            "width": "4",
            "height": "2"
          }
        }
      ]
    }
  },
  "pages/sku_temp": {
    "aimms.widget.type": {
      "literal": "page"
    },
    "secondarypageactions": {
      "aimms": {
        "contents": [
          "sp_SKUFORM_SecondaryPageActions"
        ],
        "slices": [
          {
            "identifier": "sp_SKUFORM_SecondaryPageActions",
            "slice": [
              {
                "index": "webui::indexPageExtension",
                "type": "free",
                "value": "webui::indexPageExtension"
              },
              {
                "index": "webui::indexPageActionSpec",
                "type": "free",
                "value": "webui::indexPageActionSpec"
              }
            ]
          }
        ]
      }
    },
    "widgets": {
      "literal": [
        {
          "uri": "LegendSKUMaster_1",
          "layoutInfo": {
            "width": "2",
            "height": "2"
          }
        },
        {
          "uri": "ScalarSKUDetail_1",
          "layoutInfo": {
            "width": "4",
            "height": "2"
          }
        }
      ]
    }
  },
  "widgets/LegendSKUMaster": {
    "aimms.widget.type": {
      "literal": "legend"
    },
    "contents": {
      "aimms": {
        "contents": [
          "bp_SKUFORM_Selection"
        ]
      }
    },
    "title": {
      "literal": "SKUFORM Master View"
    },
    "name": {
      "literal": "LegendSKUMaster"
    }
  },
  "widgets/LegendSKUMaster_1": {
    "aimms.widget.type": {
      "literal": "legend"
    },
    "contents": {
      "aimms": {
        "contents": [
          "bp_SKUFORM_Selection"
        ]
      }
    },
    "name": {
      "literal": "LegendSKUMaster (1)"
    },
    "title": {
      "literal": "SKUFORM Master View"
    }
  },
  "widgets/ScalarSKUDetail": {
    "aimms.widget.type": {
      "literal": "scalar"
    },
    "contents": {
      "aimms": {
        "contents": [
          "webui_runtime::SKUForm_P_Stock",
          "webui_runtime::SKUForm_EP_Color",
          "webui_runtime::SKUForm_P_Volume",
          "webui_runtime::SKUForm_SP_Manufacturer",
          "webui_runtime::SKUForm_SP_SKUFORM_InternalName"
        ]
      }
    },
    "name": {
      "literal": "ScalarSKUDetail"
    },
    "title": {
      "literal": "SKUFORM Detail View"
    }
  },
  "widgets/ScalarSKUDetail_1": {
    "aimms.widget.type": {
      "literal": "scalar"
    },
    "contents": {
      "aimms": {
        "contents": [
          "webui_runtime::SKUForm_P_Stock",
          "webui_runtime::SKUForm_EP_Color",
          "webui_runtime::SKUForm_P_Volume",
          "webui_runtime::SKUForm_SP_Manufacturer",
          "webui_runtime::SKUForm_SP_SKUFORM_InternalName"
        ]
      }
    },
    "name": {
      "literal": "ScalarSKUDetail (1)"
    },
    "title": {
      "literal": "SKUFORM Detail View"
    }
  }
}