<?xml version="1.0" encoding="ISO-8859-1"?>
<network xmlns="http://sndlib.zib.de/network" version="1.0">
 <networkStructure>
  <nodes coordinatesType="pixel">
   <node id="N01">
    <coordinates>
     <x>200.0</x>
     <y>175.0</y>
    </coordinates>
   </node>
   <node id="N02">
    <coordinates>
     <x>203.0</x>
     <y>92.0</y>
    </coordinates>
   </node>
   <node id="N03">
    <coordinates>
     <x>269.0</x>
     <y>20.0</y>
    </coordinates>
   </node>
   <node id="N04">
    <coordinates>
     <x>287.0</x>
     <y>158.0</y>
    </coordinates>
   </node>
   <node id="N05">
    <coordinates>
     <x>290.0</x>
     <y>115.0</y>
    </coordinates>
   </node>
   <node id="N06">
    <coordinates>
     <x>367.0</x>
     <y>150.0</y>
    </coordinates>
   </node>
   <node id="N07">
    <coordinates>
     <x>308.0</x>
     <y>70.0</y>
    </coordinates>
   </node>
   <node id="N08">
    <coordinates>
     <x>397.0</x>
     <y>131.0</y>
    </coordinates>
   </node>
   <node id="N09">
    <coordinates>
     <x>482.0</x>
     <y>137.0</y>
    </coordinates>
   </node>
   <node id="N10">
    <coordinates>
     <x>58.0</x>
     <y>113.0</y>
    </coordinates>
   </node>
   <node id="N11">
    <coordinates>
     <x>41.0</x>
     <y>249.0</y>
    </coordinates>
   </node>
   <node id="N12">
    <coordinates>
     <x>92.0</x>
     <y>204.0</y>
    </coordinates>
   </node>
   <node id="N13">
    <coordinates>
     <x>381.0</x>
     <y>250.0</y>
    </coordinates>
   </node>
   <node id="N14">
    <coordinates>
     <x>378.0</x>
     <y>297.0</y>
    </coordinates>
   </node>
   <node id="N15">
    <coordinates>
     <x>257.0</x>
     <y>303.0</y>
    </coordinates>
   </node>
   <node id="N16">
    <coordinates>
     <x>184.0</x>
     <y>248.0</y>
    </coordinates>
   </node>
   <node id="N17">
    <coordinates>
     <x>130.0</x>
     <y>118.0</y>
    </coordinates>
   </node>
   <node id="N18">
    <coordinates>
     <x>59.0</x>
     <y>293.0</y>
    </coordinates>
   </node>
   <node id="N19">
    <coordinates>
     <x>31.0</x>
     <y>353.0</y>
    </coordinates>
   </node>
   <node id="N20">
    <coordinates>
     <x>176.0</x>
     <y>394.0</y>
    </coordinates>
   </node>
   <node id="N21">
    <coordinates>
     <x>135.0</x>
     <y>333.0</y>
    </coordinates>
   </node>
   <node id="N22">
    <coordinates>
     <x>413.0</x>
     <y>329.0</y>
    </coordinates>
   </node>
   <node id="N23">
    <coordinates>
     <x>358.0</x>
     <y>394.0</y>
    </coordinates>
   </node>
   <node id="N24">
    <coordinates>
     <x>268.0</x>
     <y>398.0</y>
    </coordinates>
   </node>
   <node id="N25">
    <coordinates>
     <x>235.0</x>
     <y>188.0</y>
    </coordinates>
   </node>
  </nodes>
  <links>
   <link id="LinkN01_N02">
    <source>N01</source>
    <target>N02</target>
    <setupCost>1300.0</setupCost>
    <additionalModules>
     <addModule>
      <capacity>2500.0</capacity>
      <cost>200.0</cost>
     </addModule>
    </additionalModules>
   </link>
   <link id="LinkN03_N07">
    <source>N03</source>
    <target>N07</target>
    <setupCost>667.0</setupCost>
    <additionalModules>
     <addModule>
      <capacity>2500.0</capacity>
      <cost>200.0</cost>
     </addModule>
    </additionalModules>
   </link>
   <link id="LinkN03_N09">
    <source>N03</source>
    <target>N09</target>
    <setupCost>4145.0</setupCost>
    <additionalModules>
     <addModule>
      <capacity>2500.0</capacity>
      <cost>200.0</cost>
     </addModule>
    </additionalModules>
   </link>
   <link id="LinkN03_N10">
    <source>N03</source>
    <target>N10</target>
    <setupCost>8400.0</setupCost>
    <additionalModules>
     <addModule>
      <capacity>2500.0</capacity>
      <cost>200.0</cost>
     </addModule>
    </additionalModules>
   </link>
   <link id="LinkN05_N04">
    <source>N05</source>
    <target>N04</target>
    <setupCost>976.0</setupCost>
    <additionalModules>
     <addModule>
      <capacity>2500.0</capacity>
      <cost>200.0</cost>
     </addModule>
    </additionalModules>
   </link>
   <link id="LinkN06_N04">
    <source>N06</source>
    <target>N04</target>
    <setupCost>1151.0</setupCost>
    <additionalModules>
     <addModule>
      <capacity>2500.0</capacity>
      <cost>200.0</cost>
     </addModule>
    </additionalModules>
   </link>
   <link id="LinkN06_N05">
    <source>N06</source>
    <target>N05</target>
    <setupCost>1782.0</setupCost>
    <additionalModules>
     <addModule>
      <capacity>2500.0</capacity>
      <cost>200.0</cost>
     </addModule>
    </additionalModules>
   </link>
   <link id="LinkN06_N07">
    <source>N06</source>
    <target>N07</target>
    <setupCost>2927.0</setupCost>
    <additionalModules>
     <addModule>
      <capacity>2500.0</capacity>
      <cost>200.0</cost>
     </addModule>
    </additionalModules>
   </link>
   <link id="LinkN06_N08">
    <source>N06</source>
    <target>N08</target>
    <setupCost>1285.0</setupCost>
    <additionalModules>
     <addModule>
      <capacity>2500.0</capacity>
      <cost>200.0</cost>
     </addModule>
    </additionalModules>
   </link>
   <link id="LinkN08_N07">
    <source>N08</source>
    <target>N07</target>
    <setupCost>3635.0</setupCost>
    <additionalModules>
     <addModule>
      <capacity>2500.0</capacity>
      <cost>200.0</cost>
     </addModule>
    </additionalModules>
   </link>
   <link id="LinkN08_N09">
    <source>N08</source>
    <target>N09</target>
    <setupCost>1154.0</setupCost>
    <additionalModules>
     <addModule>
      <capacity>2500.0</capacity>
      <cost>200.0</cost>
     </addModule>
    </additionalModules>
   </link>
   <link id="LinkN10_N12">
    <source>N10</source>
    <target>N12</target>
    <setupCost>5323.0</setupCost>
    <additionalModules>
     <addModule>
      <capacity>2500.0</capacity>
      <cost>200.0</cost>
     </addModule>
    </additionalModules>
   </link>
   <link id="LinkN11_N10">
    <source>N11</source>
    <target>N10</target>
    <setupCost>3087.0</setupCost>
    <additionalModules>
     <addModule>
      <capacity>2500.0</capacity>
      <cost>200.0</cost>
     </addModule>
    </additionalModules>
   </link>
   <link id="LinkN11_N12">
    <source>N11</source>
    <target>N12</target>
    <setupCost>2588.0</setupCost>
    <additionalModules>
     <addModule>
      <capacity>2500.0</capacity>
      <cost>200.0</cost>
     </addModule>
    </additionalModules>
   </link>
   <link id="LinkN13_N14">
    <source>N13</source>
    <target>N14</target>
    <setupCost>502.0</setupCost>
    <additionalModules>
     <addModule>
      <capacity>2500.0</capacity>
      <cost>200.0</cost>
     </addModule>
    </additionalModules>
   </link>
   <link id="LinkN15_N09">
    <source>N15</source>
    <target>N09</target>
    <setupCost>5785.0</setupCost>
    <additionalModules>
     <addModule>
      <capacity>2500.0</capacity>
      <cost>200.0</cost>
     </addModule>
    </additionalModules>
   </link>
   <link id="LinkN15_N11">
    <source>N15</source>
    <target>N11</target>
    <setupCost>9628.0</setupCost>
    <additionalModules>
     <addModule>
      <capacity>2500.0</capacity>
      <cost>200.0</cost>
     </addModule>
    </additionalModules>
   </link>
   <link id="LinkN15_N13">
    <source>N15</source>
    <target>N13</target>
    <setupCost>1031.0</setupCost>
    <additionalModules>
     <addModule>
      <capacity>2500.0</capacity>
      <cost>200.0</cost>
     </addModule>
    </additionalModules>
   </link>
   <link id="LinkN15_N14">
    <source>N15</source>
    <target>N14</target>
    <setupCost>829.0</setupCost>
    <additionalModules>
     <addModule>
      <capacity>2500.0</capacity>
      <cost>200.0</cost>
     </addModule>
    </additionalModules>
   </link>
   <link id="LinkN15_N16">
    <source>N15</source>
    <target>N16</target>
    <setupCost>100.0</setupCost>
    <additionalModules>
     <addModule>
      <capacity>2500.0</capacity>
      <cost>200.0</cost>
     </addModule>
    </additionalModules>
   </link>
   <link id="LinkN15_N18">
    <source>N15</source>
    <target>N18</target>
    <setupCost>403.0</setupCost>
    <additionalModules>
     <addModule>
      <capacity>2500.0</capacity>
      <cost>200.0</cost>
     </addModule>
    </additionalModules>
   </link>
   <link id="LinkN15_N20">
    <source>N15</source>
    <target>N20</target>
    <setupCost>468.0</setupCost>
    <additionalModules>
     <addModule>
      <capacity>2500.0</capacity>
      <cost>200.0</cost>
     </addModule>
    </additionalModules>
   </link>
   <link id="LinkN15_N21">
    <source>N15</source>
    <target>N21</target>
    <setupCost>1368.0</setupCost>
    <additionalModules>
     <addModule>
      <capacity>2500.0</capacity>
      <cost>200.0</cost>
     </addModule>
    </additionalModules>
   </link>
   <link id="LinkN15_N22">
    <source>N15</source>
    <target>N22</target>
    <setupCost>320.0</setupCost>
    <additionalModules>
     <addModule>
      <capacity>2500.0</capacity>
      <cost>200.0</cost>
     </addModule>
    </additionalModules>
   </link>
   <link id="LinkN15_N25">
    <source>N15</source>
    <target>N25</target>
    <setupCost>6962.0</setupCost>
    <additionalModules>
     <addModule>
      <capacity>2500.0</capacity>
      <cost>200.0</cost>
     </addModule>
    </additionalModules>
   </link>
   <link id="LinkN16_N09">
    <source>N16</source>
    <target>N09</target>
    <setupCost>9576.0</setupCost>
    <additionalModules>
     <addModule>
      <capacity>2500.0</capacity>
      <cost>200.0</cost>
     </addModule>
    </additionalModules>
   </link>
   <link id="LinkN16_N10">
    <source>N16</source>
    <target>N10</target>
    <setupCost>1500.0</setupCost>
    <additionalModules>
     <addModule>
      <capacity>2500.0</capacity>
      <cost>200.0</cost>
     </addModule>
    </additionalModules>
   </link>
   <link id="LinkN16_N11">
    <source>N16</source>
    <target>N11</target>
    <setupCost>1250.0</setupCost>
    <additionalModules>
     <addModule>
      <capacity>2500.0</capacity>
      <cost>200.0</cost>
     </addModule>
    </additionalModules>
   </link>
   <link id="LinkN16_N12">
    <source>N16</source>
    <target>N12</target>
    <setupCost>2000.0</setupCost>
    <additionalModules>
     <addModule>
      <capacity>2500.0</capacity>
      <cost>200.0</cost>
     </addModule>
    </additionalModules>
   </link>
   <link id="LinkN17_N10">
    <source>N17</source>
    <target>N10</target>
    <setupCost>1452.0</setupCost>
    <additionalModules>
     <addModule>
      <capacity>2500.0</capacity>
      <cost>200.0</cost>
     </addModule>
    </additionalModules>
   </link>
   <link id="LinkN17_N16">
    <source>N17</source>
    <target>N16</target>
    <setupCost>1256.0</setupCost>
    <additionalModules>
     <addModule>
      <capacity>2500.0</capacity>
      <cost>200.0</cost>
     </addModule>
    </additionalModules>
   </link>
   <link id="LinkN18_N19">
    <source>N18</source>
    <target>N19</target>
    <setupCost>228.0</setupCost>
    <additionalModules>
     <addModule>
      <capacity>2500.0</capacity>
      <cost>200.0</cost>
     </addModule>
    </additionalModules>
   </link>
   <link id="LinkN20_N19">
    <source>N20</source>
    <target>N19</target>
    <setupCost>294.0</setupCost>
    <additionalModules>
     <addModule>
      <capacity>2500.0</capacity>
      <cost>200.0</cost>
     </addModule>
    </additionalModules>
   </link>
   <link id="LinkN20_N21">
    <source>N20</source>
    <target>N21</target>
    <setupCost>901.0</setupCost>
    <additionalModules>
     <addModule>
      <capacity>2500.0</capacity>
      <cost>200.0</cost>
     </addModule>
    </additionalModules>
   </link>
   <link id="LinkN20_N24">
    <source>N20</source>
    <target>N24</target>
    <setupCost>364.0</setupCost>
    <additionalModules>
     <addModule>
      <capacity>2500.0</capacity>
      <cost>200.0</cost>
     </addModule>
    </additionalModules>
   </link>
   <link id="LinkN22_N09">
    <source>N22</source>
    <target>N09</target>
    <setupCost>5572.0</setupCost>
    <additionalModules>
     <addModule>
      <capacity>2500.0</capacity>
      <cost>200.0</cost>
     </addModule>
    </additionalModules>
   </link>
   <link id="LinkN22_N20">
    <source>N22</source>
    <target>N20</target>
    <setupCost>629.0</setupCost>
    <additionalModules>
     <addModule>
      <capacity>2500.0</capacity>
      <cost>200.0</cost>
     </addModule>
    </additionalModules>
   </link>
   <link id="LinkN22_N23">
    <source>N22</source>
    <target>N23</target>
    <setupCost>318.0</setupCost>
    <additionalModules>
     <addModule>
      <capacity>2500.0</capacity>
      <cost>200.0</cost>
     </addModule>
    </additionalModules>
   </link>
   <link id="LinkN22_N24">
    <source>N22</source>
    <target>N24</target>
    <setupCost>352.0</setupCost>
    <additionalModules>
     <addModule>
      <capacity>2500.0</capacity>
      <cost>200.0</cost>
     </addModule>
    </additionalModules>
   </link>
   <link id="LinkN24_N23">
    <source>N24</source>
    <target>N23</target>
    <setupCost>176.0</setupCost>
    <additionalModules>
     <addModule>
      <capacity>2500.0</capacity>
      <cost>200.0</cost>
     </addModule>
    </additionalModules>
   </link>
   <link id="LinkN25_N01">
    <source>N25</source>
    <target>N01</target>
    <setupCost>800.0</setupCost>
    <additionalModules>
     <addModule>
      <capacity>2500.0</capacity>
      <cost>200.0</cost>
     </addModule>
    </additionalModules>
   </link>
   <link id="LinkN25_N02">
    <source>N25</source>
    <target>N02</target>
    <setupCost>600.0</setupCost>
    <additionalModules>
     <addModule>
      <capacity>2500.0</capacity>
      <cost>200.0</cost>
     </addModule>
    </additionalModules>
   </link>
   <link id="LinkN25_N03">
    <source>N25</source>
    <target>N03</target>
    <setupCost>3100.0</setupCost>
    <additionalModules>
     <addModule>
      <capacity>2500.0</capacity>
      <cost>200.0</cost>
     </addModule>
    </additionalModules>
   </link>
   <link id="LinkN25_N04">
    <source>N25</source>
    <target>N04</target>
    <setupCost>350.0</setupCost>
    <additionalModules>
     <addModule>
      <capacity>2500.0</capacity>
      <cost>200.0</cost>
     </addModule>
    </additionalModules>
   </link>
   <link id="LinkN25_N09">
    <source>N25</source>
    <target>N09</target>
    <setupCost>1200.0</setupCost>
    <additionalModules>
     <addModule>
      <capacity>2500.0</capacity>
      <cost>200.0</cost>
     </addModule>
    </additionalModules>
   </link>
  </links>
 </networkStructure>
 <demands>
  <demand id="DemN01_N05">
   <source>N01</source>
   <target>N05</target>
   <demandValue>184.0</demandValue>
  </demand>
  <demand id="DemN01_N06">
   <source>N01</source>
   <target>N06</target>
   <demandValue>77.0</demandValue>
  </demand>
  <demand id="DemN01_N08">
   <source>N01</source>
   <target>N08</target>
   <demandValue>77.0</demandValue>
  </demand>
  <demand id="DemN01_N09">
   <source>N01</source>
   <target>N09</target>
   <demandValue>272.0</demandValue>
  </demand>
  <demand id="DemN01_N12">
   <source>N01</source>
   <target>N12</target>
   <demandValue>136.0</demandValue>
  </demand>
  <demand id="DemN01_N13">
   <source>N01</source>
   <target>N13</target>
   <demandValue>106.0</demandValue>
  </demand>
  <demand id="DemN01_N15">
   <source>N01</source>
   <target>N15</target>
   <demandValue>320.0</demandValue>
  </demand>
  <demand id="DemN01_N17">
   <source>N01</source>
   <target>N17</target>
   <demandValue>48.0</demandValue>
  </demand>
  <demand id="DemN01_N20">
   <source>N01</source>
   <target>N20</target>
   <demandValue>213.0</demandValue>
  </demand>
  <demand id="DemN01_N22">
   <source>N01</source>
   <target>N22</target>
   <demandValue>301.0</demandValue>
  </demand>
  <demand id="DemN01_N23">
   <source>N01</source>
   <target>N23</target>
   <demandValue>184.0</demandValue>
  </demand>
  <demand id="DemN01_N25">
   <source>N01</source>
   <target>N25</target>
   <demandValue>106.0</demandValue>
  </demand>
  <demand id="DemN02_N01">
   <source>N02</source>
   <target>N01</target>
   <demandValue>77.0</demandValue>
  </demand>
  <demand id="DemN02_N04">
   <source>N02</source>
   <target>N04</target>
   <demandValue>77.0</demandValue>
  </demand>
  <demand id="DemN02_N09">
   <source>N02</source>
   <target>N09</target>
   <demandValue>408.0</demandValue>
  </demand>
  <demand id="DemN02_N10">
   <source>N02</source>
   <target>N10</target>
   <demandValue>204.0</demandValue>
  </demand>
  <demand id="DemN02_N11">
   <source>N02</source>
   <target>N11</target>
   <demandValue>116.0</demandValue>
  </demand>
  <demand id="DemN02_N12">
   <source>N02</source>
   <target>N12</target>
   <demandValue>204.0</demandValue>
  </demand>
  <demand id="DemN02_N14">
   <source>N02</source>
   <target>N14</target>
   <demandValue>77.0</demandValue>
  </demand>
  <demand id="DemN02_N16">
   <source>N02</source>
   <target>N16</target>
   <demandValue>320.0</demandValue>
  </demand>
  <demand id="DemN02_N20">
   <source>N02</source>
   <target>N20</target>
   <demandValue>320.0</demandValue>
  </demand>
  <demand id="DemN02_N23">
   <source>N02</source>
   <target>N23</target>
   <demandValue>282.0</demandValue>
  </demand>
  <demand id="DemN03_N01">
   <source>N03</source>
   <target>N01</target>
   <demandValue>106.0</demandValue>
  </demand>
  <demand id="DemN03_N02">
   <source>N03</source>
   <target>N02</target>
   <demandValue>155.0</demandValue>
  </demand>
  <demand id="DemN03_N04">
   <source>N03</source>
   <target>N04</target>
   <demandValue>106.0</demandValue>
  </demand>
  <demand id="DemN03_N11">
   <source>N03</source>
   <target>N11</target>
   <demandValue>155.0</demandValue>
  </demand>
  <demand id="DemN03_N16">
   <source>N03</source>
   <target>N16</target>
   <demandValue>437.0</demandValue>
  </demand>
  <demand id="DemN03_N19">
   <source>N03</source>
   <target>N19</target>
   <demandValue>106.0</demandValue>
  </demand>
  <demand id="DemN03_N20">
   <source>N03</source>
   <target>N20</target>
   <demandValue>437.0</demandValue>
  </demand>
  <demand id="DemN03_N24">
   <source>N03</source>
   <target>N24</target>
   <demandValue>486.0</demandValue>
  </demand>
  <demand id="DemN04_N01">
   <source>N04</source>
   <target>N01</target>
   <demandValue>48.0</demandValue>
  </demand>
  <demand id="DemN04_N06">
   <source>N04</source>
   <target>N06</target>
   <demandValue>77.0</demandValue>
  </demand>
  <demand id="DemN04_N07">
   <source>N04</source>
   <target>N07</target>
   <demandValue>48.0</demandValue>
  </demand>
  <demand id="DemN04_N09">
   <source>N04</source>
   <target>N09</target>
   <demandValue>272.0</demandValue>
  </demand>
  <demand id="DemN04_N16">
   <source>N04</source>
   <target>N16</target>
   <demandValue>213.0</demandValue>
  </demand>
  <demand id="DemN04_N17">
   <source>N04</source>
   <target>N17</target>
   <demandValue>48.0</demandValue>
  </demand>
  <demand id="DemN04_N18">
   <source>N04</source>
   <target>N18</target>
   <demandValue>136.0</demandValue>
  </demand>
  <demand id="DemN04_N25">
   <source>N04</source>
   <target>N25</target>
   <demandValue>106.0</demandValue>
  </demand>
  <demand id="DemN05_N02">
   <source>N05</source>
   <target>N02</target>
   <demandValue>282.0</demandValue>
  </demand>
  <demand id="DemN05_N03">
   <source>N05</source>
   <target>N03</target>
   <demandValue>379.0</demandValue>
  </demand>
  <demand id="DemN05_N04">
   <source>N05</source>
   <target>N04</target>
   <demandValue>184.0</demandValue>
  </demand>
  <demand id="DemN05_N07">
   <source>N05</source>
   <target>N07</target>
   <demandValue>184.0</demandValue>
  </demand>
  <demand id="DemN05_N11">
   <source>N05</source>
   <target>N11</target>
   <demandValue>282.0</demandValue>
  </demand>
  <demand id="DemN05_N12">
   <source>N05</source>
   <target>N12</target>
   <demandValue>476.0</demandValue>
  </demand>
  <demand id="DemN05_N16">
   <source>N05</source>
   <target>N16</target>
   <demandValue>768.0</demandValue>
  </demand>
  <demand id="DemN05_N17">
   <source>N05</source>
   <target>N17</target>
   <demandValue>184.0</demandValue>
  </demand>
  <demand id="DemN05_N19">
   <source>N05</source>
   <target>N19</target>
   <demandValue>184.0</demandValue>
  </demand>
  <demand id="DemN05_N21">
   <source>N05</source>
   <target>N21</target>
   <demandValue>184.0</demandValue>
  </demand>
  <demand id="DemN05_N22">
   <source>N05</source>
   <target>N22</target>
   <demandValue>1050.0</demandValue>
  </demand>
  <demand id="DemN05_N25">
   <source>N05</source>
   <target>N25</target>
   <demandValue>379.0</demandValue>
  </demand>
  <demand id="DemN06_N02">
   <source>N06</source>
   <target>N02</target>
   <demandValue>116.0</demandValue>
  </demand>
  <demand id="DemN06_N03">
   <source>N06</source>
   <target>N03</target>
   <demandValue>155.0</demandValue>
  </demand>
  <demand id="DemN06_N05">
   <source>N06</source>
   <target>N05</target>
   <demandValue>282.0</demandValue>
  </demand>
  <demand id="DemN06_N08">
   <source>N06</source>
   <target>N08</target>
   <demandValue>116.0</demandValue>
  </demand>
  <demand id="DemN06_N12">
   <source>N06</source>
   <target>N12</target>
   <demandValue>204.0</demandValue>
  </demand>
  <demand id="DemN06_N13">
   <source>N06</source>
   <target>N13</target>
   <demandValue>155.0</demandValue>
  </demand>
  <demand id="DemN06_N15">
   <source>N06</source>
   <target>N15</target>
   <demandValue>486.0</demandValue>
  </demand>
  <demand id="DemN06_N16">
   <source>N06</source>
   <target>N16</target>
   <demandValue>320.0</demandValue>
  </demand>
  <demand id="DemN06_N17">
   <source>N06</source>
   <target>N17</target>
   <demandValue>77.0</demandValue>
  </demand>
  <demand id="DemN06_N18">
   <source>N06</source>
   <target>N18</target>
   <demandValue>204.0</demandValue>
  </demand>
  <demand id="DemN06_N19">
   <source>N06</source>
   <target>N19</target>
   <demandValue>77.0</demandValue>
  </demand>
  <demand id="DemN06_N20">
   <source>N06</source>
   <target>N20</target>
   <demandValue>320.0</demandValue>
  </demand>
  <demand id="DemN06_N21">
   <source>N06</source>
   <target>N21</target>
   <demandValue>77.0</demandValue>
  </demand>
  <demand id="DemN06_N22">
   <source>N06</source>
   <target>N22</target>
   <demandValue>447.0</demandValue>
  </demand>
  <demand id="DemN07_N01">
   <source>N07</source>
   <target>N01</target>
   <demandValue>48.0</demandValue>
  </demand>
  <demand id="DemN07_N02">
   <source>N07</source>
   <target>N02</target>
   <demandValue>77.0</demandValue>
  </demand>
  <demand id="DemN07_N03">
   <source>N07</source>
   <target>N03</target>
   <demandValue>106.0</demandValue>
  </demand>
  <demand id="DemN07_N06">
   <source>N07</source>
   <target>N06</target>
   <demandValue>77.0</demandValue>
  </demand>
  <demand id="DemN07_N09">
   <source>N07</source>
   <target>N09</target>
   <demandValue>272.0</demandValue>
  </demand>
  <demand id="DemN07_N12">
   <source>N07</source>
   <target>N12</target>
   <demandValue>136.0</demandValue>
  </demand>
  <demand id="DemN07_N13">
   <source>N07</source>
   <target>N13</target>
   <demandValue>106.0</demandValue>
  </demand>
  <demand id="DemN07_N14">
   <source>N07</source>
   <target>N14</target>
   <demandValue>48.0</demandValue>
  </demand>
  <demand id="DemN07_N15">
   <source>N07</source>
   <target>N15</target>
   <demandValue>320.0</demandValue>
  </demand>
  <demand id="DemN07_N17">
   <source>N07</source>
   <target>N17</target>
   <demandValue>48.0</demandValue>
  </demand>
  <demand id="DemN07_N19">
   <source>N07</source>
   <target>N19</target>
   <demandValue>48.0</demandValue>
  </demand>
  <demand id="DemN07_N20">
   <source>N07</source>
   <target>N20</target>
   <demandValue>213.0</demandValue>
  </demand>
  <demand id="DemN07_N25">
   <source>N07</source>
   <target>N25</target>
   <demandValue>106.0</demandValue>
  </demand>
  <demand id="DemN08_N02">
   <source>N08</source>
   <target>N02</target>
   <demandValue>116.0</demandValue>
  </demand>
  <demand id="DemN08_N03">
   <source>N08</source>
   <target>N03</target>
   <demandValue>155.0</demandValue>
  </demand>
  <demand id="DemN08_N04">
   <source>N08</source>
   <target>N04</target>
   <demandValue>77.0</demandValue>
  </demand>
  <demand id="DemN08_N05">
   <source>N08</source>
   <target>N05</target>
   <demandValue>282.0</demandValue>
  </demand>
  <demand id="DemN08_N07">
   <source>N08</source>
   <target>N07</target>
   <demandValue>77.0</demandValue>
  </demand>
  <demand id="DemN08_N09">
   <source>N08</source>
   <target>N09</target>
   <demandValue>408.0</demandValue>
  </demand>
  <demand id="DemN08_N11">
   <source>N08</source>
   <target>N11</target>
   <demandValue>116.0</demandValue>
  </demand>
  <demand id="DemN08_N12">
   <source>N08</source>
   <target>N12</target>
   <demandValue>204.0</demandValue>
  </demand>
  <demand id="DemN08_N13">
   <source>N08</source>
   <target>N13</target>
   <demandValue>155.0</demandValue>
  </demand>
  <demand id="DemN08_N14">
   <source>N08</source>
   <target>N14</target>
   <demandValue>77.0</demandValue>
  </demand>
  <demand id="DemN08_N15">
   <source>N08</source>
   <target>N15</target>
   <demandValue>486.0</demandValue>
  </demand>
  <demand id="DemN08_N16">
   <source>N08</source>
   <target>N16</target>
   <demandValue>320.0</demandValue>
  </demand>
  <demand id="DemN08_N19">
   <source>N08</source>
   <target>N19</target>
   <demandValue>77.0</demandValue>
  </demand>
  <demand id="DemN08_N20">
   <source>N08</source>
   <target>N20</target>
   <demandValue>320.0</demandValue>
  </demand>
  <demand id="DemN08_N22">
   <source>N08</source>
   <target>N22</target>
   <demandValue>447.0</demandValue>
  </demand>
  <demand id="DemN08_N23">
   <source>N08</source>
   <target>N23</target>
   <demandValue>282.0</demandValue>
  </demand>
  <demand id="DemN09_N03">
   <source>N09</source>
   <target>N03</target>
   <demandValue>544.0</demandValue>
  </demand>
  <demand id="DemN09_N05">
   <source>N09</source>
   <target>N05</target>
   <demandValue>953.0</demandValue>
  </demand>
  <demand id="DemN09_N06">
   <source>N09</source>
   <target>N06</target>
   <demandValue>408.0</demandValue>
  </demand>
  <demand id="DemN09_N11">
   <source>N09</source>
   <target>N11</target>
   <demandValue>408.0</demandValue>
  </demand>
  <demand id="DemN09_N13">
   <source>N09</source>
   <target>N13</target>
   <demandValue>544.0</demandValue>
  </demand>
  <demand id="DemN09_N14">
   <source>N09</source>
   <target>N14</target>
   <demandValue>272.0</demandValue>
  </demand>
  <demand id="DemN09_N20">
   <source>N09</source>
   <target>N20</target>
   <demandValue>1098.0</demandValue>
  </demand>
  <demand id="DemN09_N22">
   <source>N09</source>
   <target>N22</target>
   <demandValue>1507.0</demandValue>
  </demand>
  <demand id="DemN09_N23">
   <source>N09</source>
   <target>N23</target>
   <demandValue>953.0</demandValue>
  </demand>
  <demand id="DemN09_N24">
   <source>N09</source>
   <target>N24</target>
   <demandValue>1235.0</demandValue>
  </demand>
  <demand id="DemN09_N25">
   <source>N09</source>
   <target>N25</target>
   <demandValue>544.0</demandValue>
  </demand>
  <demand id="DemN10_N01">
   <source>N10</source>
   <target>N01</target>
   <demandValue>136.0</demandValue>
  </demand>
  <demand id="DemN10_N03">
   <source>N10</source>
   <target>N03</target>
   <demandValue>272.0</demandValue>
  </demand>
  <demand id="DemN10_N04">
   <source>N10</source>
   <target>N04</target>
   <demandValue>136.0</demandValue>
  </demand>
  <demand id="DemN10_N05">
   <source>N10</source>
   <target>N05</target>
   <demandValue>476.0</demandValue>
  </demand>
  <demand id="DemN10_N06">
   <source>N10</source>
   <target>N06</target>
   <demandValue>204.0</demandValue>
  </demand>
  <demand id="DemN10_N07">
   <source>N10</source>
   <target>N07</target>
   <demandValue>136.0</demandValue>
  </demand>
  <demand id="DemN10_N08">
   <source>N10</source>
   <target>N08</target>
   <demandValue>204.0</demandValue>
  </demand>
  <demand id="DemN10_N09">
   <source>N10</source>
   <target>N09</target>
   <demandValue>680.0</demandValue>
  </demand>
  <demand id="DemN10_N11">
   <source>N10</source>
   <target>N11</target>
   <demandValue>204.0</demandValue>
  </demand>
  <demand id="DemN10_N14">
   <source>N10</source>
   <target>N14</target>
   <demandValue>136.0</demandValue>
  </demand>
  <demand id="DemN10_N15">
   <source>N10</source>
   <target>N15</target>
   <demandValue>816.0</demandValue>
  </demand>
  <demand id="DemN10_N17">
   <source>N10</source>
   <target>N17</target>
   <demandValue>136.0</demandValue>
  </demand>
  <demand id="DemN10_N18">
   <source>N10</source>
   <target>N18</target>
   <demandValue>340.0</demandValue>
  </demand>
  <demand id="DemN10_N21">
   <source>N10</source>
   <target>N21</target>
   <demandValue>136.0</demandValue>
  </demand>
  <demand id="DemN10_N22">
   <source>N10</source>
   <target>N22</target>
   <demandValue>748.0</demandValue>
  </demand>
  <demand id="DemN10_N23">
   <source>N10</source>
   <target>N23</target>
   <demandValue>476.0</demandValue>
  </demand>
  <demand id="DemN11_N01">
   <source>N11</source>
   <target>N01</target>
   <demandValue>77.0</demandValue>
  </demand>
  <demand id="DemN11_N04">
   <source>N11</source>
   <target>N04</target>
   <demandValue>77.0</demandValue>
  </demand>
  <demand id="DemN11_N06">
   <source>N11</source>
   <target>N06</target>
   <demandValue>116.0</demandValue>
  </demand>
  <demand id="DemN11_N07">
   <source>N11</source>
   <target>N07</target>
   <demandValue>77.0</demandValue>
  </demand>
  <demand id="DemN11_N15">
   <source>N11</source>
   <target>N15</target>
   <demandValue>486.0</demandValue>
  </demand>
  <demand id="DemN11_N16">
   <source>N11</source>
   <target>N16</target>
   <demandValue>320.0</demandValue>
  </demand>
  <demand id="DemN11_N19">
   <source>N11</source>
   <target>N19</target>
   <demandValue>77.0</demandValue>
  </demand>
  <demand id="DemN11_N21">
   <source>N11</source>
   <target>N21</target>
   <demandValue>77.0</demandValue>
  </demand>
  <demand id="DemN11_N22">
   <source>N11</source>
   <target>N22</target>
   <demandValue>447.0</demandValue>
  </demand>
  <demand id="DemN11_N23">
   <source>N11</source>
   <target>N23</target>
   <demandValue>282.0</demandValue>
  </demand>
  <demand id="DemN11_N24">
   <source>N11</source>
   <target>N24</target>
   <demandValue>369.0</demandValue>
  </demand>
  <demand id="DemN12_N03">
   <source>N12</source>
   <target>N03</target>
   <demandValue>272.0</demandValue>
  </demand>
  <demand id="DemN12_N04">
   <source>N12</source>
   <target>N04</target>
   <demandValue>136.0</demandValue>
  </demand>
  <demand id="DemN12_N09">
   <source>N12</source>
   <target>N09</target>
   <demandValue>680.0</demandValue>
  </demand>
  <demand id="DemN12_N10">
   <source>N12</source>
   <target>N10</target>
   <demandValue>340.0</demandValue>
  </demand>
  <demand id="DemN12_N11">
   <source>N12</source>
   <target>N11</target>
   <demandValue>204.0</demandValue>
  </demand>
  <demand id="DemN12_N14">
   <source>N12</source>
   <target>N14</target>
   <demandValue>136.0</demandValue>
  </demand>
  <demand id="DemN12_N15">
   <source>N12</source>
   <target>N15</target>
   <demandValue>816.0</demandValue>
  </demand>
  <demand id="DemN12_N16">
   <source>N12</source>
   <target>N16</target>
   <demandValue>544.0</demandValue>
  </demand>
  <demand id="DemN12_N17">
   <source>N12</source>
   <target>N17</target>
   <demandValue>136.0</demandValue>
  </demand>
  <demand id="DemN12_N18">
   <source>N12</source>
   <target>N18</target>
   <demandValue>340.0</demandValue>
  </demand>
  <demand id="DemN12_N25">
   <source>N12</source>
   <target>N25</target>
   <demandValue>272.0</demandValue>
  </demand>
  <demand id="DemN13_N02">
   <source>N13</source>
   <target>N02</target>
   <demandValue>155.0</demandValue>
  </demand>
  <demand id="DemN13_N03">
   <source>N13</source>
   <target>N03</target>
   <demandValue>213.0</demandValue>
  </demand>
  <demand id="DemN13_N04">
   <source>N13</source>
   <target>N04</target>
   <demandValue>106.0</demandValue>
  </demand>
  <demand id="DemN13_N05">
   <source>N13</source>
   <target>N05</target>
   <demandValue>379.0</demandValue>
  </demand>
  <demand id="DemN13_N10">
   <source>N13</source>
   <target>N10</target>
   <demandValue>272.0</demandValue>
  </demand>
  <demand id="DemN13_N11">
   <source>N13</source>
   <target>N11</target>
   <demandValue>155.0</demandValue>
  </demand>
  <demand id="DemN13_N12">
   <source>N13</source>
   <target>N12</target>
   <demandValue>272.0</demandValue>
  </demand>
  <demand id="DemN13_N16">
   <source>N13</source>
   <target>N16</target>
   <demandValue>437.0</demandValue>
  </demand>
  <demand id="DemN13_N18">
   <source>N13</source>
   <target>N18</target>
   <demandValue>272.0</demandValue>
  </demand>
  <demand id="DemN13_N22">
   <source>N13</source>
   <target>N22</target>
   <demandValue>602.0</demandValue>
  </demand>
  <demand id="DemN13_N24">
   <source>N13</source>
   <target>N24</target>
   <demandValue>486.0</demandValue>
  </demand>
  <demand id="DemN14_N01">
   <source>N14</source>
   <target>N01</target>
   <demandValue>48.0</demandValue>
  </demand>
  <demand id="DemN14_N03">
   <source>N14</source>
   <target>N03</target>
   <demandValue>106.0</demandValue>
  </demand>
  <demand id="DemN14_N04">
   <source>N14</source>
   <target>N04</target>
   <demandValue>48.0</demandValue>
  </demand>
  <demand id="DemN14_N05">
   <source>N14</source>
   <target>N05</target>
   <demandValue>184.0</demandValue>
  </demand>
  <demand id="DemN14_N06">
   <source>N14</source>
   <target>N06</target>
   <demandValue>77.0</demandValue>
  </demand>
  <demand id="DemN14_N11">
   <source>N14</source>
   <target>N11</target>
   <demandValue>77.0</demandValue>
  </demand>
  <demand id="DemN14_N13">
   <source>N14</source>
   <target>N13</target>
   <demandValue>106.0</demandValue>
  </demand>
  <demand id="DemN14_N15">
   <source>N14</source>
   <target>N15</target>
   <demandValue>320.0</demandValue>
  </demand>
  <demand id="DemN14_N16">
   <source>N14</source>
   <target>N16</target>
   <demandValue>213.0</demandValue>
  </demand>
  <demand id="DemN14_N17">
   <source>N14</source>
   <target>N17</target>
   <demandValue>48.0</demandValue>
  </demand>
  <demand id="DemN14_N18">
   <source>N14</source>
   <target>N18</target>
   <demandValue>136.0</demandValue>
  </demand>
  <demand id="DemN14_N19">
   <source>N14</source>
   <target>N19</target>
   <demandValue>48.0</demandValue>
  </demand>
  <demand id="DemN14_N20">
   <source>N14</source>
   <target>N20</target>
   <demandValue>213.0</demandValue>
  </demand>
  <demand id="DemN14_N21">
   <source>N14</source>
   <target>N21</target>
   <demandValue>48.0</demandValue>
  </demand>
  <demand id="DemN14_N25">
   <source>N14</source>
   <target>N25</target>
   <demandValue>106.0</demandValue>
  </demand>
  <demand id="DemN15_N02">
   <source>N15</source>
   <target>N02</target>
   <demandValue>486.0</demandValue>
  </demand>
  <demand id="DemN15_N03">
   <source>N15</source>
   <target>N03</target>
   <demandValue>651.0</demandValue>
  </demand>
  <demand id="DemN15_N04">
   <source>N15</source>
   <target>N04</target>
   <demandValue>320.0</demandValue>
  </demand>
  <demand id="DemN15_N05">
   <source>N15</source>
   <target>N05</target>
   <demandValue>1147.0</demandValue>
  </demand>
  <demand id="DemN15_N09">
   <source>N15</source>
   <target>N09</target>
   <demandValue>1643.0</demandValue>
  </demand>
  <demand id="DemN15_N13">
   <source>N15</source>
   <target>N13</target>
   <demandValue>651.0</demandValue>
  </demand>
  <demand id="DemN15_N16">
   <source>N15</source>
   <target>N16</target>
   <demandValue>1312.0</demandValue>
  </demand>
  <demand id="DemN15_N17">
   <source>N15</source>
   <target>N17</target>
   <demandValue>320.0</demandValue>
  </demand>
  <demand id="DemN15_N18">
   <source>N15</source>
   <target>N18</target>
   <demandValue>816.0</demandValue>
  </demand>
  <demand id="DemN15_N19">
   <source>N15</source>
   <target>N19</target>
   <demandValue>320.0</demandValue>
  </demand>
  <demand id="DemN15_N21">
   <source>N15</source>
   <target>N21</target>
   <demandValue>320.0</demandValue>
  </demand>
  <demand id="DemN15_N24">
   <source>N15</source>
   <target>N24</target>
   <demandValue>1478.0</demandValue>
  </demand>
  <demand id="DemN15_N25">
   <source>N15</source>
   <target>N25</target>
   <demandValue>651.0</demandValue>
  </demand>
  <demand id="DemN16_N01">
   <source>N16</source>
   <target>N01</target>
   <demandValue>213.0</demandValue>
  </demand>
  <demand id="DemN16_N07">
   <source>N16</source>
   <target>N07</target>
   <demandValue>213.0</demandValue>
  </demand>
  <demand id="DemN16_N09">
   <source>N16</source>
   <target>N09</target>
   <demandValue>1098.0</demandValue>
  </demand>
  <demand id="DemN16_N10">
   <source>N16</source>
   <target>N10</target>
   <demandValue>544.0</demandValue>
  </demand>
  <demand id="DemN16_N17">
   <source>N16</source>
   <target>N17</target>
   <demandValue>213.0</demandValue>
  </demand>
  <demand id="DemN16_N20">
   <source>N16</source>
   <target>N20</target>
   <demandValue>875.0</demandValue>
  </demand>
  <demand id="DemN16_N25">
   <source>N16</source>
   <target>N25</target>
   <demandValue>437.0</demandValue>
  </demand>
  <demand id="DemN17_N02">
   <source>N17</source>
   <target>N02</target>
   <demandValue>77.0</demandValue>
  </demand>
  <demand id="DemN17_N03">
   <source>N17</source>
   <target>N03</target>
   <demandValue>106.0</demandValue>
  </demand>
  <demand id="DemN17_N08">
   <source>N17</source>
   <target>N08</target>
   <demandValue>77.0</demandValue>
  </demand>
  <demand id="DemN17_N09">
   <source>N17</source>
   <target>N09</target>
   <demandValue>272.0</demandValue>
  </demand>
  <demand id="DemN17_N11">
   <source>N17</source>
   <target>N11</target>
   <demandValue>77.0</demandValue>
  </demand>
  <demand id="DemN17_N13">
   <source>N17</source>
   <target>N13</target>
   <demandValue>106.0</demandValue>
  </demand>
  <demand id="DemN17_N23">
   <source>N17</source>
   <target>N23</target>
   <demandValue>184.0</demandValue>
  </demand>
  <demand id="DemN18_N01">
   <source>N18</source>
   <target>N01</target>
   <demandValue>136.0</demandValue>
  </demand>
  <demand id="DemN18_N02">
   <source>N18</source>
   <target>N02</target>
   <demandValue>204.0</demandValue>
  </demand>
  <demand id="DemN18_N03">
   <source>N18</source>
   <target>N03</target>
   <demandValue>272.0</demandValue>
  </demand>
  <demand id="DemN18_N05">
   <source>N18</source>
   <target>N05</target>
   <demandValue>476.0</demandValue>
  </demand>
  <demand id="DemN18_N07">
   <source>N18</source>
   <target>N07</target>
   <demandValue>136.0</demandValue>
  </demand>
  <demand id="DemN18_N08">
   <source>N18</source>
   <target>N08</target>
   <demandValue>204.0</demandValue>
  </demand>
  <demand id="DemN18_N09">
   <source>N18</source>
   <target>N09</target>
   <demandValue>680.0</demandValue>
  </demand>
  <demand id="DemN18_N11">
   <source>N18</source>
   <target>N11</target>
   <demandValue>204.0</demandValue>
  </demand>
  <demand id="DemN18_N16">
   <source>N18</source>
   <target>N16</target>
   <demandValue>544.0</demandValue>
  </demand>
  <demand id="DemN18_N17">
   <source>N18</source>
   <target>N17</target>
   <demandValue>136.0</demandValue>
  </demand>
  <demand id="DemN18_N21">
   <source>N18</source>
   <target>N21</target>
   <demandValue>136.0</demandValue>
  </demand>
  <demand id="DemN19_N01">
   <source>N19</source>
   <target>N01</target>
   <demandValue>48.0</demandValue>
  </demand>
  <demand id="DemN19_N02">
   <source>N19</source>
   <target>N02</target>
   <demandValue>77.0</demandValue>
  </demand>
  <demand id="DemN19_N04">
   <source>N19</source>
   <target>N04</target>
   <demandValue>48.0</demandValue>
  </demand>
  <demand id="DemN19_N09">
   <source>N19</source>
   <target>N09</target>
   <demandValue>272.0</demandValue>
  </demand>
  <demand id="DemN19_N10">
   <source>N19</source>
   <target>N10</target>
   <demandValue>136.0</demandValue>
  </demand>
  <demand id="DemN19_N12">
   <source>N19</source>
   <target>N12</target>
   <demandValue>136.0</demandValue>
  </demand>
  <demand id="DemN19_N13">
   <source>N19</source>
   <target>N13</target>
   <demandValue>106.0</demandValue>
  </demand>
  <demand id="DemN19_N16">
   <source>N19</source>
   <target>N16</target>
   <demandValue>213.0</demandValue>
  </demand>
  <demand id="DemN19_N17">
   <source>N19</source>
   <target>N17</target>
   <demandValue>48.0</demandValue>
  </demand>
  <demand id="DemN19_N18">
   <source>N19</source>
   <target>N18</target>
   <demandValue>136.0</demandValue>
  </demand>
  <demand id="DemN19_N20">
   <source>N19</source>
   <target>N20</target>
   <demandValue>213.0</demandValue>
  </demand>
  <demand id="DemN19_N23">
   <source>N19</source>
   <target>N23</target>
   <demandValue>184.0</demandValue>
  </demand>
  <demand id="DemN19_N24">
   <source>N19</source>
   <target>N24</target>
   <demandValue>243.0</demandValue>
  </demand>
  <demand id="DemN19_N25">
   <source>N19</source>
   <target>N25</target>
   <demandValue>106.0</demandValue>
  </demand>
  <demand id="DemN20_N04">
   <source>N20</source>
   <target>N04</target>
   <demandValue>213.0</demandValue>
  </demand>
  <demand id="DemN20_N05">
   <source>N20</source>
   <target>N05</target>
   <demandValue>768.0</demandValue>
  </demand>
  <demand id="DemN20_N10">
   <source>N20</source>
   <target>N10</target>
   <demandValue>544.0</demandValue>
  </demand>
  <demand id="DemN20_N11">
   <source>N20</source>
   <target>N11</target>
   <demandValue>320.0</demandValue>
  </demand>
  <demand id="DemN20_N12">
   <source>N20</source>
   <target>N12</target>
   <demandValue>544.0</demandValue>
  </demand>
  <demand id="DemN20_N13">
   <source>N20</source>
   <target>N13</target>
   <demandValue>437.0</demandValue>
  </demand>
  <demand id="DemN20_N15">
   <source>N20</source>
   <target>N15</target>
   <demandValue>1312.0</demandValue>
  </demand>
  <demand id="DemN20_N17">
   <source>N20</source>
   <target>N17</target>
   <demandValue>213.0</demandValue>
  </demand>
  <demand id="DemN20_N18">
   <source>N20</source>
   <target>N18</target>
   <demandValue>544.0</demandValue>
  </demand>
  <demand id="DemN20_N21">
   <source>N20</source>
   <target>N21</target>
   <demandValue>213.0</demandValue>
  </demand>
  <demand id="DemN20_N24">
   <source>N20</source>
   <target>N24</target>
   <demandValue>982.0</demandValue>
  </demand>
  <demand id="DemN20_N25">
   <source>N20</source>
   <target>N25</target>
   <demandValue>437.0</demandValue>
  </demand>
  <demand id="DemN21_N01">
   <source>N21</source>
   <target>N01</target>
   <demandValue>48.0</demandValue>
  </demand>
  <demand id="DemN21_N02">
   <source>N21</source>
   <target>N02</target>
   <demandValue>77.0</demandValue>
  </demand>
  <demand id="DemN21_N03">
   <source>N21</source>
   <target>N03</target>
   <demandValue>106.0</demandValue>
  </demand>
  <demand id="DemN21_N04">
   <source>N21</source>
   <target>N04</target>
   <demandValue>48.0</demandValue>
  </demand>
  <demand id="DemN21_N07">
   <source>N21</source>
   <target>N07</target>
   <demandValue>48.0</demandValue>
  </demand>
  <demand id="DemN21_N08">
   <source>N21</source>
   <target>N08</target>
   <demandValue>77.0</demandValue>
  </demand>
  <demand id="DemN21_N09">
   <source>N21</source>
   <target>N09</target>
   <demandValue>272.0</demandValue>
  </demand>
  <demand id="DemN21_N12">
   <source>N21</source>
   <target>N12</target>
   <demandValue>136.0</demandValue>
  </demand>
  <demand id="DemN21_N13">
   <source>N21</source>
   <target>N13</target>
   <demandValue>106.0</demandValue>
  </demand>
  <demand id="DemN21_N16">
   <source>N21</source>
   <target>N16</target>
   <demandValue>213.0</demandValue>
  </demand>
  <demand id="DemN21_N17">
   <source>N21</source>
   <target>N17</target>
   <demandValue>48.0</demandValue>
  </demand>
  <demand id="DemN21_N19">
   <source>N21</source>
   <target>N19</target>
   <demandValue>48.0</demandValue>
  </demand>
  <demand id="DemN21_N22">
   <source>N21</source>
   <target>N22</target>
   <demandValue>301.0</demandValue>
  </demand>
  <demand id="DemN21_N24">
   <source>N21</source>
   <target>N24</target>
   <demandValue>243.0</demandValue>
  </demand>
  <demand id="DemN22_N02">
   <source>N22</source>
   <target>N02</target>
   <demandValue>447.0</demandValue>
  </demand>
  <demand id="DemN22_N03">
   <source>N22</source>
   <target>N03</target>
   <demandValue>602.0</demandValue>
  </demand>
  <demand id="DemN22_N04">
   <source>N22</source>
   <target>N04</target>
   <demandValue>301.0</demandValue>
  </demand>
  <demand id="DemN22_N07">
   <source>N22</source>
   <target>N07</target>
   <demandValue>301.0</demandValue>
  </demand>
  <demand id="DemN22_N12">
   <source>N22</source>
   <target>N12</target>
   <demandValue>748.0</demandValue>
  </demand>
  <demand id="DemN22_N14">
   <source>N22</source>
   <target>N14</target>
   <demandValue>301.0</demandValue>
  </demand>
  <demand id="DemN22_N15">
   <source>N22</source>
   <target>N15</target>
   <demandValue>1808.0</demandValue>
  </demand>
  <demand id="DemN22_N16">
   <source>N22</source>
   <target>N16</target>
   <demandValue>1205.0</demandValue>
  </demand>
  <demand id="DemN22_N17">
   <source>N22</source>
   <target>N17</target>
   <demandValue>301.0</demandValue>
  </demand>
  <demand id="DemN22_N18">
   <source>N22</source>
   <target>N18</target>
   <demandValue>748.0</demandValue>
  </demand>
  <demand id="DemN22_N19">
   <source>N22</source>
   <target>N19</target>
   <demandValue>301.0</demandValue>
  </demand>
  <demand id="DemN22_N20">
   <source>N22</source>
   <target>N20</target>
   <demandValue>1205.0</demandValue>
  </demand>
  <demand id="DemN23_N03">
   <source>N23</source>
   <target>N03</target>
   <demandValue>379.0</demandValue>
  </demand>
  <demand id="DemN23_N04">
   <source>N23</source>
   <target>N04</target>
   <demandValue>184.0</demandValue>
  </demand>
  <demand id="DemN23_N05">
   <source>N23</source>
   <target>N05</target>
   <demandValue>671.0</demandValue>
  </demand>
  <demand id="DemN23_N06">
   <source>N23</source>
   <target>N06</target>
   <demandValue>282.0</demandValue>
  </demand>
  <demand id="DemN23_N07">
   <source>N23</source>
   <target>N07</target>
   <demandValue>184.0</demandValue>
  </demand>
  <demand id="DemN23_N12">
   <source>N23</source>
   <target>N12</target>
   <demandValue>476.0</demandValue>
  </demand>
  <demand id="DemN23_N13">
   <source>N23</source>
   <target>N13</target>
   <demandValue>379.0</demandValue>
  </demand>
  <demand id="DemN23_N14">
   <source>N23</source>
   <target>N14</target>
   <demandValue>184.0</demandValue>
  </demand>
  <demand id="DemN23_N15">
   <source>N23</source>
   <target>N15</target>
   <demandValue>1147.0</demandValue>
  </demand>
  <demand id="DemN23_N16">
   <source>N23</source>
   <target>N16</target>
   <demandValue>768.0</demandValue>
  </demand>
  <demand id="DemN23_N18">
   <source>N23</source>
   <target>N18</target>
   <demandValue>476.0</demandValue>
  </demand>
  <demand id="DemN23_N20">
   <source>N23</source>
   <target>N20</target>
   <demandValue>768.0</demandValue>
  </demand>
  <demand id="DemN23_N21">
   <source>N23</source>
   <target>N21</target>
   <demandValue>184.0</demandValue>
  </demand>
  <demand id="DemN23_N22">
   <source>N23</source>
   <target>N22</target>
   <demandValue>1050.0</demandValue>
  </demand>
  <demand id="DemN23_N24">
   <source>N23</source>
   <target>N24</target>
   <demandValue>865.0</demandValue>
  </demand>
  <demand id="DemN24_N01">
   <source>N24</source>
   <target>N01</target>
   <demandValue>243.0</demandValue>
  </demand>
  <demand id="DemN24_N02">
   <source>N24</source>
   <target>N02</target>
   <demandValue>369.0</demandValue>
  </demand>
  <demand id="DemN24_N04">
   <source>N24</source>
   <target>N04</target>
   <demandValue>243.0</demandValue>
  </demand>
  <demand id="DemN24_N05">
   <source>N24</source>
   <target>N05</target>
   <demandValue>865.0</demandValue>
  </demand>
  <demand id="DemN24_N06">
   <source>N24</source>
   <target>N06</target>
   <demandValue>369.0</demandValue>
  </demand>
  <demand id="DemN24_N07">
   <source>N24</source>
   <target>N07</target>
   <demandValue>243.0</demandValue>
  </demand>
  <demand id="DemN24_N08">
   <source>N24</source>
   <target>N08</target>
   <demandValue>369.0</demandValue>
  </demand>
  <demand id="DemN24_N10">
   <source>N24</source>
   <target>N10</target>
   <demandValue>612.0</demandValue>
  </demand>
  <demand id="DemN24_N12">
   <source>N24</source>
   <target>N12</target>
   <demandValue>612.0</demandValue>
  </demand>
  <demand id="DemN24_N14">
   <source>N24</source>
   <target>N14</target>
   <demandValue>243.0</demandValue>
  </demand>
  <demand id="DemN24_N16">
   <source>N24</source>
   <target>N16</target>
   <demandValue>982.0</demandValue>
  </demand>
  <demand id="DemN24_N17">
   <source>N24</source>
   <target>N17</target>
   <demandValue>243.0</demandValue>
  </demand>
  <demand id="DemN24_N18">
   <source>N24</source>
   <target>N18</target>
   <demandValue>612.0</demandValue>
  </demand>
  <demand id="DemN24_N22">
   <source>N24</source>
   <target>N22</target>
   <demandValue>1361.0</demandValue>
  </demand>
  <demand id="DemN24_N25">
   <source>N24</source>
   <target>N25</target>
   <demandValue>486.0</demandValue>
  </demand>
  <demand id="DemN25_N02">
   <source>N25</source>
   <target>N02</target>
   <demandValue>155.0</demandValue>
  </demand>
  <demand id="DemN25_N03">
   <source>N25</source>
   <target>N03</target>
   <demandValue>213.0</demandValue>
  </demand>
  <demand id="DemN25_N06">
   <source>N25</source>
   <target>N06</target>
   <demandValue>155.0</demandValue>
  </demand>
  <demand id="DemN25_N08">
   <source>N25</source>
   <target>N08</target>
   <demandValue>155.0</demandValue>
  </demand>
  <demand id="DemN25_N10">
   <source>N25</source>
   <target>N10</target>
   <demandValue>272.0</demandValue>
  </demand>
  <demand id="DemN25_N11">
   <source>N25</source>
   <target>N11</target>
   <demandValue>155.0</demandValue>
  </demand>
  <demand id="DemN25_N13">
   <source>N25</source>
   <target>N13</target>
   <demandValue>213.0</demandValue>
  </demand>
  <demand id="DemN25_N17">
   <source>N25</source>
   <target>N17</target>
   <demandValue>106.0</demandValue>
  </demand>
  <demand id="DemN25_N18">
   <source>N25</source>
   <target>N18</target>
   <demandValue>272.0</demandValue>
  </demand>
  <demand id="DemN25_N21">
   <source>N25</source>
   <target>N21</target>
   <demandValue>106.0</demandValue>
  </demand>
  <demand id="DemN25_N22">
   <source>N25</source>
   <target>N22</target>
   <demandValue>602.0</demandValue>
  </demand>
  <demand id="DemN25_N23">
   <source>N25</source>
   <target>N23</target>
   <demandValue>379.0</demandValue>
  </demand>
 </demands>
</network>