<?xml version="1.0" encoding="ISO-8859-1"?>
<network xmlns="http://sndlib.zib.de/network" version="1.0">
 <networkStructure>
  <nodes coordinatesType="geographical">
   <node id="at1.at">
    <coordinates>
     <x>16.3729</x>
     <y>48.2091</y>
    </coordinates>
   </node>
   <node id="be1.be">
    <coordinates>
     <x>4.3518</x>
     <y>50.8469</y>
    </coordinates>
   </node>
   <node id="ch1.ch">
    <coordinates>
     <x>6.1399</x>
     <y>46.2038</y>
    </coordinates>
   </node>
   <node id="cz1.cz">
    <coordinates>
     <x>14.4423</x>
     <y>50.0785</y>
    </coordinates>
   </node>
   <node id="de1.de">
    <coordinates>
     <x>8.6842</x>
     <y>50.1122</y>
    </coordinates>
   </node>
   <node id="es1.es">
    <coordinates>
     <x>-3.7033</x>
     <y>40.4167</y>
    </coordinates>
   </node>
   <node id="fr1.fr">
    <coordinates>
     <x>2.351</x>
     <y>48.8566</y>
    </coordinates>
   </node>
   <node id="gr1.gr">
    <coordinates>
     <x>23.5808</x>
     <y>37.9778</y>
    </coordinates>
   </node>
   <node id="hr1.hr">
    <coordinates>
     <x>15.9644</x>
     <y>45.8071</y>
    </coordinates>
   </node>
   <node id="hu1.hu">
    <coordinates>
     <x>19.0936</x>
     <y>47.4976</y>
    </coordinates>
   </node>
   <node id="ie1.ie">
    <coordinates>
     <x>-6.2573</x>
     <y>53.3416</y>
    </coordinates>
   </node>
   <node id="il1.il">
    <coordinates>
     <x>34.8097</x>
     <y>32.0714</y>
    </coordinates>
   </node>
   <node id="it1.it">
    <coordinates>
     <x>9.19</x>
     <y>45.4642</y>
    </coordinates>
   </node>
   <node id="lu1.lu">
    <coordinates>
     <x>6.1296</x>
     <y>49.6112</y>
    </coordinates>
   </node>
   <node id="nl1.nl">
    <coordinates>
     <x>4.9407</x>
     <y>52.3236</y>
    </coordinates>
   </node>
   <node id="ny1.ny">
    <coordinates>
     <x>-73.94384</x>
     <y>40.6698</y>
    </coordinates>
   </node>
   <node id="pl1.pl">
    <coordinates>
     <x>16.8874</x>
     <y>52.3963</y>
    </coordinates>
   </node>
   <node id="pt1.pt">
    <coordinates>
     <x>-9.1363</x>
     <y>38.7073</y>
    </coordinates>
   </node>
   <node id="se1.se">
    <coordinates>
     <x>17.8742</x>
     <y>59.3617</y>
    </coordinates>
   </node>
   <node id="si1.si">
    <coordinates>
     <x>14.5148</x>
     <y>46.0574</y>
    </coordinates>
   </node>
   <node id="sk1.sk">
    <coordinates>
     <x>17.1297</x>
     <y>48.1531</y>
    </coordinates>
   </node>
   <node id="uk1.uk">
    <coordinates>
     <x>-0.1264</x>
     <y>51.5086</y>
    </coordinates>
   </node>
  </nodes>
  <links>
   <link id="at1.at_ch1.ch">
    <source>at1.at</source>
    <target>ch1.ch</target>
    <additionalModules>
     <addModule>
      <capacity>40000.0</capacity>
      <cost>804.0</cost>
     </addModule>
    </additionalModules>
   </link>
   <link id="at1.at_de1.de">
    <source>at1.at</source>
    <target>de1.de</target>
    <additionalModules>
     <addModule>
      <capacity>40000.0</capacity>
      <cost>598.0</cost>
     </addModule>
    </additionalModules>
   </link>
   <link id="at1.at_hu1.hu">
    <source>at1.at</source>
    <target>hu1.hu</target>
    <additionalModules>
     <addModule>
      <capacity>40000.0</capacity>
      <cost>218.0</cost>
     </addModule>
    </additionalModules>
   </link>
   <link id="at1.at_ny1.ny">
    <source>at1.at</source>
    <target>ny1.ny</target>
    <additionalModules>
     <addModule>
      <capacity>40000.0</capacity>
      <cost>6802.0</cost>
     </addModule>
    </additionalModules>
   </link>
   <link id="at1.at_si1.si">
    <source>at1.at</source>
    <target>si1.si</target>
    <additionalModules>
     <addModule>
      <capacity>40000.0</capacity>
      <cost>277.0</cost>
     </addModule>
    </additionalModules>
   </link>
   <link id="be1.be_fr1.fr">
    <source>be1.be</source>
    <target>fr1.fr</target>
    <additionalModules>
     <addModule>
      <capacity>40000.0</capacity>
      <cost>264.0</cost>
     </addModule>
    </additionalModules>
   </link>
   <link id="be1.be_lu1.lu">
    <source>be1.be</source>
    <target>lu1.lu</target>
    <additionalModules>
     <addModule>
      <capacity>40000.0</capacity>
      <cost>186.0</cost>
     </addModule>
    </additionalModules>
   </link>
   <link id="be1.be_nl1.nl">
    <source>be1.be</source>
    <target>nl1.nl</target>
    <additionalModules>
     <addModule>
      <capacity>40000.0</capacity>
      <cost>169.0</cost>
     </addModule>
    </additionalModules>
   </link>
   <link id="ch1.ch_fr1.fr">
    <source>ch1.ch</source>
    <target>fr1.fr</target>
    <additionalModules>
     <addModule>
      <capacity>40000.0</capacity>
      <cost>410.0</cost>
     </addModule>
    </additionalModules>
   </link>
   <link id="ch1.ch_it1.it">
    <source>ch1.ch</source>
    <target>it1.it</target>
    <additionalModules>
     <addModule>
      <capacity>40000.0</capacity>
      <cost>250.0</cost>
     </addModule>
    </additionalModules>
   </link>
   <link id="cz1.cz_de1.de">
    <source>cz1.cz</source>
    <target>de1.de</target>
    <additionalModules>
     <addModule>
      <capacity>40000.0</capacity>
      <cost>411.0</cost>
     </addModule>
    </additionalModules>
   </link>
   <link id="cz1.cz_pl1.pl">
    <source>cz1.cz</source>
    <target>pl1.pl</target>
    <additionalModules>
     <addModule>
      <capacity>40000.0</capacity>
      <cost>309.0</cost>
     </addModule>
    </additionalModules>
   </link>
   <link id="cz1.cz_sk1.sk">
    <source>cz1.cz</source>
    <target>sk1.sk</target>
    <additionalModules>
     <addModule>
      <capacity>40000.0</capacity>
      <cost>290.0</cost>
     </addModule>
    </additionalModules>
   </link>
   <link id="de1.de_fr1.fr">
    <source>de1.de</source>
    <target>fr1.fr</target>
    <additionalModules>
     <addModule>
      <capacity>40000.0</capacity>
      <cost>478.0</cost>
     </addModule>
    </additionalModules>
   </link>
   <link id="de1.de_gr1.gr">
    <source>de1.de</source>
    <target>gr1.gr</target>
    <additionalModules>
     <addModule>
      <capacity>40000.0</capacity>
      <cost>1794.0</cost>
     </addModule>
    </additionalModules>
   </link>
   <link id="de1.de_ie1.ie">
    <source>de1.de</source>
    <target>ie1.ie</target>
    <additionalModules>
     <addModule>
      <capacity>40000.0</capacity>
      <cost>1088.0</cost>
     </addModule>
    </additionalModules>
   </link>
   <link id="de1.de_it1.it">
    <source>de1.de</source>
    <target>it1.it</target>
    <additionalModules>
     <addModule>
      <capacity>40000.0</capacity>
      <cost>518.0</cost>
     </addModule>
    </additionalModules>
   </link>
   <link id="de1.de_nl1.nl">
    <source>de1.de</source>
    <target>nl1.nl</target>
    <additionalModules>
     <addModule>
      <capacity>40000.0</capacity>
      <cost>358.0</cost>
     </addModule>
    </additionalModules>
   </link>
   <link id="de1.de_se1.se">
    <source>de1.de</source>
    <target>se1.se</target>
    <additionalModules>
     <addModule>
      <capacity>40000.0</capacity>
      <cost>1184.0</cost>
     </addModule>
    </additionalModules>
   </link>
   <link id="es1.es_fr1.fr">
    <source>es1.es</source>
    <target>fr1.fr</target>
    <additionalModules>
     <addModule>
      <capacity>40000.0</capacity>
      <cost>1054.0</cost>
     </addModule>
    </additionalModules>
   </link>
   <link id="es1.es_it1.it">
    <source>es1.es</source>
    <target>it1.it</target>
    <additionalModules>
     <addModule>
      <capacity>40000.0</capacity>
      <cost>1189.0</cost>
     </addModule>
    </additionalModules>
   </link>
   <link id="es1.es_pt1.pt">
    <source>es1.es</source>
    <target>pt1.pt</target>
    <additionalModules>
     <addModule>
      <capacity>40000.0</capacity>
      <cost>503.0</cost>
     </addModule>
    </additionalModules>
   </link>
   <link id="fr1.fr_lu1.lu">
    <source>fr1.fr</source>
    <target>lu1.lu</target>
    <additionalModules>
     <addModule>
      <capacity>40000.0</capacity>
      <cost>287.0</cost>
     </addModule>
    </additionalModules>
   </link>
   <link id="fr1.fr_uk1.uk">
    <source>fr1.fr</source>
    <target>uk1.uk</target>
    <additionalModules>
     <addModule>
      <capacity>40000.0</capacity>
      <cost>343.0</cost>
     </addModule>
    </additionalModules>
   </link>
   <link id="gr1.gr_it1.it">
    <source>gr1.gr</source>
    <target>it1.it</target>
    <additionalModules>
     <addModule>
      <capacity>40000.0</capacity>
      <cost>1453.0</cost>
     </addModule>
    </additionalModules>
   </link>
   <link id="hr1.hr_hu1.hu">
    <source>hr1.hr</source>
    <target>hu1.hu</target>
    <additionalModules>
     <addModule>
      <capacity>40000.0</capacity>
      <cost>304.0</cost>
     </addModule>
    </additionalModules>
   </link>
   <link id="hr1.hr_si1.si">
    <source>hr1.hr</source>
    <target>si1.si</target>
    <additionalModules>
     <addModule>
      <capacity>40000.0</capacity>
      <cost>115.0</cost>
     </addModule>
    </additionalModules>
   </link>
   <link id="hu1.hu_sk1.sk">
    <source>hu1.hu</source>
    <target>sk1.sk</target>
    <additionalModules>
     <addModule>
      <capacity>40000.0</capacity>
      <cost>163.0</cost>
     </addModule>
    </additionalModules>
   </link>
   <link id="ie1.ie_uk1.uk">
    <source>ie1.ie</source>
    <target>uk1.uk</target>
    <additionalModules>
     <addModule>
      <capacity>40000.0</capacity>
      <cost>463.0</cost>
     </addModule>
    </additionalModules>
   </link>
   <link id="il1.il_it1.it">
    <source>il1.il</source>
    <target>it1.it</target>
    <additionalModules>
     <addModule>
      <capacity>40000.0</capacity>
      <cost>2658.0</cost>
     </addModule>
    </additionalModules>
   </link>
   <link id="il1.il_nl1.nl">
    <source>il1.il</source>
    <target>nl1.nl</target>
    <additionalModules>
     <addModule>
      <capacity>40000.0</capacity>
      <cost>3296.0</cost>
     </addModule>
    </additionalModules>
   </link>
   <link id="nl1.nl_uk1.uk">
    <source>nl1.nl</source>
    <target>uk1.uk</target>
    <additionalModules>
     <addModule>
      <capacity>40000.0</capacity>
      <cost>359.0</cost>
     </addModule>
    </additionalModules>
   </link>
   <link id="ny1.ny_uk1.uk">
    <source>ny1.ny</source>
    <target>uk1.uk</target>
    <additionalModules>
     <addModule>
      <capacity>40000.0</capacity>
      <cost>5575.0</cost>
     </addModule>
    </additionalModules>
   </link>
   <link id="pl1.pl_se1.se">
    <source>pl1.pl</source>
    <target>se1.se</target>
    <additionalModules>
     <addModule>
      <capacity>40000.0</capacity>
      <cost>777.0</cost>
     </addModule>
    </additionalModules>
   </link>
   <link id="pt1.pt_uk1.uk">
    <source>pt1.pt</source>
    <target>uk1.uk</target>
    <additionalModules>
     <addModule>
      <capacity>40000.0</capacity>
      <cost>1588.0</cost>
     </addModule>
    </additionalModules>
   </link>
   <link id="se1.se_uk1.uk">
    <source>se1.se</source>
    <target>uk1.uk</target>
    <additionalModules>
     <addModule>
      <capacity>40000.0</capacity>
      <cost>1426.0</cost>
     </addModule>
    </additionalModules>
   </link>
  </links>
 </networkStructure>
 <demands>
  <demand id="ny1.ny_il1.il">
   <source>ny1.ny</source>
   <target>il1.il</target>
   <demandValue>3003.0</demandValue>
  </demand>
  <demand id="de1.de_ie1.ie">
   <source>de1.de</source>
   <target>ie1.ie</target>
   <demandValue>134.0</demandValue>
  </demand>
  <demand id="cz1.cz_ny1.ny">
   <source>cz1.cz</source>
   <target>ny1.ny</target>
   <demandValue>13138.0</demandValue>
  </demand>
  <demand id="hr1.hr_cz1.cz">
   <source>hr1.hr</source>
   <target>cz1.cz</target>
   <demandValue>135.0</demandValue>
  </demand>
  <demand id="lu1.lu_cz1.cz">
   <source>lu1.lu</source>
   <target>cz1.cz</target>
   <demandValue>14.0</demandValue>
  </demand>
  <demand id="de1.de_hr1.hr">
   <source>de1.de</source>
   <target>hr1.hr</target>
   <demandValue>4138.0</demandValue>
  </demand>
  <demand id="si1.si_ie1.ie">
   <source>si1.si</source>
   <target>ie1.ie</target>
   <demandValue>38.0</demandValue>
  </demand>
  <demand id="de1.de_il1.il">
   <source>de1.de</source>
   <target>il1.il</target>
   <demandValue>3211.0</demandValue>
  </demand>
  <demand id="ny1.ny_nl1.nl">
   <source>ny1.ny</source>
   <target>nl1.nl</target>
   <demandValue>535.0</demandValue>
  </demand>
  <demand id="ny1.ny_se1.se">
   <source>ny1.ny</source>
   <target>se1.se</target>
   <demandValue>5156.0</demandValue>
  </demand>
  <demand id="de1.de_fr1.fr">
   <source>de1.de</source>
   <target>fr1.fr</target>
   <demandValue>1205.0</demandValue>
  </demand>
  <demand id="be1.be_at1.at">
   <source>be1.be</source>
   <target>at1.at</target>
   <demandValue>46267.0</demandValue>
  </demand>
  <demand id="at1.at_it1.it">
   <source>at1.at</source>
   <target>it1.it</target>
   <demandValue>2033.0</demandValue>
  </demand>
  <demand id="si1.si_pl1.pl">
   <source>si1.si</source>
   <target>pl1.pl</target>
   <demandValue>269.0</demandValue>
  </demand>
  <demand id="ch1.ch_cz1.cz">
   <source>ch1.ch</source>
   <target>cz1.cz</target>
   <demandValue>7069.0</demandValue>
  </demand>
  <demand id="cz1.cz_es1.es">
   <source>cz1.cz</source>
   <target>es1.es</target>
   <demandValue>556.0</demandValue>
  </demand>
  <demand id="si1.si_uk1.uk">
   <source>si1.si</source>
   <target>uk1.uk</target>
   <demandValue>1294.0</demandValue>
  </demand>
  <demand id="it1.it_pt1.pt">
   <source>it1.it</source>
   <target>pt1.pt</target>
   <demandValue>1786.0</demandValue>
  </demand>
  <demand id="nl1.nl_il1.il">
   <source>nl1.nl</source>
   <target>il1.il</target>
   <demandValue>578.0</demandValue>
  </demand>
  <demand id="gr1.gr_it1.it">
   <source>gr1.gr</source>
   <target>it1.it</target>
   <demandValue>102.0</demandValue>
  </demand>
  <demand id="it1.it_se1.se">
   <source>it1.it</source>
   <target>se1.se</target>
   <demandValue>8485.0</demandValue>
  </demand>
  <demand id="it1.it_cz1.cz">
   <source>it1.it</source>
   <target>cz1.cz</target>
   <demandValue>160.0</demandValue>
  </demand>
  <demand id="at1.at_nl1.nl">
   <source>at1.at</source>
   <target>nl1.nl</target>
   <demandValue>725.0</demandValue>
  </demand>
  <demand id="pl1.pl_be1.be">
   <source>pl1.pl</source>
   <target>be1.be</target>
   <demandValue>710.0</demandValue>
  </demand>
  <demand id="be1.be_uk1.uk">
   <source>be1.be</source>
   <target>uk1.uk</target>
   <demandValue>34415.0</demandValue>
  </demand>
  <demand id="fr1.fr_ny1.ny">
   <source>fr1.fr</source>
   <target>ny1.ny</target>
   <demandValue>8677.0</demandValue>
  </demand>
  <demand id="ny1.ny_hu1.hu">
   <source>ny1.ny</source>
   <target>hu1.hu</target>
   <demandValue>1753.0</demandValue>
  </demand>
  <demand id="se1.se_il1.il">
   <source>se1.se</source>
   <target>il1.il</target>
   <demandValue>156.0</demandValue>
  </demand>
  <demand id="lu1.lu_nl1.nl">
   <source>lu1.lu</source>
   <target>nl1.nl</target>
   <demandValue>35.0</demandValue>
  </demand>
  <demand id="fr1.fr_gr1.gr">
   <source>fr1.fr</source>
   <target>gr1.gr</target>
   <demandValue>1179.0</demandValue>
  </demand>
  <demand id="il1.il_uk1.uk">
   <source>il1.il</source>
   <target>uk1.uk</target>
   <demandValue>779.0</demandValue>
  </demand>
  <demand id="ch1.ch_si1.si">
   <source>ch1.ch</source>
   <target>si1.si</target>
   <demandValue>2304.0</demandValue>
  </demand>
  <demand id="es1.es_hr1.hr">
   <source>es1.es</source>
   <target>hr1.hr</target>
   <demandValue>822.0</demandValue>
  </demand>
  <demand id="lu1.lu_it1.it">
   <source>lu1.lu</source>
   <target>it1.it</target>
   <demandValue>13.0</demandValue>
  </demand>
  <demand id="de1.de_pl1.pl">
   <source>de1.de</source>
   <target>pl1.pl</target>
   <demandValue>4172.0</demandValue>
  </demand>
  <demand id="de1.de_ny1.ny">
   <source>de1.de</source>
   <target>ny1.ny</target>
   <demandValue>3406.0</demandValue>
  </demand>
  <demand id="pl1.pl_es1.es">
   <source>pl1.pl</source>
   <target>es1.es</target>
   <demandValue>653.0</demandValue>
  </demand>
  <demand id="at1.at_gr1.gr">
   <source>at1.at</source>
   <target>gr1.gr</target>
   <demandValue>8167.0</demandValue>
  </demand>
  <demand id="it1.it_fr1.fr">
   <source>it1.it</source>
   <target>fr1.fr</target>
   <demandValue>2343.0</demandValue>
  </demand>
  <demand id="fr1.fr_il1.il">
   <source>fr1.fr</source>
   <target>il1.il</target>
   <demandValue>136.0</demandValue>
  </demand>
  <demand id="es1.es_fr1.fr">
   <source>es1.es</source>
   <target>fr1.fr</target>
   <demandValue>856.0</demandValue>
  </demand>
  <demand id="nl1.nl_sk1.sk">
   <source>nl1.nl</source>
   <target>sk1.sk</target>
   <demandValue>1067.0</demandValue>
  </demand>
  <demand id="il1.il_nl1.nl">
   <source>il1.il</source>
   <target>nl1.nl</target>
   <demandValue>85.0</demandValue>
  </demand>
  <demand id="lu1.lu_se1.se">
   <source>lu1.lu</source>
   <target>se1.se</target>
   <demandValue>538.0</demandValue>
  </demand>
  <demand id="il1.il_hr1.hr">
   <source>il1.il</source>
   <target>hr1.hr</target>
   <demandValue>14.0</demandValue>
  </demand>
  <demand id="lu1.lu_ie1.ie">
   <source>lu1.lu</source>
   <target>ie1.ie</target>
   <demandValue>35.0</demandValue>
  </demand>
  <demand id="gr1.gr_lu1.lu">
   <source>gr1.gr</source>
   <target>lu1.lu</target>
   <demandValue>8.0</demandValue>
  </demand>
  <demand id="be1.be_pl1.pl">
   <source>be1.be</source>
   <target>pl1.pl</target>
   <demandValue>10180.0</demandValue>
  </demand>
  <demand id="hu1.hu_de1.de">
   <source>hu1.hu</source>
   <target>de1.de</target>
   <demandValue>13369.0</demandValue>
  </demand>
  <demand id="pt1.pt_pl1.pl">
   <source>pt1.pt</source>
   <target>pl1.pl</target>
   <demandValue>42.0</demandValue>
  </demand>
  <demand id="si1.si_lu1.lu">
   <source>si1.si</source>
   <target>lu1.lu</target>
   <demandValue>4.0</demandValue>
  </demand>
  <demand id="il1.il_ie1.ie">
   <source>il1.il</source>
   <target>ie1.ie</target>
   <demandValue>9.0</demandValue>
  </demand>
  <demand id="sk1.sk_pt1.pt">
   <source>sk1.sk</source>
   <target>pt1.pt</target>
   <demandValue>8500.0</demandValue>
  </demand>
  <demand id="nl1.nl_ny1.ny">
   <source>nl1.nl</source>
   <target>ny1.ny</target>
   <demandValue>78.0</demandValue>
  </demand>
  <demand id="be1.be_es1.es">
   <source>be1.be</source>
   <target>es1.es</target>
   <demandValue>7141.0</demandValue>
  </demand>
  <demand id="hu1.hu_pt1.pt">
   <source>hu1.hu</source>
   <target>pt1.pt</target>
   <demandValue>70.0</demandValue>
  </demand>
  <demand id="it1.it_at1.at">
   <source>it1.it</source>
   <target>at1.at</target>
   <demandValue>2748.0</demandValue>
  </demand>
  <demand id="hu1.hu_si1.si">
   <source>hu1.hu</source>
   <target>si1.si</target>
   <demandValue>433.0</demandValue>
  </demand>
  <demand id="lu1.lu_sk1.sk">
   <source>lu1.lu</source>
   <target>sk1.sk</target>
   <demandValue>6.0</demandValue>
  </demand>
  <demand id="lu1.lu_ny1.ny">
   <source>lu1.lu</source>
   <target>ny1.ny</target>
   <demandValue>204.0</demandValue>
  </demand>
  <demand id="pl1.pl_il1.il">
   <source>pl1.pl</source>
   <target>il1.il</target>
   <demandValue>65.0</demandValue>
  </demand>
  <demand id="uk1.uk_es1.es">
   <source>uk1.uk</source>
   <target>es1.es</target>
   <demandValue>778.0</demandValue>
  </demand>
  <demand id="es1.es_uk1.uk">
   <source>es1.es</source>
   <target>uk1.uk</target>
   <demandValue>4009.0</demandValue>
  </demand>
  <demand id="ch1.ch_ny1.ny">
   <source>ch1.ch</source>
   <target>ny1.ny</target>
   <demandValue>26620.0</demandValue>
  </demand>
  <demand id="il1.il_ny1.ny">
   <source>il1.il</source>
   <target>ny1.ny</target>
   <demandValue>194.0</demandValue>
  </demand>
  <demand id="hr1.hr_il1.il">
   <source>hr1.hr</source>
   <target>il1.il</target>
   <demandValue>27.0</demandValue>
  </demand>
  <demand id="ie1.ie_il1.il">
   <source>ie1.ie</source>
   <target>il1.il</target>
   <demandValue>60.0</demandValue>
  </demand>
  <demand id="it1.it_be1.be">
   <source>it1.it</source>
   <target>be1.be</target>
   <demandValue>943.0</demandValue>
  </demand>
  <demand id="hu1.hu_be1.be">
   <source>hu1.hu</source>
   <target>be1.be</target>
   <demandValue>124.0</demandValue>
  </demand>
  <demand id="ie1.ie_si1.si">
   <source>ie1.ie</source>
   <target>si1.si</target>
   <demandValue>65.0</demandValue>
  </demand>
  <demand id="ny1.ny_pl1.pl">
   <source>ny1.ny</source>
   <target>pl1.pl</target>
   <demandValue>504.0</demandValue>
  </demand>
  <demand id="ch1.ch_il1.il">
   <source>ch1.ch</source>
   <target>il1.il</target>
   <demandValue>1937.0</demandValue>
  </demand>
  <demand id="ny1.ny_sk1.sk">
   <source>ny1.ny</source>
   <target>sk1.sk</target>
   <demandValue>336.0</demandValue>
  </demand>
  <demand id="pl1.pl_fr1.fr">
   <source>pl1.pl</source>
   <target>fr1.fr</target>
   <demandValue>2041.0</demandValue>
  </demand>
  <demand id="lu1.lu_be1.be">
   <source>lu1.lu</source>
   <target>be1.be</target>
   <demandValue>27.0</demandValue>
  </demand>
  <demand id="ny1.ny_de1.de">
   <source>ny1.ny</source>
   <target>de1.de</target>
   <demandValue>35420.0</demandValue>
  </demand>
  <demand id="be1.be_hu1.hu">
   <source>be1.be</source>
   <target>hu1.hu</target>
   <demandValue>1781.0</demandValue>
  </demand>
  <demand id="uk1.uk_cz1.cz">
   <source>uk1.uk</source>
   <target>cz1.cz</target>
   <demandValue>421.0</demandValue>
  </demand>
  <demand id="hr1.hr_at1.at">
   <source>hr1.hr</source>
   <target>at1.at</target>
   <demandValue>6304.0</demandValue>
  </demand>
  <demand id="at1.at_ie1.ie">
   <source>at1.at</source>
   <target>ie1.ie</target>
   <demandValue>66.0</demandValue>
  </demand>
  <demand id="pl1.pl_at1.at">
   <source>pl1.pl</source>
   <target>at1.at</target>
   <demandValue>59.0</demandValue>
  </demand>
  <demand id="es1.es_ch1.ch">
   <source>es1.es</source>
   <target>ch1.ch</target>
   <demandValue>3277.0</demandValue>
  </demand>
  <demand id="nl1.nl_de1.de">
   <source>nl1.nl</source>
   <target>de1.de</target>
   <demandValue>21941.0</demandValue>
  </demand>
  <demand id="fr1.fr_ie1.ie">
   <source>fr1.fr</source>
   <target>ie1.ie</target>
   <demandValue>435.0</demandValue>
  </demand>
  <demand id="ny1.ny_hr1.hr">
   <source>ny1.ny</source>
   <target>hr1.hr</target>
   <demandValue>836.0</demandValue>
  </demand>
  <demand id="si1.si_pt1.pt">
   <source>si1.si</source>
   <target>pt1.pt</target>
   <demandValue>52.0</demandValue>
  </demand>
  <demand id="de1.de_ch1.ch">
   <source>de1.de</source>
   <target>ch1.ch</target>
   <demandValue>990.0</demandValue>
  </demand>
  <demand id="lu1.lu_gr1.gr">
   <source>lu1.lu</source>
   <target>gr1.gr</target>
   <demandValue>7.0</demandValue>
  </demand>
  <demand id="hr1.hr_gr1.gr">
   <source>hr1.hr</source>
   <target>gr1.gr</target>
   <demandValue>109.0</demandValue>
  </demand>
  <demand id="uk1.uk_ie1.ie">
   <source>uk1.uk</source>
   <target>ie1.ie</target>
   <demandValue>10.0</demandValue>
  </demand>
  <demand id="at1.at_si1.si">
   <source>at1.at</source>
   <target>si1.si</target>
   <demandValue>42759.0</demandValue>
  </demand>
  <demand id="uk1.uk_gr1.gr">
   <source>uk1.uk</source>
   <target>gr1.gr</target>
   <demandValue>161.0</demandValue>
  </demand>
  <demand id="pl1.pl_si1.si">
   <source>pl1.pl</source>
   <target>si1.si</target>
   <demandValue>1333.0</demandValue>
  </demand>
  <demand id="it1.it_si1.si">
   <source>it1.it</source>
   <target>si1.si</target>
   <demandValue>1027.0</demandValue>
  </demand>
  <demand id="ch1.ch_ie1.ie">
   <source>ch1.ch</source>
   <target>ie1.ie</target>
   <demandValue>273.0</demandValue>
  </demand>
  <demand id="lu1.lu_uk1.uk">
   <source>lu1.lu</source>
   <target>uk1.uk</target>
   <demandValue>3151.0</demandValue>
  </demand>
  <demand id="es1.es_pl1.pl">
   <source>es1.es</source>
   <target>pl1.pl</target>
   <demandValue>240.0</demandValue>
  </demand>
  <demand id="hr1.hr_nl1.nl">
   <source>hr1.hr</source>
   <target>nl1.nl</target>
   <demandValue>292.0</demandValue>
  </demand>
  <demand id="ie1.ie_es1.es">
   <source>ie1.ie</source>
   <target>es1.es</target>
   <demandValue>950.0</demandValue>
  </demand>
  <demand id="be1.be_de1.de">
   <source>be1.be</source>
   <target>de1.de</target>
   <demandValue>35565.0</demandValue>
  </demand>
  <demand id="uk1.uk_lu1.lu">
   <source>uk1.uk</source>
   <target>lu1.lu</target>
   <demandValue>2823.0</demandValue>
  </demand>
  <demand id="ie1.ie_ch1.ch">
   <source>ie1.ie</source>
   <target>ch1.ch</target>
   <demandValue>403.0</demandValue>
  </demand>
  <demand id="sk1.sk_pl1.pl">
   <source>sk1.sk</source>
   <target>pl1.pl</target>
   <demandValue>5.0</demandValue>
  </demand>
  <demand id="se1.se_sk1.sk">
   <source>se1.se</source>
   <target>sk1.sk</target>
   <demandValue>270.0</demandValue>
  </demand>
  <demand id="lu1.lu_pt1.pt">
   <source>lu1.lu</source>
   <target>pt1.pt</target>
   <demandValue>23.0</demandValue>
  </demand>
  <demand id="gr1.gr_ie1.ie">
   <source>gr1.gr</source>
   <target>ie1.ie</target>
   <demandValue>78.0</demandValue>
  </demand>
  <demand id="be1.be_il1.il">
   <source>be1.be</source>
   <target>il1.il</target>
   <demandValue>639.0</demandValue>
  </demand>
  <demand id="il1.il_it1.it">
   <source>il1.il</source>
   <target>it1.it</target>
   <demandValue>902.0</demandValue>
  </demand>
  <demand id="ny1.ny_it1.it">
   <source>ny1.ny</source>
   <target>it1.it</target>
   <demandValue>2164.0</demandValue>
  </demand>
  <demand id="it1.it_gr1.gr">
   <source>it1.it</source>
   <target>gr1.gr</target>
   <demandValue>3046.0</demandValue>
  </demand>
  <demand id="ny1.ny_ie1.ie">
   <source>ny1.ny</source>
   <target>ie1.ie</target>
   <demandValue>136.0</demandValue>
  </demand>
  <demand id="gr1.gr_sk1.sk">
   <source>gr1.gr</source>
   <target>sk1.sk</target>
   <demandValue>239.0</demandValue>
  </demand>
  <demand id="uk1.uk_it1.it">
   <source>uk1.uk</source>
   <target>it1.it</target>
   <demandValue>586.0</demandValue>
  </demand>
  <demand id="lu1.lu_il1.il">
   <source>lu1.lu</source>
   <target>il1.il</target>
   <demandValue>13.0</demandValue>
  </demand>
  <demand id="fr1.fr_be1.be">
   <source>fr1.fr</source>
   <target>be1.be</target>
   <demandValue>2309.0</demandValue>
  </demand>
  <demand id="uk1.uk_at1.at">
   <source>uk1.uk</source>
   <target>at1.at</target>
   <demandValue>165.0</demandValue>
  </demand>
  <demand id="de1.de_si1.si">
   <source>de1.de</source>
   <target>si1.si</target>
   <demandValue>15336.0</demandValue>
  </demand>
  <demand id="ny1.ny_uk1.uk">
   <source>ny1.ny</source>
   <target>uk1.uk</target>
   <demandValue>14310.0</demandValue>
  </demand>
  <demand id="be1.be_ny1.ny">
   <source>be1.be</source>
   <target>ny1.ny</target>
   <demandValue>117644.0</demandValue>
  </demand>
  <demand id="nl1.nl_hr1.hr">
   <source>nl1.nl</source>
   <target>hr1.hr</target>
   <demandValue>1056.0</demandValue>
  </demand>
  <demand id="si1.si_hu1.hu">
   <source>si1.si</source>
   <target>hu1.hu</target>
   <demandValue>4941.0</demandValue>
  </demand>
  <demand id="pt1.pt_si1.si">
   <source>pt1.pt</source>
   <target>si1.si</target>
   <demandValue>41.0</demandValue>
  </demand>
  <demand id="cz1.cz_il1.il">
   <source>cz1.cz</source>
   <target>il1.il</target>
   <demandValue>245.0</demandValue>
  </demand>
  <demand id="il1.il_sk1.sk">
   <source>il1.il</source>
   <target>sk1.sk</target>
   <demandValue>24.0</demandValue>
  </demand>
  <demand id="gr1.gr_es1.es">
   <source>gr1.gr</source>
   <target>es1.es</target>
   <demandValue>111.0</demandValue>
  </demand>
  <demand id="se1.se_lu1.lu">
   <source>se1.se</source>
   <target>lu1.lu</target>
   <demandValue>201.0</demandValue>
  </demand>
  <demand id="si1.si_il1.il">
   <source>si1.si</source>
   <target>il1.il</target>
   <demandValue>16.0</demandValue>
  </demand>
  <demand id="se1.se_it1.it">
   <source>se1.se</source>
   <target>it1.it</target>
   <demandValue>449.0</demandValue>
  </demand>
  <demand id="hu1.hu_ch1.ch">
   <source>hu1.hu</source>
   <target>ch1.ch</target>
   <demandValue>389.0</demandValue>
  </demand>
  <demand id="gr1.gr_pt1.pt">
   <source>gr1.gr</source>
   <target>pt1.pt</target>
   <demandValue>58.0</demandValue>
  </demand>
  <demand id="at1.at_ny1.ny">
   <source>at1.at</source>
   <target>ny1.ny</target>
   <demandValue>514.0</demandValue>
  </demand>
  <demand id="ie1.ie_hu1.hu">
   <source>ie1.ie</source>
   <target>hu1.hu</target>
   <demandValue>689.0</demandValue>
  </demand>
  <demand id="de1.de_at1.at">
   <source>de1.de</source>
   <target>at1.at</target>
   <demandValue>1741.0</demandValue>
  </demand>
  <demand id="gr1.gr_ch1.ch">
   <source>gr1.gr</source>
   <target>ch1.ch</target>
   <demandValue>549.0</demandValue>
  </demand>
  <demand id="se1.se_ie1.ie">
   <source>se1.se</source>
   <target>ie1.ie</target>
   <demandValue>231.0</demandValue>
  </demand>
  <demand id="de1.de_be1.be">
   <source>de1.de</source>
   <target>be1.be</target>
   <demandValue>685.0</demandValue>
  </demand>
  <demand id="gr1.gr_be1.be">
   <source>gr1.gr</source>
   <target>be1.be</target>
   <demandValue>208.0</demandValue>
  </demand>
  <demand id="ie1.ie_pl1.pl">
   <source>ie1.ie</source>
   <target>pl1.pl</target>
   <demandValue>1801.0</demandValue>
  </demand>
  <demand id="gr1.gr_nl1.nl">
   <source>gr1.gr</source>
   <target>nl1.nl</target>
   <demandValue>287.0</demandValue>
  </demand>
  <demand id="si1.si_ch1.ch">
   <source>si1.si</source>
   <target>ch1.ch</target>
   <demandValue>634.0</demandValue>
  </demand>
  <demand id="il1.il_fr1.fr">
   <source>il1.il</source>
   <target>fr1.fr</target>
   <demandValue>110.0</demandValue>
  </demand>
  <demand id="hr1.hr_ie1.ie">
   <source>hr1.hr</source>
   <target>ie1.ie</target>
   <demandValue>83.0</demandValue>
  </demand>
  <demand id="hu1.hu_se1.se">
   <source>hu1.hu</source>
   <target>se1.se</target>
   <demandValue>4067.0</demandValue>
  </demand>
  <demand id="fr1.fr_pl1.pl">
   <source>fr1.fr</source>
   <target>pl1.pl</target>
   <demandValue>1298.0</demandValue>
  </demand>
  <demand id="gr1.gr_ny1.ny">
   <source>gr1.gr</source>
   <target>ny1.ny</target>
   <demandValue>149.0</demandValue>
  </demand>
  <demand id="pl1.pl_hr1.hr">
   <source>pl1.pl</source>
   <target>hr1.hr</target>
   <demandValue>3325.0</demandValue>
  </demand>
  <demand id="se1.se_hr1.hr">
   <source>se1.se</source>
   <target>hr1.hr</target>
   <demandValue>568.0</demandValue>
  </demand>
  <demand id="ie1.ie_de1.de">
   <source>ie1.ie</source>
   <target>de1.de</target>
   <demandValue>44044.0</demandValue>
  </demand>
  <demand id="hr1.hr_pt1.pt">
   <source>hr1.hr</source>
   <target>pt1.pt</target>
   <demandValue>46.0</demandValue>
  </demand>
  <demand id="it1.it_lu1.lu">
   <source>it1.it</source>
   <target>lu1.lu</target>
   <demandValue>29.0</demandValue>
  </demand>
  <demand id="nl1.nl_fr1.fr">
   <source>nl1.nl</source>
   <target>fr1.fr</target>
   <demandValue>2834.0</demandValue>
  </demand>
  <demand id="it1.it_de1.de">
   <source>it1.it</source>
   <target>de1.de</target>
   <demandValue>11963.0</demandValue>
  </demand>
  <demand id="gr1.gr_si1.si">
   <source>gr1.gr</source>
   <target>si1.si</target>
   <demandValue>202.0</demandValue>
  </demand>
  <demand id="il1.il_se1.se">
   <source>il1.il</source>
   <target>se1.se</target>
   <demandValue>1069.0</demandValue>
  </demand>
  <demand id="nl1.nl_pl1.pl">
   <source>nl1.nl</source>
   <target>pl1.pl</target>
   <demandValue>1913.0</demandValue>
  </demand>
  <demand id="at1.at_es1.es">
   <source>at1.at</source>
   <target>es1.es</target>
   <demandValue>1258.0</demandValue>
  </demand>
  <demand id="es1.es_ie1.ie">
   <source>es1.es</source>
   <target>ie1.ie</target>
   <demandValue>81.0</demandValue>
  </demand>
  <demand id="pl1.pl_sk1.sk">
   <source>pl1.pl</source>
   <target>sk1.sk</target>
   <demandValue>25.0</demandValue>
  </demand>
  <demand id="it1.it_hr1.hr">
   <source>it1.it</source>
   <target>hr1.hr</target>
   <demandValue>177.0</demandValue>
  </demand>
  <demand id="sk1.sk_ie1.ie">
   <source>sk1.sk</source>
   <target>ie1.ie</target>
   <demandValue>63.0</demandValue>
  </demand>
  <demand id="ch1.ch_se1.se">
   <source>ch1.ch</source>
   <target>se1.se</target>
   <demandValue>95143.0</demandValue>
  </demand>
  <demand id="se1.se_pt1.pt">
   <source>se1.se</source>
   <target>pt1.pt</target>
   <demandValue>5993.0</demandValue>
  </demand>
  <demand id="pt1.pt_at1.at">
   <source>pt1.pt</source>
   <target>at1.at</target>
   <demandValue>55.0</demandValue>
  </demand>
  <demand id="at1.at_lu1.lu">
   <source>at1.at</source>
   <target>lu1.lu</target>
   <demandValue>71.0</demandValue>
  </demand>
  <demand id="at1.at_de1.de">
   <source>at1.at</source>
   <target>de1.de</target>
   <demandValue>13150.0</demandValue>
  </demand>
  <demand id="uk1.uk_hu1.hu">
   <source>uk1.uk</source>
   <target>hu1.hu</target>
   <demandValue>234.0</demandValue>
  </demand>
  <demand id="it1.it_il1.il">
   <source>it1.it</source>
   <target>il1.il</target>
   <demandValue>642.0</demandValue>
  </demand>
  <demand id="be1.be_nl1.nl">
   <source>be1.be</source>
   <target>nl1.nl</target>
   <demandValue>40325.0</demandValue>
  </demand>
  <demand id="uk1.uk_ch1.ch">
   <source>uk1.uk</source>
   <target>ch1.ch</target>
   <demandValue>1818.0</demandValue>
  </demand>
  <demand id="ch1.ch_pl1.pl">
   <source>ch1.ch</source>
   <target>pl1.pl</target>
   <demandValue>20071.0</demandValue>
  </demand>
  <demand id="se1.se_ny1.ny">
   <source>se1.se</source>
   <target>ny1.ny</target>
   <demandValue>1984.0</demandValue>
  </demand>
  <demand id="at1.at_il1.il">
   <source>at1.at</source>
   <target>il1.il</target>
   <demandValue>788.0</demandValue>
  </demand>
  <demand id="hr1.hr_hu1.hu">
   <source>hr1.hr</source>
   <target>hu1.hu</target>
   <demandValue>14153.0</demandValue>
  </demand>
  <demand id="at1.at_fr1.fr">
   <source>at1.at</source>
   <target>fr1.fr</target>
   <demandValue>247.0</demandValue>
  </demand>
  <demand id="hu1.hu_uk1.uk">
   <source>hu1.hu</source>
   <target>uk1.uk</target>
   <demandValue>1543.0</demandValue>
  </demand>
  <demand id="lu1.lu_de1.de">
   <source>lu1.lu</source>
   <target>de1.de</target>
   <demandValue>14569.0</demandValue>
  </demand>
  <demand id="gr1.gr_hu1.hu">
   <source>gr1.gr</source>
   <target>hu1.hu</target>
   <demandValue>1894.0</demandValue>
  </demand>
  <demand id="it1.it_ch1.ch">
   <source>it1.it</source>
   <target>ch1.ch</target>
   <demandValue>5358.0</demandValue>
  </demand>
  <demand id="hu1.hu_at1.at">
   <source>hu1.hu</source>
   <target>at1.at</target>
   <demandValue>4291.0</demandValue>
  </demand>
  <demand id="lu1.lu_hr1.hr">
   <source>lu1.lu</source>
   <target>hr1.hr</target>
   <demandValue>5.0</demandValue>
  </demand>
  <demand id="be1.be_fr1.fr">
   <source>be1.be</source>
   <target>fr1.fr</target>
   <demandValue>115637.0</demandValue>
  </demand>
  <demand id="ch1.ch_lu1.lu">
   <source>ch1.ch</source>
   <target>lu1.lu</target>
   <demandValue>217.0</demandValue>
  </demand>
  <demand id="it1.it_sk1.sk">
   <source>it1.it</source>
   <target>sk1.sk</target>
   <demandValue>1330.0</demandValue>
  </demand>
  <demand id="fr1.fr_it1.it">
   <source>fr1.fr</source>
   <target>it1.it</target>
   <demandValue>2316.0</demandValue>
  </demand>
  <demand id="it1.it_ny1.ny">
   <source>it1.it</source>
   <target>ny1.ny</target>
   <demandValue>12432.0</demandValue>
  </demand>
  <demand id="uk1.uk_ny1.ny">
   <source>uk1.uk</source>
   <target>ny1.ny</target>
   <demandValue>2176.0</demandValue>
  </demand>
  <demand id="hu1.hu_lu1.lu">
   <source>hu1.hu</source>
   <target>lu1.lu</target>
   <demandValue>16.0</demandValue>
  </demand>
  <demand id="pt1.pt_fr1.fr">
   <source>pt1.pt</source>
   <target>fr1.fr</target>
   <demandValue>99.0</demandValue>
  </demand>
  <demand id="ch1.ch_at1.at">
   <source>ch1.ch</source>
   <target>at1.at</target>
   <demandValue>87337.0</demandValue>
  </demand>
  <demand id="fr1.fr_cz1.cz">
   <source>fr1.fr</source>
   <target>cz1.cz</target>
   <demandValue>2270.0</demandValue>
  </demand>
  <demand id="ny1.ny_es1.es">
   <source>ny1.ny</source>
   <target>es1.es</target>
   <demandValue>1581.0</demandValue>
  </demand>
  <demand id="se1.se_be1.be">
   <source>se1.se</source>
   <target>be1.be</target>
   <demandValue>504.0</demandValue>
  </demand>
  <demand id="hu1.hu_fr1.fr">
   <source>hu1.hu</source>
   <target>fr1.fr</target>
   <demandValue>147.0</demandValue>
  </demand>
  <demand id="si1.si_ny1.ny">
   <source>si1.si</source>
   <target>ny1.ny</target>
   <demandValue>149.0</demandValue>
  </demand>
  <demand id="ny1.ny_pt1.pt">
   <source>ny1.ny</source>
   <target>pt1.pt</target>
   <demandValue>263.0</demandValue>
  </demand>
  <demand id="uk1.uk_il1.il">
   <source>uk1.uk</source>
   <target>il1.il</target>
   <demandValue>1049.0</demandValue>
  </demand>
  <demand id="cz1.cz_se1.se">
   <source>cz1.cz</source>
   <target>se1.se</target>
   <demandValue>27184.0</demandValue>
  </demand>
  <demand id="nl1.nl_at1.at">
   <source>nl1.nl</source>
   <target>at1.at</target>
   <demandValue>1438.0</demandValue>
  </demand>
  <demand id="ch1.ch_fr1.fr">
   <source>ch1.ch</source>
   <target>fr1.fr</target>
   <demandValue>241173.0</demandValue>
  </demand>
  <demand id="lu1.lu_pl1.pl">
   <source>lu1.lu</source>
   <target>pl1.pl</target>
   <demandValue>19.0</demandValue>
  </demand>
  <demand id="at1.at_ch1.ch">
   <source>at1.at</source>
   <target>ch1.ch</target>
   <demandValue>19621.0</demandValue>
  </demand>
  <demand id="nl1.nl_se1.se">
   <source>nl1.nl</source>
   <target>se1.se</target>
   <demandValue>7913.0</demandValue>
  </demand>
  <demand id="es1.es_ny1.ny">
   <source>es1.es</source>
   <target>ny1.ny</target>
   <demandValue>1415.0</demandValue>
  </demand>
  <demand id="hu1.hu_nl1.nl">
   <source>hu1.hu</source>
   <target>nl1.nl</target>
   <demandValue>384.0</demandValue>
  </demand>
  <demand id="hu1.hu_ie1.ie">
   <source>hu1.hu</source>
   <target>ie1.ie</target>
   <demandValue>61.0</demandValue>
  </demand>
  <demand id="nl1.nl_ch1.ch">
   <source>nl1.nl</source>
   <target>ch1.ch</target>
   <demandValue>1325.0</demandValue>
  </demand>
  <demand id="es1.es_cz1.cz">
   <source>es1.es</source>
   <target>cz1.cz</target>
   <demandValue>767.0</demandValue>
  </demand>
  <demand id="sk1.sk_at1.at">
   <source>sk1.sk</source>
   <target>at1.at</target>
   <demandValue>234.0</demandValue>
  </demand>
  <demand id="at1.at_cz1.cz">
   <source>at1.at</source>
   <target>cz1.cz</target>
   <demandValue>1.0</demandValue>
  </demand>
  <demand id="gr1.gr_de1.de">
   <source>gr1.gr</source>
   <target>de1.de</target>
   <demandValue>33145.0</demandValue>
  </demand>
  <demand id="pt1.pt_hr1.hr">
   <source>pt1.pt</source>
   <target>hr1.hr</target>
   <demandValue>29.0</demandValue>
  </demand>
  <demand id="il1.il_be1.be">
   <source>il1.il</source>
   <target>be1.be</target>
   <demandValue>23.0</demandValue>
  </demand>
  <demand id="nl1.nl_gr1.gr">
   <source>nl1.nl</source>
   <target>gr1.gr</target>
   <demandValue>700.0</demandValue>
  </demand>
  <demand id="sk1.sk_uk1.uk">
   <source>sk1.sk</source>
   <target>uk1.uk</target>
   <demandValue>526.0</demandValue>
  </demand>
  <demand id="be1.be_se1.se">
   <source>be1.be</source>
   <target>se1.se</target>
   <demandValue>86347.0</demandValue>
  </demand>
  <demand id="es1.es_it1.it">
   <source>es1.es</source>
   <target>it1.it</target>
   <demandValue>4601.0</demandValue>
  </demand>
  <demand id="si1.si_se1.se">
   <source>si1.si</source>
   <target>se1.se</target>
   <demandValue>2964.0</demandValue>
  </demand>
  <demand id="de1.de_nl1.nl">
   <source>de1.de</source>
   <target>nl1.nl</target>
   <demandValue>1931.0</demandValue>
  </demand>
  <demand id="il1.il_cz1.cz">
   <source>il1.il</source>
   <target>cz1.cz</target>
   <demandValue>31.0</demandValue>
  </demand>
  <demand id="hr1.hr_ny1.ny">
   <source>hr1.hr</source>
   <target>ny1.ny</target>
   <demandValue>104.0</demandValue>
  </demand>
  <demand id="fr1.fr_lu1.lu">
   <source>fr1.fr</source>
   <target>lu1.lu</target>
   <demandValue>108.0</demandValue>
  </demand>
  <demand id="hr1.hr_pl1.pl">
   <source>hr1.hr</source>
   <target>pl1.pl</target>
   <demandValue>84.0</demandValue>
  </demand>
  <demand id="ie1.ie_sk1.sk">
   <source>ie1.ie</source>
   <target>sk1.sk</target>
   <demandValue>114.0</demandValue>
  </demand>
  <demand id="pt1.pt_ny1.ny">
   <source>pt1.pt</source>
   <target>ny1.ny</target>
   <demandValue>63.0</demandValue>
  </demand>
  <demand id="sk1.sk_ch1.ch">
   <source>sk1.sk</source>
   <target>ch1.ch</target>
   <demandValue>822.0</demandValue>
  </demand>
  <demand id="fr1.fr_pt1.pt">
   <source>fr1.fr</source>
   <target>pt1.pt</target>
   <demandValue>279.0</demandValue>
  </demand>
  <demand id="hu1.hu_hr1.hr">
   <source>hu1.hu</source>
   <target>hr1.hr</target>
   <demandValue>6274.0</demandValue>
  </demand>
  <demand id="cz1.cz_hr1.hr">
   <source>cz1.cz</source>
   <target>hr1.hr</target>
   <demandValue>5791.0</demandValue>
  </demand>
  <demand id="nl1.nl_it1.it">
   <source>nl1.nl</source>
   <target>it1.it</target>
   <demandValue>686.0</demandValue>
  </demand>
  <demand id="at1.at_se1.se">
   <source>at1.at</source>
   <target>se1.se</target>
   <demandValue>50905.0</demandValue>
  </demand>
  <demand id="de1.de_gr1.gr">
   <source>de1.de</source>
   <target>gr1.gr</target>
   <demandValue>6042.0</demandValue>
  </demand>
  <demand id="es1.es_pt1.pt">
   <source>es1.es</source>
   <target>pt1.pt</target>
   <demandValue>1012.0</demandValue>
  </demand>
  <demand id="pl1.pl_ie1.ie">
   <source>pl1.pl</source>
   <target>ie1.ie</target>
   <demandValue>165.0</demandValue>
  </demand>
  <demand id="ie1.ie_ny1.ny">
   <source>ie1.ie</source>
   <target>ny1.ny</target>
   <demandValue>3359.0</demandValue>
  </demand>
  <demand id="ny1.ny_cz1.cz">
   <source>ny1.ny</source>
   <target>cz1.cz</target>
   <demandValue>1004.0</demandValue>
  </demand>
  <demand id="de1.de_pt1.pt">
   <source>de1.de</source>
   <target>pt1.pt</target>
   <demandValue>954.0</demandValue>
  </demand>
  <demand id="nl1.nl_es1.es">
   <source>nl1.nl</source>
   <target>es1.es</target>
   <demandValue>2753.0</demandValue>
  </demand>
  <demand id="pl1.pl_nl1.nl">
   <source>pl1.pl</source>
   <target>nl1.nl</target>
   <demandValue>6601.0</demandValue>
  </demand>
  <demand id="be1.be_it1.it">
   <source>be1.be</source>
   <target>it1.it</target>
   <demandValue>3182.0</demandValue>
  </demand>
  <demand id="uk1.uk_sk1.sk">
   <source>uk1.uk</source>
   <target>sk1.sk</target>
   <demandValue>162.0</demandValue>
  </demand>
  <demand id="at1.at_hr1.hr">
   <source>at1.at</source>
   <target>hr1.hr</target>
   <demandValue>43423.0</demandValue>
  </demand>
  <demand id="de1.de_lu1.lu">
   <source>de1.de</source>
   <target>lu1.lu</target>
   <demandValue>1643.0</demandValue>
  </demand>
  <demand id="es1.es_gr1.gr">
   <source>es1.es</source>
   <target>gr1.gr</target>
   <demandValue>221.0</demandValue>
  </demand>
  <demand id="be1.be_ch1.ch">
   <source>be1.be</source>
   <target>ch1.ch</target>
   <demandValue>14415.0</demandValue>
  </demand>
  <demand id="sk1.sk_hu1.hu">
   <source>sk1.sk</source>
   <target>hu1.hu</target>
   <demandValue>32556.0</demandValue>
  </demand>
  <demand id="pl1.pl_hu1.hu">
   <source>pl1.pl</source>
   <target>hu1.hu</target>
   <demandValue>1758.0</demandValue>
  </demand>
  <demand id="de1.de_it1.it">
   <source>de1.de</source>
   <target>it1.it</target>
   <demandValue>1247.0</demandValue>
  </demand>
  <demand id="il1.il_pt1.pt">
   <source>il1.il</source>
   <target>pt1.pt</target>
   <demandValue>36.0</demandValue>
  </demand>
  <demand id="sk1.sk_hr1.hr">
   <source>sk1.sk</source>
   <target>hr1.hr</target>
   <demandValue>3660.0</demandValue>
  </demand>
  <demand id="pl1.pl_uk1.uk">
   <source>pl1.pl</source>
   <target>uk1.uk</target>
   <demandValue>2089.0</demandValue>
  </demand>
  <demand id="lu1.lu_fr1.fr">
   <source>lu1.lu</source>
   <target>fr1.fr</target>
   <demandValue>191.0</demandValue>
  </demand>
  <demand id="it1.it_es1.es">
   <source>it1.it</source>
   <target>es1.es</target>
   <demandValue>1241.0</demandValue>
  </demand>
  <demand id="fr1.fr_sk1.sk">
   <source>fr1.fr</source>
   <target>sk1.sk</target>
   <demandValue>210.0</demandValue>
  </demand>
  <demand id="gr1.gr_il1.il">
   <source>gr1.gr</source>
   <target>il1.il</target>
   <demandValue>66.0</demandValue>
  </demand>
  <demand id="ch1.ch_sk1.sk">
   <source>ch1.ch</source>
   <target>sk1.sk</target>
   <demandValue>15078.0</demandValue>
  </demand>
  <demand id="nl1.nl_ie1.ie">
   <source>nl1.nl</source>
   <target>ie1.ie</target>
   <demandValue>427.0</demandValue>
  </demand>
  <demand id="ch1.ch_gr1.gr">
   <source>ch1.ch</source>
   <target>gr1.gr</target>
   <demandValue>822.0</demandValue>
  </demand>
  <demand id="de1.de_se1.se">
   <source>de1.de</source>
   <target>se1.se</target>
   <demandValue>17732.0</demandValue>
  </demand>
  <demand id="pt1.pt_de1.de">
   <source>pt1.pt</source>
   <target>de1.de</target>
   <demandValue>4611.0</demandValue>
  </demand>
  <demand id="il1.il_es1.es">
   <source>il1.il</source>
   <target>es1.es</target>
   <demandValue>57.0</demandValue>
  </demand>
  <demand id="ny1.ny_fr1.fr">
   <source>ny1.ny</source>
   <target>fr1.fr</target>
   <demandValue>30728.0</demandValue>
  </demand>
  <demand id="sk1.sk_ny1.ny">
   <source>sk1.sk</source>
   <target>ny1.ny</target>
   <demandValue>4113.0</demandValue>
  </demand>
  <demand id="sk1.sk_gr1.gr">
   <source>sk1.sk</source>
   <target>gr1.gr</target>
   <demandValue>213.0</demandValue>
  </demand>
  <demand id="gr1.gr_fr1.fr">
   <source>gr1.gr</source>
   <target>fr1.fr</target>
   <demandValue>90.0</demandValue>
  </demand>
  <demand id="fr1.fr_hr1.hr">
   <source>fr1.fr</source>
   <target>hr1.hr</target>
   <demandValue>334.0</demandValue>
  </demand>
  <demand id="be1.be_ie1.ie">
   <source>be1.be</source>
   <target>ie1.ie</target>
   <demandValue>788.0</demandValue>
  </demand>
  <demand id="nl1.nl_hu1.hu">
   <source>nl1.nl</source>
   <target>hu1.hu</target>
   <demandValue>1975.0</demandValue>
  </demand>
  <demand id="lu1.lu_si1.si">
   <source>lu1.lu</source>
   <target>si1.si</target>
   <demandValue>11.0</demandValue>
  </demand>
  <demand id="ch1.ch_pt1.pt">
   <source>ch1.ch</source>
   <target>pt1.pt</target>
   <demandValue>65328.0</demandValue>
  </demand>
  <demand id="es1.es_lu1.lu">
   <source>es1.es</source>
   <target>lu1.lu</target>
   <demandValue>33.0</demandValue>
  </demand>
  <demand id="uk1.uk_fr1.fr">
   <source>uk1.uk</source>
   <target>fr1.fr</target>
   <demandValue>638.0</demandValue>
  </demand>
  <demand id="uk1.uk_pt1.pt">
   <source>uk1.uk</source>
   <target>pt1.pt</target>
   <demandValue>9291.0</demandValue>
  </demand>
  <demand id="si1.si_de1.de">
   <source>si1.si</source>
   <target>de1.de</target>
   <demandValue>21227.0</demandValue>
  </demand>
  <demand id="be1.be_pt1.pt">
   <source>be1.be</source>
   <target>pt1.pt</target>
   <demandValue>3838.0</demandValue>
  </demand>
  <demand id="be1.be_si1.si">
   <source>be1.be</source>
   <target>si1.si</target>
   <demandValue>1338.0</demandValue>
  </demand>
  <demand id="fr1.fr_es1.es">
   <source>fr1.fr</source>
   <target>es1.es</target>
   <demandValue>3183.0</demandValue>
  </demand>
  <demand id="gr1.gr_uk1.uk">
   <source>gr1.gr</source>
   <target>uk1.uk</target>
   <demandValue>3282.0</demandValue>
  </demand>
  <demand id="pl1.pl_pt1.pt">
   <source>pl1.pl</source>
   <target>pt1.pt</target>
   <demandValue>739.0</demandValue>
  </demand>
  <demand id="il1.il_hu1.hu">
   <source>il1.il</source>
   <target>hu1.hu</target>
   <demandValue>550.0</demandValue>
  </demand>
  <demand id="gr1.gr_hr1.hr">
   <source>gr1.gr</source>
   <target>hr1.hr</target>
   <demandValue>92.0</demandValue>
  </demand>
  <demand id="pl1.pl_it1.it">
   <source>pl1.pl</source>
   <target>it1.it</target>
   <demandValue>111.0</demandValue>
  </demand>
  <demand id="fr1.fr_nl1.nl">
   <source>fr1.fr</source>
   <target>nl1.nl</target>
   <demandValue>813.0</demandValue>
  </demand>
  <demand id="sk1.sk_nl1.nl">
   <source>sk1.sk</source>
   <target>nl1.nl</target>
   <demandValue>14001.0</demandValue>
  </demand>
  <demand id="cz1.cz_nl1.nl">
   <source>cz1.cz</source>
   <target>nl1.nl</target>
   <demandValue>8444.0</demandValue>
  </demand>
  <demand id="ie1.ie_uk1.uk">
   <source>ie1.ie</source>
   <target>uk1.uk</target>
   <demandValue>312.0</demandValue>
  </demand>
  <demand id="nl1.nl_uk1.uk">
   <source>nl1.nl</source>
   <target>uk1.uk</target>
   <demandValue>11285.0</demandValue>
  </demand>
  <demand id="si1.si_hr1.hr">
   <source>si1.si</source>
   <target>hr1.hr</target>
   <demandValue>515.0</demandValue>
  </demand>
  <demand id="ny1.ny_lu1.lu">
   <source>ny1.ny</source>
   <target>lu1.lu</target>
   <demandValue>23.0</demandValue>
  </demand>
  <demand id="gr1.gr_se1.se">
   <source>gr1.gr</source>
   <target>se1.se</target>
   <demandValue>4303.0</demandValue>
  </demand>
  <demand id="pl1.pl_cz1.cz">
   <source>pl1.pl</source>
   <target>cz1.cz</target>
   <demandValue>84.0</demandValue>
  </demand>
  <demand id="pl1.pl_se1.se">
   <source>pl1.pl</source>
   <target>se1.se</target>
   <demandValue>20305.0</demandValue>
  </demand>
  <demand id="ie1.ie_at1.at">
   <source>ie1.ie</source>
   <target>at1.at</target>
   <demandValue>2096.0</demandValue>
  </demand>
  <demand id="ch1.ch_be1.be">
   <source>ch1.ch</source>
   <target>be1.be</target>
   <demandValue>11740.0</demandValue>
  </demand>
  <demand id="si1.si_sk1.sk">
   <source>si1.si</source>
   <target>sk1.sk</target>
   <demandValue>158.0</demandValue>
  </demand>
  <demand id="il1.il_at1.at">
   <source>il1.il</source>
   <target>at1.at</target>
   <demandValue>1453.0</demandValue>
  </demand>
  <demand id="hr1.hr_lu1.lu">
   <source>hr1.hr</source>
   <target>lu1.lu</target>
   <demandValue>30.0</demandValue>
  </demand>
  <demand id="pl1.pl_lu1.lu">
   <source>pl1.pl</source>
   <target>lu1.lu</target>
   <demandValue>1087.0</demandValue>
  </demand>
  <demand id="de1.de_sk1.sk">
   <source>de1.de</source>
   <target>sk1.sk</target>
   <demandValue>226.0</demandValue>
  </demand>
  <demand id="nl1.nl_si1.si">
   <source>nl1.nl</source>
   <target>si1.si</target>
   <demandValue>872.0</demandValue>
  </demand>
  <demand id="hr1.hr_de1.de">
   <source>hr1.hr</source>
   <target>de1.de</target>
   <demandValue>22535.0</demandValue>
  </demand>
  <demand id="fr1.fr_ch1.ch">
   <source>fr1.fr</source>
   <target>ch1.ch</target>
   <demandValue>15547.0</demandValue>
  </demand>
  <demand id="ny1.ny_at1.at">
   <source>ny1.ny</source>
   <target>at1.at</target>
   <demandValue>2117.0</demandValue>
  </demand>
  <demand id="ie1.ie_it1.it">
   <source>ie1.ie</source>
   <target>it1.it</target>
   <demandValue>436.0</demandValue>
  </demand>
  <demand id="lu1.lu_ch1.ch">
   <source>lu1.lu</source>
   <target>ch1.ch</target>
   <demandValue>394.0</demandValue>
  </demand>
  <demand id="si1.si_nl1.nl">
   <source>si1.si</source>
   <target>nl1.nl</target>
   <demandValue>386.0</demandValue>
  </demand>
  <demand id="be1.be_cz1.cz">
   <source>be1.be</source>
   <target>cz1.cz</target>
   <demandValue>3804.0</demandValue>
  </demand>
  <demand id="lu1.lu_es1.es">
   <source>lu1.lu</source>
   <target>es1.es</target>
   <demandValue>43.0</demandValue>
  </demand>
  <demand id="hu1.hu_ny1.ny">
   <source>hu1.hu</source>
   <target>ny1.ny</target>
   <demandValue>243.0</demandValue>
  </demand>
  <demand id="nl1.nl_cz1.cz">
   <source>nl1.nl</source>
   <target>cz1.cz</target>
   <demandValue>3275.0</demandValue>
  </demand>
  <demand id="se1.se_at1.at">
   <source>se1.se</source>
   <target>at1.at</target>
   <demandValue>609.0</demandValue>
  </demand>
  <demand id="ie1.ie_gr1.gr">
   <source>ie1.ie</source>
   <target>gr1.gr</target>
   <demandValue>64.0</demandValue>
  </demand>
  <demand id="cz1.cz_hu1.hu">
   <source>cz1.cz</source>
   <target>hu1.hu</target>
   <demandValue>4181.0</demandValue>
  </demand>
  <demand id="pt1.pt_hu1.hu">
   <source>pt1.pt</source>
   <target>hu1.hu</target>
   <demandValue>889.0</demandValue>
  </demand>
  <demand id="se1.se_es1.es">
   <source>se1.se</source>
   <target>es1.es</target>
   <demandValue>884.0</demandValue>
  </demand>
  <demand id="uk1.uk_hr1.hr">
   <source>uk1.uk</source>
   <target>hr1.hr</target>
   <demandValue>355.0</demandValue>
  </demand>
  <demand id="il1.il_ch1.ch">
   <source>il1.il</source>
   <target>ch1.ch</target>
   <demandValue>203.0</demandValue>
  </demand>
  <demand id="fr1.fr_uk1.uk">
   <source>fr1.fr</source>
   <target>uk1.uk</target>
   <demandValue>5980.0</demandValue>
  </demand>
  <demand id="pl1.pl_de1.de">
   <source>pl1.pl</source>
   <target>de1.de</target>
   <demandValue>14075.0</demandValue>
  </demand>
  <demand id="sk1.sk_se1.se">
   <source>sk1.sk</source>
   <target>se1.se</target>
   <demandValue>9050.0</demandValue>
  </demand>
  <demand id="hr1.hr_es1.es">
   <source>hr1.hr</source>
   <target>es1.es</target>
   <demandValue>112.0</demandValue>
  </demand>
  <demand id="hu1.hu_sk1.sk">
   <source>hu1.hu</source>
   <target>sk1.sk</target>
   <demandValue>359.0</demandValue>
  </demand>
  <demand id="si1.si_cz1.cz">
   <source>si1.si</source>
   <target>cz1.cz</target>
   <demandValue>243.0</demandValue>
  </demand>
  <demand id="de1.de_hu1.hu">
   <source>de1.de</source>
   <target>hu1.hu</target>
   <demandValue>8389.0</demandValue>
  </demand>
  <demand id="es1.es_se1.se">
   <source>es1.es</source>
   <target>se1.se</target>
   <demandValue>2958.0</demandValue>
  </demand>
  <demand id="ie1.ie_pt1.pt">
   <source>ie1.ie</source>
   <target>pt1.pt</target>
   <demandValue>3027.0</demandValue>
  </demand>
  <demand id="il1.il_lu1.lu">
   <source>il1.il</source>
   <target>lu1.lu</target>
   <demandValue>1.0</demandValue>
  </demand>
  <demand id="ie1.ie_lu1.lu">
   <source>ie1.ie</source>
   <target>lu1.lu</target>
   <demandValue>1026.0</demandValue>
  </demand>
  <demand id="pl1.pl_ch1.ch">
   <source>pl1.pl</source>
   <target>ch1.ch</target>
   <demandValue>1639.0</demandValue>
  </demand>
  <demand id="es1.es_be1.be">
   <source>es1.es</source>
   <target>be1.be</target>
   <demandValue>547.0</demandValue>
  </demand>
  <demand id="si1.si_be1.be">
   <source>si1.si</source>
   <target>be1.be</target>
   <demandValue>175.0</demandValue>
  </demand>
  <demand id="gr1.gr_pl1.pl">
   <source>gr1.gr</source>
   <target>pl1.pl</target>
   <demandValue>168.0</demandValue>
  </demand>
  <demand id="se1.se_cz1.cz">
   <source>se1.se</source>
   <target>cz1.cz</target>
   <demandValue>578.0</demandValue>
  </demand>
  <demand id="it1.it_pl1.pl">
   <source>it1.it</source>
   <target>pl1.pl</target>
   <demandValue>734.0</demandValue>
  </demand>
  <demand id="sk1.sk_fr1.fr">
   <source>sk1.sk</source>
   <target>fr1.fr</target>
   <demandValue>1157.0</demandValue>
  </demand>
  <demand id="lu1.lu_at1.at">
   <source>lu1.lu</source>
   <target>at1.at</target>
   <demandValue>60.0</demandValue>
  </demand>
  <demand id="nl1.nl_be1.be">
   <source>nl1.nl</source>
   <target>be1.be</target>
   <demandValue>2212.0</demandValue>
  </demand>
  <demand id="be1.be_lu1.lu">
   <source>be1.be</source>
   <target>lu1.lu</target>
   <demandValue>1514.0</demandValue>
  </demand>
  <demand id="uk1.uk_be1.be">
   <source>uk1.uk</source>
   <target>be1.be</target>
   <demandValue>281.0</demandValue>
  </demand>
  <demand id="it1.it_ie1.ie">
   <source>it1.it</source>
   <target>ie1.ie</target>
   <demandValue>88.0</demandValue>
  </demand>
  <demand id="si1.si_fr1.fr">
   <source>si1.si</source>
   <target>fr1.fr</target>
   <demandValue>41.0</demandValue>
  </demand>
  <demand id="se1.se_fr1.fr">
   <source>se1.se</source>
   <target>fr1.fr</target>
   <demandValue>473.0</demandValue>
  </demand>
  <demand id="gr1.gr_at1.at">
   <source>gr1.gr</source>
   <target>at1.at</target>
   <demandValue>2924.0</demandValue>
  </demand>
  <demand id="hu1.hu_cz1.cz">
   <source>hu1.hu</source>
   <target>cz1.cz</target>
   <demandValue>346.0</demandValue>
  </demand>
  <demand id="cz1.cz_ch1.ch">
   <source>cz1.cz</source>
   <target>ch1.ch</target>
   <demandValue>1118.0</demandValue>
  </demand>
  <demand id="ny1.ny_be1.be">
   <source>ny1.ny</source>
   <target>be1.be</target>
   <demandValue>1092.0</demandValue>
  </demand>
  <demand id="pl1.pl_ny1.ny">
   <source>pl1.pl</source>
   <target>ny1.ny</target>
   <demandValue>3882.0</demandValue>
  </demand>
  <demand id="ie1.ie_nl1.nl">
   <source>ie1.ie</source>
   <target>nl1.nl</target>
   <demandValue>423.0</demandValue>
  </demand>
  <demand id="uk1.uk_pl1.pl">
   <source>uk1.uk</source>
   <target>pl1.pl</target>
   <demandValue>198.0</demandValue>
  </demand>
  <demand id="si1.si_at1.at">
   <source>si1.si</source>
   <target>at1.at</target>
   <demandValue>5543.0</demandValue>
  </demand>
  <demand id="cz1.cz_be1.be">
   <source>cz1.cz</source>
   <target>be1.be</target>
   <demandValue>216.0</demandValue>
  </demand>
  <demand id="fr1.fr_se1.se">
   <source>fr1.fr</source>
   <target>se1.se</target>
   <demandValue>6944.0</demandValue>
  </demand>
  <demand id="cz1.cz_uk1.uk">
   <source>cz1.cz</source>
   <target>uk1.uk</target>
   <demandValue>7859.0</demandValue>
  </demand>
  <demand id="hu1.hu_il1.il">
   <source>hu1.hu</source>
   <target>il1.il</target>
   <demandValue>55.0</demandValue>
  </demand>
  <demand id="es1.es_il1.il">
   <source>es1.es</source>
   <target>il1.il</target>
   <demandValue>699.0</demandValue>
  </demand>
  <demand id="cz1.cz_sk1.sk">
   <source>cz1.cz</source>
   <target>sk1.sk</target>
   <demandValue>53.0</demandValue>
  </demand>
  <demand id="at1.at_pt1.pt">
   <source>at1.at</source>
   <target>pt1.pt</target>
   <demandValue>307.0</demandValue>
  </demand>
  <demand id="pt1.pt_lu1.lu">
   <source>pt1.pt</source>
   <target>lu1.lu</target>
   <demandValue>1.0</demandValue>
  </demand>
  <demand id="cz1.cz_si1.si">
   <source>cz1.cz</source>
   <target>si1.si</target>
   <demandValue>5638.0</demandValue>
  </demand>
  <demand id="pt1.pt_uk1.uk">
   <source>pt1.pt</source>
   <target>uk1.uk</target>
   <demandValue>4069.0</demandValue>
  </demand>
  <demand id="uk1.uk_se1.se">
   <source>uk1.uk</source>
   <target>se1.se</target>
   <demandValue>15342.0</demandValue>
  </demand>
  <demand id="es1.es_de1.de">
   <source>es1.es</source>
   <target>de1.de</target>
   <demandValue>14734.0</demandValue>
  </demand>
  <demand id="ie1.ie_fr1.fr">
   <source>ie1.ie</source>
   <target>fr1.fr</target>
   <demandValue>1853.0</demandValue>
  </demand>
  <demand id="se1.se_gr1.gr">
   <source>se1.se</source>
   <target>gr1.gr</target>
   <demandValue>167.0</demandValue>
  </demand>
  <demand id="ch1.ch_de1.de">
   <source>ch1.ch</source>
   <target>de1.de</target>
   <demandValue>205332.0</demandValue>
  </demand>
  <demand id="fr1.fr_at1.at">
   <source>fr1.fr</source>
   <target>at1.at</target>
   <demandValue>2775.0</demandValue>
  </demand>
  <demand id="pt1.pt_be1.be">
   <source>pt1.pt</source>
   <target>be1.be</target>
   <demandValue>95.0</demandValue>
  </demand>
  <demand id="ny1.ny_si1.si">
   <source>ny1.ny</source>
   <target>si1.si</target>
   <demandValue>264.0</demandValue>
  </demand>
  <demand id="es1.es_at1.at">
   <source>es1.es</source>
   <target>at1.at</target>
   <demandValue>732.0</demandValue>
  </demand>
  <demand id="pl1.pl_gr1.gr">
   <source>pl1.pl</source>
   <target>gr1.gr</target>
   <demandValue>249.0</demandValue>
  </demand>
  <demand id="at1.at_uk1.uk">
   <source>at1.at</source>
   <target>uk1.uk</target>
   <demandValue>666.0</demandValue>
  </demand>
  <demand id="hr1.hr_si1.si">
   <source>hr1.hr</source>
   <target>si1.si</target>
   <demandValue>285.0</demandValue>
  </demand>
  <demand id="cz1.cz_pl1.pl">
   <source>cz1.cz</source>
   <target>pl1.pl</target>
   <demandValue>175.0</demandValue>
  </demand>
  <demand id="be1.be_gr1.gr">
   <source>be1.be</source>
   <target>gr1.gr</target>
   <demandValue>1025.0</demandValue>
  </demand>
  <demand id="pt1.pt_ch1.ch">
   <source>pt1.pt</source>
   <target>ch1.ch</target>
   <demandValue>116.0</demandValue>
  </demand>
  <demand id="ch1.ch_es1.es">
   <source>ch1.ch</source>
   <target>es1.es</target>
   <demandValue>71045.0</demandValue>
  </demand>
  <demand id="pt1.pt_es1.es">
   <source>pt1.pt</source>
   <target>es1.es</target>
   <demandValue>181.0</demandValue>
  </demand>
  <demand id="sk1.sk_il1.il">
   <source>sk1.sk</source>
   <target>il1.il</target>
   <demandValue>57.0</demandValue>
  </demand>
  <demand id="cz1.cz_at1.at">
   <source>cz1.cz</source>
   <target>at1.at</target>
   <demandValue>321.0</demandValue>
  </demand>
  <demand id="lu1.lu_hu1.hu">
   <source>lu1.lu</source>
   <target>hu1.hu</target>
   <demandValue>513.0</demandValue>
  </demand>
  <demand id="cz1.cz_de1.de">
   <source>cz1.cz</source>
   <target>de1.de</target>
   <demandValue>12912.0</demandValue>
  </demand>
  <demand id="hr1.hr_sk1.sk">
   <source>hr1.hr</source>
   <target>sk1.sk</target>
   <demandValue>189.0</demandValue>
  </demand>
  <demand id="cz1.cz_ie1.ie">
   <source>cz1.cz</source>
   <target>ie1.ie</target>
   <demandValue>161.0</demandValue>
  </demand>
  <demand id="hr1.hr_ch1.ch">
   <source>hr1.hr</source>
   <target>ch1.ch</target>
   <demandValue>544.0</demandValue>
  </demand>
  <demand id="at1.at_be1.be">
   <source>at1.at</source>
   <target>be1.be</target>
   <demandValue>1799.0</demandValue>
  </demand>
  <demand id="sk1.sk_cz1.cz">
   <source>sk1.sk</source>
   <target>cz1.cz</target>
   <demandValue>135.0</demandValue>
  </demand>
  <demand id="hu1.hu_gr1.gr">
   <source>hu1.hu</source>
   <target>gr1.gr</target>
   <demandValue>113.0</demandValue>
  </demand>
  <demand id="de1.de_cz1.cz">
   <source>de1.de</source>
   <target>cz1.cz</target>
   <demandValue>571.0</demandValue>
  </demand>
  <demand id="it1.it_nl1.nl">
   <source>it1.it</source>
   <target>nl1.nl</target>
   <demandValue>3183.0</demandValue>
  </demand>
  <demand id="se1.se_si1.si">
   <source>se1.se</source>
   <target>si1.si</target>
   <demandValue>876.0</demandValue>
  </demand>
  <demand id="ie1.ie_be1.be">
   <source>ie1.ie</source>
   <target>be1.be</target>
   <demandValue>6840.0</demandValue>
  </demand>
  <demand id="si1.si_es1.es">
   <source>si1.si</source>
   <target>es1.es</target>
   <demandValue>102.0</demandValue>
  </demand>
  <demand id="se1.se_uk1.uk">
   <source>se1.se</source>
   <target>uk1.uk</target>
   <demandValue>4442.0</demandValue>
  </demand>
  <demand id="hr1.hr_be1.be">
   <source>hr1.hr</source>
   <target>be1.be</target>
   <demandValue>43.0</demandValue>
  </demand>
  <demand id="pt1.pt_ie1.ie">
   <source>pt1.pt</source>
   <target>ie1.ie</target>
   <demandValue>77.0</demandValue>
  </demand>
  <demand id="il1.il_gr1.gr">
   <source>il1.il</source>
   <target>gr1.gr</target>
   <demandValue>25.0</demandValue>
  </demand>
  <demand id="pt1.pt_cz1.cz">
   <source>pt1.pt</source>
   <target>cz1.cz</target>
   <demandValue>100.0</demandValue>
  </demand>
  <demand id="sk1.sk_si1.si">
   <source>sk1.sk</source>
   <target>si1.si</target>
   <demandValue>1953.0</demandValue>
  </demand>
  <demand id="be1.be_hr1.hr">
   <source>be1.be</source>
   <target>hr1.hr</target>
   <demandValue>323.0</demandValue>
  </demand>
  <demand id="sk1.sk_es1.es">
   <source>sk1.sk</source>
   <target>es1.es</target>
   <demandValue>2256.0</demandValue>
  </demand>
  <demand id="hr1.hr_se1.se">
   <source>hr1.hr</source>
   <target>se1.se</target>
   <demandValue>2920.0</demandValue>
  </demand>
  <demand id="se1.se_nl1.nl">
   <source>se1.se</source>
   <target>nl1.nl</target>
   <demandValue>3179.0</demandValue>
  </demand>
  <demand id="ch1.ch_nl1.nl">
   <source>ch1.ch</source>
   <target>nl1.nl</target>
   <demandValue>25837.0</demandValue>
  </demand>
  <demand id="nl1.nl_pt1.pt">
   <source>nl1.nl</source>
   <target>pt1.pt</target>
   <demandValue>658.0</demandValue>
  </demand>
  <demand id="pt1.pt_it1.it">
   <source>pt1.pt</source>
   <target>it1.it</target>
   <demandValue>485.0</demandValue>
  </demand>
  <demand id="cz1.cz_gr1.gr">
   <source>cz1.cz</source>
   <target>gr1.gr</target>
   <demandValue>147.0</demandValue>
  </demand>
  <demand id="de1.de_es1.es">
   <source>de1.de</source>
   <target>es1.es</target>
   <demandValue>3005.0</demandValue>
  </demand>
  <demand id="hr1.hr_it1.it">
   <source>hr1.hr</source>
   <target>it1.it</target>
   <demandValue>107.0</demandValue>
  </demand>
  <demand id="sk1.sk_be1.be">
   <source>sk1.sk</source>
   <target>be1.be</target>
   <demandValue>102.0</demandValue>
  </demand>
  <demand id="si1.si_it1.it">
   <source>si1.si</source>
   <target>it1.it</target>
   <demandValue>169.0</demandValue>
  </demand>
  <demand id="cz1.cz_fr1.fr">
   <source>cz1.cz</source>
   <target>fr1.fr</target>
   <demandValue>7736.0</demandValue>
  </demand>
  <demand id="se1.se_pl1.pl">
   <source>se1.se</source>
   <target>pl1.pl</target>
   <demandValue>895.0</demandValue>
  </demand>
  <demand id="pt1.pt_se1.se">
   <source>pt1.pt</source>
   <target>se1.se</target>
   <demandValue>15117.0</demandValue>
  </demand>
  <demand id="uk1.uk_de1.de">
   <source>uk1.uk</source>
   <target>de1.de</target>
   <demandValue>5754.0</demandValue>
  </demand>
  <demand id="hu1.hu_es1.es">
   <source>hu1.hu</source>
   <target>es1.es</target>
   <demandValue>451.0</demandValue>
  </demand>
  <demand id="ch1.ch_hr1.hr">
   <source>ch1.ch</source>
   <target>hr1.hr</target>
   <demandValue>49148.0</demandValue>
  </demand>
  <demand id="gr1.gr_cz1.cz">
   <source>gr1.gr</source>
   <target>cz1.cz</target>
   <demandValue>222.0</demandValue>
  </demand>
  <demand id="sk1.sk_lu1.lu">
   <source>sk1.sk</source>
   <target>lu1.lu</target>
   <demandValue>6.0</demandValue>
  </demand>
  <demand id="se1.se_ch1.ch">
   <source>se1.se</source>
   <target>ch1.ch</target>
   <demandValue>1240.0</demandValue>
  </demand>
  <demand id="es1.es_sk1.sk">
   <source>es1.es</source>
   <target>sk1.sk</target>
   <demandValue>677.0</demandValue>
  </demand>
  <demand id="ch1.ch_it1.it">
   <source>ch1.ch</source>
   <target>it1.it</target>
   <demandValue>39448.0</demandValue>
  </demand>
  <demand id="pt1.pt_nl1.nl">
   <source>pt1.pt</source>
   <target>nl1.nl</target>
   <demandValue>145.0</demandValue>
  </demand>
  <demand id="hu1.hu_pl1.pl">
   <source>hu1.hu</source>
   <target>pl1.pl</target>
   <demandValue>218.0</demandValue>
  </demand>
  <demand id="uk1.uk_si1.si">
   <source>uk1.uk</source>
   <target>si1.si</target>
   <demandValue>162.0</demandValue>
  </demand>
  <demand id="se1.se_hu1.hu">
   <source>se1.se</source>
   <target>hu1.hu</target>
   <demandValue>1138.0</demandValue>
  </demand>
  <demand id="at1.at_sk1.sk">
   <source>at1.at</source>
   <target>sk1.sk</target>
   <demandValue>3.0</demandValue>
  </demand>
  <demand id="sk1.sk_de1.de">
   <source>sk1.sk</source>
   <target>de1.de</target>
   <demandValue>10143.0</demandValue>
  </demand>
  <demand id="pt1.pt_il1.il">
   <source>pt1.pt</source>
   <target>il1.il</target>
   <demandValue>24.0</demandValue>
  </demand>
  <demand id="se1.se_de1.de">
   <source>se1.se</source>
   <target>de1.de</target>
   <demandValue>10253.0</demandValue>
  </demand>
  <demand id="si1.si_gr1.gr">
   <source>si1.si</source>
   <target>gr1.gr</target>
   <demandValue>132.0</demandValue>
  </demand>
  <demand id="ch1.ch_uk1.uk">
   <source>ch1.ch</source>
   <target>uk1.uk</target>
   <demandValue>126006.0</demandValue>
  </demand>
  <demand id="sk1.sk_it1.it">
   <source>sk1.sk</source>
   <target>it1.it</target>
   <demandValue>125.0</demandValue>
  </demand>
  <demand id="ny1.ny_ch1.ch">
   <source>ny1.ny</source>
   <target>ch1.ch</target>
   <demandValue>38695.0</demandValue>
  </demand>
  <demand id="ny1.ny_gr1.gr">
   <source>ny1.ny</source>
   <target>gr1.gr</target>
   <demandValue>168.0</demandValue>
  </demand>
  <demand id="it1.it_hu1.hu">
   <source>it1.it</source>
   <target>hu1.hu</target>
   <demandValue>442.0</demandValue>
  </demand>
  <demand id="fr1.fr_si1.si">
   <source>fr1.fr</source>
   <target>si1.si</target>
   <demandValue>571.0</demandValue>
  </demand>
  <demand id="cz1.cz_it1.it">
   <source>cz1.cz</source>
   <target>it1.it</target>
   <demandValue>285.0</demandValue>
  </demand>
  <demand id="pt1.pt_gr1.gr">
   <source>pt1.pt</source>
   <target>gr1.gr</target>
   <demandValue>31.0</demandValue>
  </demand>
  <demand id="pt1.pt_sk1.sk">
   <source>pt1.pt</source>
   <target>sk1.sk</target>
   <demandValue>38.0</demandValue>
  </demand>
  <demand id="nl1.nl_lu1.lu">
   <source>nl1.nl</source>
   <target>lu1.lu</target>
   <demandValue>188.0</demandValue>
  </demand>
  <demand id="es1.es_nl1.nl">
   <source>es1.es</source>
   <target>nl1.nl</target>
   <demandValue>382.0</demandValue>
  </demand>
  <demand id="hr1.hr_uk1.uk">
   <source>hr1.hr</source>
   <target>uk1.uk</target>
   <demandValue>1211.0</demandValue>
  </demand>
  <demand id="il1.il_si1.si">
   <source>il1.il</source>
   <target>si1.si</target>
   <demandValue>11.0</demandValue>
  </demand>
  <demand id="at1.at_hu1.hu">
   <source>at1.at</source>
   <target>hu1.hu</target>
   <demandValue>61902.0</demandValue>
  </demand>
  <demand id="hr1.hr_fr1.fr">
   <source>hr1.hr</source>
   <target>fr1.fr</target>
   <demandValue>149.0</demandValue>
  </demand>
  <demand id="es1.es_hu1.hu">
   <source>es1.es</source>
   <target>hu1.hu</target>
   <demandValue>838.0</demandValue>
  </demand>
  <demand id="il1.il_pl1.pl">
   <source>il1.il</source>
   <target>pl1.pl</target>
   <demandValue>22.0</demandValue>
  </demand>
  <demand id="uk1.uk_nl1.nl">
   <source>uk1.uk</source>
   <target>nl1.nl</target>
   <demandValue>5544.0</demandValue>
  </demand>
  <demand id="fr1.fr_de1.de">
   <source>fr1.fr</source>
   <target>de1.de</target>
   <demandValue>7681.0</demandValue>
  </demand>
  <demand id="de1.de_uk1.uk">
   <source>de1.de</source>
   <target>uk1.uk</target>
   <demandValue>2542.0</demandValue>
  </demand>
  <demand id="hu1.hu_it1.it">
   <source>hu1.hu</source>
   <target>it1.it</target>
   <demandValue>125.0</demandValue>
  </demand>
  <demand id="ie1.ie_se1.se">
   <source>ie1.ie</source>
   <target>se1.se</target>
   <demandValue>7638.0</demandValue>
  </demand>
  <demand id="be1.be_sk1.sk">
   <source>be1.be</source>
   <target>sk1.sk</target>
   <demandValue>32590.0</demandValue>
  </demand>
  <demand id="cz1.cz_pt1.pt">
   <source>cz1.cz</source>
   <target>pt1.pt</target>
   <demandValue>995.0</demandValue>
  </demand>
  <demand id="ie1.ie_hr1.hr">
   <source>ie1.ie</source>
   <target>hr1.hr</target>
   <demandValue>104.0</demandValue>
  </demand>
  <demand id="cz1.cz_lu1.lu">
   <source>cz1.cz</source>
   <target>lu1.lu</target>
   <demandValue>36.0</demandValue>
  </demand>
  <demand id="fr1.fr_hu1.hu">
   <source>fr1.fr</source>
   <target>hu1.hu</target>
   <demandValue>620.0</demandValue>
  </demand>
  <demand id="it1.it_uk1.uk">
   <source>it1.it</source>
   <target>uk1.uk</target>
   <demandValue>2857.0</demandValue>
  </demand>
  <demand id="at1.at_pl1.pl">
   <source>at1.at</source>
   <target>pl1.pl</target>
   <demandValue>10.0</demandValue>
  </demand>
  <demand id="ie1.ie_cz1.cz">
   <source>ie1.ie</source>
   <target>cz1.cz</target>
   <demandValue>1438.0</demandValue>
  </demand>
  <demand id="ch1.ch_hu1.hu">
   <source>ch1.ch</source>
   <target>hu1.hu</target>
   <demandValue>11671.0</demandValue>
  </demand>
  <demand id="il1.il_de1.de">
   <source>il1.il</source>
   <target>de1.de</target>
   <demandValue>11693.0</demandValue>
  </demand>
  <demand id="es1.es_si1.si">
   <source>es1.es</source>
   <target>si1.si</target>
   <demandValue>196.0</demandValue>
  </demand>
 </demands>
</network>