<?xml version="1.0" encoding="ISO-8859-1"?>
<network xmlns="http://sndlib.zib.de/network" version="1.0">
 <networkStructure>
  <nodes coordinatesType="geographical">
   <node id="0">
    <coordinates>
     <x>0.0</x>
     <y>28.0</y>
    </coordinates>
   </node>
   <node id="1">
    <coordinates>
     <x>28.0</x>
     <y>23.0</y>
    </coordinates>
   </node>
   <node id="2">
    <coordinates>
     <x>40.0</x>
     <y>38.0</y>
    </coordinates>
   </node>
   <node id="3">
    <coordinates>
     <x>34.0</x>
     <y>24.0</y>
    </coordinates>
   </node>
   <node id="4">
    <coordinates>
     <x>4.0</x>
     <y>17.0</y>
    </coordinates>
   </node>
   <node id="5">
    <coordinates>
     <x>48.0</x>
     <y>21.0</y>
    </coordinates>
   </node>
   <node id="6">
    <coordinates>
     <x>19.0</x>
     <y>26.0</y>
    </coordinates>
   </node>
   <node id="7">
    <coordinates>
     <x>30.0</x>
     <y>7.0</y>
    </coordinates>
   </node>
   <node id="8">
    <coordinates>
     <x>17.0</x>
     <y>2.0</y>
    </coordinates>
   </node>
   <node id="9">
    <coordinates>
     <x>26.0</x>
     <y>15.0</y>
    </coordinates>
   </node>
   <node id="10">
    <coordinates>
     <x>47.0</x>
     <y>45.0</y>
    </coordinates>
   </node>
   <node id="11">
    <coordinates>
     <x>23.0</x>
     <y>11.0</y>
    </coordinates>
   </node>
   <node id="12">
    <coordinates>
     <x>39.0</x>
     <y>42.0</y>
    </coordinates>
   </node>
   <node id="13">
    <coordinates>
     <x>13.0</x>
     <y>0.0</y>
    </coordinates>
   </node>
   <node id="14">
    <coordinates>
     <x>33.0</x>
     <y>13.0</y>
    </coordinates>
   </node>
   <node id="15">
    <coordinates>
     <x>41.0</x>
     <y>35.0</y>
    </coordinates>
   </node>
   <node id="16">
    <coordinates>
     <x>37.0</x>
     <y>47.0</y>
    </coordinates>
   </node>
   <node id="17">
    <coordinates>
     <x>36.0</x>
     <y>30.0</y>
    </coordinates>
   </node>
   <node id="18">
    <coordinates>
     <x>7.0</x>
     <y>11.0</y>
    </coordinates>
   </node>
   <node id="19">
    <coordinates>
     <x>25.0</x>
     <y>3.0</y>
    </coordinates>
   </node>
   <node id="20">
    <coordinates>
     <x>6.0</x>
     <y>44.0</y>
    </coordinates>
   </node>
   <node id="21">
    <coordinates>
     <x>20.0</x>
     <y>33.0</y>
    </coordinates>
   </node>
   <node id="22">
    <coordinates>
     <x>9.0</x>
     <y>9.0</y>
    </coordinates>
   </node>
   <node id="23">
    <coordinates>
     <x>27.0</x>
     <y>6.0</y>
    </coordinates>
   </node>
   <node id="24">
    <coordinates>
     <x>1.0</x>
     <y>21.0</y>
    </coordinates>
   </node>
   <node id="25">
    <coordinates>
     <x>46.0</x>
     <y>18.0</y>
    </coordinates>
   </node>
   <node id="26">
    <coordinates>
     <x>21.0</x>
     <y>49.0</y>
    </coordinates>
   </node>
   <node id="27">
    <coordinates>
     <x>44.0</x>
     <y>29.0</y>
    </coordinates>
   </node>
   <node id="28">
    <coordinates>
     <x>14.0</x>
     <y>16.0</y>
    </coordinates>
   </node>
   <node id="29">
    <coordinates>
     <x>12.0</x>
     <y>40.0</y>
    </coordinates>
   </node>
   <node id="30">
    <coordinates>
     <x>3.0</x>
     <y>34.0</y>
    </coordinates>
   </node>
   <node id="31">
    <coordinates>
     <x>32.0</x>
     <y>4.0</y>
    </coordinates>
   </node>
   <node id="32">
    <coordinates>
     <x>11.0</x>
     <y>32.0</y>
    </coordinates>
   </node>
   <node id="33">
    <coordinates>
     <x>43.0</x>
     <y>43.0</y>
    </coordinates>
   </node>
   <node id="34">
    <coordinates>
     <x>16.0</x>
     <y>39.0</y>
    </coordinates>
   </node>
  </nodes>
  <links>
   <link id="0">
    <source>0</source>
    <target>24</target>
    <additionalModules>
     <addModule>
      <capacity>600.0</capacity>
      <cost>170.0</cost>
     </addModule>
    </additionalModules>
   </link>
   <link id="1">
    <source>0</source>
    <target>30</target>
    <additionalModules>
     <addModule>
      <capacity>600.0</capacity>
      <cost>160.0</cost>
     </addModule>
    </additionalModules>
   </link>
   <link id="2">
    <source>0</source>
    <target>32</target>
    <additionalModules>
     <addModule>
      <capacity>600.0</capacity>
      <cost>210.0</cost>
     </addModule>
    </additionalModules>
   </link>
   <link id="3">
    <source>1</source>
    <target>3</target>
    <additionalModules>
     <addModule>
      <capacity>600.0</capacity>
      <cost>160.0</cost>
     </addModule>
    </additionalModules>
   </link>
   <link id="4">
    <source>1</source>
    <target>6</target>
    <additionalModules>
     <addModule>
      <capacity>600.0</capacity>
      <cost>190.0</cost>
     </addModule>
    </additionalModules>
   </link>
   <link id="5">
    <source>1</source>
    <target>9</target>
    <additionalModules>
     <addModule>
      <capacity>600.0</capacity>
      <cost>180.0</cost>
     </addModule>
    </additionalModules>
   </link>
   <link id="6">
    <source>1</source>
    <target>14</target>
    <additionalModules>
     <addModule>
      <capacity>600.0</capacity>
      <cost>210.0</cost>
     </addModule>
    </additionalModules>
   </link>
   <link id="7">
    <source>1</source>
    <target>21</target>
    <additionalModules>
     <addModule>
      <capacity>600.0</capacity>
      <cost>220.0</cost>
     </addModule>
    </additionalModules>
   </link>
   <link id="8">
    <source>1</source>
    <target>28</target>
    <additionalModules>
     <addModule>
      <capacity>600.0</capacity>
      <cost>250.0</cost>
     </addModule>
    </additionalModules>
   </link>
   <link id="9">
    <source>2</source>
    <target>12</target>
    <additionalModules>
     <addModule>
      <capacity>600.0</capacity>
      <cost>140.0</cost>
     </addModule>
    </additionalModules>
   </link>
   <link id="10">
    <source>2</source>
    <target>15</target>
    <additionalModules>
     <addModule>
      <capacity>600.0</capacity>
      <cost>130.0</cost>
     </addModule>
    </additionalModules>
   </link>
   <link id="11">
    <source>2</source>
    <target>17</target>
    <additionalModules>
     <addModule>
      <capacity>600.0</capacity>
      <cost>180.0</cost>
     </addModule>
    </additionalModules>
   </link>
   <link id="12">
    <source>2</source>
    <target>33</target>
    <additionalModules>
     <addModule>
      <capacity>600.0</capacity>
      <cost>150.0</cost>
     </addModule>
    </additionalModules>
   </link>
   <link id="13">
    <source>3</source>
    <target>14</target>
    <additionalModules>
     <addModule>
      <capacity>600.0</capacity>
      <cost>210.0</cost>
     </addModule>
    </additionalModules>
   </link>
   <link id="14">
    <source>3</source>
    <target>17</target>
    <additionalModules>
     <addModule>
      <capacity>600.0</capacity>
      <cost>160.0</cost>
     </addModule>
    </additionalModules>
   </link>
   <link id="15">
    <source>3</source>
    <target>25</target>
    <additionalModules>
     <addModule>
      <capacity>600.0</capacity>
      <cost>230.0</cost>
     </addModule>
    </additionalModules>
   </link>
   <link id="16">
    <source>3</source>
    <target>27</target>
    <additionalModules>
     <addModule>
      <capacity>600.0</capacity>
      <cost>210.0</cost>
     </addModule>
    </additionalModules>
   </link>
   <link id="17">
    <source>4</source>
    <target>6</target>
    <additionalModules>
     <addModule>
      <capacity>600.0</capacity>
      <cost>270.0</cost>
     </addModule>
    </additionalModules>
   </link>
   <link id="18">
    <source>4</source>
    <target>18</target>
    <additionalModules>
     <addModule>
      <capacity>600.0</capacity>
      <cost>160.0</cost>
     </addModule>
    </additionalModules>
   </link>
   <link id="19">
    <source>4</source>
    <target>24</target>
    <additionalModules>
     <addModule>
      <capacity>600.0</capacity>
      <cost>150.0</cost>
     </addModule>
    </additionalModules>
   </link>
   <link id="20">
    <source>4</source>
    <target>28</target>
    <additionalModules>
     <addModule>
      <capacity>600.0</capacity>
      <cost>200.0</cost>
     </addModule>
    </additionalModules>
   </link>
   <link id="21">
    <source>5</source>
    <target>25</target>
    <additionalModules>
     <addModule>
      <capacity>600.0</capacity>
      <cost>130.0</cost>
     </addModule>
    </additionalModules>
   </link>
   <link id="22">
    <source>5</source>
    <target>27</target>
    <additionalModules>
     <addModule>
      <capacity>600.0</capacity>
      <cost>180.0</cost>
     </addModule>
    </additionalModules>
   </link>
   <link id="23">
    <source>6</source>
    <target>9</target>
    <additionalModules>
     <addModule>
      <capacity>600.0</capacity>
      <cost>230.0</cost>
     </addModule>
    </additionalModules>
   </link>
   <link id="24">
    <source>6</source>
    <target>21</target>
    <additionalModules>
     <addModule>
      <capacity>600.0</capacity>
      <cost>170.0</cost>
     </addModule>
    </additionalModules>
   </link>
   <link id="25">
    <source>6</source>
    <target>24</target>
    <additionalModules>
     <addModule>
      <capacity>600.0</capacity>
      <cost>280.0</cost>
     </addModule>
    </additionalModules>
   </link>
   <link id="26">
    <source>6</source>
    <target>28</target>
    <additionalModules>
     <addModule>
      <capacity>600.0</capacity>
      <cost>210.0</cost>
     </addModule>
    </additionalModules>
   </link>
   <link id="27">
    <source>6</source>
    <target>32</target>
    <additionalModules>
     <addModule>
      <capacity>600.0</capacity>
      <cost>200.0</cost>
     </addModule>
    </additionalModules>
   </link>
   <link id="28">
    <source>7</source>
    <target>9</target>
    <additionalModules>
     <addModule>
      <capacity>600.0</capacity>
      <cost>180.0</cost>
     </addModule>
    </additionalModules>
   </link>
   <link id="29">
    <source>7</source>
    <target>14</target>
    <additionalModules>
     <addModule>
      <capacity>600.0</capacity>
      <cost>160.0</cost>
     </addModule>
    </additionalModules>
   </link>
   <link id="30">
    <source>7</source>
    <target>23</target>
    <additionalModules>
     <addModule>
      <capacity>600.0</capacity>
      <cost>130.0</cost>
     </addModule>
    </additionalModules>
   </link>
   <link id="31">
    <source>7</source>
    <target>31</target>
    <additionalModules>
     <addModule>
      <capacity>600.0</capacity>
      <cost>130.0</cost>
     </addModule>
    </additionalModules>
   </link>
   <link id="32">
    <source>8</source>
    <target>11</target>
    <additionalModules>
     <addModule>
      <capacity>600.0</capacity>
      <cost>200.0</cost>
     </addModule>
    </additionalModules>
   </link>
   <link id="33">
    <source>8</source>
    <target>13</target>
    <additionalModules>
     <addModule>
      <capacity>600.0</capacity>
      <cost>140.0</cost>
     </addModule>
    </additionalModules>
   </link>
   <link id="34">
    <source>8</source>
    <target>19</target>
    <additionalModules>
     <addModule>
      <capacity>600.0</capacity>
      <cost>180.0</cost>
     </addModule>
    </additionalModules>
   </link>
   <link id="35">
    <source>8</source>
    <target>22</target>
    <additionalModules>
     <addModule>
      <capacity>600.0</capacity>
      <cost>200.0</cost>
     </addModule>
    </additionalModules>
   </link>
   <link id="36">
    <source>8</source>
    <target>28</target>
    <additionalModules>
     <addModule>
      <capacity>600.0</capacity>
      <cost>240.0</cost>
     </addModule>
    </additionalModules>
   </link>
   <link id="37">
    <source>9</source>
    <target>11</target>
    <additionalModules>
     <addModule>
      <capacity>600.0</capacity>
      <cost>150.0</cost>
     </addModule>
    </additionalModules>
   </link>
   <link id="38">
    <source>9</source>
    <target>14</target>
    <additionalModules>
     <addModule>
      <capacity>600.0</capacity>
      <cost>170.0</cost>
     </addModule>
    </additionalModules>
   </link>
   <link id="39">
    <source>9</source>
    <target>23</target>
    <additionalModules>
     <addModule>
      <capacity>600.0</capacity>
      <cost>190.0</cost>
     </addModule>
    </additionalModules>
   </link>
   <link id="40">
    <source>9</source>
    <target>28</target>
    <additionalModules>
     <addModule>
      <capacity>600.0</capacity>
      <cost>220.0</cost>
     </addModule>
    </additionalModules>
   </link>
   <link id="41">
    <source>10</source>
    <target>15</target>
    <additionalModules>
     <addModule>
      <capacity>600.0</capacity>
      <cost>210.0</cost>
     </addModule>
    </additionalModules>
   </link>
   <link id="42">
    <source>10</source>
    <target>33</target>
    <additionalModules>
     <addModule>
      <capacity>600.0</capacity>
      <cost>140.0</cost>
     </addModule>
    </additionalModules>
   </link>
   <link id="43">
    <source>11</source>
    <target>22</target>
    <additionalModules>
     <addModule>
      <capacity>600.0</capacity>
      <cost>240.0</cost>
     </addModule>
    </additionalModules>
   </link>
   <link id="44">
    <source>11</source>
    <target>23</target>
    <additionalModules>
     <addModule>
      <capacity>600.0</capacity>
      <cost>160.0</cost>
     </addModule>
    </additionalModules>
   </link>
   <link id="45">
    <source>11</source>
    <target>28</target>
    <additionalModules>
     <addModule>
      <capacity>600.0</capacity>
      <cost>200.0</cost>
     </addModule>
    </additionalModules>
   </link>
   <link id="46">
    <source>12</source>
    <target>16</target>
    <additionalModules>
     <addModule>
      <capacity>600.0</capacity>
      <cost>150.0</cost>
     </addModule>
    </additionalModules>
   </link>
   <link id="47">
    <source>12</source>
    <target>33</target>
    <additionalModules>
     <addModule>
      <capacity>600.0</capacity>
      <cost>140.0</cost>
     </addModule>
    </additionalModules>
   </link>
   <link id="48">
    <source>13</source>
    <target>22</target>
    <additionalModules>
     <addModule>
      <capacity>600.0</capacity>
      <cost>190.0</cost>
     </addModule>
    </additionalModules>
   </link>
   <link id="49">
    <source>14</source>
    <target>25</target>
    <additionalModules>
     <addModule>
      <capacity>600.0</capacity>
      <cost>230.0</cost>
     </addModule>
    </additionalModules>
   </link>
   <link id="50">
    <source>15</source>
    <target>17</target>
    <additionalModules>
     <addModule>
      <capacity>600.0</capacity>
      <cost>170.0</cost>
     </addModule>
    </additionalModules>
   </link>
   <link id="51">
    <source>15</source>
    <target>27</target>
    <additionalModules>
     <addModule>
      <capacity>600.0</capacity>
      <cost>160.0</cost>
     </addModule>
    </additionalModules>
   </link>
   <link id="52">
    <source>16</source>
    <target>21</target>
    <additionalModules>
     <addModule>
      <capacity>600.0</capacity>
      <cost>320.0</cost>
     </addModule>
    </additionalModules>
   </link>
   <link id="53">
    <source>16</source>
    <target>26</target>
    <additionalModules>
     <addModule>
      <capacity>600.0</capacity>
      <cost>260.0</cost>
     </addModule>
    </additionalModules>
   </link>
   <link id="54">
    <source>16</source>
    <target>33</target>
    <additionalModules>
     <addModule>
      <capacity>600.0</capacity>
      <cost>170.0</cost>
     </addModule>
    </additionalModules>
   </link>
   <link id="55">
    <source>16</source>
    <target>34</target>
    <additionalModules>
     <addModule>
      <capacity>600.0</capacity>
      <cost>320.0</cost>
     </addModule>
    </additionalModules>
   </link>
   <link id="56">
    <source>17</source>
    <target>21</target>
    <additionalModules>
     <addModule>
      <capacity>600.0</capacity>
      <cost>260.0</cost>
     </addModule>
    </additionalModules>
   </link>
   <link id="57">
    <source>17</source>
    <target>25</target>
    <additionalModules>
     <addModule>
      <capacity>600.0</capacity>
      <cost>250.0</cost>
     </addModule>
    </additionalModules>
   </link>
   <link id="58">
    <source>17</source>
    <target>26</target>
    <additionalModules>
     <addModule>
      <capacity>600.0</capacity>
      <cost>340.0</cost>
     </addModule>
    </additionalModules>
   </link>
   <link id="59">
    <source>17</source>
    <target>27</target>
    <additionalModules>
     <addModule>
      <capacity>600.0</capacity>
      <cost>180.0</cost>
     </addModule>
    </additionalModules>
   </link>
   <link id="60">
    <source>18</source>
    <target>22</target>
    <additionalModules>
     <addModule>
      <capacity>600.0</capacity>
      <cost>120.0</cost>
     </addModule>
    </additionalModules>
   </link>
   <link id="61">
    <source>18</source>
    <target>28</target>
    <additionalModules>
     <addModule>
      <capacity>600.0</capacity>
      <cost>180.0</cost>
     </addModule>
    </additionalModules>
   </link>
   <link id="62">
    <source>19</source>
    <target>23</target>
    <additionalModules>
     <addModule>
      <capacity>600.0</capacity>
      <cost>130.0</cost>
     </addModule>
    </additionalModules>
   </link>
   <link id="63">
    <source>20</source>
    <target>26</target>
    <additionalModules>
     <addModule>
      <capacity>600.0</capacity>
      <cost>250.0</cost>
     </addModule>
    </additionalModules>
   </link>
   <link id="64">
    <source>20</source>
    <target>29</target>
    <additionalModules>
     <addModule>
      <capacity>600.0</capacity>
      <cost>170.0</cost>
     </addModule>
    </additionalModules>
   </link>
   <link id="65">
    <source>20</source>
    <target>30</target>
    <additionalModules>
     <addModule>
      <capacity>600.0</capacity>
      <cost>200.0</cost>
     </addModule>
    </additionalModules>
   </link>
   <link id="66">
    <source>21</source>
    <target>32</target>
    <additionalModules>
     <addModule>
      <capacity>600.0</capacity>
      <cost>190.0</cost>
     </addModule>
    </additionalModules>
   </link>
   <link id="67">
    <source>21</source>
    <target>34</target>
    <additionalModules>
     <addModule>
      <capacity>600.0</capacity>
      <cost>170.0</cost>
     </addModule>
    </additionalModules>
   </link>
   <link id="68">
    <source>22</source>
    <target>28</target>
    <additionalModules>
     <addModule>
      <capacity>600.0</capacity>
      <cost>180.0</cost>
     </addModule>
    </additionalModules>
   </link>
   <link id="69">
    <source>23</source>
    <target>31</target>
    <additionalModules>
     <addModule>
      <capacity>600.0</capacity>
      <cost>150.0</cost>
     </addModule>
    </additionalModules>
   </link>
   <link id="70">
    <source>24</source>
    <target>32</target>
    <additionalModules>
     <addModule>
      <capacity>600.0</capacity>
      <cost>240.0</cost>
     </addModule>
    </additionalModules>
   </link>
   <link id="71">
    <source>25</source>
    <target>31</target>
    <additionalModules>
     <addModule>
      <capacity>600.0</capacity>
      <cost>290.0</cost>
     </addModule>
    </additionalModules>
   </link>
   <link id="72">
    <source>26</source>
    <target>29</target>
    <additionalModules>
     <addModule>
      <capacity>600.0</capacity>
      <cost>220.0</cost>
     </addModule>
    </additionalModules>
   </link>
   <link id="73">
    <source>26</source>
    <target>34</target>
    <additionalModules>
     <addModule>
      <capacity>600.0</capacity>
      <cost>210.0</cost>
     </addModule>
    </additionalModules>
   </link>
   <link id="74">
    <source>28</source>
    <target>32</target>
    <additionalModules>
     <addModule>
      <capacity>600.0</capacity>
      <cost>260.0</cost>
     </addModule>
    </additionalModules>
   </link>
   <link id="75">
    <source>29</source>
    <target>30</target>
    <additionalModules>
     <addModule>
      <capacity>600.0</capacity>
      <cost>200.0</cost>
     </addModule>
    </additionalModules>
   </link>
   <link id="76">
    <source>29</source>
    <target>32</target>
    <additionalModules>
     <addModule>
      <capacity>600.0</capacity>
      <cost>180.0</cost>
     </addModule>
    </additionalModules>
   </link>
   <link id="77">
    <source>29</source>
    <target>34</target>
    <additionalModules>
     <addModule>
      <capacity>600.0</capacity>
      <cost>140.0</cost>
     </addModule>
    </additionalModules>
   </link>
   <link id="78">
    <source>30</source>
    <target>32</target>
    <additionalModules>
     <addModule>
      <capacity>600.0</capacity>
      <cost>180.0</cost>
     </addModule>
    </additionalModules>
   </link>
   <link id="79">
    <source>32</source>
    <target>34</target>
    <additionalModules>
     <addModule>
      <capacity>600.0</capacity>
      <cost>180.0</cost>
     </addModule>
    </additionalModules>
   </link>
  </links>
 </networkStructure>
 <demands>
  <demand id="0">
   <source>0</source>
   <target>1</target>
   <demandValue>10.0</demandValue>
  </demand>
  <demand id="1">
   <source>0</source>
   <target>2</target>
   <demandValue>2.0</demandValue>
  </demand>
  <demand id="2">
   <source>0</source>
   <target>3</target>
   <demandValue>9.0</demandValue>
  </demand>
  <demand id="3">
   <source>0</source>
   <target>4</target>
   <demandValue>7.0</demandValue>
  </demand>
  <demand id="4">
   <source>0</source>
   <target>5</target>
   <demandValue>4.0</demandValue>
  </demand>
  <demand id="5">
   <source>0</source>
   <target>6</target>
   <demandValue>2.0</demandValue>
  </demand>
  <demand id="6">
   <source>0</source>
   <target>7</target>
   <demandValue>6.0</demandValue>
  </demand>
  <demand id="7">
   <source>0</source>
   <target>8</target>
   <demandValue>3.0</demandValue>
  </demand>
  <demand id="8">
   <source>0</source>
   <target>9</target>
   <demandValue>4.0</demandValue>
  </demand>
  <demand id="9">
   <source>0</source>
   <target>10</target>
   <demandValue>9.0</demandValue>
  </demand>
  <demand id="10">
   <source>0</source>
   <target>11</target>
   <demandValue>6.0</demandValue>
  </demand>
  <demand id="11">
   <source>0</source>
   <target>12</target>
   <demandValue>7.0</demandValue>
  </demand>
  <demand id="12">
   <source>0</source>
   <target>13</target>
   <demandValue>2.0</demandValue>
  </demand>
  <demand id="13">
   <source>0</source>
   <target>14</target>
   <demandValue>5.0</demandValue>
  </demand>
  <demand id="14">
   <source>0</source>
   <target>15</target>
   <demandValue>4.0</demandValue>
  </demand>
  <demand id="15">
   <source>0</source>
   <target>16</target>
   <demandValue>5.0</demandValue>
  </demand>
  <demand id="16">
   <source>0</source>
   <target>17</target>
   <demandValue>8.0</demandValue>
  </demand>
  <demand id="17">
   <source>0</source>
   <target>18</target>
   <demandValue>6.0</demandValue>
  </demand>
  <demand id="18">
   <source>0</source>
   <target>19</target>
   <demandValue>4.0</demandValue>
  </demand>
  <demand id="19">
   <source>0</source>
   <target>20</target>
   <demandValue>7.0</demandValue>
  </demand>
  <demand id="20">
   <source>0</source>
   <target>21</target>
   <demandValue>6.0</demandValue>
  </demand>
  <demand id="21">
   <source>0</source>
   <target>22</target>
   <demandValue>6.0</demandValue>
  </demand>
  <demand id="22">
   <source>0</source>
   <target>23</target>
   <demandValue>5.0</demandValue>
  </demand>
  <demand id="23">
   <source>0</source>
   <target>24</target>
   <demandValue>1.0</demandValue>
  </demand>
  <demand id="24">
   <source>0</source>
   <target>25</target>
   <demandValue>7.0</demandValue>
  </demand>
  <demand id="25">
   <source>0</source>
   <target>26</target>
   <demandValue>2.0</demandValue>
  </demand>
  <demand id="26">
   <source>0</source>
   <target>27</target>
   <demandValue>7.0</demandValue>
  </demand>
  <demand id="27">
   <source>0</source>
   <target>28</target>
   <demandValue>9.0</demandValue>
  </demand>
  <demand id="28">
   <source>0</source>
   <target>29</target>
   <demandValue>5.0</demandValue>
  </demand>
  <demand id="29">
   <source>0</source>
   <target>30</target>
   <demandValue>8.0</demandValue>
  </demand>
  <demand id="30">
   <source>0</source>
   <target>31</target>
   <demandValue>5.0</demandValue>
  </demand>
  <demand id="31">
   <source>0</source>
   <target>32</target>
   <demandValue>4.0</demandValue>
  </demand>
  <demand id="32">
   <source>0</source>
   <target>33</target>
   <demandValue>8.0</demandValue>
  </demand>
  <demand id="33">
   <source>0</source>
   <target>34</target>
   <demandValue>6.0</demandValue>
  </demand>
  <demand id="34">
   <source>1</source>
   <target>2</target>
   <demandValue>4.0</demandValue>
  </demand>
  <demand id="35">
   <source>1</source>
   <target>3</target>
   <demandValue>10.0</demandValue>
  </demand>
  <demand id="36">
   <source>1</source>
   <target>4</target>
   <demandValue>7.0</demandValue>
  </demand>
  <demand id="37">
   <source>1</source>
   <target>5</target>
   <demandValue>3.0</demandValue>
  </demand>
  <demand id="38">
   <source>1</source>
   <target>6</target>
   <demandValue>4.0</demandValue>
  </demand>
  <demand id="39">
   <source>1</source>
   <target>7</target>
   <demandValue>2.0</demandValue>
  </demand>
  <demand id="40">
   <source>1</source>
   <target>8</target>
   <demandValue>8.0</demandValue>
  </demand>
  <demand id="41">
   <source>1</source>
   <target>9</target>
   <demandValue>10.0</demandValue>
  </demand>
  <demand id="42">
   <source>1</source>
   <target>10</target>
   <demandValue>7.0</demandValue>
  </demand>
  <demand id="43">
   <source>1</source>
   <target>11</target>
   <demandValue>1.0</demandValue>
  </demand>
  <demand id="44">
   <source>1</source>
   <target>12</target>
   <demandValue>4.0</demandValue>
  </demand>
  <demand id="45">
   <source>1</source>
   <target>13</target>
   <demandValue>2.0</demandValue>
  </demand>
  <demand id="46">
   <source>1</source>
   <target>14</target>
   <demandValue>7.0</demandValue>
  </demand>
  <demand id="47">
   <source>1</source>
   <target>15</target>
   <demandValue>2.0</demandValue>
  </demand>
  <demand id="48">
   <source>1</source>
   <target>16</target>
   <demandValue>9.0</demandValue>
  </demand>
  <demand id="49">
   <source>1</source>
   <target>17</target>
   <demandValue>9.0</demandValue>
  </demand>
  <demand id="50">
   <source>1</source>
   <target>18</target>
   <demandValue>6.0</demandValue>
  </demand>
  <demand id="51">
   <source>1</source>
   <target>19</target>
   <demandValue>7.0</demandValue>
  </demand>
  <demand id="52">
   <source>1</source>
   <target>20</target>
   <demandValue>9.0</demandValue>
  </demand>
  <demand id="53">
   <source>1</source>
   <target>21</target>
   <demandValue>1.0</demandValue>
  </demand>
  <demand id="54">
   <source>1</source>
   <target>22</target>
   <demandValue>2.0</demandValue>
  </demand>
  <demand id="55">
   <source>1</source>
   <target>23</target>
   <demandValue>7.0</demandValue>
  </demand>
  <demand id="56">
   <source>1</source>
   <target>24</target>
   <demandValue>7.0</demandValue>
  </demand>
  <demand id="57">
   <source>1</source>
   <target>25</target>
   <demandValue>3.0</demandValue>
  </demand>
  <demand id="58">
   <source>1</source>
   <target>26</target>
   <demandValue>2.0</demandValue>
  </demand>
  <demand id="59">
   <source>1</source>
   <target>27</target>
   <demandValue>3.0</demandValue>
  </demand>
  <demand id="60">
   <source>1</source>
   <target>28</target>
   <demandValue>7.0</demandValue>
  </demand>
  <demand id="61">
   <source>1</source>
   <target>29</target>
   <demandValue>4.0</demandValue>
  </demand>
  <demand id="62">
   <source>1</source>
   <target>30</target>
   <demandValue>4.0</demandValue>
  </demand>
  <demand id="63">
   <source>1</source>
   <target>31</target>
   <demandValue>4.0</demandValue>
  </demand>
  <demand id="64">
   <source>1</source>
   <target>32</target>
   <demandValue>7.0</demandValue>
  </demand>
  <demand id="65">
   <source>1</source>
   <target>33</target>
   <demandValue>8.0</demandValue>
  </demand>
  <demand id="66">
   <source>1</source>
   <target>34</target>
   <demandValue>8.0</demandValue>
  </demand>
  <demand id="67">
   <source>2</source>
   <target>3</target>
   <demandValue>6.0</demandValue>
  </demand>
  <demand id="68">
   <source>2</source>
   <target>4</target>
   <demandValue>6.0</demandValue>
  </demand>
  <demand id="69">
   <source>2</source>
   <target>5</target>
   <demandValue>8.0</demandValue>
  </demand>
  <demand id="70">
   <source>2</source>
   <target>6</target>
   <demandValue>9.0</demandValue>
  </demand>
  <demand id="71">
   <source>2</source>
   <target>7</target>
   <demandValue>2.0</demandValue>
  </demand>
  <demand id="72">
   <source>2</source>
   <target>8</target>
   <demandValue>7.0</demandValue>
  </demand>
  <demand id="73">
   <source>2</source>
   <target>9</target>
   <demandValue>5.0</demandValue>
  </demand>
  <demand id="74">
   <source>2</source>
   <target>10</target>
   <demandValue>3.0</demandValue>
  </demand>
  <demand id="75">
   <source>2</source>
   <target>11</target>
   <demandValue>2.0</demandValue>
  </demand>
  <demand id="76">
   <source>2</source>
   <target>12</target>
   <demandValue>9.0</demandValue>
  </demand>
  <demand id="77">
   <source>2</source>
   <target>13</target>
   <demandValue>2.0</demandValue>
  </demand>
  <demand id="78">
   <source>2</source>
   <target>14</target>
   <demandValue>5.0</demandValue>
  </demand>
  <demand id="79">
   <source>2</source>
   <target>15</target>
   <demandValue>6.0</demandValue>
  </demand>
  <demand id="80">
   <source>2</source>
   <target>16</target>
   <demandValue>4.0</demandValue>
  </demand>
  <demand id="81">
   <source>2</source>
   <target>17</target>
   <demandValue>6.0</demandValue>
  </demand>
  <demand id="82">
   <source>2</source>
   <target>18</target>
   <demandValue>3.0</demandValue>
  </demand>
  <demand id="83">
   <source>2</source>
   <target>19</target>
   <demandValue>4.0</demandValue>
  </demand>
  <demand id="84">
   <source>2</source>
   <target>20</target>
   <demandValue>2.0</demandValue>
  </demand>
  <demand id="85">
   <source>2</source>
   <target>21</target>
   <demandValue>8.0</demandValue>
  </demand>
  <demand id="86">
   <source>2</source>
   <target>22</target>
   <demandValue>2.0</demandValue>
  </demand>
  <demand id="87">
   <source>2</source>
   <target>23</target>
   <demandValue>4.0</demandValue>
  </demand>
  <demand id="88">
   <source>2</source>
   <target>24</target>
   <demandValue>8.0</demandValue>
  </demand>
  <demand id="89">
   <source>2</source>
   <target>25</target>
   <demandValue>9.0</demandValue>
  </demand>
  <demand id="90">
   <source>2</source>
   <target>26</target>
   <demandValue>8.0</demandValue>
  </demand>
  <demand id="91">
   <source>2</source>
   <target>27</target>
   <demandValue>8.0</demandValue>
  </demand>
  <demand id="92">
   <source>2</source>
   <target>28</target>
   <demandValue>7.0</demandValue>
  </demand>
  <demand id="93">
   <source>2</source>
   <target>29</target>
   <demandValue>4.0</demandValue>
  </demand>
  <demand id="94">
   <source>2</source>
   <target>30</target>
   <demandValue>9.0</demandValue>
  </demand>
  <demand id="95">
   <source>2</source>
   <target>31</target>
   <demandValue>3.0</demandValue>
  </demand>
  <demand id="96">
   <source>2</source>
   <target>32</target>
   <demandValue>9.0</demandValue>
  </demand>
  <demand id="97">
   <source>2</source>
   <target>33</target>
   <demandValue>3.0</demandValue>
  </demand>
  <demand id="98">
   <source>2</source>
   <target>34</target>
   <demandValue>3.0</demandValue>
  </demand>
  <demand id="99">
   <source>3</source>
   <target>4</target>
   <demandValue>6.0</demandValue>
  </demand>
  <demand id="100">
   <source>3</source>
   <target>5</target>
   <demandValue>10.0</demandValue>
  </demand>
  <demand id="101">
   <source>3</source>
   <target>6</target>
   <demandValue>1.0</demandValue>
  </demand>
  <demand id="102">
   <source>3</source>
   <target>7</target>
   <demandValue>2.0</demandValue>
  </demand>
  <demand id="103">
   <source>3</source>
   <target>8</target>
   <demandValue>6.0</demandValue>
  </demand>
  <demand id="104">
   <source>3</source>
   <target>9</target>
   <demandValue>5.0</demandValue>
  </demand>
  <demand id="105">
   <source>3</source>
   <target>10</target>
   <demandValue>2.0</demandValue>
  </demand>
  <demand id="106">
   <source>3</source>
   <target>11</target>
   <demandValue>3.0</demandValue>
  </demand>
  <demand id="107">
   <source>3</source>
   <target>12</target>
   <demandValue>9.0</demandValue>
  </demand>
  <demand id="108">
   <source>3</source>
   <target>13</target>
   <demandValue>3.0</demandValue>
  </demand>
  <demand id="109">
   <source>3</source>
   <target>14</target>
   <demandValue>2.0</demandValue>
  </demand>
  <demand id="110">
   <source>3</source>
   <target>15</target>
   <demandValue>2.0</demandValue>
  </demand>
  <demand id="111">
   <source>3</source>
   <target>16</target>
   <demandValue>9.0</demandValue>
  </demand>
  <demand id="112">
   <source>3</source>
   <target>17</target>
   <demandValue>2.0</demandValue>
  </demand>
  <demand id="113">
   <source>3</source>
   <target>18</target>
   <demandValue>1.0</demandValue>
  </demand>
  <demand id="114">
   <source>3</source>
   <target>19</target>
   <demandValue>2.0</demandValue>
  </demand>
  <demand id="115">
   <source>3</source>
   <target>20</target>
   <demandValue>4.0</demandValue>
  </demand>
  <demand id="116">
   <source>3</source>
   <target>21</target>
   <demandValue>9.0</demandValue>
  </demand>
  <demand id="117">
   <source>3</source>
   <target>22</target>
   <demandValue>5.0</demandValue>
  </demand>
  <demand id="118">
   <source>3</source>
   <target>23</target>
   <demandValue>5.0</demandValue>
  </demand>
  <demand id="119">
   <source>3</source>
   <target>24</target>
   <demandValue>10.0</demandValue>
  </demand>
  <demand id="120">
   <source>3</source>
   <target>25</target>
   <demandValue>9.0</demandValue>
  </demand>
  <demand id="121">
   <source>3</source>
   <target>26</target>
   <demandValue>6.0</demandValue>
  </demand>
  <demand id="122">
   <source>3</source>
   <target>27</target>
   <demandValue>9.0</demandValue>
  </demand>
  <demand id="123">
   <source>3</source>
   <target>28</target>
   <demandValue>7.0</demandValue>
  </demand>
  <demand id="124">
   <source>3</source>
   <target>29</target>
   <demandValue>5.0</demandValue>
  </demand>
  <demand id="125">
   <source>3</source>
   <target>30</target>
   <demandValue>3.0</demandValue>
  </demand>
  <demand id="126">
   <source>3</source>
   <target>31</target>
   <demandValue>1.0</demandValue>
  </demand>
  <demand id="127">
   <source>3</source>
   <target>32</target>
   <demandValue>6.0</demandValue>
  </demand>
  <demand id="128">
   <source>3</source>
   <target>33</target>
   <demandValue>10.0</demandValue>
  </demand>
  <demand id="129">
   <source>3</source>
   <target>34</target>
   <demandValue>5.0</demandValue>
  </demand>
  <demand id="130">
   <source>4</source>
   <target>5</target>
   <demandValue>3.0</demandValue>
  </demand>
  <demand id="131">
   <source>4</source>
   <target>6</target>
   <demandValue>6.0</demandValue>
  </demand>
  <demand id="132">
   <source>4</source>
   <target>7</target>
   <demandValue>3.0</demandValue>
  </demand>
  <demand id="133">
   <source>4</source>
   <target>8</target>
   <demandValue>7.0</demandValue>
  </demand>
  <demand id="134">
   <source>4</source>
   <target>9</target>
   <demandValue>10.0</demandValue>
  </demand>
  <demand id="135">
   <source>4</source>
   <target>10</target>
   <demandValue>5.0</demandValue>
  </demand>
  <demand id="136">
   <source>4</source>
   <target>11</target>
   <demandValue>9.0</demandValue>
  </demand>
  <demand id="137">
   <source>4</source>
   <target>12</target>
   <demandValue>1.0</demandValue>
  </demand>
  <demand id="138">
   <source>4</source>
   <target>13</target>
   <demandValue>9.0</demandValue>
  </demand>
  <demand id="139">
   <source>4</source>
   <target>14</target>
   <demandValue>6.0</demandValue>
  </demand>
  <demand id="140">
   <source>4</source>
   <target>15</target>
   <demandValue>8.0</demandValue>
  </demand>
  <demand id="141">
   <source>4</source>
   <target>16</target>
   <demandValue>6.0</demandValue>
  </demand>
  <demand id="142">
   <source>4</source>
   <target>17</target>
   <demandValue>2.0</demandValue>
  </demand>
  <demand id="143">
   <source>4</source>
   <target>18</target>
   <demandValue>3.0</demandValue>
  </demand>
  <demand id="144">
   <source>4</source>
   <target>19</target>
   <demandValue>4.0</demandValue>
  </demand>
  <demand id="145">
   <source>4</source>
   <target>20</target>
   <demandValue>1.0</demandValue>
  </demand>
  <demand id="146">
   <source>4</source>
   <target>21</target>
   <demandValue>5.0</demandValue>
  </demand>
  <demand id="147">
   <source>4</source>
   <target>22</target>
   <demandValue>2.0</demandValue>
  </demand>
  <demand id="148">
   <source>4</source>
   <target>23</target>
   <demandValue>7.0</demandValue>
  </demand>
  <demand id="149">
   <source>4</source>
   <target>24</target>
   <demandValue>9.0</demandValue>
  </demand>
  <demand id="150">
   <source>4</source>
   <target>25</target>
   <demandValue>2.0</demandValue>
  </demand>
  <demand id="151">
   <source>4</source>
   <target>26</target>
   <demandValue>8.0</demandValue>
  </demand>
  <demand id="152">
   <source>4</source>
   <target>27</target>
   <demandValue>7.0</demandValue>
  </demand>
  <demand id="153">
   <source>4</source>
   <target>28</target>
   <demandValue>7.0</demandValue>
  </demand>
  <demand id="154">
   <source>4</source>
   <target>29</target>
   <demandValue>8.0</demandValue>
  </demand>
  <demand id="155">
   <source>4</source>
   <target>30</target>
   <demandValue>6.0</demandValue>
  </demand>
  <demand id="156">
   <source>4</source>
   <target>31</target>
   <demandValue>7.0</demandValue>
  </demand>
  <demand id="157">
   <source>4</source>
   <target>32</target>
   <demandValue>2.0</demandValue>
  </demand>
  <demand id="158">
   <source>4</source>
   <target>33</target>
   <demandValue>7.0</demandValue>
  </demand>
  <demand id="159">
   <source>4</source>
   <target>34</target>
   <demandValue>8.0</demandValue>
  </demand>
  <demand id="160">
   <source>5</source>
   <target>6</target>
   <demandValue>8.0</demandValue>
  </demand>
  <demand id="161">
   <source>5</source>
   <target>7</target>
   <demandValue>1.0</demandValue>
  </demand>
  <demand id="162">
   <source>5</source>
   <target>8</target>
   <demandValue>9.0</demandValue>
  </demand>
  <demand id="163">
   <source>5</source>
   <target>9</target>
   <demandValue>7.0</demandValue>
  </demand>
  <demand id="164">
   <source>5</source>
   <target>10</target>
   <demandValue>7.0</demandValue>
  </demand>
  <demand id="165">
   <source>5</source>
   <target>11</target>
   <demandValue>2.0</demandValue>
  </demand>
  <demand id="166">
   <source>5</source>
   <target>12</target>
   <demandValue>6.0</demandValue>
  </demand>
  <demand id="167">
   <source>5</source>
   <target>13</target>
   <demandValue>10.0</demandValue>
  </demand>
  <demand id="168">
   <source>5</source>
   <target>14</target>
   <demandValue>2.0</demandValue>
  </demand>
  <demand id="169">
   <source>5</source>
   <target>15</target>
   <demandValue>3.0</demandValue>
  </demand>
  <demand id="170">
   <source>5</source>
   <target>16</target>
   <demandValue>2.0</demandValue>
  </demand>
  <demand id="171">
   <source>5</source>
   <target>17</target>
   <demandValue>10.0</demandValue>
  </demand>
  <demand id="172">
   <source>5</source>
   <target>18</target>
   <demandValue>7.0</demandValue>
  </demand>
  <demand id="173">
   <source>5</source>
   <target>19</target>
   <demandValue>4.0</demandValue>
  </demand>
  <demand id="174">
   <source>5</source>
   <target>20</target>
   <demandValue>9.0</demandValue>
  </demand>
  <demand id="175">
   <source>5</source>
   <target>21</target>
   <demandValue>4.0</demandValue>
  </demand>
  <demand id="176">
   <source>5</source>
   <target>22</target>
   <demandValue>7.0</demandValue>
  </demand>
  <demand id="177">
   <source>5</source>
   <target>23</target>
   <demandValue>3.0</demandValue>
  </demand>
  <demand id="178">
   <source>5</source>
   <target>24</target>
   <demandValue>2.0</demandValue>
  </demand>
  <demand id="179">
   <source>5</source>
   <target>25</target>
   <demandValue>3.0</demandValue>
  </demand>
  <demand id="180">
   <source>5</source>
   <target>26</target>
   <demandValue>6.0</demandValue>
  </demand>
  <demand id="181">
   <source>5</source>
   <target>27</target>
   <demandValue>9.0</demandValue>
  </demand>
  <demand id="182">
   <source>5</source>
   <target>28</target>
   <demandValue>2.0</demandValue>
  </demand>
  <demand id="183">
   <source>5</source>
   <target>29</target>
   <demandValue>9.0</demandValue>
  </demand>
  <demand id="184">
   <source>5</source>
   <target>30</target>
   <demandValue>5.0</demandValue>
  </demand>
  <demand id="185">
   <source>5</source>
   <target>31</target>
   <demandValue>2.0</demandValue>
  </demand>
  <demand id="186">
   <source>5</source>
   <target>32</target>
   <demandValue>8.0</demandValue>
  </demand>
  <demand id="187">
   <source>5</source>
   <target>33</target>
   <demandValue>3.0</demandValue>
  </demand>
  <demand id="188">
   <source>5</source>
   <target>34</target>
   <demandValue>10.0</demandValue>
  </demand>
  <demand id="189">
   <source>6</source>
   <target>7</target>
   <demandValue>8.0</demandValue>
  </demand>
  <demand id="190">
   <source>6</source>
   <target>8</target>
   <demandValue>9.0</demandValue>
  </demand>
  <demand id="191">
   <source>6</source>
   <target>9</target>
   <demandValue>3.0</demandValue>
  </demand>
  <demand id="192">
   <source>6</source>
   <target>10</target>
   <demandValue>5.0</demandValue>
  </demand>
  <demand id="193">
   <source>6</source>
   <target>11</target>
   <demandValue>1.0</demandValue>
  </demand>
  <demand id="194">
   <source>6</source>
   <target>12</target>
   <demandValue>8.0</demandValue>
  </demand>
  <demand id="195">
   <source>6</source>
   <target>13</target>
   <demandValue>2.0</demandValue>
  </demand>
  <demand id="196">
   <source>6</source>
   <target>14</target>
   <demandValue>5.0</demandValue>
  </demand>
  <demand id="197">
   <source>6</source>
   <target>15</target>
   <demandValue>4.0</demandValue>
  </demand>
  <demand id="198">
   <source>6</source>
   <target>16</target>
   <demandValue>10.0</demandValue>
  </demand>
  <demand id="199">
   <source>6</source>
   <target>17</target>
   <demandValue>1.0</demandValue>
  </demand>
  <demand id="200">
   <source>6</source>
   <target>18</target>
   <demandValue>3.0</demandValue>
  </demand>
  <demand id="201">
   <source>6</source>
   <target>19</target>
   <demandValue>3.0</demandValue>
  </demand>
  <demand id="202">
   <source>6</source>
   <target>20</target>
   <demandValue>3.0</demandValue>
  </demand>
  <demand id="203">
   <source>6</source>
   <target>21</target>
   <demandValue>2.0</demandValue>
  </demand>
  <demand id="204">
   <source>6</source>
   <target>22</target>
   <demandValue>7.0</demandValue>
  </demand>
  <demand id="205">
   <source>6</source>
   <target>23</target>
   <demandValue>9.0</demandValue>
  </demand>
  <demand id="206">
   <source>6</source>
   <target>24</target>
   <demandValue>9.0</demandValue>
  </demand>
  <demand id="207">
   <source>6</source>
   <target>25</target>
   <demandValue>3.0</demandValue>
  </demand>
  <demand id="208">
   <source>6</source>
   <target>26</target>
   <demandValue>8.0</demandValue>
  </demand>
  <demand id="209">
   <source>6</source>
   <target>27</target>
   <demandValue>7.0</demandValue>
  </demand>
  <demand id="210">
   <source>6</source>
   <target>28</target>
   <demandValue>7.0</demandValue>
  </demand>
  <demand id="211">
   <source>6</source>
   <target>29</target>
   <demandValue>9.0</demandValue>
  </demand>
  <demand id="212">
   <source>6</source>
   <target>30</target>
   <demandValue>5.0</demandValue>
  </demand>
  <demand id="213">
   <source>6</source>
   <target>31</target>
   <demandValue>9.0</demandValue>
  </demand>
  <demand id="214">
   <source>6</source>
   <target>32</target>
   <demandValue>7.0</demandValue>
  </demand>
  <demand id="215">
   <source>6</source>
   <target>33</target>
   <demandValue>2.0</demandValue>
  </demand>
  <demand id="216">
   <source>6</source>
   <target>34</target>
   <demandValue>7.0</demandValue>
  </demand>
  <demand id="217">
   <source>7</source>
   <target>8</target>
   <demandValue>6.0</demandValue>
  </demand>
  <demand id="218">
   <source>7</source>
   <target>9</target>
   <demandValue>5.0</demandValue>
  </demand>
  <demand id="219">
   <source>7</source>
   <target>10</target>
   <demandValue>9.0</demandValue>
  </demand>
  <demand id="220">
   <source>7</source>
   <target>11</target>
   <demandValue>6.0</demandValue>
  </demand>
  <demand id="221">
   <source>7</source>
   <target>12</target>
   <demandValue>6.0</demandValue>
  </demand>
  <demand id="222">
   <source>7</source>
   <target>13</target>
   <demandValue>6.0</demandValue>
  </demand>
  <demand id="223">
   <source>7</source>
   <target>14</target>
   <demandValue>3.0</demandValue>
  </demand>
  <demand id="224">
   <source>7</source>
   <target>15</target>
   <demandValue>5.0</demandValue>
  </demand>
  <demand id="225">
   <source>7</source>
   <target>16</target>
   <demandValue>4.0</demandValue>
  </demand>
  <demand id="226">
   <source>7</source>
   <target>17</target>
   <demandValue>1.0</demandValue>
  </demand>
  <demand id="227">
   <source>7</source>
   <target>18</target>
   <demandValue>8.0</demandValue>
  </demand>
  <demand id="228">
   <source>7</source>
   <target>19</target>
   <demandValue>3.0</demandValue>
  </demand>
  <demand id="229">
   <source>7</source>
   <target>20</target>
   <demandValue>2.0</demandValue>
  </demand>
  <demand id="230">
   <source>7</source>
   <target>21</target>
   <demandValue>5.0</demandValue>
  </demand>
  <demand id="231">
   <source>7</source>
   <target>22</target>
   <demandValue>6.0</demandValue>
  </demand>
  <demand id="232">
   <source>7</source>
   <target>23</target>
   <demandValue>2.0</demandValue>
  </demand>
  <demand id="233">
   <source>7</source>
   <target>24</target>
   <demandValue>3.0</demandValue>
  </demand>
  <demand id="234">
   <source>7</source>
   <target>25</target>
   <demandValue>2.0</demandValue>
  </demand>
  <demand id="235">
   <source>7</source>
   <target>26</target>
   <demandValue>7.0</demandValue>
  </demand>
  <demand id="236">
   <source>7</source>
   <target>27</target>
   <demandValue>5.0</demandValue>
  </demand>
  <demand id="237">
   <source>7</source>
   <target>28</target>
   <demandValue>6.0</demandValue>
  </demand>
  <demand id="238">
   <source>7</source>
   <target>29</target>
   <demandValue>7.0</demandValue>
  </demand>
  <demand id="239">
   <source>7</source>
   <target>30</target>
   <demandValue>5.0</demandValue>
  </demand>
  <demand id="240">
   <source>7</source>
   <target>31</target>
   <demandValue>7.0</demandValue>
  </demand>
  <demand id="241">
   <source>7</source>
   <target>32</target>
   <demandValue>5.0</demandValue>
  </demand>
  <demand id="242">
   <source>7</source>
   <target>33</target>
   <demandValue>9.0</demandValue>
  </demand>
  <demand id="243">
   <source>7</source>
   <target>34</target>
   <demandValue>6.0</demandValue>
  </demand>
  <demand id="244">
   <source>8</source>
   <target>9</target>
   <demandValue>3.0</demandValue>
  </demand>
  <demand id="245">
   <source>8</source>
   <target>10</target>
   <demandValue>10.0</demandValue>
  </demand>
  <demand id="246">
   <source>8</source>
   <target>11</target>
   <demandValue>9.0</demandValue>
  </demand>
  <demand id="247">
   <source>8</source>
   <target>12</target>
   <demandValue>5.0</demandValue>
  </demand>
  <demand id="248">
   <source>8</source>
   <target>13</target>
   <demandValue>10.0</demandValue>
  </demand>
  <demand id="249">
   <source>8</source>
   <target>14</target>
   <demandValue>3.0</demandValue>
  </demand>
  <demand id="250">
   <source>8</source>
   <target>15</target>
   <demandValue>9.0</demandValue>
  </demand>
  <demand id="251">
   <source>8</source>
   <target>16</target>
   <demandValue>6.0</demandValue>
  </demand>
  <demand id="252">
   <source>8</source>
   <target>17</target>
   <demandValue>5.0</demandValue>
  </demand>
  <demand id="253">
   <source>8</source>
   <target>18</target>
   <demandValue>7.0</demandValue>
  </demand>
  <demand id="254">
   <source>8</source>
   <target>19</target>
   <demandValue>7.0</demandValue>
  </demand>
  <demand id="255">
   <source>8</source>
   <target>20</target>
   <demandValue>1.0</demandValue>
  </demand>
  <demand id="256">
   <source>8</source>
   <target>21</target>
   <demandValue>4.0</demandValue>
  </demand>
  <demand id="257">
   <source>8</source>
   <target>22</target>
   <demandValue>3.0</demandValue>
  </demand>
  <demand id="258">
   <source>8</source>
   <target>23</target>
   <demandValue>5.0</demandValue>
  </demand>
  <demand id="259">
   <source>8</source>
   <target>24</target>
   <demandValue>9.0</demandValue>
  </demand>
  <demand id="260">
   <source>8</source>
   <target>25</target>
   <demandValue>7.0</demandValue>
  </demand>
  <demand id="261">
   <source>8</source>
   <target>26</target>
   <demandValue>8.0</demandValue>
  </demand>
  <demand id="262">
   <source>8</source>
   <target>27</target>
   <demandValue>9.0</demandValue>
  </demand>
  <demand id="263">
   <source>8</source>
   <target>28</target>
   <demandValue>5.0</demandValue>
  </demand>
  <demand id="264">
   <source>8</source>
   <target>29</target>
   <demandValue>5.0</demandValue>
  </demand>
  <demand id="265">
   <source>8</source>
   <target>30</target>
   <demandValue>9.0</demandValue>
  </demand>
  <demand id="266">
   <source>8</source>
   <target>31</target>
   <demandValue>4.0</demandValue>
  </demand>
  <demand id="267">
   <source>8</source>
   <target>32</target>
   <demandValue>4.0</demandValue>
  </demand>
  <demand id="268">
   <source>8</source>
   <target>33</target>
   <demandValue>6.0</demandValue>
  </demand>
  <demand id="269">
   <source>8</source>
   <target>34</target>
   <demandValue>4.0</demandValue>
  </demand>
  <demand id="270">
   <source>9</source>
   <target>10</target>
   <demandValue>8.0</demandValue>
  </demand>
  <demand id="271">
   <source>9</source>
   <target>11</target>
   <demandValue>8.0</demandValue>
  </demand>
  <demand id="272">
   <source>9</source>
   <target>12</target>
   <demandValue>8.0</demandValue>
  </demand>
  <demand id="273">
   <source>9</source>
   <target>13</target>
   <demandValue>8.0</demandValue>
  </demand>
  <demand id="274">
   <source>9</source>
   <target>14</target>
   <demandValue>2.0</demandValue>
  </demand>
  <demand id="275">
   <source>9</source>
   <target>15</target>
   <demandValue>3.0</demandValue>
  </demand>
  <demand id="276">
   <source>9</source>
   <target>16</target>
   <demandValue>3.0</demandValue>
  </demand>
  <demand id="277">
   <source>9</source>
   <target>17</target>
   <demandValue>7.0</demandValue>
  </demand>
  <demand id="278">
   <source>9</source>
   <target>18</target>
   <demandValue>9.0</demandValue>
  </demand>
  <demand id="279">
   <source>9</source>
   <target>19</target>
   <demandValue>4.0</demandValue>
  </demand>
  <demand id="280">
   <source>9</source>
   <target>20</target>
   <demandValue>6.0</demandValue>
  </demand>
  <demand id="281">
   <source>9</source>
   <target>21</target>
   <demandValue>2.0</demandValue>
  </demand>
  <demand id="282">
   <source>9</source>
   <target>22</target>
   <demandValue>9.0</demandValue>
  </demand>
  <demand id="283">
   <source>9</source>
   <target>23</target>
   <demandValue>3.0</demandValue>
  </demand>
  <demand id="284">
   <source>9</source>
   <target>24</target>
   <demandValue>6.0</demandValue>
  </demand>
  <demand id="285">
   <source>9</source>
   <target>25</target>
   <demandValue>7.0</demandValue>
  </demand>
  <demand id="286">
   <source>9</source>
   <target>26</target>
   <demandValue>5.0</demandValue>
  </demand>
  <demand id="287">
   <source>9</source>
   <target>27</target>
   <demandValue>7.0</demandValue>
  </demand>
  <demand id="288">
   <source>9</source>
   <target>28</target>
   <demandValue>2.0</demandValue>
  </demand>
  <demand id="289">
   <source>9</source>
   <target>29</target>
   <demandValue>2.0</demandValue>
  </demand>
  <demand id="290">
   <source>9</source>
   <target>30</target>
   <demandValue>2.0</demandValue>
  </demand>
  <demand id="291">
   <source>9</source>
   <target>31</target>
   <demandValue>1.0</demandValue>
  </demand>
  <demand id="292">
   <source>9</source>
   <target>32</target>
   <demandValue>4.0</demandValue>
  </demand>
  <demand id="293">
   <source>9</source>
   <target>33</target>
   <demandValue>4.0</demandValue>
  </demand>
  <demand id="294">
   <source>9</source>
   <target>34</target>
   <demandValue>7.0</demandValue>
  </demand>
  <demand id="295">
   <source>10</source>
   <target>11</target>
   <demandValue>2.0</demandValue>
  </demand>
  <demand id="296">
   <source>10</source>
   <target>12</target>
   <demandValue>5.0</demandValue>
  </demand>
  <demand id="297">
   <source>10</source>
   <target>13</target>
   <demandValue>2.0</demandValue>
  </demand>
  <demand id="298">
   <source>10</source>
   <target>14</target>
   <demandValue>7.0</demandValue>
  </demand>
  <demand id="299">
   <source>10</source>
   <target>15</target>
   <demandValue>8.0</demandValue>
  </demand>
  <demand id="300">
   <source>10</source>
   <target>16</target>
   <demandValue>3.0</demandValue>
  </demand>
  <demand id="301">
   <source>10</source>
   <target>17</target>
   <demandValue>7.0</demandValue>
  </demand>
  <demand id="302">
   <source>10</source>
   <target>18</target>
   <demandValue>7.0</demandValue>
  </demand>
  <demand id="303">
   <source>10</source>
   <target>19</target>
   <demandValue>7.0</demandValue>
  </demand>
  <demand id="304">
   <source>10</source>
   <target>20</target>
   <demandValue>6.0</demandValue>
  </demand>
  <demand id="305">
   <source>10</source>
   <target>21</target>
   <demandValue>2.0</demandValue>
  </demand>
  <demand id="306">
   <source>10</source>
   <target>22</target>
   <demandValue>6.0</demandValue>
  </demand>
  <demand id="307">
   <source>10</source>
   <target>23</target>
   <demandValue>1.0</demandValue>
  </demand>
  <demand id="308">
   <source>10</source>
   <target>24</target>
   <demandValue>10.0</demandValue>
  </demand>
  <demand id="309">
   <source>10</source>
   <target>25</target>
   <demandValue>5.0</demandValue>
  </demand>
  <demand id="310">
   <source>10</source>
   <target>26</target>
   <demandValue>10.0</demandValue>
  </demand>
  <demand id="311">
   <source>10</source>
   <target>27</target>
   <demandValue>8.0</demandValue>
  </demand>
  <demand id="312">
   <source>10</source>
   <target>28</target>
   <demandValue>6.0</demandValue>
  </demand>
  <demand id="313">
   <source>10</source>
   <target>29</target>
   <demandValue>7.0</demandValue>
  </demand>
  <demand id="314">
   <source>10</source>
   <target>30</target>
   <demandValue>7.0</demandValue>
  </demand>
  <demand id="315">
   <source>10</source>
   <target>31</target>
   <demandValue>4.0</demandValue>
  </demand>
  <demand id="316">
   <source>10</source>
   <target>32</target>
   <demandValue>4.0</demandValue>
  </demand>
  <demand id="317">
   <source>10</source>
   <target>33</target>
   <demandValue>1.0</demandValue>
  </demand>
  <demand id="318">
   <source>10</source>
   <target>34</target>
   <demandValue>8.0</demandValue>
  </demand>
  <demand id="319">
   <source>11</source>
   <target>12</target>
   <demandValue>3.0</demandValue>
  </demand>
  <demand id="320">
   <source>11</source>
   <target>13</target>
   <demandValue>2.0</demandValue>
  </demand>
  <demand id="321">
   <source>11</source>
   <target>14</target>
   <demandValue>4.0</demandValue>
  </demand>
  <demand id="322">
   <source>11</source>
   <target>15</target>
   <demandValue>8.0</demandValue>
  </demand>
  <demand id="323">
   <source>11</source>
   <target>16</target>
   <demandValue>3.0</demandValue>
  </demand>
  <demand id="324">
   <source>11</source>
   <target>17</target>
   <demandValue>4.0</demandValue>
  </demand>
  <demand id="325">
   <source>11</source>
   <target>18</target>
   <demandValue>5.0</demandValue>
  </demand>
  <demand id="326">
   <source>11</source>
   <target>19</target>
   <demandValue>1.0</demandValue>
  </demand>
  <demand id="327">
   <source>11</source>
   <target>20</target>
   <demandValue>5.0</demandValue>
  </demand>
  <demand id="328">
   <source>11</source>
   <target>21</target>
   <demandValue>6.0</demandValue>
  </demand>
  <demand id="329">
   <source>11</source>
   <target>22</target>
   <demandValue>6.0</demandValue>
  </demand>
  <demand id="330">
   <source>11</source>
   <target>23</target>
   <demandValue>8.0</demandValue>
  </demand>
  <demand id="331">
   <source>11</source>
   <target>24</target>
   <demandValue>5.0</demandValue>
  </demand>
  <demand id="332">
   <source>11</source>
   <target>25</target>
   <demandValue>4.0</demandValue>
  </demand>
  <demand id="333">
   <source>11</source>
   <target>26</target>
   <demandValue>9.0</demandValue>
  </demand>
  <demand id="334">
   <source>11</source>
   <target>27</target>
   <demandValue>9.0</demandValue>
  </demand>
  <demand id="335">
   <source>11</source>
   <target>28</target>
   <demandValue>7.0</demandValue>
  </demand>
  <demand id="336">
   <source>11</source>
   <target>29</target>
   <demandValue>10.0</demandValue>
  </demand>
  <demand id="337">
   <source>11</source>
   <target>30</target>
   <demandValue>1.0</demandValue>
  </demand>
  <demand id="338">
   <source>11</source>
   <target>31</target>
   <demandValue>6.0</demandValue>
  </demand>
  <demand id="339">
   <source>11</source>
   <target>32</target>
   <demandValue>9.0</demandValue>
  </demand>
  <demand id="340">
   <source>11</source>
   <target>33</target>
   <demandValue>4.0</demandValue>
  </demand>
  <demand id="341">
   <source>11</source>
   <target>34</target>
   <demandValue>4.0</demandValue>
  </demand>
  <demand id="342">
   <source>12</source>
   <target>13</target>
   <demandValue>4.0</demandValue>
  </demand>
  <demand id="343">
   <source>12</source>
   <target>14</target>
   <demandValue>1.0</demandValue>
  </demand>
  <demand id="344">
   <source>12</source>
   <target>15</target>
   <demandValue>7.0</demandValue>
  </demand>
  <demand id="345">
   <source>12</source>
   <target>16</target>
   <demandValue>5.0</demandValue>
  </demand>
  <demand id="346">
   <source>12</source>
   <target>17</target>
   <demandValue>1.0</demandValue>
  </demand>
  <demand id="347">
   <source>12</source>
   <target>18</target>
   <demandValue>1.0</demandValue>
  </demand>
  <demand id="348">
   <source>12</source>
   <target>19</target>
   <demandValue>5.0</demandValue>
  </demand>
  <demand id="349">
   <source>12</source>
   <target>20</target>
   <demandValue>9.0</demandValue>
  </demand>
  <demand id="350">
   <source>12</source>
   <target>21</target>
   <demandValue>9.0</demandValue>
  </demand>
  <demand id="351">
   <source>12</source>
   <target>22</target>
   <demandValue>5.0</demandValue>
  </demand>
  <demand id="352">
   <source>12</source>
   <target>23</target>
   <demandValue>8.0</demandValue>
  </demand>
  <demand id="353">
   <source>12</source>
   <target>24</target>
   <demandValue>7.0</demandValue>
  </demand>
  <demand id="354">
   <source>12</source>
   <target>25</target>
   <demandValue>8.0</demandValue>
  </demand>
  <demand id="355">
   <source>12</source>
   <target>26</target>
   <demandValue>9.0</demandValue>
  </demand>
  <demand id="356">
   <source>12</source>
   <target>27</target>
   <demandValue>6.0</demandValue>
  </demand>
  <demand id="357">
   <source>12</source>
   <target>28</target>
   <demandValue>6.0</demandValue>
  </demand>
  <demand id="358">
   <source>12</source>
   <target>29</target>
   <demandValue>2.0</demandValue>
  </demand>
  <demand id="359">
   <source>12</source>
   <target>30</target>
   <demandValue>8.0</demandValue>
  </demand>
  <demand id="360">
   <source>12</source>
   <target>31</target>
   <demandValue>5.0</demandValue>
  </demand>
  <demand id="361">
   <source>12</source>
   <target>32</target>
   <demandValue>6.0</demandValue>
  </demand>
  <demand id="362">
   <source>12</source>
   <target>33</target>
   <demandValue>6.0</demandValue>
  </demand>
  <demand id="363">
   <source>12</source>
   <target>34</target>
   <demandValue>6.0</demandValue>
  </demand>
  <demand id="364">
   <source>13</source>
   <target>14</target>
   <demandValue>8.0</demandValue>
  </demand>
  <demand id="365">
   <source>13</source>
   <target>15</target>
   <demandValue>7.0</demandValue>
  </demand>
  <demand id="366">
   <source>13</source>
   <target>16</target>
   <demandValue>4.0</demandValue>
  </demand>
  <demand id="367">
   <source>13</source>
   <target>17</target>
   <demandValue>1.0</demandValue>
  </demand>
  <demand id="368">
   <source>13</source>
   <target>18</target>
   <demandValue>3.0</demandValue>
  </demand>
  <demand id="369">
   <source>13</source>
   <target>19</target>
   <demandValue>4.0</demandValue>
  </demand>
  <demand id="370">
   <source>13</source>
   <target>20</target>
   <demandValue>3.0</demandValue>
  </demand>
  <demand id="371">
   <source>13</source>
   <target>21</target>
   <demandValue>8.0</demandValue>
  </demand>
  <demand id="372">
   <source>13</source>
   <target>22</target>
   <demandValue>4.0</demandValue>
  </demand>
  <demand id="373">
   <source>13</source>
   <target>23</target>
   <demandValue>9.0</demandValue>
  </demand>
  <demand id="374">
   <source>13</source>
   <target>24</target>
   <demandValue>2.0</demandValue>
  </demand>
  <demand id="375">
   <source>13</source>
   <target>25</target>
   <demandValue>8.0</demandValue>
  </demand>
  <demand id="376">
   <source>13</source>
   <target>26</target>
   <demandValue>7.0</demandValue>
  </demand>
  <demand id="377">
   <source>13</source>
   <target>27</target>
   <demandValue>9.0</demandValue>
  </demand>
  <demand id="378">
   <source>13</source>
   <target>28</target>
   <demandValue>3.0</demandValue>
  </demand>
  <demand id="379">
   <source>13</source>
   <target>29</target>
   <demandValue>6.0</demandValue>
  </demand>
  <demand id="380">
   <source>13</source>
   <target>30</target>
   <demandValue>9.0</demandValue>
  </demand>
  <demand id="381">
   <source>13</source>
   <target>31</target>
   <demandValue>8.0</demandValue>
  </demand>
  <demand id="382">
   <source>13</source>
   <target>32</target>
   <demandValue>10.0</demandValue>
  </demand>
  <demand id="383">
   <source>13</source>
   <target>33</target>
   <demandValue>3.0</demandValue>
  </demand>
  <demand id="384">
   <source>13</source>
   <target>34</target>
   <demandValue>9.0</demandValue>
  </demand>
  <demand id="385">
   <source>14</source>
   <target>15</target>
   <demandValue>8.0</demandValue>
  </demand>
  <demand id="386">
   <source>14</source>
   <target>16</target>
   <demandValue>10.0</demandValue>
  </demand>
  <demand id="387">
   <source>14</source>
   <target>17</target>
   <demandValue>9.0</demandValue>
  </demand>
  <demand id="388">
   <source>14</source>
   <target>18</target>
   <demandValue>9.0</demandValue>
  </demand>
  <demand id="389">
   <source>14</source>
   <target>19</target>
   <demandValue>7.0</demandValue>
  </demand>
  <demand id="390">
   <source>14</source>
   <target>20</target>
   <demandValue>3.0</demandValue>
  </demand>
  <demand id="391">
   <source>14</source>
   <target>21</target>
   <demandValue>7.0</demandValue>
  </demand>
  <demand id="392">
   <source>14</source>
   <target>22</target>
   <demandValue>3.0</demandValue>
  </demand>
  <demand id="393">
   <source>14</source>
   <target>23</target>
   <demandValue>3.0</demandValue>
  </demand>
  <demand id="394">
   <source>14</source>
   <target>24</target>
   <demandValue>8.0</demandValue>
  </demand>
  <demand id="395">
   <source>14</source>
   <target>25</target>
   <demandValue>8.0</demandValue>
  </demand>
  <demand id="396">
   <source>14</source>
   <target>26</target>
   <demandValue>3.0</demandValue>
  </demand>
  <demand id="397">
   <source>14</source>
   <target>27</target>
   <demandValue>7.0</demandValue>
  </demand>
  <demand id="398">
   <source>14</source>
   <target>28</target>
   <demandValue>5.0</demandValue>
  </demand>
  <demand id="399">
   <source>14</source>
   <target>29</target>
   <demandValue>2.0</demandValue>
  </demand>
  <demand id="400">
   <source>14</source>
   <target>30</target>
   <demandValue>8.0</demandValue>
  </demand>
  <demand id="401">
   <source>14</source>
   <target>31</target>
   <demandValue>9.0</demandValue>
  </demand>
  <demand id="402">
   <source>14</source>
   <target>32</target>
   <demandValue>2.0</demandValue>
  </demand>
  <demand id="403">
   <source>14</source>
   <target>33</target>
   <demandValue>4.0</demandValue>
  </demand>
  <demand id="404">
   <source>14</source>
   <target>34</target>
   <demandValue>6.0</demandValue>
  </demand>
  <demand id="405">
   <source>15</source>
   <target>16</target>
   <demandValue>5.0</demandValue>
  </demand>
  <demand id="406">
   <source>15</source>
   <target>17</target>
   <demandValue>8.0</demandValue>
  </demand>
  <demand id="407">
   <source>15</source>
   <target>18</target>
   <demandValue>3.0</demandValue>
  </demand>
  <demand id="408">
   <source>15</source>
   <target>19</target>
   <demandValue>8.0</demandValue>
  </demand>
  <demand id="409">
   <source>15</source>
   <target>20</target>
   <demandValue>10.0</demandValue>
  </demand>
  <demand id="410">
   <source>15</source>
   <target>21</target>
   <demandValue>1.0</demandValue>
  </demand>
  <demand id="411">
   <source>15</source>
   <target>22</target>
   <demandValue>7.0</demandValue>
  </demand>
  <demand id="412">
   <source>15</source>
   <target>23</target>
   <demandValue>7.0</demandValue>
  </demand>
  <demand id="413">
   <source>15</source>
   <target>24</target>
   <demandValue>3.0</demandValue>
  </demand>
  <demand id="414">
   <source>15</source>
   <target>25</target>
   <demandValue>2.0</demandValue>
  </demand>
  <demand id="415">
   <source>15</source>
   <target>26</target>
   <demandValue>3.0</demandValue>
  </demand>
  <demand id="416">
   <source>15</source>
   <target>27</target>
   <demandValue>7.0</demandValue>
  </demand>
  <demand id="417">
   <source>15</source>
   <target>28</target>
   <demandValue>9.0</demandValue>
  </demand>
  <demand id="418">
   <source>15</source>
   <target>29</target>
   <demandValue>6.0</demandValue>
  </demand>
  <demand id="419">
   <source>15</source>
   <target>30</target>
   <demandValue>4.0</demandValue>
  </demand>
  <demand id="420">
   <source>15</source>
   <target>31</target>
   <demandValue>8.0</demandValue>
  </demand>
  <demand id="421">
   <source>15</source>
   <target>32</target>
   <demandValue>3.0</demandValue>
  </demand>
  <demand id="422">
   <source>15</source>
   <target>33</target>
   <demandValue>7.0</demandValue>
  </demand>
  <demand id="423">
   <source>15</source>
   <target>34</target>
   <demandValue>3.0</demandValue>
  </demand>
  <demand id="424">
   <source>16</source>
   <target>17</target>
   <demandValue>3.0</demandValue>
  </demand>
  <demand id="425">
   <source>16</source>
   <target>18</target>
   <demandValue>10.0</demandValue>
  </demand>
  <demand id="426">
   <source>16</source>
   <target>19</target>
   <demandValue>4.0</demandValue>
  </demand>
  <demand id="427">
   <source>16</source>
   <target>20</target>
   <demandValue>1.0</demandValue>
  </demand>
  <demand id="428">
   <source>16</source>
   <target>21</target>
   <demandValue>8.0</demandValue>
  </demand>
  <demand id="429">
   <source>16</source>
   <target>22</target>
   <demandValue>2.0</demandValue>
  </demand>
  <demand id="430">
   <source>16</source>
   <target>23</target>
   <demandValue>1.0</demandValue>
  </demand>
  <demand id="431">
   <source>16</source>
   <target>24</target>
   <demandValue>1.0</demandValue>
  </demand>
  <demand id="432">
   <source>16</source>
   <target>25</target>
   <demandValue>4.0</demandValue>
  </demand>
  <demand id="433">
   <source>16</source>
   <target>26</target>
   <demandValue>7.0</demandValue>
  </demand>
  <demand id="434">
   <source>16</source>
   <target>27</target>
   <demandValue>4.0</demandValue>
  </demand>
  <demand id="435">
   <source>16</source>
   <target>28</target>
   <demandValue>5.0</demandValue>
  </demand>
  <demand id="436">
   <source>16</source>
   <target>29</target>
   <demandValue>5.0</demandValue>
  </demand>
  <demand id="437">
   <source>16</source>
   <target>30</target>
   <demandValue>2.0</demandValue>
  </demand>
  <demand id="438">
   <source>16</source>
   <target>31</target>
   <demandValue>6.0</demandValue>
  </demand>
  <demand id="439">
   <source>16</source>
   <target>32</target>
   <demandValue>7.0</demandValue>
  </demand>
  <demand id="440">
   <source>16</source>
   <target>33</target>
   <demandValue>4.0</demandValue>
  </demand>
  <demand id="441">
   <source>16</source>
   <target>34</target>
   <demandValue>7.0</demandValue>
  </demand>
  <demand id="442">
   <source>17</source>
   <target>18</target>
   <demandValue>9.0</demandValue>
  </demand>
  <demand id="443">
   <source>17</source>
   <target>19</target>
   <demandValue>6.0</demandValue>
  </demand>
  <demand id="444">
   <source>17</source>
   <target>20</target>
   <demandValue>6.0</demandValue>
  </demand>
  <demand id="445">
   <source>17</source>
   <target>21</target>
   <demandValue>1.0</demandValue>
  </demand>
  <demand id="446">
   <source>17</source>
   <target>22</target>
   <demandValue>5.0</demandValue>
  </demand>
  <demand id="447">
   <source>17</source>
   <target>23</target>
   <demandValue>3.0</demandValue>
  </demand>
  <demand id="448">
   <source>17</source>
   <target>24</target>
   <demandValue>5.0</demandValue>
  </demand>
  <demand id="449">
   <source>17</source>
   <target>25</target>
   <demandValue>9.0</demandValue>
  </demand>
  <demand id="450">
   <source>17</source>
   <target>26</target>
   <demandValue>5.0</demandValue>
  </demand>
  <demand id="451">
   <source>17</source>
   <target>27</target>
   <demandValue>2.0</demandValue>
  </demand>
  <demand id="452">
   <source>17</source>
   <target>28</target>
   <demandValue>6.0</demandValue>
  </demand>
  <demand id="453">
   <source>17</source>
   <target>29</target>
   <demandValue>7.0</demandValue>
  </demand>
  <demand id="454">
   <source>17</source>
   <target>30</target>
   <demandValue>8.0</demandValue>
  </demand>
  <demand id="455">
   <source>17</source>
   <target>31</target>
   <demandValue>9.0</demandValue>
  </demand>
  <demand id="456">
   <source>17</source>
   <target>32</target>
   <demandValue>9.0</demandValue>
  </demand>
  <demand id="457">
   <source>17</source>
   <target>33</target>
   <demandValue>4.0</demandValue>
  </demand>
  <demand id="458">
   <source>17</source>
   <target>34</target>
   <demandValue>9.0</demandValue>
  </demand>
  <demand id="459">
   <source>18</source>
   <target>19</target>
   <demandValue>7.0</demandValue>
  </demand>
  <demand id="460">
   <source>18</source>
   <target>20</target>
   <demandValue>8.0</demandValue>
  </demand>
  <demand id="461">
   <source>18</source>
   <target>21</target>
   <demandValue>8.0</demandValue>
  </demand>
  <demand id="462">
   <source>18</source>
   <target>22</target>
   <demandValue>8.0</demandValue>
  </demand>
  <demand id="463">
   <source>18</source>
   <target>23</target>
   <demandValue>9.0</demandValue>
  </demand>
  <demand id="464">
   <source>18</source>
   <target>24</target>
   <demandValue>9.0</demandValue>
  </demand>
  <demand id="465">
   <source>18</source>
   <target>25</target>
   <demandValue>9.0</demandValue>
  </demand>
  <demand id="466">
   <source>18</source>
   <target>26</target>
   <demandValue>6.0</demandValue>
  </demand>
  <demand id="467">
   <source>18</source>
   <target>27</target>
   <demandValue>5.0</demandValue>
  </demand>
  <demand id="468">
   <source>18</source>
   <target>28</target>
   <demandValue>2.0</demandValue>
  </demand>
  <demand id="469">
   <source>18</source>
   <target>29</target>
   <demandValue>4.0</demandValue>
  </demand>
  <demand id="470">
   <source>18</source>
   <target>30</target>
   <demandValue>8.0</demandValue>
  </demand>
  <demand id="471">
   <source>18</source>
   <target>31</target>
   <demandValue>5.0</demandValue>
  </demand>
  <demand id="472">
   <source>18</source>
   <target>32</target>
   <demandValue>3.0</demandValue>
  </demand>
  <demand id="473">
   <source>18</source>
   <target>33</target>
   <demandValue>1.0</demandValue>
  </demand>
  <demand id="474">
   <source>18</source>
   <target>34</target>
   <demandValue>7.0</demandValue>
  </demand>
  <demand id="475">
   <source>19</source>
   <target>20</target>
   <demandValue>8.0</demandValue>
  </demand>
  <demand id="476">
   <source>19</source>
   <target>21</target>
   <demandValue>2.0</demandValue>
  </demand>
  <demand id="477">
   <source>19</source>
   <target>22</target>
   <demandValue>2.0</demandValue>
  </demand>
  <demand id="478">
   <source>19</source>
   <target>23</target>
   <demandValue>4.0</demandValue>
  </demand>
  <demand id="479">
   <source>19</source>
   <target>24</target>
   <demandValue>7.0</demandValue>
  </demand>
  <demand id="480">
   <source>19</source>
   <target>25</target>
   <demandValue>8.0</demandValue>
  </demand>
  <demand id="481">
   <source>19</source>
   <target>26</target>
   <demandValue>2.0</demandValue>
  </demand>
  <demand id="482">
   <source>19</source>
   <target>27</target>
   <demandValue>2.0</demandValue>
  </demand>
  <demand id="483">
   <source>19</source>
   <target>28</target>
   <demandValue>1.0</demandValue>
  </demand>
  <demand id="484">
   <source>19</source>
   <target>29</target>
   <demandValue>4.0</demandValue>
  </demand>
  <demand id="485">
   <source>19</source>
   <target>30</target>
   <demandValue>1.0</demandValue>
  </demand>
  <demand id="486">
   <source>19</source>
   <target>31</target>
   <demandValue>10.0</demandValue>
  </demand>
  <demand id="487">
   <source>19</source>
   <target>32</target>
   <demandValue>7.0</demandValue>
  </demand>
  <demand id="488">
   <source>19</source>
   <target>33</target>
   <demandValue>1.0</demandValue>
  </demand>
  <demand id="489">
   <source>19</source>
   <target>34</target>
   <demandValue>9.0</demandValue>
  </demand>
  <demand id="490">
   <source>20</source>
   <target>21</target>
   <demandValue>7.0</demandValue>
  </demand>
  <demand id="491">
   <source>20</source>
   <target>22</target>
   <demandValue>5.0</demandValue>
  </demand>
  <demand id="492">
   <source>20</source>
   <target>23</target>
   <demandValue>1.0</demandValue>
  </demand>
  <demand id="493">
   <source>20</source>
   <target>24</target>
   <demandValue>3.0</demandValue>
  </demand>
  <demand id="494">
   <source>20</source>
   <target>25</target>
   <demandValue>5.0</demandValue>
  </demand>
  <demand id="495">
   <source>20</source>
   <target>26</target>
   <demandValue>7.0</demandValue>
  </demand>
  <demand id="496">
   <source>20</source>
   <target>27</target>
   <demandValue>8.0</demandValue>
  </demand>
  <demand id="497">
   <source>20</source>
   <target>28</target>
   <demandValue>1.0</demandValue>
  </demand>
  <demand id="498">
   <source>20</source>
   <target>29</target>
   <demandValue>8.0</demandValue>
  </demand>
  <demand id="499">
   <source>20</source>
   <target>30</target>
   <demandValue>2.0</demandValue>
  </demand>
  <demand id="500">
   <source>20</source>
   <target>31</target>
   <demandValue>7.0</demandValue>
  </demand>
  <demand id="501">
   <source>20</source>
   <target>32</target>
   <demandValue>6.0</demandValue>
  </demand>
  <demand id="502">
   <source>20</source>
   <target>33</target>
   <demandValue>10.0</demandValue>
  </demand>
  <demand id="503">
   <source>20</source>
   <target>34</target>
   <demandValue>5.0</demandValue>
  </demand>
  <demand id="504">
   <source>21</source>
   <target>22</target>
   <demandValue>3.0</demandValue>
  </demand>
  <demand id="505">
   <source>21</source>
   <target>23</target>
   <demandValue>4.0</demandValue>
  </demand>
  <demand id="506">
   <source>21</source>
   <target>24</target>
   <demandValue>8.0</demandValue>
  </demand>
  <demand id="507">
   <source>21</source>
   <target>25</target>
   <demandValue>4.0</demandValue>
  </demand>
  <demand id="508">
   <source>21</source>
   <target>26</target>
   <demandValue>5.0</demandValue>
  </demand>
  <demand id="509">
   <source>21</source>
   <target>27</target>
   <demandValue>6.0</demandValue>
  </demand>
  <demand id="510">
   <source>21</source>
   <target>28</target>
   <demandValue>2.0</demandValue>
  </demand>
  <demand id="511">
   <source>21</source>
   <target>29</target>
   <demandValue>10.0</demandValue>
  </demand>
  <demand id="512">
   <source>21</source>
   <target>30</target>
   <demandValue>8.0</demandValue>
  </demand>
  <demand id="513">
   <source>21</source>
   <target>31</target>
   <demandValue>2.0</demandValue>
  </demand>
  <demand id="514">
   <source>21</source>
   <target>32</target>
   <demandValue>5.0</demandValue>
  </demand>
  <demand id="515">
   <source>21</source>
   <target>33</target>
   <demandValue>7.0</demandValue>
  </demand>
  <demand id="516">
   <source>21</source>
   <target>34</target>
   <demandValue>10.0</demandValue>
  </demand>
  <demand id="517">
   <source>22</source>
   <target>23</target>
   <demandValue>8.0</demandValue>
  </demand>
  <demand id="518">
   <source>22</source>
   <target>24</target>
   <demandValue>7.0</demandValue>
  </demand>
  <demand id="519">
   <source>22</source>
   <target>25</target>
   <demandValue>7.0</demandValue>
  </demand>
  <demand id="520">
   <source>22</source>
   <target>26</target>
   <demandValue>10.0</demandValue>
  </demand>
  <demand id="521">
   <source>22</source>
   <target>27</target>
   <demandValue>7.0</demandValue>
  </demand>
  <demand id="522">
   <source>22</source>
   <target>28</target>
   <demandValue>4.0</demandValue>
  </demand>
  <demand id="523">
   <source>22</source>
   <target>29</target>
   <demandValue>6.0</demandValue>
  </demand>
  <demand id="524">
   <source>22</source>
   <target>30</target>
   <demandValue>4.0</demandValue>
  </demand>
  <demand id="525">
   <source>22</source>
   <target>31</target>
   <demandValue>6.0</demandValue>
  </demand>
  <demand id="526">
   <source>22</source>
   <target>32</target>
   <demandValue>7.0</demandValue>
  </demand>
  <demand id="527">
   <source>22</source>
   <target>33</target>
   <demandValue>3.0</demandValue>
  </demand>
  <demand id="528">
   <source>22</source>
   <target>34</target>
   <demandValue>6.0</demandValue>
  </demand>
  <demand id="529">
   <source>23</source>
   <target>24</target>
   <demandValue>5.0</demandValue>
  </demand>
  <demand id="530">
   <source>23</source>
   <target>25</target>
   <demandValue>10.0</demandValue>
  </demand>
  <demand id="531">
   <source>23</source>
   <target>26</target>
   <demandValue>7.0</demandValue>
  </demand>
  <demand id="532">
   <source>23</source>
   <target>27</target>
   <demandValue>8.0</demandValue>
  </demand>
  <demand id="533">
   <source>23</source>
   <target>28</target>
   <demandValue>7.0</demandValue>
  </demand>
  <demand id="534">
   <source>23</source>
   <target>29</target>
   <demandValue>5.0</demandValue>
  </demand>
  <demand id="535">
   <source>23</source>
   <target>30</target>
   <demandValue>8.0</demandValue>
  </demand>
  <demand id="536">
   <source>23</source>
   <target>31</target>
   <demandValue>8.0</demandValue>
  </demand>
  <demand id="537">
   <source>23</source>
   <target>32</target>
   <demandValue>10.0</demandValue>
  </demand>
  <demand id="538">
   <source>23</source>
   <target>33</target>
   <demandValue>3.0</demandValue>
  </demand>
  <demand id="539">
   <source>23</source>
   <target>34</target>
   <demandValue>7.0</demandValue>
  </demand>
  <demand id="540">
   <source>24</source>
   <target>25</target>
   <demandValue>9.0</demandValue>
  </demand>
  <demand id="541">
   <source>24</source>
   <target>26</target>
   <demandValue>6.0</demandValue>
  </demand>
  <demand id="542">
   <source>24</source>
   <target>27</target>
   <demandValue>9.0</demandValue>
  </demand>
  <demand id="543">
   <source>24</source>
   <target>28</target>
   <demandValue>6.0</demandValue>
  </demand>
  <demand id="544">
   <source>24</source>
   <target>29</target>
   <demandValue>5.0</demandValue>
  </demand>
  <demand id="545">
   <source>24</source>
   <target>30</target>
   <demandValue>5.0</demandValue>
  </demand>
  <demand id="546">
   <source>24</source>
   <target>31</target>
   <demandValue>9.0</demandValue>
  </demand>
  <demand id="547">
   <source>24</source>
   <target>32</target>
   <demandValue>9.0</demandValue>
  </demand>
  <demand id="548">
   <source>24</source>
   <target>33</target>
   <demandValue>3.0</demandValue>
  </demand>
  <demand id="549">
   <source>24</source>
   <target>34</target>
   <demandValue>3.0</demandValue>
  </demand>
  <demand id="550">
   <source>25</source>
   <target>26</target>
   <demandValue>3.0</demandValue>
  </demand>
  <demand id="551">
   <source>25</source>
   <target>27</target>
   <demandValue>8.0</demandValue>
  </demand>
  <demand id="552">
   <source>25</source>
   <target>28</target>
   <demandValue>9.0</demandValue>
  </demand>
  <demand id="553">
   <source>25</source>
   <target>29</target>
   <demandValue>7.0</demandValue>
  </demand>
  <demand id="554">
   <source>25</source>
   <target>30</target>
   <demandValue>1.0</demandValue>
  </demand>
  <demand id="555">
   <source>25</source>
   <target>31</target>
   <demandValue>7.0</demandValue>
  </demand>
  <demand id="556">
   <source>25</source>
   <target>32</target>
   <demandValue>1.0</demandValue>
  </demand>
  <demand id="557">
   <source>25</source>
   <target>33</target>
   <demandValue>6.0</demandValue>
  </demand>
  <demand id="558">
   <source>25</source>
   <target>34</target>
   <demandValue>6.0</demandValue>
  </demand>
  <demand id="559">
   <source>26</source>
   <target>27</target>
   <demandValue>5.0</demandValue>
  </demand>
  <demand id="560">
   <source>26</source>
   <target>28</target>
   <demandValue>2.0</demandValue>
  </demand>
  <demand id="561">
   <source>26</source>
   <target>29</target>
   <demandValue>10.0</demandValue>
  </demand>
  <demand id="562">
   <source>26</source>
   <target>30</target>
   <demandValue>2.0</demandValue>
  </demand>
  <demand id="563">
   <source>26</source>
   <target>31</target>
   <demandValue>6.0</demandValue>
  </demand>
  <demand id="564">
   <source>26</source>
   <target>32</target>
   <demandValue>1.0</demandValue>
  </demand>
  <demand id="565">
   <source>26</source>
   <target>33</target>
   <demandValue>3.0</demandValue>
  </demand>
  <demand id="566">
   <source>26</source>
   <target>34</target>
   <demandValue>7.0</demandValue>
  </demand>
  <demand id="567">
   <source>27</source>
   <target>28</target>
   <demandValue>4.0</demandValue>
  </demand>
  <demand id="568">
   <source>27</source>
   <target>29</target>
   <demandValue>4.0</demandValue>
  </demand>
  <demand id="569">
   <source>27</source>
   <target>30</target>
   <demandValue>7.0</demandValue>
  </demand>
  <demand id="570">
   <source>27</source>
   <target>31</target>
   <demandValue>5.0</demandValue>
  </demand>
  <demand id="571">
   <source>27</source>
   <target>32</target>
   <demandValue>5.0</demandValue>
  </demand>
  <demand id="572">
   <source>27</source>
   <target>33</target>
   <demandValue>3.0</demandValue>
  </demand>
  <demand id="573">
   <source>27</source>
   <target>34</target>
   <demandValue>7.0</demandValue>
  </demand>
  <demand id="574">
   <source>28</source>
   <target>29</target>
   <demandValue>2.0</demandValue>
  </demand>
  <demand id="575">
   <source>28</source>
   <target>30</target>
   <demandValue>5.0</demandValue>
  </demand>
  <demand id="576">
   <source>28</source>
   <target>31</target>
   <demandValue>6.0</demandValue>
  </demand>
  <demand id="577">
   <source>28</source>
   <target>32</target>
   <demandValue>8.0</demandValue>
  </demand>
  <demand id="578">
   <source>28</source>
   <target>33</target>
   <demandValue>5.0</demandValue>
  </demand>
  <demand id="579">
   <source>28</source>
   <target>34</target>
   <demandValue>1.0</demandValue>
  </demand>
  <demand id="580">
   <source>29</source>
   <target>30</target>
   <demandValue>4.0</demandValue>
  </demand>
  <demand id="581">
   <source>29</source>
   <target>31</target>
   <demandValue>4.0</demandValue>
  </demand>
  <demand id="582">
   <source>29</source>
   <target>32</target>
   <demandValue>2.0</demandValue>
  </demand>
  <demand id="583">
   <source>29</source>
   <target>33</target>
   <demandValue>8.0</demandValue>
  </demand>
  <demand id="584">
   <source>29</source>
   <target>34</target>
   <demandValue>8.0</demandValue>
  </demand>
  <demand id="585">
   <source>30</source>
   <target>31</target>
   <demandValue>9.0</demandValue>
  </demand>
  <demand id="586">
   <source>30</source>
   <target>32</target>
   <demandValue>7.0</demandValue>
  </demand>
  <demand id="587">
   <source>30</source>
   <target>33</target>
   <demandValue>7.0</demandValue>
  </demand>
  <demand id="588">
   <source>30</source>
   <target>34</target>
   <demandValue>6.0</demandValue>
  </demand>
  <demand id="589">
   <source>31</source>
   <target>32</target>
   <demandValue>8.0</demandValue>
  </demand>
  <demand id="590">
   <source>31</source>
   <target>33</target>
   <demandValue>8.0</demandValue>
  </demand>
  <demand id="591">
   <source>31</source>
   <target>34</target>
   <demandValue>10.0</demandValue>
  </demand>
  <demand id="592">
   <source>32</source>
   <target>33</target>
   <demandValue>5.0</demandValue>
  </demand>
  <demand id="593">
   <source>32</source>
   <target>34</target>
   <demandValue>4.0</demandValue>
  </demand>
  <demand id="594">
   <source>33</source>
   <target>34</target>
   <demandValue>2.0</demandValue>
  </demand>
 </demands>
</network>
