<?xml version="1.0" encoding="ISO-8859-1"?>
<network xmlns="http://sndlib.zib.de/network" version="1.0">
 <networkStructure>
  <nodes coordinatesType="geographical">
   <node id="N1">
    <coordinates>
     <x>10.02</x>
     <y>53.34</y>
    </coordinates>
   </node>
   <node id="N2">
    <coordinates>
     <x>8.41</x>
     <y>50.07</y>
    </coordinates>
   </node>
   <node id="N3">
    <coordinates>
     <x>8.24</x>
     <y>49.01</y>
    </coordinates>
   </node>
   <node id="N4">
    <coordinates>
     <x>9.11</x>
     <y>48.47</y>
    </coordinates>
   </node>
   <node id="N5">
    <coordinates>
     <x>11.34</x>
     <y>48.08</y>
    </coordinates>
   </node>
   <node id="N6">
    <coordinates>
     <x>11.05</x>
     <y>49.27</y>
    </coordinates>
   </node>
   <node id="N7">
    <coordinates>
     <x>13.18</x>
     <y>52.32</y>
    </coordinates>
   </node>
   <node id="N8">
    <coordinates>
     <x>12.22</x>
     <y>51.21</y>
    </coordinates>
   </node>
   <node id="N9">
    <coordinates>
     <x>9.44</x>
     <y>52.23</y>
    </coordinates>
   </node>
   <node id="N10">
    <coordinates>
     <x>6.47</x>
     <y>51.14</y>
    </coordinates>
   </node>
   <node id="N11">
    <coordinates>
     <x>6.57</x>
     <y>50.57</y>
    </coordinates>
   </node>
  </nodes>
  <links>
   <link id="L1">
    <source>N1</source>
    <target>N9</target>
    <additionalModules>
     <addModule>
      <capacity>30.0</capacity>
      <cost>88933.0</cost>
     </addModule>
     <addModule>
      <capacity>480.0</capacity>
      <cost>691901.0</cost>
     </addModule>
     <addModule>
      <capacity>1920.0</capacity>
      <cost>1625091.0</cost>
     </addModule>
    </additionalModules>
   </link>
   <link id="L2">
    <source>N1</source>
    <target>N10</target>
    <additionalModules>
     <addModule>
      <capacity>30.0</capacity>
      <cost>149283.0</cost>
     </addModule>
     <addModule>
      <capacity>480.0</capacity>
      <cost>988231.0</cost>
     </addModule>
     <addModule>
      <capacity>1920.0</capacity>
      <cost>2498805.0</cost>
     </addModule>
    </additionalModules>
   </link>
   <link id="L3">
    <source>N10</source>
    <target>N11</target>
    <additionalModules>
     <addModule>
      <capacity>30.0</capacity>
      <cost>59431.0</cost>
     </addModule>
     <addModule>
      <capacity>480.0</capacity>
      <cost>530267.0</cost>
     </addModule>
     <addModule>
      <capacity>1920.0</capacity>
      <cost>1162431.0</cost>
     </addModule>
    </additionalModules>
   </link>
   <link id="L4">
    <source>N10</source>
    <target>N2</target>
    <additionalModules>
     <addModule>
      <capacity>30.0</capacity>
      <cost>106353.0</cost>
     </addModule>
     <addModule>
      <capacity>480.0</capacity>
      <cost>781681.0</cost>
     </addModule>
     <addModule>
      <capacity>1920.0</capacity>
      <cost>1886283.0</cost>
     </addModule>
    </additionalModules>
   </link>
   <link id="L5">
    <source>N10</source>
    <target>N3</target>
    <additionalModules>
     <addModule>
      <capacity>30.0</capacity>
      <cost>129408.0</cost>
     </addModule>
     <addModule>
      <capacity>480.0</capacity>
      <cost>892606.0</cost>
     </addModule>
     <addModule>
      <capacity>1920.0</capacity>
      <cost>2215230.0</cost>
     </addModule>
    </additionalModules>
   </link>
   <link id="L6">
    <source>N10</source>
    <target>N7</target>
    <additionalModules>
     <addModule>
      <capacity>30.0</capacity>
      <cost>185588.0</cost>
     </addModule>
     <addModule>
      <capacity>480.0</capacity>
      <cost>1162906.0</cost>
     </addModule>
     <addModule>
      <capacity>1920.0</capacity>
      <cost>3016802.0</cost>
     </addModule>
    </additionalModules>
   </link>
   <link id="L7">
    <source>N10</source>
    <target>N8</target>
    <additionalModules>
     <addModule>
      <capacity>30.0</capacity>
      <cost>164388.0</cost>
     </addModule>
     <addModule>
      <capacity>480.0</capacity>
      <cost>1060906.0</cost>
     </addModule>
     <addModule>
      <capacity>1920.0</capacity>
      <cost>2714322.0</cost>
     </addModule>
    </additionalModules>
   </link>
   <link id="L8">
    <source>N11</source>
    <target>N2</target>
    <additionalModules>
     <addModule>
      <capacity>30.0</capacity>
      <cost>94297.0</cost>
     </addModule>
     <addModule>
      <capacity>480.0</capacity>
      <cost>721289.0</cost>
     </addModule>
     <addModule>
      <capacity>1920.0</capacity>
      <cost>1709211.0</cost>
     </addModule>
    </additionalModules>
   </link>
   <link id="L9">
    <source>N11</source>
    <target>N3</target>
    <additionalModules>
     <addModule>
      <capacity>30.0</capacity>
      <cost>114038.0</cost>
     </addModule>
     <addModule>
      <capacity>480.0</capacity>
      <cost>818656.0</cost>
     </addModule>
     <addModule>
      <capacity>1920.0</capacity>
      <cost>1995932.0</cost>
     </addModule>
    </additionalModules>
   </link>
   <link id="L10">
    <source>N11</source>
    <target>N7</target>
    <additionalModules>
     <addModule>
      <capacity>30.0</capacity>
      <cost>190093.0</cost>
     </addModule>
     <addModule>
      <capacity>480.0</capacity>
      <cost>1184581.0</cost>
     </addModule>
     <addModule>
      <capacity>1920.0</capacity>
      <cost>3081079.0</cost>
     </addModule>
    </additionalModules>
   </link>
   <link id="L11">
    <source>N11</source>
    <target>N8</target>
    <additionalModules>
     <addModule>
      <capacity>30.0</capacity>
      <cost>164918.0</cost>
     </addModule>
     <addModule>
      <capacity>480.0</capacity>
      <cost>1063456.0</cost>
     </addModule>
     <addModule>
      <capacity>1920.0</capacity>
      <cost>2721884.0</cost>
     </addModule>
    </additionalModules>
   </link>
   <link id="L12">
    <source>N2</source>
    <target>N3</target>
    <additionalModules>
     <addModule>
      <capacity>30.0</capacity>
      <cost>84016.0</cost>
     </addModule>
     <addModule>
      <capacity>480.0</capacity>
      <cost>664962.0</cost>
     </addModule>
     <addModule>
      <capacity>1920.0</capacity>
      <cost>1547981.0</cost>
     </addModule>
    </additionalModules>
   </link>
   <link id="L13">
    <source>N1</source>
    <target>N7</target>
    <additionalModules>
     <addModule>
      <capacity>30.0</capacity>
      <cost>121988.0</cost>
     </addModule>
     <addModule>
      <capacity>480.0</capacity>
      <cost>856906.0</cost>
     </addModule>
     <addModule>
      <capacity>1920.0</capacity>
      <cost>2109362.0</cost>
     </addModule>
    </additionalModules>
   </link>
   <link id="L14">
    <source>N2</source>
    <target>N4</target>
    <additionalModules>
     <addModule>
      <capacity>30.0</capacity>
      <cost>107148.0</cost>
     </addModule>
     <addModule>
      <capacity>480.0</capacity>
      <cost>785506.0</cost>
     </addModule>
     <addModule>
      <capacity>1920.0</capacity>
      <cost>1897626.0</cost>
     </addModule>
    </additionalModules>
   </link>
   <link id="L15">
    <source>N2</source>
    <target>N5</target>
    <additionalModules>
     <addModule>
      <capacity>30.0</capacity>
      <cost>139743.0</cost>
     </addModule>
     <addModule>
      <capacity>480.0</capacity>
      <cost>942331.0</cost>
     </addModule>
     <addModule>
      <capacity>1920.0</capacity>
      <cost>2362689.0</cost>
     </addModule>
    </additionalModules>
   </link>
   <link id="L16">
    <source>N2</source>
    <target>N6</target>
    <additionalModules>
     <addModule>
      <capacity>30.0</capacity>
      <cost>113773.0</cost>
     </addModule>
     <addModule>
      <capacity>480.0</capacity>
      <cost>817381.0</cost>
     </addModule>
     <addModule>
      <capacity>1920.0</capacity>
      <cost>1992151.0</cost>
     </addModule>
    </additionalModules>
   </link>
   <link id="L17">
    <source>N2</source>
    <target>N8</target>
    <additionalModules>
     <addModule>
      <capacity>30.0</capacity>
      <cost>136828.0</cost>
     </addModule>
     <addModule>
      <capacity>480.0</capacity>
      <cost>928306.0</cost>
     </addModule>
     <addModule>
      <capacity>1920.0</capacity>
      <cost>2321098.0</cost>
     </addModule>
    </additionalModules>
   </link>
   <link id="L18">
    <source>N3</source>
    <target>N4</target>
    <additionalModules>
     <addModule>
      <capacity>30.0</capacity>
      <cost>70159.0</cost>
     </addModule>
     <addModule>
      <capacity>480.0</capacity>
      <cost>589043.0</cost>
     </addModule>
     <addModule>
      <capacity>1920.0</capacity>
      <cost>1330671.0</cost>
     </addModule>
    </additionalModules>
   </link>
   <link id="L19">
    <source>N3</source>
    <target>N5</target>
    <additionalModules>
     <addModule>
      <capacity>30.0</capacity>
      <cost>124638.0</cost>
     </addModule>
     <addModule>
      <capacity>480.0</capacity>
      <cost>869656.0</cost>
     </addModule>
     <addModule>
      <capacity>1920.0</capacity>
      <cost>2147172.0</cost>
     </addModule>
    </additionalModules>
   </link>
   <link id="L20">
    <source>N3</source>
    <target>N6</target>
    <additionalModules>
     <addModule>
      <capacity>30.0</capacity>
      <cost>112978.0</cost>
     </addModule>
     <addModule>
      <capacity>480.0</capacity>
      <cost>813556.0</cost>
     </addModule>
     <addModule>
      <capacity>1920.0</capacity>
      <cost>1980808.0</cost>
     </addModule>
    </additionalModules>
   </link>
   <link id="L21">
    <source>N4</source>
    <target>N5</target>
    <additionalModules>
     <addModule>
      <capacity>30.0</capacity>
      <cost>103438.0</cost>
     </addModule>
     <addModule>
      <capacity>480.0</capacity>
      <cost>767656.0</cost>
     </addModule>
     <addModule>
      <capacity>1920.0</capacity>
      <cost>1844692.0</cost>
     </addModule>
    </additionalModules>
   </link>
   <link id="L22">
    <source>N4</source>
    <target>N6</target>
    <additionalModules>
     <addModule>
      <capacity>30.0</capacity>
      <cost>102643.0</cost>
     </addModule>
     <addModule>
      <capacity>480.0</capacity>
      <cost>763831.0</cost>
     </addModule>
     <addModule>
      <capacity>1920.0</capacity>
      <cost>1833349.0</cost>
     </addModule>
    </additionalModules>
   </link>
   <link id="L23">
    <source>N5</source>
    <target>N6</target>
    <additionalModules>
     <addModule>
      <capacity>30.0</capacity>
      <cost>91168.0</cost>
     </addModule>
     <addModule>
      <capacity>480.0</capacity>
      <cost>704146.0</cost>
     </addModule>
     <addModule>
      <capacity>1920.0</capacity>
      <cost>1660141.0</cost>
     </addModule>
    </additionalModules>
   </link>
   <link id="L24">
    <source>N1</source>
    <target>N8</target>
    <additionalModules>
     <addModule>
      <capacity>30.0</capacity>
      <cost>132588.0</cost>
     </addModule>
     <addModule>
      <capacity>480.0</capacity>
      <cost>907906.0</cost>
     </addModule>
     <addModule>
      <capacity>1920.0</capacity>
      <cost>2260602.0</cost>
     </addModule>
    </additionalModules>
   </link>
   <link id="L25">
    <source>N5</source>
    <target>N7</target>
    <additionalModules>
     <addModule>
      <capacity>30.0</capacity>
      <cost>187973.0</cost>
     </addModule>
     <addModule>
      <capacity>480.0</capacity>
      <cost>1174381.0</cost>
     </addModule>
     <addModule>
      <capacity>1920.0</capacity>
      <cost>3050831.0</cost>
     </addModule>
    </additionalModules>
   </link>
   <link id="L26">
    <source>N5</source>
    <target>N8</target>
    <additionalModules>
     <addModule>
      <capacity>30.0</capacity>
      <cost>151933.0</cost>
     </addModule>
     <addModule>
      <capacity>480.0</capacity>
      <cost>1000981.0</cost>
     </addModule>
     <addModule>
      <capacity>1920.0</capacity>
      <cost>2536615.0</cost>
     </addModule>
    </additionalModules>
   </link>
   <link id="L27">
    <source>N6</source>
    <target>N8</target>
    <additionalModules>
     <addModule>
      <capacity>30.0</capacity>
      <cost>119603.0</cost>
     </addModule>
     <addModule>
      <capacity>480.0</capacity>
      <cost>845431.0</cost>
     </addModule>
     <addModule>
      <capacity>1920.0</capacity>
      <cost>2075333.0</cost>
     </addModule>
    </additionalModules>
   </link>
   <link id="L28">
    <source>N7</source>
    <target>N8</target>
    <additionalModules>
     <addModule>
      <capacity>30.0</capacity>
      <cost>93403.0</cost>
     </addModule>
     <addModule>
      <capacity>480.0</capacity>
      <cost>716391.0</cost>
     </addModule>
     <addModule>
      <capacity>1920.0</capacity>
      <cost>1695191.0</cost>
     </addModule>
    </additionalModules>
   </link>
   <link id="L29">
    <source>N9</source>
    <target>N10</target>
    <additionalModules>
     <addModule>
      <capacity>30.0</capacity>
      <cost>121193.0</cost>
     </addModule>
     <addModule>
      <capacity>480.0</capacity>
      <cost>853081.0</cost>
     </addModule>
     <addModule>
      <capacity>1920.0</capacity>
      <cost>2098019.0</cost>
     </addModule>
    </additionalModules>
   </link>
   <link id="L30">
    <source>N9</source>
    <target>N11</target>
    <additionalModules>
     <addModule>
      <capacity>30.0</capacity>
      <cost>130203.0</cost>
     </addModule>
     <addModule>
      <capacity>480.0</capacity>
      <cost>896431.0</cost>
     </addModule>
     <addModule>
      <capacity>1920.0</capacity>
      <cost>2226573.0</cost>
     </addModule>
    </additionalModules>
   </link>
   <link id="L31">
    <source>N9</source>
    <target>N2</target>
    <additionalModules>
     <addModule>
      <capacity>30.0</capacity>
      <cost>124638.0</cost>
     </addModule>
     <addModule>
      <capacity>480.0</capacity>
      <cost>869656.0</cost>
     </addModule>
     <addModule>
      <capacity>1920.0</capacity>
      <cost>2147172.0</cost>
     </addModule>
    </additionalModules>
   </link>
   <link id="L32">
    <source>N9</source>
    <target>N6</target>
    <additionalModules>
     <addModule>
      <capacity>30.0</capacity>
      <cost>150343.0</cost>
     </addModule>
     <addModule>
      <capacity>480.0</capacity>
      <cost>993331.0</cost>
     </addModule>
     <addModule>
      <capacity>1920.0</capacity>
      <cost>2513929.0</cost>
     </addModule>
    </additionalModules>
   </link>
   <link id="L33">
    <source>N9</source>
    <target>N7</target>
    <additionalModules>
     <addModule>
      <capacity>30.0</capacity>
      <cost>125698.0</cost>
     </addModule>
     <addModule>
      <capacity>480.0</capacity>
      <cost>874756.0</cost>
     </addModule>
     <addModule>
      <capacity>1920.0</capacity>
      <cost>2162296.0</cost>
     </addModule>
    </additionalModules>
   </link>
   <link id="L34">
    <source>N9</source>
    <target>N8</target>
    <additionalModules>
     <addModule>
      <capacity>30.0</capacity>
      <cost>117218.0</cost>
     </addModule>
     <addModule>
      <capacity>480.0</capacity>
      <cost>833956.0</cost>
     </addModule>
     <addModule>
      <capacity>1920.0</capacity>
      <cost>2041304.0</cost>
     </addModule>
    </additionalModules>
   </link>
  </links>
 </networkStructure>
 <demands>
  <demand id="D1">
   <source>N9</source>
   <target>N2</target>
   <demandValue>384.0</demandValue>
  </demand>
  <demand id="D2">
   <source>N3</source>
   <target>N4</target>
   <demandValue>215.0</demandValue>
  </demand>
  <demand id="D3">
   <source>N7</source>
   <target>N8</target>
   <demandValue>212.0</demandValue>
  </demand>
  <demand id="D4">
   <source>N10</source>
   <target>N3</target>
   <demandValue>197.0</demandValue>
  </demand>
  <demand id="D5">
   <source>N9</source>
   <target>N11</target>
   <demandValue>160.0</demandValue>
  </demand>
  <demand id="D6">
   <source>N2</source>
   <target>N8</target>
   <demandValue>160.0</demandValue>
  </demand>
  <demand id="D7">
   <source>N2</source>
   <target>N5</target>
   <demandValue>144.0</demandValue>
  </demand>
  <demand id="D8">
   <source>N1</source>
   <target>N7</target>
   <demandValue>138.0</demandValue>
  </demand>
  <demand id="D9">
   <source>N3</source>
   <target>N5</target>
   <demandValue>124.0</demandValue>
  </demand>
  <demand id="D10">
   <source>N6</source>
   <target>N8</target>
   <demandValue>115.0</demandValue>
  </demand>
  <demand id="D11">
   <source>N1</source>
   <target>N10</target>
   <demandValue>115.0</demandValue>
  </demand>
  <demand id="D12">
   <source>N10</source>
   <target>N11</target>
   <demandValue>364.0</demandValue>
  </demand>
  <demand id="D13">
   <source>N5</source>
   <target>N8</target>
   <demandValue>108.0</demandValue>
  </demand>
  <demand id="D14">
   <source>N4</source>
   <target>N5</target>
   <demandValue>105.0</demandValue>
  </demand>
  <demand id="D15">
   <source>N9</source>
   <target>N8</target>
   <demandValue>100.0</demandValue>
  </demand>
  <demand id="D16">
   <source>N11</source>
   <target>N3</target>
   <demandValue>99.0</demandValue>
  </demand>
  <demand id="D17">
   <source>N5</source>
   <target>N6</target>
   <demandValue>95.0</demandValue>
  </demand>
  <demand id="D18">
   <source>N2</source>
   <target>N3</target>
   <demandValue>278.0</demandValue>
  </demand>
  <demand id="D19">
   <source>N11</source>
   <target>N2</target>
   <demandValue>266.0</demandValue>
  </demand>
  <demand id="D20">
   <source>N9</source>
   <target>N10</target>
   <demandValue>263.0</demandValue>
  </demand>
  <demand id="D21">
   <source>N1</source>
   <target>N9</target>
   <demandValue>258.0</demandValue>
  </demand>
  <demand id="D22">
   <source>N9</source>
   <target>N7</target>
   <demandValue>247.0</demandValue>
  </demand>
  <demand id="D23">
   <source>N2</source>
   <target>N6</target>
   <demandValue>237.0</demandValue>
  </demand>
  <demand id="D24">
   <source>N2</source>
   <target>N4</target>
   <demandValue>237.0</demandValue>
  </demand>
 </demands>
</network>
