<?xml version="1.0"?>
<Page Version="4000" TimeStamp="2014-10-02 11:08:38">
	<Location top="23" left="4" bottom="644" right="768" />
	<PageEditSize Type="Inherited">
		<Size Width="772" Height="622" />
	</PageEditSize>
	<ProjectUUID>310D2727-A0A0-4B94-8F0B-A6D7E354D17A</ProjectUUID>
	<Title>"AIMMS Demo: Page resizability"</Title>
	<TemplatesTabOrderPosition>4</TemplatesTabOrderPosition>
	<ResizeData>
		<MainArea Line="FixedFromTop" Value="99">
			<TopArea Line="FixedFromLeft" Value="200" />
			<BottomArea Line="FixedFromLeft" Value="201">
				<LeftArea Line="FixedFromTop" Value="204" />
				<RightArea Line="FixedFromTop" Value="85" />
			</BottomArea>
		</MainArea>
	</ResizeData>
	<Background RGB="#ffffff" />
	<Action>
		<EntryProcedure>MainInitialization</EntryProcedure>
	</Action>
	<HorizontalGridDistance>1</HorizontalGridDistance>
	<VerticalGridDistance>1</VerticalGridDistance>
	<PageObject Type="Text">
		<Location top="159" left="201" bottom="180" right="768" />
		<StaticText>  Problem Description</StaticText>
		<Font GUID="107CF1DD-5B8E-41FC-BD55-10C950947E3C" Name="Headers" />
		<TextColor>
			<UserColor GUID="B5956EEA-5F3E-4BD0-85C7-9F70EB490991">Header Blue</UserColor>
		</TextColor>
	</PageObject>
	<PageObject Type="Button">
		<Location top="216" left="6" bottom="240" right="192" />
		<TabOrder>3</TabOrder>
		<LeaveOnEnter>false</LeaveOnEnter>
		<ButtonType>Text</ButtonType>
		<Transparent>true</Transparent>
		<Font GUID="4E7DCA69-8FF6-4BA9-ABD0-7C10D90638AB" Name="default" />
		<ActionSequence>
			<Action Type="MenuCommand">
				<Command>Tools-Model Explorer</Command>
			</Action>
		</ActionSequence>
	</PageObject>
	<PageObject Type="Button">
		<Location top="186" left="6" bottom="210" right="192" />
		<TabOrder>1</TabOrder>
		<LeaveOnEnter>false</LeaveOnEnter>
		<ButtonType>Text</ButtonType>
		<Transparent>true</Transparent>
		<ForegroundColor>
			<UserColor GUID="23F33851-505F-45B5-AA1F-5360CB8B3EFB">Text Blue</UserColor>
		</ForegroundColor>
		<Font GUID="0BDEF216-23B3-4F0F-B5D6-83C5A7303CF9" Name="Buttons" />
		<ActionSequence>
			<Action Type="GotoPage">
				<Destination>FirstChild</Destination>
			</Action>
		</ActionSequence>
	</PageObject>
	<PageObject Type="Button">
		<Location top="246" left="6" bottom="270" right="192" />
		<TabOrder>5</TabOrder>
		<LeaveOnEnter>false</LeaveOnEnter>
		<ButtonType>Text</ButtonType>
		<Transparent>true</Transparent>
		<Font GUID="4E7DCA69-8FF6-4BA9-ABD0-7C10D90638AB" Name="default" />
		<ActionSequence>
			<Action Type="MenuCommand">
				<Command>File-Exit</Command>
			</Action>
		</ActionSequence>
	</PageObject>
	<PageObject Type="Text">
		<Location top="222" left="18" bottom="240" right="195" />
		<StaticText>Open Model Explorer</StaticText>
		<Font GUID="C82FBF27-1614-41C9-B718-A431388D2B5A" Name="General Text" />
		<TextColor>
			<UserColor GUID="1798981A-C40D-4713-BC08-E97545963465">Link</UserColor>
		</TextColor>
	</PageObject>
	<PageObject Type="Text">
		<Location top="192" left="18" bottom="210" right="195" />
		<StaticText>Open Demo Page</StaticText>
		<Font GUID="C82FBF27-1614-41C9-B718-A431388D2B5A" Name="General Text" />
		<TextColor>
			<UserColor GUID="1798981A-C40D-4713-BC08-E97545963465">Link</UserColor>
		</TextColor>
	</PageObject>
	<PageObject Type="Text">
		<Location top="252" left="18" bottom="270" right="195" />
		<StaticText>Quit AIMMS</StaticText>
		<Font GUID="C82FBF27-1614-41C9-B718-A431388D2B5A" Name="General Text" />
		<TextColor>
			<UserColor GUID="1798981A-C40D-4713-BC08-E97545963465">Link</UserColor>
		</TextColor>
	</PageObject>
	<PageObject Type="Rectangle">
		<Location top="189" left="207" bottom="615" right="243" />
		<Hidden>"Yes"</Hidden>
		<Shape>Open</Shape>
		<FillColor RGB="#ffffff" />
		<LineColor>
			<UserColor GUID="2223DDB2-0487-4C07-B04B-1A9C264E50C8">red</UserColor>
		</LineColor>
	</PageObject>
	<PageObject Type="Text">
		<Location top="190" left="207" bottom="485" right="762" />
		<SourceType>File</SourceType>
		<FileName LiteralFileName="true">"Description.txt"</FileName>
		<Font GUID="C82FBF27-1614-41C9-B718-A431388D2B5A" Name="General Text" />
		<TextColor>
			<UserColor GUID="23F33851-505F-45B5-AA1F-5360CB8B3EFB">Text Blue</UserColor>
		</TextColor>
	</PageObject>
	<PageObject Type="Navigation Object">
		<Location top="492" left="213" bottom="595" right="313" />
		<TabOrder>2</TabOrder>
		<Font GUID="4E7DCA69-8FF6-4BA9-ABD0-7C10D90638AB" Name="default" />
		<Border Style="Line" Width="1" MarginTop="5" MarginRight="5" MarginBottom="5" MarginLeft="5" />
		<Display>Tree</Display>
		<Spacing>6</Spacing>
		<BackgroundColor RGB="#ffffff" />
		<NavigationData>
			<ReferencePage>ThisPage</ReferencePage>
			<NumberOfGenerations>1</NumberOfGenerations>
			<NumberOfAncestors>1</NumberOfAncestors>
			<ActionSequence>
				<Action Type="GotoNavigationPage" />
			</ActionSequence>
		</NavigationData>
	</PageObject>
	<UsedReferences>
		<Model>
			<Symbol>MainInitialization</Symbol>
		</Model>
	</UsedReferences>
</Page>
