<?xml version="1.0"?>
<Page Version="4000" TimeStamp="2014-04-11 13:13:50">
	<Location top="29" left="8" bottom="169" right="581" />
	<PageEditSize Type="Inherited" />
	<ProjectUUID>CEE75F90-6086-4AD0-890B-C051C7F4AF0D</ProjectUUID>
	<Title>guipro::LocalizedText( '23', guipro::CurrentLanguage )</Title>
	<IsDialogPage>true</IsDialogPage>
	<TemplatesTabOrderPosition>1</TemplatesTabOrderPosition>
	<Background Inherited="true" />
	<PageObject Type="Button">
		<Location top="48" left="426" bottom="72" right="564" />
		<ReadOnly>VALUE := session::Request = ''</ReadOnly>
		<TabOrder>2</TabOrder>
		<LeaveOnEnter>false</LeaveOnEnter>
		<ButtonType>Text</ButtonType>
		<Title>guipro::LocalizedText( '24', guipro::CurrentLanguage )</Title>
		<Font GUID="BEBC8540-218A-458E-9B49-97A8FE4E29F2" Name="Arial 8" />
		<ActionSequence>
			<Action Type="Assignment">
				<Identifier>guipro::session::OriginalCase</Identifier>
				<AssignedValue>''</AssignedValue>
			</Action>
			<Action Type="Run">
				<RunWhat>SpecificProcecure</RunWhat>
				<Procedure>guipro::session::LoadResponseAction</Procedure>
				<AbortOnError>true</AbortOnError>
			</Action>
			<Action Type="ClosePage" />
		</ActionSequence>
	</PageObject>
	<PageObject Type="Button">
		<Location top="108" left="474" bottom="132" right="564" />
		<TabOrder>3</TabOrder>
		<LeaveOnEnter>false</LeaveOnEnter>
		<ButtonType>Text</ButtonType>
		<Title>guipro::LocalizedText( '2', guipro::CurrentLanguage )</Title>
		<Font GUID="BEBC8540-218A-458E-9B49-97A8FE4E29F2" Name="Arial 8" />
		<ActionSequence>
			<Action Type="ClosePage" />
		</ActionSequence>
	</PageObject>
	<PageObject Type="Scalar">
		<Location top="84" left="12" bottom="102" right="564" />
		<ReadOnly>"Yes"</ReadOnly>
		<TabOrder>4</TabOrder>
		<TabStop>false</TabStop>
		<Font GUID="DEF43F2C-4C96-4193-A797-AD2C3760CE90" Name="Arial10bi" />
		<Border Style="None" />
		<BackgroundColor>
			<UserColor GUID="4C29CF98-3E51-4BAA-8563-90FCE3E3DF3B">default background</UserColor>
		</BackgroundColor>
		<TextColor>
			<UserColor GUID="257CED91-8909-41AC-BED6-911268D7BBCE">blue</UserColor>
		</TextColor>
		<Layout>Value</Layout>
		<SeparatorSign>=</SeparatorSign>
		<ExplicitIdentifier>
			<Identifier>guipro::session::WarningNonSavedData</Identifier>
			<NumberFormat Width="15" Decimals="0" Alignment="Left" ShowDefaults="true" />
		</ExplicitIdentifier>
	</PageObject>
	<PageObject Type="Button">
		<Location top="48" left="282" bottom="72" right="420" />
		<Hidden>VALUE := session::OriginalCase = ''</Hidden>
		<TabOrder>1</TabOrder>
		<LeaveOnEnter>false</LeaveOnEnter>
		<ButtonType>Text</ButtonType>
		<Title>guipro::LocalizedText( '25', guipro::CurrentLanguage )</Title>
		<Font GUID="BEBC8540-218A-458E-9B49-97A8FE4E29F2" Name="Arial 8" />
		<ActionSequence>
			<Action Type="Run">
				<RunWhat>SpecificProcecure</RunWhat>
				<Procedure>guipro::session::LoadResponseAction</Procedure>
				<AbortOnError>true</AbortOnError>
			</Action>
			<Action Type="ClosePage" />
		</ActionSequence>
	</PageObject>
	<PageObject Type="Text">
		<Location top="18" left="414" bottom="42" right="564" />
		<Hidden>VALUE := session::OriginalCase &lt;&gt; ''</Hidden>
		<SourceType>StringParameter</SourceType>
		<StringParameter>guipro::LocalizedText( '26', guipro::CurrentLanguage )</StringParameter>
		<Alignment>Right</Alignment>
		<Font GUID="00000000-0000-0000-0000-000000000001" Name="Main Font" />
		<TextColor RGB="#000000" />
	</PageObject>
	<PageObject Type="Scalar">
		<Location top="12" left="6" bottom="42" right="564" />
		<Hidden>VALUE := session::OriginalCase = ''</Hidden>
		<TabOrder>6</TabOrder>
		<Font GUID="BEBC8540-218A-458E-9B49-97A8FE4E29F2" Name="Arial 8" />
		<Border Style="InShadow" Width="2" MarginTop="5" MarginRight="5" MarginBottom="5" MarginLeft="5" />
		<BackgroundColor RGB="#ffffff" />
		<Layout>Text-Value</Layout>
		<SeparatorSign>:</SeparatorSign>
		<ExplicitIdentifier>
			<Identifier>guipro::session::OriginalCasePath( guipro::session::Request )</Identifier>
			<NumberFormat Width="63" Decimals="0" Alignment="Center" ShowDefaults="true" />
			<Title>guipro::LocalizedText( '27', guipro::CurrentLanguage )</Title>
		</ExplicitIdentifier>
	</PageObject>
	<UsedReferences>
		<Model>
			<Symbol>AllCases</Symbol>
			<Symbol>guipro::CurrentLanguage</Symbol>
			<Symbol>guipro::LocalizedText</Symbol>
			<Symbol>guipro::session::LoadResponseAction</Symbol>
			<Symbol>guipro::session::OriginalCasePath</Symbol>
			<Symbol>guipro::session::OriginalCase</Symbol>
			<Symbol>guipro::session::SessionList</Symbol>
			<Symbol>guipro::session::Request</Symbol>
			<Symbol>guipro::session::WarningNonSavedData</Symbol>
		</Model>
	</UsedReferences>
</Page>
