<?xml version="1.0"?>
<Page Version="4000" TimeStamp="2015-08-11 12:21:21">
	<Location top="33" left="17" bottom="392" right="805" />
	<PageEditSize Type="Inherited" />
	<ProjectUUID>CEE75F90-6086-4AD0-890B-C051C7F4AF0D</ProjectUUID>
	<Title>guipro::LocalizedText( '13', guipro::CurrentLanguage )</Title>
	<IsDialogPage>true</IsDialogPage>
	<TemplatesTabOrderPosition>1</TemplatesTabOrderPosition>
	<Background Inherited="true" />
	<PageObject Type="Button">
		<Location top="324" left="690" bottom="348" right="780" />
		<TabOrder>1</TabOrder>
		<LeaveOnEnter>false</LeaveOnEnter>
		<ButtonType>Text</ButtonType>
		<Title>guipro::LocalizedText( '9', guipro::CurrentLanguage )</Title>
		<Font GUID="BEBC8540-218A-458E-9B49-97A8FE4E29F2" Name="Arial 8" />
		<ActionSequence>
			<Action Type="ClosePage" />
		</ActionSequence>
	</PageObject>
	<PageObject Type="Scalar">
		<Location top="6" left="6" bottom="318" right="780" />
		<TabOrder>2</TabOrder>
		<Font GUID="00000000-0000-0000-0000-000000000001" Name="Main Font" />
		<Border Style="InShadow" Width="1" MarginTop="5" MarginRight="5" MarginBottom="5" MarginLeft="5" />
		<BackgroundColor RGB="#ffffff" />
		<Layout>MultipleLineEditField</Layout>
		<VerticalScrollbar>true</VerticalScrollbar>
		<DisplayTextFile>true</DisplayTextFile>
		<SeparatorSign>=</SeparatorSign>
		<ExplicitIdentifier>
			<Identifier>guipro::session::sessionLogFile</Identifier>
			<NumberFormat Width="15" Decimals="0" Alignment="Left" ShowDefaults="true" />
		</ExplicitIdentifier>
	</PageObject>
	<UsedReferences>
		<Model>
			<Symbol>guipro::LocalizedText</Symbol>
			<Symbol>guipro::session::sessionLogFile</Symbol>
			<Symbol>guipro::CurrentLanguage</Symbol>
		</Model>
	</UsedReferences>
</Page>
