<?xml version="1.0"?>
<Page Version="4000" TimeStamp="2015-12-09 16:17:50">
	<Location top="32" left="78" bottom="602" right="709" />
	<PageEditSize Type="Inherited" />
	<ProjectUUID>CEE75F90-6086-4AD0-890B-C051C7F4AF0D</ProjectUUID>
	<Title>guipro::LocalizedText( '55', guipro::CurrentLanguage )</Title>
	<IsDialogPage>true</IsDialogPage>
	<Positioning>Save Last Position</Positioning>
	<TemplatesTabOrderPosition>1</TemplatesTabOrderPosition>
	<Background Inherited="true" />
	<Action>
		<EntryProcedure>guipro::session::UpdateSessionList</EntryProcedure>
	</Action>
	<PageObject Type="Text">
		<Location top="12" left="12" bottom="36" right="438" />
		<SourceType>StringParameter</SourceType>
		<StringParameter>guipro::LocalizedText( '29', guipro::CurrentLanguage )</StringParameter>
		<Font GUID="2A210F3A-8F95-4798-A888-9936B8D34599" Name="Arial12b" />
		<TextColor RGB="#000000" />
	</PageObject>
	<PageObject Type="Line">
		<Location top="36" left="12" bottom="36" right="612" />
		<LineColor RGB="#000000" />
	</PageObject>
	<PageObject Type="Composite Table">
		<Location top="102" left="12" bottom="336" right="612" />
		<TabOrder>10</TabOrder>
		<Font GUID="BEBC8540-218A-458E-9B49-97A8FE4E29F2" Name="Arial 8" />
		<Border Style="InShadow" Width="2" MarginTop="5" MarginRight="5" MarginBottom="5" MarginLeft="5" />
		<BackgroundColor RGB="#ffffff" />
		<CellSelection>false</CellSelection>
		<MultipleRowSelection>false</MultipleRowSelection>
		<Domain>
			<Identifier>guipro::session::sess</Identifier>
			<Index Name="guipro::session::sess">
				<TitleText>guipro::LocalizedText( '18', guipro::CurrentLanguage )</TitleText>
				<AutomaticWidth>false</AutomaticWidth>
				<Color>guipro::session::sessionColor( guipro::session::sess )</Color>
				<ProcedureUponDblClick>guipro::session::LoadRequestResponse</ProcedureUponDblClick>
			</Index>
		</Domain>
		<ExplicitIdentifier>
			<Identifier>guipro::session::Application( guipro::session::sess-&gt;guipro::session::selectedSession )</Identifier>
			<NumberFormat Width="15" Decimals="0" Alignment="Left" />
			<Hidden>guipro::session::singleUserRequest</Hidden>
			<TitleText>guipro::LocalizedText( '30', guipro::CurrentLanguage )</TitleText>
			<Color>guipro::session::sessionColor( guipro::session::sess )</Color>
		</ExplicitIdentifier>
		<ExplicitIdentifier>
			<Identifier>guipro::session::CreateTime( guipro::session::sess-&gt;guipro::session::selectedSession )</Identifier>
			<NumberFormat Width="15" Decimals="0" Alignment="Left" />
			<Hidden>0</Hidden>
			<TitleText>guipro::LocalizedText( '31', guipro::CurrentLanguage )</TitleText>
			<SortingOrder>-1</SortingOrder>
			<Color>guipro::session::sessionColor( guipro::session::sess )</Color>
			<Readonly>1</Readonly>
		</ExplicitIdentifier>
		<ExplicitIdentifier>
			<Identifier>guipro::session::UserEnv( guipro::session::sess-&gt;guipro::session::selectedSession )</Identifier>
			<NumberFormat Width="15" Decimals="0" Alignment="Left" />
			<Hidden>guipro::session::singleUserRequest</Hidden>
			<TitleText>guipro::LocalizedText( '32', guipro::CurrentLanguage )</TitleText>
			<Color>guipro::session::sessionColor( guipro::session::sess )</Color>
		</ExplicitIdentifier>
		<ExplicitIdentifier>
			<Identifier>guipro::session::UserName( guipro::session::sess-&gt;guipro::session::selectedSession )</Identifier>
			<NumberFormat Width="15" Decimals="0" Alignment="Left" />
			<Hidden>guipro::session::singleUserRequest</Hidden>
			<TitleText>guipro::LocalizedText( '33', guipro::CurrentLanguage )</TitleText>
			<Color>guipro::session::sessionColor( guipro::session::sess )</Color>
		</ExplicitIdentifier>
		<ExplicitIdentifier>
			<Identifier>guipro::session::CurrentStatusDescr( guipro::session::sess-&gt;guipro::session::selectedSession )</Identifier>
			<NumberFormat Width="15" Decimals="0" Alignment="Left" />
			<TitleText>guipro::LocalizedText( '34', guipro::CurrentLanguage )</TitleText>
			<Color>guipro::session::sessionColor( guipro::session::sess )</Color>
			<Readonly>1</Readonly>
		</ExplicitIdentifier>
		<ExplicitIdentifier>
			<Identifier>guipro::session::GotResults( guipro::session::sess-&gt;guipro::session::selectedSession )</Identifier>
			<NumberFormat Width="3" Decimals="0" Alignment="Center" Binary="true" />
			<Hidden>guipro::session::allUsersRequests</Hidden>
			<TitleText>guipro::LocalizedText( '35', guipro::CurrentLanguage )</TitleText>
			<Color>guipro::session::sessionColor( guipro::session::sess )</Color>
			<Readonly>1</Readonly>
		</ExplicitIdentifier>
		<ExplicitIdentifier>
			<Identifier>guipro::session::Mark( guipro::session::sess-&gt;guipro::session::selectedSession )</Identifier>
			<NumberFormat Width="4" Decimals="0" Alignment="Center" Binary="true" />
			<TitleText>guipro::LocalizedText( '36', guipro::CurrentLanguage )</TitleText>
			<Color>guipro::session::sessionColor( guipro::session::sess )</Color>
		</ExplicitIdentifier>
		<ElementText Index="guipro::session::sess">guipro::session::SessionName( guipro::session::sess )</ElementText>
	</PageObject>
	<PageObject Type="Button">
		<Location top="498" left="12" bottom="522" right="120" />
		<TabOrder>7</TabOrder>
		<LeaveOnEnter>false</LeaveOnEnter>
		<ButtonType>Text</ButtonType>
		<Title>guipro::LocalizedText( '37', guipro::CurrentLanguage )</Title>
		<TooltipText>"Refresh the displayed data"</TooltipText>
		<Font GUID="BEBC8540-218A-458E-9B49-97A8FE4E29F2" Name="Arial 8" />
		<ActionSequence>
			<Action Type="Run">
				<RunWhat>SpecificProcecure</RunWhat>
				<Procedure>guipro::session::UpdateSessionList</Procedure>
				<AbortOnError>true</AbortOnError>
			</Action>
		</ActionSequence>
	</PageObject>
	<PageObject Type="Date Time Picker">
		<Location top="48" left="126" bottom="72" right="210" />
		<TabOrder>1</TabOrder>
		<Display>
			<Font ExtraInfo="BEBC8540-218A-458E-9B49-97A8FE4E29F2" ID="1026">"Arial 8"</Font>
			<Date_format>
				<None_1_format ID="1018">"31/01/2000"</None_1_format>
			</Date_format>
			<Time_format>
				<Show_time_component ID="1020">"No"</Show_time_component>
			</Time_format>
		</Display>
		<Contents>
			<Identifier ID="2001">guipro::session::DateToList</Identifier>
			<Procedures>
				<On_change ID="3">guipro::session::UpdateSessionList</On_change>
			</Procedures>
		</Contents>
	</PageObject>
	<PageObject Type="Text">
		<Location top="52" left="12" bottom="70" right="126" />
		<SourceType>StringParameter</SourceType>
		<StringParameter>guipro::LocalizedText( '38', guipro::CurrentLanguage )</StringParameter>
		<Font GUID="BEBC8540-218A-458E-9B49-97A8FE4E29F2" Name="Arial 8" />
		<TextColor RGB="#000000" />
	</PageObject>
	<PageObject Type="Button">
		<Location top="528" left="504" bottom="552" right="612" />
		<ReadOnly>guipro::session::noSessionsMarked</ReadOnly>
		<TabOrder>13</TabOrder>
		<LeaveOnEnter>false</LeaveOnEnter>
		<ButtonType>Text</ButtonType>
		<Title>guipro::LocalizedText( '39', guipro::CurrentLanguage )</Title>
		<Font GUID="BEBC8540-218A-458E-9B49-97A8FE4E29F2" Name="Arial 8" />
		<ActionSequence>
			<Action Type="Run">
				<RunWhat>SpecificProcecure</RunWhat>
				<Procedure>guipro::session::RemoveMarked</Procedure>
				<AbortOnError>true</AbortOnError>
			</Action>
		</ActionSequence>
	</PageObject>
	<PageObject Type="Button">
		<Location top="498" left="504" bottom="522" right="612" />
		<ReadOnly>guipro::session::noSessionsMarked</ReadOnly>
		<Hidden>guipro::session::allUsersRequests</Hidden>
		<TabOrder>11</TabOrder>
		<LeaveOnEnter>false</LeaveOnEnter>
		<ButtonType>Text</ButtonType>
		<Title>guipro::LocalizedText( '40', guipro::CurrentLanguage )</Title>
		<Font GUID="BEBC8540-218A-458E-9B49-97A8FE4E29F2" Name="Arial 8" />
		<ActionSequence>
			<Action Type="Run">
				<RunWhat>SpecificProcecure</RunWhat>
				<Procedure>guipro::session::DownloadMarked</Procedure>
				<AbortOnError>true</AbortOnError>
			</Action>
		</ActionSequence>
	</PageObject>
	<PageObject Type="Selection Object">
		<SelectionType>CheckBoxes</SelectionType>
		<Location top="78" left="522" bottom="102" right="612" />
		<TabOrder>8</TabOrder>
		<Font GUID="BEBC8540-218A-458E-9B49-97A8FE4E29F2" Name="Arial 8" />
		<TextShown>IdentifierText</TextShown>
		<Border Style="None" MarginTop="5" MarginRight="5" MarginBottom="5" MarginLeft="5" />
		<BackgroundColor>
			<UserColor GUID="4C29CF98-3E51-4BAA-8563-90FCE3E3DF3B">default background</UserColor>
		</BackgroundColor>
		<ProcedureUponChange>guipro::session::MarkAll</ProcedureUponChange>
		<ExplicitIdentifier>
			<Identifier>guipro::session::markAllRequests</Identifier>
			<Description>guipro::LocalizedText( '41', guipro::CurrentLanguage )</Description>
		</ExplicitIdentifier>
	</PageObject>
	<PageObject Type="Button">
		<Location top="390" left="504" bottom="414" right="612" />
		<ReadOnly>VALUE := session::ResponseVersionID(session::selectedSession) = ""</ReadOnly>
		<Hidden>guipro::session::allUsersRequests</Hidden>
		<TabOrder>2</TabOrder>
		<LeaveOnEnter>false</LeaveOnEnter>
		<ButtonType>Text</ButtonType>
		<Title>guipro::LocalizedText( '43', guipro::CurrentLanguage )</Title>
		<TooltipText>"Load the result case"</TooltipText>
		<Font GUID="BEBC8540-218A-458E-9B49-97A8FE4E29F2" Name="Arial 8" />
		<ActionSequence>
			<Action Type="Run">
				<RunWhat>SpecificProcecure</RunWhat>
				<Procedure>guipro::session::LoadRequestResponse</Procedure>
				<AbortOnError>true</AbortOnError>
			</Action>
		</ActionSequence>
	</PageObject>
	<PageObject Type="Selection Object">
		<SelectionType>CheckBoxes</SelectionType>
		<Location top="78" left="12" bottom="102" right="228" />
		<Hidden>guipro::session::nonAdminUser</Hidden>
		<TabOrder>9</TabOrder>
		<Font GUID="BEBC8540-218A-458E-9B49-97A8FE4E29F2" Name="Arial 8" />
		<TextShown>IdentifierText</TextShown>
		<Border Style="None" MarginTop="5" MarginRight="5" MarginBottom="5" MarginLeft="5" />
		<BackgroundColor>
			<UserColor GUID="4C29CF98-3E51-4BAA-8563-90FCE3E3DF3B">default background</UserColor>
		</BackgroundColor>
		<ProcedureUponChange>guipro::session::UpdateSessionList</ProcedureUponChange>
		<ExplicitIdentifier>
			<Identifier>guipro::session::allUsersRequests</Identifier>
			<Description>guipro::LocalizedText( '44', guipro::CurrentLanguage )</Description>
		</ExplicitIdentifier>
	</PageObject>
	<PageObject Type="Button">
		<Location top="498" left="504" bottom="522" right="612" />
		<ReadOnly>guipro::session::noSessionsMarked</ReadOnly>
		<Hidden>guipro::session::singleUserRequest</Hidden>
		<TabOrder>12</TabOrder>
		<LeaveOnEnter>false</LeaveOnEnter>
		<ButtonType>Text</ButtonType>
		<Title>guipro::LocalizedText( '45', guipro::CurrentLanguage )</Title>
		<Font GUID="BEBC8540-218A-458E-9B49-97A8FE4E29F2" Name="Arial 8" />
		<ActionSequence>
			<Action Type="Run">
				<RunWhat>SpecificProcecure</RunWhat>
				<Procedure>guipro::session::TerminateMarked</Procedure>
				<AbortOnError>true</AbortOnError>
			</Action>
		</ActionSequence>
	</PageObject>
	<PageObject Type="Button">
		<Location top="450" left="504" bottom="474" right="612" />
		<ReadOnly>VALUE := session::CurrentStatus(session::selectedSession) &lt; 3 or session::CurrentStatus(session::selectedSession) &gt; 4</ReadOnly>
		<TabOrder>4</TabOrder>
		<LeaveOnEnter>false</LeaveOnEnter>
		<ButtonType>Text</ButtonType>
		<Title>guipro::LocalizedText( '15', guipro::CurrentLanguage )</Title>
		<TooltipText>"Terminate the selected request"</TooltipText>
		<Font GUID="BEBC8540-218A-458E-9B49-97A8FE4E29F2" Name="Arial 8" />
		<ActionSequence>
			<Action Type="LinkedPage">
				<Page PageGUID="FF43DB21-0851-48D5-B00C-5629083815FA" Name="Terminate" />
			</Action>
		</ActionSequence>
	</PageObject>
	<PageObject Type="Button">
		<Location top="420" left="504" bottom="444" right="612" />
		<ReadOnly>VALUE := NOT session::MessageLogVersionID(session::selectedSession)</ReadOnly>
		<Hidden>guipro::session::allUsersRequests</Hidden>
		<TabOrder>5</TabOrder>
		<LeaveOnEnter>false</LeaveOnEnter>
		<ButtonType>Text</ButtonType>
		<Title>guipro::LocalizedText( '16', guipro::CurrentLanguage )</Title>
		<TooltipText>"Open the log file"</TooltipText>
		<Font GUID="BEBC8540-218A-458E-9B49-97A8FE4E29F2" Name="Arial 8" />
		<ActionSequence>
			<Action Type="Run">
				<RunWhat>SpecificProcecure</RunWhat>
				<Procedure>guipro::session::DownloadAndOpenLog</Procedure>
				<AbortOnError>true</AbortOnError>
			</Action>
		</ActionSequence>
	</PageObject>
	<PageObject Type="Scalar">
		<Location top="360" left="12" bottom="462" right="486" />
		<ReadOnly>"Yes"</ReadOnly>
		<TabOrder>6</TabOrder>
		<Font GUID="BEBC8540-218A-458E-9B49-97A8FE4E29F2" Name="Arial 8" />
		<Border Style="InShadow" Width="2" MarginTop="5" MarginRight="5" MarginBottom="5" MarginLeft="5" />
		<BackgroundColor RGB="#ffffff" />
		<Layout>MultipleLineEditField</Layout>
		<HorizontalScrollbar>true</HorizontalScrollbar>
		<SeparatorSign>:</SeparatorSign>
		<ExplicitIdentifier>
			<Identifier>guipro::session::Summary</Identifier>
			<NumberFormat Width="15" Decimals="0" Alignment="Left" ShowDefaults="true" />
		</ExplicitIdentifier>
	</PageObject>
	<PageObject Type="Button">
		<Location top="360" left="504" bottom="384" right="612" />
		<ReadOnly>VALUE := session::CurrentStatus(session::selectedSession) &lt;&gt; 4</ReadOnly>
		<Hidden>guipro::session::allUsersRequests</Hidden>
		<TabOrder>3</TabOrder>
		<LeaveOnEnter>false</LeaveOnEnter>
		<ButtonType>Text</ButtonType>
		<Title>guipro::progress::Label</Title>
		<TooltipText>"Open the PRO Progress Window"</TooltipText>
		<Font GUID="BEBC8540-218A-458E-9B49-97A8FE4E29F2" Name="Arial 8" />
		<ActionSequence>
			<Action Type="Run">
				<RunWhat>SpecificProcecure</RunWhat>
				<Procedure>guipro::session::CloseRequestManager</Procedure>
				<AbortOnError>true</AbortOnError>
			</Action>
			<Action Type="Run">
				<RunWhat>SpecificProcecure</RunWhat>
				<Procedure>guipro::progress::UpdateProgressWindow</Procedure>
				<AbortOnError>true</AbortOnError>
			</Action>
		</ActionSequence>
	</PageObject>
	<PageObject Type="Line">
		<Location top="348" left="12" bottom="348" right="612" />
		<LineColor RGB="#000000" />
	</PageObject>
	<PageObject Type="Line">
		<Location top="486" left="12" bottom="486" right="612" />
		<LineColor RGB="#000000" />
	</PageObject>
	<UsedReferences>
		<Model>
			<Symbol>guipro::LocalizedText</Symbol>
			<Symbol>guipro::progress::Label</Symbol>
			<Symbol>guipro::progress::UpdateProgressWindow</Symbol>
			<Symbol>guipro::session::SessionList</Symbol>
			<Symbol>guipro::session::CurrentStatus</Symbol>
			<Symbol>guipro::session::CreateTime</Symbol>
			<Symbol>guipro::session::UserEnv</Symbol>
			<Symbol>guipro::session::UserName</Symbol>
			<Symbol>guipro::session::Application</Symbol>
			<Symbol>guipro::session::ResponseVersionID</Symbol>
			<Symbol>guipro::session::MessageLogVersionID</Symbol>
			<Symbol>guipro::session::Summary</Symbol>
			<Symbol>guipro::session::DateToList</Symbol>
			<Symbol>guipro::session::Mark</Symbol>
			<Symbol>guipro::session::SessionName</Symbol>
			<Symbol>guipro::session::CurrentStatusDescr</Symbol>
			<Symbol>guipro::session::GotResults</Symbol>
			<Symbol>guipro::session::noSessionsMarked</Symbol>
			<Symbol>guipro::session::nonAdminUser</Symbol>
			<Symbol>guipro::session::allUsersRequests</Symbol>
			<Symbol>guipro::session::singleUserRequest</Symbol>
			<Symbol>guipro::session::markAllRequests</Symbol>
			<Symbol>guipro::session::sessionColor</Symbol>
			<Symbol>guipro::session::MarkAll</Symbol>
			<Symbol>guipro::session::DownloadMarked</Symbol>
			<Symbol>guipro::session::TerminateMarked</Symbol>
			<Symbol>guipro::session::RemoveMarked</Symbol>
			<Symbol>guipro::session::DownloadAndOpenLog</Symbol>
			<Symbol>guipro::session::UpdateSessionList</Symbol>
			<Symbol>guipro::session::LoadRequestResponse</Symbol>
			<Symbol>guipro::session::CloseRequestManager</Symbol>
			<Symbol>guipro::session::sess</Symbol>
			<Symbol>guipro::session::selectedSession</Symbol>
			<Symbol>guipro::CurrentLanguage</Symbol>
		</Model>
	</UsedReferences>
</Page>
