<?xml version="1.0"?>
<Page Version="4000" TimeStamp="2014-10-02 11:08:38">
	<Location top="23" left="4" bottom="644" right="768" />
	<PageEditSize Type="Inherited">
		<Size Width="772" Height="622" />
	</PageEditSize>
	<ProjectUUID>69E2AF0F-ED8E-4ABE-8F66-1D09D7A2CB6D</ProjectUUID>
	<TemplatesTabOrderPosition>1</TemplatesTabOrderPosition>
	<ResizeData>
		<MainArea Line="FixedFromTop" Value="99">
			<TopArea Line="FixedFromLeft" Value="200" />
			<BottomArea Line="FixedFromLeft" Value="201">
				<LeftArea Line="FixedFromTop" Value="204">
					<BottomArea Line="FixedFromTop" Value="131" />
				</LeftArea>
				<RightArea Line="FixedFromTop" Value="85" />
			</BottomArea>
		</MainArea>
	</ResizeData>
	<Background Inherited="true" />
	<PageObject Type="Selection Object">
		<SelectionType>DropDownList</SelectionType>
		<Location top="579" left="9" bottom="606" right="189" />
		<TabOrder>2</TabOrder>
		<Font GUID="D9655227-ADFC-4833-B108-B87CB18F06C6" Name="Medium Font" />
		<TextShown>ElementName</TextShown>
		<Border Style="None" />
		<BackgroundColor RGB="#ffffff" />
		<ExplicitIdentifier>
			<Identifier>SelectedPlan</Identifier>
		</ExplicitIdentifier>
	</PageObject>
	<PageObject Type="Button">
		<Location top="345" left="9" bottom="369" right="192" />
		<TabOrder>3</TabOrder>
		<LeaveOnEnter>false</LeaveOnEnter>
		<ButtonType>Text</ButtonType>
		<Title>"Solve Scenario Models"</Title>
		<Font GUID="D9655227-ADFC-4833-B108-B87CB18F06C6" Name="Medium Font" />
		<ActionSequence>
			<Action Type="Run">
				<RunWhat>SpecificProcecure</RunWhat>
				<Procedure>SolveScenarioModels</Procedure>
				<AbortOnError>true</AbortOnError>
			</Action>
		</ActionSequence>
	</PageObject>
	<PageObject Type="Button">
		<Location top="375" left="9" bottom="399" right="192" />
		<TabOrder>4</TabOrder>
		<LeaveOnEnter>false</LeaveOnEnter>
		<ButtonType>Text</ButtonType>
		<Title>"Perform Scenario Analysis"</Title>
		<Font GUID="D9655227-ADFC-4833-B108-B87CB18F06C6" Name="Medium Font" />
		<ActionSequence>
			<Action Type="Run">
				<RunWhat>SpecificProcecure</RunWhat>
				<Procedure>PerformScenarioAnalysis</Procedure>
				<AbortOnError>true</AbortOnError>
			</Action>
		</ActionSequence>
	</PageObject>
	<PageObject Type="Button">
		<Location top="405" left="9" bottom="429" right="192" />
		<TabOrder>5</TabOrder>
		<LeaveOnEnter>false</LeaveOnEnter>
		<ButtonType>Text</ButtonType>
		<Title>"Solve Stochastic Model"</Title>
		<Font GUID="D9655227-ADFC-4833-B108-B87CB18F06C6" Name="Medium Font" />
		<ActionSequence>
			<Action Type="Run">
				<RunWhat>SpecificProcecure</RunWhat>
				<Procedure>SolveSP_PowerExpModel</Procedure>
				<AbortOnError>true</AbortOnError>
			</Action>
			<Action Type="Run">
				<RunWhat>SpecificProcecure</RunWhat>
				<Procedure>CopyStochSolInPlan</Procedure>
				<AbortOnError>true</AbortOnError>
			</Action>
		</ActionSequence>
	</PageObject>
	<PageObject Type="Button">
		<Location top="315" left="9" bottom="339" right="192" />
		<TabOrder>7</TabOrder>
		<LeaveOnEnter>false</LeaveOnEnter>
		<ButtonType>Text</ButtonType>
		<Title>"Restart"</Title>
		<Font GUID="D9655227-ADFC-4833-B108-B87CB18F06C6" Name="Medium Font" />
		<ActionSequence>
			<Action Type="Run">
				<RunWhat>SpecificProcecure</RunWhat>
				<Procedure>Restart</Procedure>
				<AbortOnError>true</AbortOnError>
			</Action>
		</ActionSequence>
	</PageObject>
	<PageObject Type="Pivot Table">
		<Location top="192" left="210" bottom="288" right="672" />
		<TabOrder>10</TabOrder>
		<ObjectUUID>1387FF93-9BAD-4978-B809-98C70810DB9A</ObjectUUID>
		<Font GUID="00000000-0000-0000-0000-000000000001" Name="Main Font" />
		<Border Style="InShadow" Width="2" MarginTop="5" MarginRight="5" MarginBottom="5" MarginLeft="5" />
		<Contents>
			<Explicit_Identifier>
				<Identifier ID="4110">ScenOrStoch( spl )</Identifier>
				<Title ID="4120">"Plan Based On"</Title>
				<Format>
					<Alignment ID="4330">"Center"</Alignment>
				</Format>
			</Explicit_Identifier>
			<Explicit_Identifier>
				<Identifier ID="4110">PlanNewCap( spl, p )</Identifier>
				<Title ID="4120">"New Capacity In Plan"</Title>
				<Format>
					<Decimal_Places ID="4312">2</Decimal_Places>
				</Format>
			</Explicit_Identifier>
			<Explicit_Identifier>
				<Identifier ID="4110">PlanTotalCosts( spl )</Identifier>
				<Title ID="4120">"Total Plan Costs"</Title>
				<Format>
					<Decimal_Places ID="4312">1</Decimal_Places>
				</Format>
			</Explicit_Identifier>
		</Contents>
		<Indices>
			<Explicit_Index>
				<Index ID="6510">spl</Index>
				<Header_Title ID="6530">"plan"</Header_Title>
			</Explicit_Index>
			<Explicit_Index>
				<Index ID="6510">p</Index>
				<Header_Title ID="6530">"plant type"</Header_Title>
			</Explicit_Index>
		</Indices>
		<General>
			<Font ExtraInfo="D9655227-ADFC-4833-B108-B87CB18F06C6" ID="1030">"Medium Font"</Font>
			<Save_Layout_State>
				<Store_Entire_Tree_Layout ID="1110">1</Store_Entire_Tree_Layout>
			</Save_Layout_State>
		</General>
		<Row_Area>
			<Background_Color ID="2010">RGB&lt;255,255,200&gt;</Background_Color>
			<Text_Color ExtraInfo="D4F48705-BFDF-4DF8-8E1F-D38EFF981024" ID="2020">"default selection"</Text_Color>
			<Headers>
				<Background_Color ExtraInfo="D4F48705-BFDF-4DF8-8E1F-D38EFF981024" ID="2120">"default selection"</Background_Color>
				<Text_Color ID="2130">RGB&lt;255,255,255&gt;</Text_Color>
			</Headers>
		</Row_Area>
		<Grid_Area>
			<Background_Color ID="5010">RGB&lt;255,255,255&gt;</Background_Color>
			<Alternating_Background_Color ID="5011">RGB&lt;225,225,225&gt;</Alternating_Background_Color>
			<Aggregators>
				<Background_Color ID="5220">RGB&lt;255,128,128&gt;</Background_Color>
			</Aggregators>
			<Sub_Header_Row_or_Column>
				<Background_Color ID="5320">RGB&lt;255,255,200&gt;</Background_Color>
			</Sub_Header_Row_or_Column>
		</Grid_Area>
	</PageObject>
	<PageObject Type="Pivot Table">
		<Location top="300" left="210" bottom="396" right="672" />
		<TabOrder>11</TabOrder>
		<ObjectUUID>51A16E77-15CD-4E38-A2EC-9FA080AC3093</ObjectUUID>
		<Font GUID="00000000-0000-0000-0000-000000000001" Name="Main Font" />
		<Border Style="InShadow" Width="2" MarginTop="5" MarginRight="5" MarginBottom="5" MarginLeft="5" />
		<Contents>
			<Explicit_Identifier>
				<Identifier ID="4110">PlanTotalCostsInScenario( pl, s )</Identifier>
				<Title ID="4120">"Total Plan Costs In Scenario"</Title>
				<Format>
					<Decimal_Places ID="4312">1</Decimal_Places>
				</Format>
			</Explicit_Identifier>
			<Explicit_Identifier>
				<Identifier ID="4110">PlanTotalExpectedCosts( pl )</Identifier>
				<Title ID="4120">"Expected Total Plan Costs"</Title>
				<Format>
					<Decimal_Places ID="4312">1</Decimal_Places>
				</Format>
			</Explicit_Identifier>
		</Contents>
		<Indices>
			<Explicit_Index>
				<Index ID="6510">s</Index>
				<Header_Title ID="6530">"scenario"</Header_Title>
			</Explicit_Index>
			<Explicit_Index>
				<Index ID="6510">pl</Index>
				<Header_Title ID="6530">"plan"</Header_Title>
			</Explicit_Index>
			<Identifier_Index>
				<Hide_if_Single_Identifier ID="6270">"No"</Hide_if_Single_Identifier>
			</Identifier_Index>
		</Indices>
		<General>
			<Font ExtraInfo="D9655227-ADFC-4833-B108-B87CB18F06C6" ID="1030">"Medium Font"</Font>
			<Save_Layout_State>
				<Store_Entire_Tree_Layout ID="1110">1</Store_Entire_Tree_Layout>
			</Save_Layout_State>
		</General>
		<Row_Area>
			<Background_Color ID="2010">RGB&lt;255,255,200&gt;</Background_Color>
			<Text_Color ExtraInfo="D4F48705-BFDF-4DF8-8E1F-D38EFF981024" ID="2020">"default selection"</Text_Color>
			<Headers>
				<Background_Color ExtraInfo="D4F48705-BFDF-4DF8-8E1F-D38EFF981024" ID="2120">"default selection"</Background_Color>
				<Text_Color ID="2130">RGB&lt;255,255,255&gt;</Text_Color>
			</Headers>
		</Row_Area>
		<Grid_Area>
			<Background_Color ID="5010">RGB&lt;255,255,255&gt;</Background_Color>
			<Alternating_Background_Color ID="5011">RGB&lt;225,225,225&gt;</Alternating_Background_Color>
			<Aggregators>
				<Background_Color ID="5220">RGB&lt;255,128,128&gt;</Background_Color>
			</Aggregators>
			<Sub_Header_Row_or_Column>
				<Background_Color ID="5320">RGB&lt;255,255,200&gt;</Background_Color>
			</Sub_Header_Row_or_Column>
		</Grid_Area>
	</PageObject>
	<PageObject Type="Pivot Table">
		<Location top="408" left="210" bottom="504" right="672" />
		<TabOrder>12</TabOrder>
		<ObjectUUID>4AE91375-9A9D-44CE-BBE1-A890A81F042C</ObjectUUID>
		<Font GUID="00000000-0000-0000-0000-000000000001" Name="Main Font" />
		<Border Style="InShadow" Width="2" MarginTop="5" MarginRight="5" MarginBottom="5" MarginLeft="5" />
		<Contents>
			<Explicit_Identifier>
				<Identifier ID="4110">PlanTotalCap( pl, p )</Identifier>
				<Title ID="4120">"Total Capacity In Plan"</Title>
				<Format>
					<Decimal_Places ID="4312">2</Decimal_Places>
				</Format>
			</Explicit_Identifier>
			<Explicit_Identifier>
				<Identifier ID="4110">PlanTotalExpectedCosts( pl )</Identifier>
				<Title ID="4120">"Expected Total Costs In Plan"</Title>
				<Format>
					<Decimal_Places ID="4312">1</Decimal_Places>
				</Format>
			</Explicit_Identifier>
		</Contents>
		<Indices>
			<Explicit_Index>
				<Index ID="6510">pl</Index>
				<Header_Title ID="6530">"plan"</Header_Title>
			</Explicit_Index>
			<Explicit_Index>
				<Index ID="6510">p</Index>
				<Header_Title ID="6530">"plant type"</Header_Title>
			</Explicit_Index>
		</Indices>
		<General>
			<Font ExtraInfo="D9655227-ADFC-4833-B108-B87CB18F06C6" ID="1030">"Medium Font"</Font>
			<Save_Layout_State>
				<Store_Entire_Tree_Layout ID="1110">1</Store_Entire_Tree_Layout>
			</Save_Layout_State>
		</General>
		<Row_Area>
			<Background_Color ID="2010">RGB&lt;255,255,200&gt;</Background_Color>
			<Text_Color ExtraInfo="D4F48705-BFDF-4DF8-8E1F-D38EFF981024" ID="2020">"default selection"</Text_Color>
			<Headers>
				<Background_Color ExtraInfo="D4F48705-BFDF-4DF8-8E1F-D38EFF981024" ID="2120">"default selection"</Background_Color>
				<Text_Color ID="2130">RGB&lt;255,255,255&gt;</Text_Color>
			</Headers>
		</Row_Area>
		<Grid_Area>
			<Background_Color ID="5010">RGB&lt;255,255,255&gt;</Background_Color>
			<Alternating_Background_Color ID="5011">RGB&lt;225,225,225&gt;</Alternating_Background_Color>
			<Aggregators>
				<Background_Color ID="5220">RGB&lt;255,128,128&gt;</Background_Color>
			</Aggregators>
			<Sub_Header_Row_or_Column>
				<Background_Color ID="5320">RGB&lt;255,255,200&gt;</Background_Color>
			</Sub_Header_Row_or_Column>
		</Grid_Area>
	</PageObject>
	<PageObject Type="Pivot Table">
		<Location top="516" left="210" bottom="612" right="672" />
		<TabOrder>13</TabOrder>
		<ObjectUUID>1A55BE03-70CE-47E2-B65A-E5BEF6748063</ObjectUUID>
		<Font GUID="00000000-0000-0000-0000-000000000001" Name="Main Font" />
		<Border Style="InShadow" Width="2" MarginTop="5" MarginRight="5" MarginBottom="5" MarginLeft="5" />
		<Contents>
			<Explicit_Identifier>
				<Identifier ID="4110">PlanCapImportedInScenario( SelectedPlan, s )</Identifier>
				<Title ID="4120">"Imported Capacity In Selected Plan For Scenario"</Title>
			</Explicit_Identifier>
			<Explicit_Identifier>
				<Identifier ID="4110">PlanTotalCostsInScenario( SelectedPlan, s )</Identifier>
				<Title ID="4120">"Total Costs Of Selected Plan In Scenario"</Title>
			</Explicit_Identifier>
		</Contents>
		<Indices>
			<Explicit_Index>
				<Index ID="6510">s</Index>
				<Header_Title ID="6530">"scenario"</Header_Title>
			</Explicit_Index>
		</Indices>
		<General>
			<Font ExtraInfo="D9655227-ADFC-4833-B108-B87CB18F06C6" ID="1030">"Medium Font"</Font>
			<Save_Layout_State>
				<Store_Entire_Tree_Layout ID="1110">1</Store_Entire_Tree_Layout>
			</Save_Layout_State>
		</General>
		<Row_Area>
			<Background_Color ID="2010">RGB&lt;255,255,200&gt;</Background_Color>
			<Text_Color ExtraInfo="D4F48705-BFDF-4DF8-8E1F-D38EFF981024" ID="2020">"default selection"</Text_Color>
			<Headers>
				<Background_Color ExtraInfo="D4F48705-BFDF-4DF8-8E1F-D38EFF981024" ID="2120">"default selection"</Background_Color>
				<Text_Color ID="2130">RGB&lt;255,255,255&gt;</Text_Color>
			</Headers>
		</Row_Area>
		<Grid_Area>
			<Background_Color ID="5010">RGB&lt;255,255,255&gt;</Background_Color>
			<Alternating_Background_Color ID="5011">RGB&lt;225,225,225&gt;</Alternating_Background_Color>
			<Aggregators>
				<Background_Color ID="5220">RGB&lt;255,128,128&gt;</Background_Color>
			</Aggregators>
			<Sub_Header_Row_or_Column>
				<Background_Color ID="5320">RGB&lt;255,255,200&gt;</Background_Color>
			</Sub_Header_Row_or_Column>
		</Grid_Area>
	</PageObject>
	<PageObject Type="Text">
		<Location top="564" left="9" bottom="588" right="108" />
		<StaticText>Select a plan:</StaticText>
		<Font GUID="782281DF-B022-4219-BECE-9D7A2C1EF71D" Name="Big Font" />
		<TextColor>
			<UserColor GUID="23F33851-505F-45B5-AA1F-5360CB8B3EFB">Text Blue</UserColor>
		</TextColor>
	</PageObject>
	<PageObject Type="Button">
		<Location top="216" left="6" bottom="240" right="192" />
		<TabOrder>8</TabOrder>
		<LeaveOnEnter>false</LeaveOnEnter>
		<ButtonType>Text</ButtonType>
		<Transparent>true</Transparent>
		<Font GUID="0BDEF216-23B3-4F0F-B5D6-83C5A7303CF9" Name="Buttons" />
		<ActionSequence>
			<Action Type="GotoPage">
				<IfDestinationNonExisting>Nowhere</IfDestinationNonExisting>
			</Action>
		</ActionSequence>
	</PageObject>
	<PageObject Type="Button">
		<Location top="246" left="6" bottom="270" right="192" />
		<TabOrder>6</TabOrder>
		<LeaveOnEnter>false</LeaveOnEnter>
		<ButtonType>Text</ButtonType>
		<Transparent>true</Transparent>
		<Font GUID="0BDEF216-23B3-4F0F-B5D6-83C5A7303CF9" Name="Buttons" />
		<ActionSequence>
			<Action Type="GotoPage">
				<Destination>Next</Destination>
				<IfDestinationNonExisting>Nowhere</IfDestinationNonExisting>
			</Action>
		</ActionSequence>
	</PageObject>
	<PageObject Type="Button">
		<Location top="186" left="6" bottom="210" right="192" />
		<TabOrder>9</TabOrder>
		<LeaveOnEnter>false</LeaveOnEnter>
		<ButtonType>Text</ButtonType>
		<Transparent>true</Transparent>
		<Font GUID="0BDEF216-23B3-4F0F-B5D6-83C5A7303CF9" Name="Buttons" />
		<ActionSequence>
			<Action Type="GotoPage">
				<Destination>Parent</Destination>
				<IfDestinationNonExisting>Nowhere</IfDestinationNonExisting>
			</Action>
		</ActionSequence>
	</PageObject>
	<PageObject Type="Text">
		<Location top="192" left="18" bottom="210" right="195" />
		<StaticText>Problem Description</StaticText>
		<Font GUID="C82FBF27-1614-41C9-B718-A431388D2B5A" Name="General Text" />
		<TextColor>
			<UserColor GUID="1798981A-C40D-4713-BC08-E97545963465">Link</UserColor>
		</TextColor>
	</PageObject>
	<PageObject Type="Text">
		<Location top="222" left="18" bottom="240" right="195" />
		<StaticText>Input Data</StaticText>
		<Font GUID="C82FBF27-1614-41C9-B718-A431388D2B5A" Name="General Text" />
		<TextColor>
			<UserColor GUID="1798981A-C40D-4713-BC08-E97545963465">Link</UserColor>
		</TextColor>
	</PageObject>
	<PageObject Type="Text">
		<Location top="252" left="18" bottom="270" right="195" />
		<StaticText>Stochastic Program</StaticText>
		<Font GUID="C82FBF27-1614-41C9-B718-A431388D2B5A" Name="General Text" />
		<TextColor>
			<UserColor GUID="1798981A-C40D-4713-BC08-E97545963465">Link</UserColor>
		</TextColor>
	</PageObject>
	<UsedReferences>
		<Model>
			<Symbol>SolveScenarioModels</Symbol>
			<Symbol>PerformScenarioAnalysis</Symbol>
			<Symbol>SolveSP_PowerExpModel</Symbol>
			<Symbol>CopyStochSolInPlan</Symbol>
			<Symbol>AllPlans</Symbol>
			<Symbol>ScenOrStoch</Symbol>
			<Symbol>PlanNewCap</Symbol>
			<Symbol>PlanTotalCap</Symbol>
			<Symbol>PlanTotalCosts</Symbol>
			<Symbol>PlanCapImportedInScenario</Symbol>
			<Symbol>PlanTotalCostsInScenario</Symbol>
			<Symbol>PlanTotalExpectedCosts</Symbol>
			<Symbol>Restart</Symbol>
			<Symbol>p</Symbol>
			<Symbol>s</Symbol>
			<Symbol>spl</Symbol>
			<Symbol>pl</Symbol>
			<Symbol>SelectedPlan</Symbol>
		</Model>
	</UsedReferences>
</Page>
