<?xml version="1.0"?>
<Page Version="4000" TimeStamp="2013-02-09 15:21:40">
	<PageEditSize Type="Inherited" />
	<ProjectUUID>D8F47F82-AD09-4F0B-BAFA-82370C3022D6</ProjectUUID>
	<TemplatesTabOrderPosition>1</TemplatesTabOrderPosition>
	<Background Inherited="true" />
	<PageObject Type="Table">
		<Location top="36" left="306" bottom="144" right="582" />
		<TabOrder>1</TabOrder>
		<Font GUID="00000000-0000-0000-0000-000000000001" Name="Main Font" />
		<Border Style="InShadow" Width="2" MarginTop="5" MarginRight="5" MarginBottom="5" MarginLeft="5" />
		<BackgroundColor RGB="#ffffff" />
		<RowIndentation>3</RowIndentation>
		<ElementTextAsTooltip>false</ElementTextAsTooltip>
		<ExplicitIdentifier>
			<Identifier>Employee( s, d )</Identifier>
			<FirstColumn>1</FirstColumn>
			<HeaderText>"W - The employee assinged to shift s on day d"</HeaderText>
			<NumberFormat Width="5" Decimals="0" Alignment="Center" />
		</ExplicitIdentifier>
	</PageObject>
	<PageObject Type="Scalar">
		<Location top="168" left="30" bottom="246" right="210" />
		<TabOrder>2</TabOrder>
		<Font GUID="00000000-0000-0000-0000-000000000001" Name="Main Font" />
		<Border Style="InShadow" Width="2" MarginTop="5" MarginRight="5" MarginBottom="5" MarginLeft="5" />
		<BackgroundColor RGB="#ffffff" />
		<Layout>Text-Value</Layout>
		<SeparatorSign>=</SeparatorSign>
		<ExplicitIdentifier>
			<Identifier>MaxEmployeesPerShift</Identifier>
			<NumberFormat Width="5" Decimals="0" Scientific="IfTooSmallorLarge" Alignment="Center" ShowDefaults="true" />
		</ExplicitIdentifier>
		<ExplicitIdentifier>
			<Identifier>obj</Identifier>
			<NumberFormat Width="5" Decimals="0" Scientific="IfTooSmallorLarge" Alignment="Center" ShowDefaults="true" />
		</ExplicitIdentifier>
	</PageObject>
	<PageObject Type="Composite Table">
		<Location top="270" left="30" bottom="360" right="162" />
		<TabOrder>3</TabOrder>
		<Font GUID="00000000-0000-0000-0000-000000000001" Name="Main Font" />
		<Border Style="InShadow" Width="2" MarginTop="5" MarginRight="5" MarginBottom="5" MarginLeft="5" />
		<BackgroundColor RGB="#ffffff" />
		<Domain>
			<Identifier>SV( s, isv )</Identifier>
			<Index Name="s" />
			<Index Name="isv" />
		</Domain>
		<ExplicitIdentifier>
			<Identifier>SV( s, isv )</Identifier>
			<NumberFormat Width="15" Decimals="0" Alignment="Left" />
		</ExplicitIdentifier>
	</PageObject>
	<PageObject Type="Table">
		<Location top="168" left="228" bottom="444" right="306" />
		<TabOrder>5</TabOrder>
		<Font GUID="00000000-0000-0000-0000-000000000001" Name="Main Font" />
		<Border Style="InShadow" Width="2" MarginTop="5" MarginRight="5" MarginBottom="5" MarginLeft="5" />
		<BackgroundColor RGB="#ffffff" />
		<RowIndentation>3</RowIndentation>
		<ElementTextAsTooltip>false</ElementTextAsTooltip>
		<ExplicitIdentifier>
			<Identifier>AllVariables( CP_Variables )</Identifier>
			<FirstColumn>1</FirstColumn>
			<NumberFormat Width="1" Decimals="0" Binary="true" />
		</ExplicitIdentifier>
	</PageObject>
	<PageObject Type="Table">
		<Location top="168" left="348" bottom="444" right="564" />
		<TabOrder>4</TabOrder>
		<Font GUID="00000000-0000-0000-0000-000000000001" Name="Main Font" />
		<Border Style="InShadow" Width="2" MarginTop="5" MarginRight="5" MarginBottom="5" MarginLeft="5" />
		<BackgroundColor RGB="#ffffff" />
		<RowIndentation>3</RowIndentation>
		<ElementTextAsTooltip>false</ElementTextAsTooltip>
		<ExplicitIdentifier>
			<Identifier>AllConstraints( CP_Constraints )</Identifier>
			<FirstColumn>1</FirstColumn>
			<NumberFormat Width="1" Decimals="0" Binary="true" />
		</ExplicitIdentifier>
	</PageObject>
	<UsedReferences>
		<Model>
			<Symbol>CP_Variables</Symbol>
			<Symbol>d</Symbol>
			<Symbol>s</Symbol>
			<Symbol>obj</Symbol>
			<Symbol>SV</Symbol>
			<Symbol>AllVariables</Symbol>
			<Symbol>AllVariablesConstraints</Symbol>
			<Symbol>CP_Constraints</Symbol>
			<Symbol>Employee</Symbol>
			<Symbol>MaxEmployeesPerShift</Symbol>
			<Symbol>isv</Symbol>
			<Symbol>AllConstraints</Symbol>
		</Model>
	</UsedReferences>
</Page>
