<?xml version="1.0"?>
<Page Version="4000" TimeStamp="2013-02-09 15:21:40">
	<PageEditSize Type="Inherited" />
	<ProjectUUID>D8F47F82-AD09-4F0B-BAFA-82370C3022D6</ProjectUUID>
	<TemplatesTabOrderPosition>1</TemplatesTabOrderPosition>
	<Background Inherited="true" />
	<PageObject Type="Table">
		<Location top="48" left="66" bottom="162" right="426" />
		<TabOrder>1</TabOrder>
		<Font GUID="00000000-0000-0000-0000-000000000001" Name="Main Font" />
		<Border Style="InShadow" Width="2" MarginTop="5" MarginRight="5" MarginBottom="5" MarginLeft="5" />
		<BackgroundColor RGB="#ffffff" />
		<RowIndentation>3</RowIndentation>
		<ElementTextAsTooltip>false</ElementTextAsTooltip>
		<ExplicitIdentifier>
			<Identifier>Shift( e, d )</Identifier>
			<FirstColumn>1</FirstColumn>
			<HeaderText>"The shift assigned to employee e on day d"</HeaderText>
			<NumberFormat Width="6" Decimals="0" Alignment="Center" />
		</ExplicitIdentifier>
	</PageObject>
	<PageObject Type="Table">
		<Location top="180" left="66" bottom="294" right="426" />
		<TabOrder>2</TabOrder>
		<Font GUID="00000000-0000-0000-0000-000000000001" Name="Main Font" />
		<Border Style="InShadow" Width="2" MarginTop="5" MarginRight="5" MarginBottom="5" MarginLeft="5" />
		<BackgroundColor RGB="#ffffff" />
		<RowIndentation>3</RowIndentation>
		<ElementTextAsTooltip>false</ElementTextAsTooltip>
		<ExplicitIdentifier>
			<Identifier>Employee( s, d )</Identifier>
			<FirstColumn>1</FirstColumn>
			<HeaderText>"The employee assigned to shift s on day d"</HeaderText>
			<NumberFormat Width="5" Decimals="0" Alignment="Center" />
		</ExplicitIdentifier>
	</PageObject>
	<UsedReferences>
		<Model>
			<Symbol>d</Symbol>
			<Symbol>e</Symbol>
			<Symbol>s</Symbol>
			<Symbol>Employee</Symbol>
			<Symbol>Shift</Symbol>
		</Model>
	</UsedReferences>
</Page>
