<?xml version="1.0"?>
<Page Version="4000" TimeStamp="2014-10-02 11:08:38">
	<Location top="23" left="4" bottom="644" right="768" />
	<PageEditSize Type="Inherited">
		<Size Width="772" Height="622" />
	</PageEditSize>
	<ProjectUUID>892CE764-3D68-4B5D-85C3-38539348B1FB</ProjectUUID>
	<TemplatesTabOrderPosition>1</TemplatesTabOrderPosition>
	<ResizeData>
		<MainArea Line="FixedFromTop" Value="99">
			<TopArea Line="FixedFromLeft" Value="200" />
			<BottomArea Line="FixedFromLeft" Value="200">
				<LeftArea Line="FixedFromTop" Value="204">
					<BottomArea Line="FixedFromTop" Value="120" />
				</LeftArea>
				<RightArea Line="FixedFromTop" Value="85">
					<BottomArea Line="FixedFromBottom" Value="267" />
				</RightArea>
			</BottomArea>
		</MainArea>
	</ResizeData>
	<Background>
		<UserColor GUID="D2D0CB77-02BE-45B2-A5E3-61692B6C6803">white</UserColor>
	</Background>
	<HorizontalGridDistance>3</HorizontalGridDistance>
	<VerticalGridDistance>3</VerticalGridDistance>
	<PageObject Type="Button">
		<Location top="186" left="6" bottom="210" right="192" />
		<TabOrder>2</TabOrder>
		<ButtonType>Text</ButtonType>
		<Transparent>true</Transparent>
		<Font GUID="0BDEF216-23B3-4F0F-B5D6-83C5A7303CF9" Name="Buttons" />
		<ActionSequence>
			<Action Type="LinkedPage">
				<Page PageGUID="CF963E05-08C6-4823-8904-75C1683E92BE" Name="AIMMS Demo" />
			</Action>
		</ActionSequence>
	</PageObject>
	<PageObject Type="Text">
		<Location top="192" left="207" bottom="207" right="549" />
		<StaticText>Specify demand of traffic between every origin-destination pair</StaticText>
		<Alignment>Center</Alignment>
		<Font GUID="C82FBF27-1614-41C9-B718-A431388D2B5A" Name="General Text" />
		<TextColor>
			<UserColor GUID="A936F636-EFDC-475F-9604-F9A2B8D7932C">default selection</UserColor>
		</TextColor>
	</PageObject>
	<PageObject Type="Button">
		<Location top="309" left="6" bottom="333" right="192" />
		<TabOrder>5</TabOrder>
		<ButtonType>Text</ButtonType>
		<Title>"Solve TrafficEquilibrium"</Title>
		<Font GUID="0BDEF216-23B3-4F0F-B5D6-83C5A7303CF9" Name="Buttons" />
		<ActionSequence>
			<Action Type="Run">
				<RunWhat>SpecificProcecure</RunWhat>
				<Procedure>MainExecution</Procedure>
				<AbortOnError>true</AbortOnError>
			</Action>
		</ActionSequence>
	</PageObject>
	<PageObject Type="Button">
		<Location top="396" left="6" bottom="420" right="192" />
		<TabOrder>6</TabOrder>
		<ButtonType>Text</ButtonType>
		<Title>"Reload Initial Data"</Title>
		<Font GUID="0BDEF216-23B3-4F0F-B5D6-83C5A7303CF9" Name="Buttons" />
		<ActionSequence>
			<Action Type="Run">
				<RunWhat>SpecificProcecure</RunWhat>
				<Procedure>MainInitialization</Procedure>
				<AbortOnError>true</AbortOnError>
			</Action>
		</ActionSequence>
	</PageObject>
	<PageObject Type="Text">
		<Location top="363" left="207" bottom="378" right="765" />
		<StaticText>Specify the length and capacity of the roadsegment</StaticText>
		<Alignment>Center</Alignment>
		<Font GUID="C82FBF27-1614-41C9-B718-A431388D2B5A" Name="General Text" />
		<TextColor>
			<UserColor GUID="A936F636-EFDC-475F-9604-F9A2B8D7932C">default selection</UserColor>
		</TextColor>
	</PageObject>
	<PageObject Type="Pivot Table">
		<Location top="381" left="207" bottom="579" right="762" />
		<TabOrder>10</TabOrder>
		<ObjectUUID>1673F755-1D40-4F3A-96E0-C65B9684DAC9</ObjectUUID>
		<Font GUID="6FB2BD52-4CA2-4FDF-91E3-20FD1942CA80" Name="default" />
		<Border Style="InShadow" Width="2" MarginTop="5" MarginRight="5" MarginBottom="5" MarginLeft="5" />
		<Contents>
			<Explicit_Identifier>
				<Identifier ID="4110">TolledArcs( a )</Identifier>
				<Title ID="4120">"Tolled Road"</Title>
				<Format>
					<Show_Checkboxes ID="4315">"Yes"</Show_Checkboxes>
				</Format>
			</Explicit_Identifier>
			<Explicit_Identifier>
				<Identifier ID="4110">RoadLength( a )</Identifier>
				<Title ID="4120">"Road Length"</Title>
			</Explicit_Identifier>
			<Explicit_Identifier>
				<Identifier ID="4110">RoadCapacity( a )</Identifier>
				<Title ID="4120">"Road Capacity"</Title>
			</Explicit_Identifier>
			<Explicit_Identifier>
				<Identifier ID="4110">TollFee( a )</Identifier>
				<Title ID="4120">"Toll Fee"</Title>
				<Format>
					<Decimal_Places ID="4312">2</Decimal_Places>
				</Format>
				<Readonly ID="4122">1</Readonly>
			</Explicit_Identifier>
			<Explicit_Identifier>
				<Identifier ID="4110">RoadTrafficWithoutToll( a )</Identifier>
				<Title ID="4120">"Traffic without Toll"</Title>
				<Readonly ID="4122">1</Readonly>
			</Explicit_Identifier>
			<Explicit_Identifier>
				<Identifier ID="4110">RoadTrafficWithToll( a )</Identifier>
				<Title ID="4120">"Traffic with Toll"</Title>
				<Readonly ID="4122">1</Readonly>
			</Explicit_Identifier>
			<Explicit_Identifier>
				<Identifier ID="4110">VALUE( a ) := RoadTrafficWithoutToll(a) - RoadTrafficWithToll(a)</Identifier>
				<Title ID="4120">"Difference"</Title>
			</Explicit_Identifier>
			<Defaults>
				<Format>
					<Decimal_Places ID="4212">1</Decimal_Places>
				</Format>
			</Defaults>
		</Contents>
		<Indices>
			<Explicit_Index>
				<Index ID="6510">a</Index>
				<Header_Title ID="6530">"Road Segment"</Header_Title>
			</Explicit_Index>
		</Indices>
		<Row_Area>
			<Background_Color ID="2010">RGB&lt;255,255,200&gt;</Background_Color>
			<Text_Color ExtraInfo="A936F636-EFDC-475F-9604-F9A2B8D7932C" ID="2020">"default selection"</Text_Color>
			<Headers>
				<Background_Color ExtraInfo="A936F636-EFDC-475F-9604-F9A2B8D7932C" ID="2120">"default selection"</Background_Color>
				<Text_Color ID="2130">RGB&lt;255,255,255&gt;</Text_Color>
			</Headers>
		</Row_Area>
		<Grid_Area>
			<Background_Color ID="5010">RGB&lt;255,255,255&gt;</Background_Color>
			<Alternating_Background_Color ID="5011">RGB&lt;225,225,225&gt;</Alternating_Background_Color>
			<Aggregators>
				<Background_Color ID="5220">RGB&lt;255,128,128&gt;</Background_Color>
			</Aggregators>
			<Sub_Header_Row_or_Column>
				<Background_Color ID="5320">RGB&lt;255,255,200&gt;</Background_Color>
			</Sub_Header_Row_or_Column>
		</Grid_Area>
	</PageObject>
	<PageObject Type="Pivot Table">
		<Location top="210" left="207" bottom="354" right="549" />
		<TabOrder>7</TabOrder>
		<ObjectUUID>B87D5C87-9083-44A4-BE4E-87B35A155267</ObjectUUID>
		<Font GUID="6FB2BD52-4CA2-4FDF-91E3-20FD1942CA80" Name="default" />
		<Border Style="InShadow" Width="2" MarginTop="5" MarginRight="5" MarginBottom="5" MarginLeft="5" />
		<Contents>
			<Explicit_Identifier>
				<Identifier ID="4110">Demand( o, d )</Identifier>
			</Explicit_Identifier>
			<Explicit_Identifier>
				<Identifier ID="4110">AverageCostWithoutToll( o, d )</Identifier>
				<Title ID="4120">"Average Cost without Toll"</Title>
				<Readonly ID="4122">1</Readonly>
			</Explicit_Identifier>
			<Explicit_Identifier>
				<Identifier ID="4110">AverageCostWithToll( o, d )</Identifier>
				<Title ID="4120">"Average Cost with Toll"</Title>
				<Readonly ID="4122">1</Readonly>
			</Explicit_Identifier>
			<Explicit_Identifier>
				<Identifier ID="4110">VALUE( o, d ) := AverageCostWithoutToll(o,d) - AverageCostWithToll(o,d)</Identifier>
				<Title ID="4120">"Difference"</Title>
			</Explicit_Identifier>
			<Defaults>
				<Format>
					<Decimal_Places ID="4212">1</Decimal_Places>
				</Format>
			</Defaults>
		</Contents>
		<Indices>
			<Explicit_Index>
				<Index ID="6510">o</Index>
				<Header_Title ID="6530">"Origin"</Header_Title>
			</Explicit_Index>
			<Explicit_Index>
				<Index ID="6510">d</Index>
				<Header_Title ID="6530">"Destination"</Header_Title>
			</Explicit_Index>
		</Indices>
		<Row_Area>
			<Background_Color ID="2010">RGB&lt;255,255,200&gt;</Background_Color>
			<Text_Color ExtraInfo="A936F636-EFDC-475F-9604-F9A2B8D7932C" ID="2020">"default selection"</Text_Color>
			<Headers>
				<Background_Color ExtraInfo="A936F636-EFDC-475F-9604-F9A2B8D7932C" ID="2120">"default selection"</Background_Color>
				<Text_Color ID="2130">RGB&lt;255,255,255&gt;</Text_Color>
			</Headers>
		</Row_Area>
		<Grid_Area>
			<Background_Color ID="5010">RGB&lt;255,255,255&gt;</Background_Color>
			<Alternating_Background_Color ID="5011">RGB&lt;225,225,225&gt;</Alternating_Background_Color>
			<Aggregators>
				<Background_Color ID="5220">RGB&lt;255,128,128&gt;</Background_Color>
			</Aggregators>
			<Sub_Header_Row_or_Column>
				<Background_Color ID="5320">RGB&lt;255,255,200&gt;</Background_Color>
			</Sub_Header_Row_or_Column>
		</Grid_Area>
	</PageObject>
	<PageObject Type="Button">
		<Location top="216" left="6" bottom="240" right="192" />
		<TabOrder>3</TabOrder>
		<ButtonType>Text</ButtonType>
		<Transparent>true</Transparent>
		<Font GUID="0BDEF216-23B3-4F0F-B5D6-83C5A7303CF9" Name="Buttons" />
		<ActionSequence>
			<Action Type="GotoPage" />
			<Action Type="ClosePage" />
		</ActionSequence>
	</PageObject>
	<PageObject Type="Button">
		<Location top="336" left="6" bottom="360" right="192" />
		<TabOrder>4</TabOrder>
		<ButtonType>Text</ButtonType>
		<Title>"Solve model with toll roads"</Title>
		<Font GUID="0BDEF216-23B3-4F0F-B5D6-83C5A7303CF9" Name="Buttons" />
		<ActionSequence>
			<Action Type="Run">
				<RunWhat>SpecificProcecure</RunWhat>
				<Procedure>SolveTrafficEquilibriumWithToll</Procedure>
				<AbortOnError>true</AbortOnError>
			</Action>
		</ActionSequence>
	</PageObject>
	<PageObject Type="Pivot Table">
		<Location top="210" left="552" bottom="288" right="762" />
		<TabOrder>8</TabOrder>
		<ObjectUUID>1303CB38-BF8E-4C19-A60F-5D5B94B47EBC</ObjectUUID>
		<Font GUID="6FB2BD52-4CA2-4FDF-91E3-20FD1942CA80" Name="default" />
		<Border Style="InShadow" Width="2" MarginTop="5" MarginRight="5" MarginBottom="5" MarginLeft="5" />
		<Contents>
			<Explicit_Identifier>
				<Identifier ID="4110">TollFeeLowerBound</Identifier>
				<Title ID="4120">"Lower bound of Toll Fee"</Title>
			</Explicit_Identifier>
			<Explicit_Identifier>
				<Identifier ID="4110">TollFeeUpperBound</Identifier>
				<Title ID="4120">"Upper bound of Toll Fee"</Title>
			</Explicit_Identifier>
			<Defaults>
				<Format>
					<Decimal_Places ID="4212">2</Decimal_Places>
				</Format>
			</Defaults>
		</Contents>
		<Row_Area>
			<Background_Color ID="2010">RGB&lt;255,255,200&gt;</Background_Color>
			<Text_Color ExtraInfo="A936F636-EFDC-475F-9604-F9A2B8D7932C" ID="2020">"default selection"</Text_Color>
			<Headers>
				<Background_Color ExtraInfo="A936F636-EFDC-475F-9604-F9A2B8D7932C" ID="2120">"default selection"</Background_Color>
				<Text_Color ID="2130">RGB&lt;255,255,255&gt;</Text_Color>
			</Headers>
		</Row_Area>
		<Grid_Area>
			<Background_Color ID="5010">RGB&lt;255,255,255&gt;</Background_Color>
			<Alternating_Background_Color ID="5011">RGB&lt;225,225,225&gt;</Alternating_Background_Color>
			<Aggregators>
				<Background_Color ID="5220">RGB&lt;255,128,128&gt;</Background_Color>
			</Aggregators>
			<Sub_Header_Row_or_Column>
				<Background_Color ID="5320">RGB&lt;255,255,200&gt;</Background_Color>
			</Sub_Header_Row_or_Column>
		</Grid_Area>
	</PageObject>
	<PageObject Type="Scalar">
		<Location top="324" left="552" bottom="354" right="756" />
		<TabOrder>9</TabOrder>
		<Font GUID="428A93A5-26E1-4F42-8B0F-227299B289C7" Name="Table Text" />
		<Border Style="InShadow" Width="2" MarginTop="5" MarginRight="5" MarginBottom="5" MarginLeft="5" />
		<BackgroundColor RGB="#ffffff" />
		<TextColor>
			<UserColor GUID="A936F636-EFDC-475F-9604-F9A2B8D7932C">default selection</UserColor>
		</TextColor>
		<Layout>Text-Value</Layout>
		<SeparatorSign>=</SeparatorSign>
		<ExplicitIdentifier>
			<Identifier>TotalFeeIncome</Identifier>
			<NumberFormat Width="5" Decimals="1" Scientific="IfTooSmallorLarge" Alignment="Center" ShowDefaults="true" />
			<Title>"Toll fees' total income"</Title>
		</ExplicitIdentifier>
	</PageObject>
	<PageObject Type="Text">
		<Location top="192" left="555" bottom="207" right="765" />
		<StaticText>Bounds on Toll fee</StaticText>
		<Alignment>Center</Alignment>
		<Font GUID="C82FBF27-1614-41C9-B718-A431388D2B5A" Name="General Text" />
		<TextColor>
			<UserColor GUID="A936F636-EFDC-475F-9604-F9A2B8D7932C">default selection</UserColor>
		</TextColor>
	</PageObject>
	<PageObject Type="Text">
		<Location top="300" left="555" bottom="315" right="765" />
		<StaticText>Total income</StaticText>
		<Alignment>Center</Alignment>
		<Font GUID="C82FBF27-1614-41C9-B718-A431388D2B5A" Name="General Text" />
		<TextColor>
			<UserColor GUID="A936F636-EFDC-475F-9604-F9A2B8D7932C">default selection</UserColor>
		</TextColor>
	</PageObject>
	<PageObject Type="Rectangle">
		<Location top="276" left="6" bottom="300" right="192" />
		<FillColor>
			<UserColor GUID="A3839E01-47DC-46BB-819D-6CECB851B151">Bar Blue</UserColor>
		</FillColor>
		<LineColor>
			<UserColor GUID="A3839E01-47DC-46BB-819D-6CECB851B151">Bar Blue</UserColor>
		</LineColor>
	</PageObject>
	<PageObject Type="Text">
		<Location top="279" left="18" bottom="297" right="186" />
		<StaticText>Execution</StaticText>
		<Font GUID="107CF1DD-5B8E-41FC-BD55-10C950947E3C" Name="Headers" />
		<TextColor>
			<UserColor GUID="B5956EEA-5F3E-4BD0-85C7-9F70EB490991">Header Blue</UserColor>
		</TextColor>
	</PageObject>
	<PageObject Type="Text">
		<Location top="192" left="18" bottom="210" right="195" />
		<StaticText>Problem Description</StaticText>
		<Font GUID="C82FBF27-1614-41C9-B718-A431388D2B5A" Name="General Text" />
		<TextColor>
			<UserColor GUID="1798981A-C40D-4713-BC08-E97545963465">Link</UserColor>
		</TextColor>
	</PageObject>
	<PageObject Type="Text">
		<Location top="222" left="18" bottom="240" right="195" />
		<StaticText>Single Results</StaticText>
		<Font GUID="C82FBF27-1614-41C9-B718-A431388D2B5A" Name="General Text" />
		<TextColor>
			<UserColor GUID="1798981A-C40D-4713-BC08-E97545963465">Link</UserColor>
		</TextColor>
	</PageObject>
	<UsedReferences>
		<Model>
			<Symbol>Demand</Symbol>
			<Symbol>RoadLength</Symbol>
			<Symbol>RoadCapacity</Symbol>
			<Symbol>TollFee</Symbol>
			<Symbol>TotalFeeIncome</Symbol>
			<Symbol>TollFeeLowerBound</Symbol>
			<Symbol>TollFeeUpperBound</Symbol>
			<Symbol>TolledArcs</Symbol>
			<Symbol>RoadTrafficWithToll</Symbol>
			<Symbol>RoadTrafficWithoutToll</Symbol>
			<Symbol>AverageCostWithToll</Symbol>
			<Symbol>AverageCostWithoutToll</Symbol>
			<Symbol>MainInitialization</Symbol>
			<Symbol>MainExecution</Symbol>
			<Symbol>SolveTrafficEquilibriumWithToll</Symbol>
			<Symbol>o</Symbol>
			<Symbol>d</Symbol>
			<Symbol>a</Symbol>
		</Model>
	</UsedReferences>
</Page>
