<?xml version="1.0"?>
<Page Version="4000" TimeStamp="2014-10-02 11:08:38">
	<Location top="23" left="4" bottom="644" right="768" />
	<PageEditSize Type="Inherited">
		<Size Width="772" Height="622" />
	</PageEditSize>
	<ProjectUUID>8F2E7F25-EE03-41BC-9A2D-7D0530DE3B45</ProjectUUID>
	<TemplatesTabOrderPosition>4</TemplatesTabOrderPosition>
	<ResizeData>
		<MainArea Line="FixedFromTop" Value="99">
			<TopArea Line="FixedFromLeft" Value="200" />
			<BottomArea Line="FixedFromLeft" Value="201">
				<LeftArea Line="FixedFromTop" Value="204" />
				<RightArea Line="FixedFromTop" Value="85">
					<BottomArea Line="FixedFromLeft" Value="240" />
				</RightArea>
			</BottomArea>
		</MainArea>
	</ResizeData>
	<Background>
		<UserColor GUID="8AC7590F-4549-4E19-A63E-8B3058966075">white</UserColor>
	</Background>
	<HorizontalGridDistance>3</HorizontalGridDistance>
	<VerticalGridDistance>3</VerticalGridDistance>
	<PageObject Type="Button">
		<Location top="366" left="6" bottom="390" right="192" />
		<TabOrder>3</TabOrder>
		<ButtonType>Text</ButtonType>
		<Title>"Run Experiment"</Title>
		<Font GUID="0BDEF216-23B3-4F0F-B5D6-83C5A7303CF9" Name="Buttons" />
		<ActionSequence>
			<Action Type="Run">
				<RunWhat>SpecificProcecure</RunWhat>
				<Procedure>RunExperiment</Procedure>
				<AbortOnError>true</AbortOnError>
			</Action>
		</ActionSequence>
	</PageObject>
	<PageObject Type="Scalar">
		<Location top="327" left="6" bottom="360" right="192" />
		<TabOrder>6</TabOrder>
		<Font GUID="4166DA76-F449-4BB3-A971-186250280A09" Name="default" />
		<Border Style="InShadow" Width="2" MarginTop="5" MarginRight="5" MarginBottom="5" MarginLeft="5" />
		<BackgroundColor RGB="#ffffff" />
		<Layout>Text-Value</Layout>
		<SeparatorSign>=</SeparatorSign>
		<ExplicitIdentifier>
			<Identifier>NrExperiments</Identifier>
			<NumberFormat Width="5" Decimals="0" Alignment="Center" ShowDefaults="true" />
			<Title>"Nr Experiments"</Title>
		</ExplicitIdentifier>
	</PageObject>
	<PageObject Type="Scalar">
		<Location top="189" left="207" bottom="255" right="435" />
		<ReadOnly>"Yes"</ReadOnly>
		<TabOrder>7</TabOrder>
		<Font GUID="4166DA76-F449-4BB3-A971-186250280A09" Name="default" />
		<Border Style="InShadow" Width="2" MarginTop="5" MarginRight="5" MarginBottom="5" MarginLeft="5" />
		<BackgroundColor RGB="#ffffff" />
		<Layout>Text-Value</Layout>
		<SeparatorSign>=</SeparatorSign>
		<ExplicitIdentifier>
			<Identifier>BestSoFar</Identifier>
			<NumberFormat Width="8" Decimals="2" Alignment="Center" ShowDefaults="true" />
			<Color>2EBD2C20-5306-4BDF-AEE9-2CCE8206D415 blue</Color>
			<Title>"Best So Far"</Title>
		</ExplicitIdentifier>
		<ExplicitIdentifier>
			<Identifier>SolutionTime</Identifier>
			<NumberFormat Width="8" Decimals="2" Scientific="IfTooSmallorLarge" Alignment="Center" ShowDefaults="true" />
			<Color>2EBD2C20-5306-4BDF-AEE9-2CCE8206D415 blue</Color>
			<Title>"Time (normal)"</Title>
		</ExplicitIdentifier>
		<ExplicitIdentifier>
			<Identifier>SolutionTimeParallel</Identifier>
			<NumberFormat Width="8" Decimals="2" Scientific="IfTooSmallorLarge" Alignment="Center" ShowDefaults="true" />
			<Color>2EBD2C20-5306-4BDF-AEE9-2CCE8206D415 blue</Color>
			<Title>"Time (Parallel)"</Title>
		</ExplicitIdentifier>
	</PageObject>
	<PageObject Type="Selection Object">
		<SelectionType>DropDownList</SelectionType>
		<Location top="276" left="6" bottom="300" right="192" />
		<TabOrder>8</TabOrder>
		<Font GUID="4166DA76-F449-4BB3-A971-186250280A09" Name="default" />
		<TextShown>ElementName</TextShown>
		<Border Style="None" />
		<BackgroundColor RGB="#ffffff" />
		<ExplicitIdentifier>
			<Identifier>SelectedNLPSolver</Identifier>
		</ExplicitIdentifier>
	</PageObject>
	<PageObject Type="Pivot Table">
		<Location top="261" left="207" bottom="612" right="435" />
		<TabOrder>10</TabOrder>
		<ObjectUUID>C1C7ED45-126D-4FC9-83C5-6C1779ED502E</ObjectUUID>
		<Font GUID="4166DA76-F449-4BB3-A971-186250280A09" Name="default" />
		<Border Style="Line" Width="1" MarginTop="5" MarginRight="5" MarginBottom="5" MarginLeft="5" />
		<Contents>
			<Explicit_Identifier>
				<Identifier ID="4110">SolutionValue( e )</Identifier>
				<Title ID="4120">"Solution Value"</Title>
				<Format>
					<Decimal_Places ID="4312">4</Decimal_Places>
				</Format>
				<Colors>
					<Text_Color ID="4165">2EBD2C20-5306-4BDF-AEE9-2CCE8206D415 blue</Text_Color>
				</Colors>
			</Explicit_Identifier>
			<Explicit_Identifier>
				<Identifier ID="4110">UsedSolver( e )</Identifier>
				<Title ID="4120">"Solver"</Title>
				<Colors>
					<Text_Color ID="4165">2EBD2C20-5306-4BDF-AEE9-2CCE8206D415 blue</Text_Color>
				</Colors>
			</Explicit_Identifier>
			<Defaults>
				<Format>
					<Decimal_Places ID="4212">4</Decimal_Places>
				</Format>
				<Readonly ID="4052">1</Readonly>
			</Defaults>
		</Contents>
		<Indices>
			<Explicit_Index>
				<Index ID="6510">e</Index>
				<Header_Title ID="6530">"Run"</Header_Title>
			</Explicit_Index>
			<Identifier_Index>
				<Header_Title ID="6230">""</Header_Title>
				<Location_in_Initial_View ID="6260">"In Columns"</Location_in_Initial_View>
				<Hide_if_Single_Identifier ID="6270">"No"</Hide_if_Single_Identifier>
			</Identifier_Index>
		</Indices>
		<General>
			<Save_Layout_State>
				<Store_Entire_Tree_Layout ID="1110">1</Store_Entire_Tree_Layout>
			</Save_Layout_State>
		</General>
		<Row_Area>
			<Background_Color ID="2010">RGB&lt;255,255,200&gt;</Background_Color>
			<Text_Color ExtraInfo="28915E7B-E9D1-41B0-BBC9-F654B9F94007" ID="2020">"default selection"</Text_Color>
			<Headers>
				<Background_Color ExtraInfo="28915E7B-E9D1-41B0-BBC9-F654B9F94007" ID="2120">"default selection"</Background_Color>
				<Text_Color ID="2130">RGB&lt;255,255,255&gt;</Text_Color>
			</Headers>
		</Row_Area>
		<Column_Area>
			<Same_as_Row_Area ID="3005">"No"</Same_as_Row_Area>
			<Background_Color ID="3010">RGB&lt;255,255,200&gt;</Background_Color>
			<Headers>
				<Text_Color ID="3130">RGB&lt;255,255,255&gt;</Text_Color>
			</Headers>
		</Column_Area>
		<Grid_Area>
			<Background_Color ID="5010">RGB&lt;255,255,255&gt;</Background_Color>
			<Sub_Header_Row_or_Column>
				<Background_Color ID="5320">RGB&lt;255,255,200&gt;</Background_Color>
			</Sub_Header_Row_or_Column>
		</Grid_Area>
	</PageObject>
	<PageObject Type="Text">
		<Location top="159" left="204" bottom="177" right="756" />
		<StaticText>Result of Solver Comparison</StaticText>
		<Font GUID="107CF1DD-5B8E-41FC-BD55-10C950947E3C" Name="Headers" />
		<TextColor>
			<UserColor GUID="B5956EEA-5F3E-4BD0-85C7-9F70EB490991">Header Blue</UserColor>
		</TextColor>
	</PageObject>
	<PageObject Type="Rectangle">
		<Location top="246" left="6" bottom="270" right="192" />
		<FillColor>
			<UserColor GUID="A3839E01-47DC-46BB-819D-6CECB851B151">Bar Blue</UserColor>
		</FillColor>
		<LineColor>
			<UserColor GUID="A3839E01-47DC-46BB-819D-6CECB851B151">Bar Blue</UserColor>
		</LineColor>
	</PageObject>
	<PageObject Type="Text">
		<Location top="249" left="18" bottom="270" right="192" />
		<StaticText>Execution</StaticText>
		<Font GUID="107CF1DD-5B8E-41FC-BD55-10C950947E3C" Name="Headers" />
		<TextColor>
			<UserColor GUID="B5956EEA-5F3E-4BD0-85C7-9F70EB490991">Header Blue</UserColor>
		</TextColor>
	</PageObject>
	<PageObject Type="Bar Chart">
		<Location top="189" left="441" bottom="612" right="765" />
		<TabOrder>11</TabOrder>
		<Font GUID="4166DA76-F449-4BB3-A971-186250280A09" Name="default" />
		<Border Style="InShadow" Width="2" MarginTop="5" MarginRight="5" MarginBottom="5" MarginLeft="5" />
		<BackgroundColor RGB="#ffffff" />
		<ColorScheme Number="0" />
		<Title>true</Title>
		<Legend>true</Legend>
		<Y-Labels>true</Y-Labels>
		<X-Labels>true</X-Labels>
		<HorizontalGridLines>true</HorizontalGridLines>
		<StatusLine>true</StatusLine>
		<DescriptionAsTooltip>false</DescriptionAsTooltip>
		<ValueInTooltip>false</ValueInTooltip>
		<ExplicitIdentifier>
			<Identifier>SolutionValue( e )</Identifier>
			<Color>ExperimentColor( e )</Color>
		</ExplicitIdentifier>
		<FillWithColor>true</FillWithColor>
	</PageObject>
	<PageObject Type="Button">
		<Location top="393" left="6" bottom="417" right="192" />
		<TabOrder>1</TabOrder>
		<ButtonType>Text</ButtonType>
		<Title>"Run Experiment (Parallel)"</Title>
		<Font GUID="0BDEF216-23B3-4F0F-B5D6-83C5A7303CF9" Name="Buttons" />
		<ActionSequence>
			<Action Type="Run">
				<RunWhat>SpecificProcecure</RunWhat>
				<Procedure>RunExperimentParallel</Procedure>
				<AbortOnError>true</AbortOnError>
			</Action>
		</ActionSequence>
	</PageObject>
	<PageObject Type="Selection Object">
		<SelectionType>DropDownList</SelectionType>
		<Location top="303" left="6" bottom="327" right="192" />
		<TabOrder>9</TabOrder>
		<Font GUID="4166DA76-F449-4BB3-A971-186250280A09" Name="default" />
		<TextShown>ElementName</TextShown>
		<Border Style="None" />
		<BackgroundColor RGB="#ffffff" />
		<ExplicitIdentifier>
			<Identifier>SelectedSolverB</Identifier>
		</ExplicitIdentifier>
	</PageObject>
	<PageObject Type="Selection Object">
		<SelectionType>CheckBoxes</SelectionType>
		<Location top="423" left="6" bottom="453" right="192" />
		<TabOrder>12</TabOrder>
		<Font GUID="4166DA76-F449-4BB3-A971-186250280A09" Name="default" />
		<TextShown>IdentifierText</TextShown>
		<Border Style="InShadow" Width="2" MarginTop="5" MarginRight="5" MarginBottom="5" MarginLeft="5" />
		<BackgroundColor RGB="#ffffff" />
		<ExplicitIdentifier>
			<Identifier>ShowProgress</Identifier>
		</ExplicitIdentifier>
	</PageObject>
	<PageObject Type="Button">
		<Location top="216" left="6" bottom="240" right="192" />
		<TabOrder>5</TabOrder>
		<ButtonType>Text</ButtonType>
		<Transparent>true</Transparent>
		<Font GUID="0BDEF216-23B3-4F0F-B5D6-83C5A7303CF9" Name="Buttons" />
		<ActionSequence>
			<Action Type="LinkedPage">
				<Page PageGUID="A65F2C79-E023-4EB5-93AF-B70B37FC27A0" Name="Results" />
			</Action>
			<Action Type="ClosePage" />
		</ActionSequence>
	</PageObject>
	<PageObject Type="Button">
		<Location top="186" left="6" bottom="210" right="192" />
		<TabOrder>2</TabOrder>
		<ButtonType>Text</ButtonType>
		<Transparent>true</Transparent>
		<Font GUID="0BDEF216-23B3-4F0F-B5D6-83C5A7303CF9" Name="Buttons" />
		<ActionSequence>
			<Action Type="GotoPage">
				<Destination>Parent</Destination>
			</Action>
			<Action Type="ClosePage" />
		</ActionSequence>
	</PageObject>
	<PageObject Type="Text">
		<Location top="192" left="18" bottom="210" right="195" />
		<StaticText>Problem Description</StaticText>
		<Font GUID="0BDEF216-23B3-4F0F-B5D6-83C5A7303CF9" Name="Buttons" />
		<TextColor>
			<UserColor GUID="1798981A-C40D-4713-BC08-E97545963465">Link</UserColor>
		</TextColor>
	</PageObject>
	<PageObject Type="Text">
		<Location top="222" left="18" bottom="237" right="195" />
		<StaticText>Single Solver</StaticText>
		<Font GUID="0BDEF216-23B3-4F0F-B5D6-83C5A7303CF9" Name="Buttons" />
		<TextColor>
			<UserColor GUID="1798981A-C40D-4713-BC08-E97545963465">Link</UserColor>
		</TextColor>
	</PageObject>
	<UsedReferences>
		<Model>
			<Symbol>UsedSolver</Symbol>
			<Symbol>ExperimentColor</Symbol>
			<Symbol>ShowProgress</Symbol>
			<Symbol>NLPSolvers</Symbol>
			<Symbol>SelectedSolverB</Symbol>
			<Symbol>SolutionTime</Symbol>
			<Symbol>SolutionTimeParallel</Symbol>
			<Symbol>NrExperiments</Symbol>
			<Symbol>SolutionValue</Symbol>
			<Symbol>BestSoFar</Symbol>
			<Symbol>RunExperiment</Symbol>
			<Symbol>RunExperimentParallel</Symbol>
			<Symbol>SelectedNLPSolver</Symbol>
			<Symbol>e</Symbol>
		</Model>
	</UsedReferences>
</Page>
