{
    "name" : "3Par15act",
    "allowTardiness" : 1,

    "optimizationTimeLimitSeconds" : 60,
    "relativeOptimalityTolerance"  : 0.001,
    "absoluteOptimalityTolerance"  : 0,

    "objectiveDefinition": [
        {
            "minSumWeightedCompletion" : 0.0,
            "minSumTardiness" : 1,
            "minMaxTardiness" : 1,
            "minNumTardyJobs" : 1,
            "minMakespan" : 1
        }
    ],

    "resources": [ {
        "res-1" : 1,
        "res-2" : 1,
        "res-3" : 1
    } ],

    "activities": [
        {
            "act": "a-1",
            "processTime" : 17.0,
            "dueDate" : 59,
            "releaseDate" : 0
        },
        {
            "act": "a-2",
            "processTime" : 3.0,
            "dueDate" : 10,
            "releaseDate" : 0
        },
        {
            "act": "a-3",
            "processTime" : 7.0,
            "dueDate" : 59,
            "releaseDate" : 0
        },
        {
            "act": "a-4",
            "processTime" : 9.0,
            "dueDate" : 10,
            "releaseDate" : 0
        },
        {
            "act": "a-5",
            "processTime" : 14.0,
            "dueDate" : 59,
            "releaseDate" : 0
        },
        {
            "act": "a-6",
            "processTime" : 17.0,
            "dueDate" : 59,
            "releaseDate" : 0
        },
        {
            "act": "a-7",
            "processTime" : 11.0,
            "dueDate" : 59,
            "releaseDate" : 0
        },
        {
            "act": "a-8",
            "processTime" : 4.0,
            "dueDate" : 59,
            "releaseDate" : 0
        },
        {
            "act": "a-9",
            "processTime" : 16.0,
            "dueDate" : 59,
            "releaseDate" : 0
        },
        {
            "act": "a-10",
            "processTime" : 4.0,
            "dueDate" : 10,
            "releaseDate" : 0
        },
        {
            "act": "a-11",
            "processTime" : 7.0,
            "dueDate" : 10,
            "releaseDate" : 0
        },
        {
            "act": "a-12",
            "processTime" : 16.0,
            "dueDate" : 10,
            "releaseDate" : 0
        },
        {
            "act": "a-13",
            "processTime" : 19.0,
            "dueDate" : 30,
            "releaseDate" : 0
        },
        {
            "act": "a-14",
            "processTime" : 19.0,
            "dueDate" : 30,
            "releaseDate" : 0
        },
        {
            "act": "a-15",
            "processTime" : 4.0,
            "dueDate" : 20,
            "releaseDate" : 0
        }
    ]
}