{
    "name" : "3Par10act",
    
    "optimizationTimeLimitSeconds" : 60,
    "relativeOptimalityTolerance"  : 0.0001,
    "absoluteOptimalityTolerance"  : 0,

    "objectiveDefinition": [
        {
            "minSumWeightedCompletion" : 0.0,
            "minSumTardiness" : 0.0,
            "minMaxTardiness" : 0.0,
            "minNumTardyJobs" : 0.0,
            "minMakespan" : 1.0
        }
    ],

    "resources": [ {
        "res-1" : 1,
        "res-2" : 1,
        "res-3" : 1
    } ],

    "activities": [
        {
            "act": "a-1",
            "processTime" : 17.0,
            "dueDate" : 100,
            "releaseDate" : 0
        },
        {
            "act": "a-2",
            "processTime" : 3.0,
            "dueDate" : 10,
            "releaseDate" : 0
        },
        {
            "act": "a-3",
            "processTime" : 7.0,
            "dueDate" : 10,
            "releaseDate" : 0
        },
        {
            "act": "a-4",
            "processTime" : 9.0,
            "dueDate" : 10,
            "releaseDate" : 0
        },
        {
            "act": "a-5",
            "processTime" : 14.0,
            "dueDate" : 100,
            "releaseDate" : 0
        },
        {
            "act": "a-6",
            "processTime" : 17.0,
            "dueDate" : 100,
            "releaseDate" : 0
        },
        {
            "act": "a-7",
            "processTime" : 11.0,
            "dueDate" : 100,
            "releaseDate" : 0
        },
        {
            "act": "a-8",
            "processTime" : 4.0,
            "dueDate" : 10,
            "releaseDate" : 0
        },
        {
            "act": "a-9",
            "processTime" : 16.0,
            "dueDate" : 100,
            "releaseDate" : 0
        },
        {
            "act": "a-10",
            "processTime" : 4.0,
            "dueDate" : 10,
            "releaseDate" : 0
        }
    ]
}