{"problemStatus":"Optimal","solverStatus":"NormalCompletion","taskStatus":"ok","objective":34.0,"secondsNeeded":0.35900000000037837,"KPIs":[{"minSumWeightedCompletion":246.0,"minMakespan":34.0}],"solution":[{"act":"a-1","resource":"res-3"},{"act":"a-2","start":17.0,"resource":"res-1"},{"act":"a-3","start":16.0,"resource":"res-2"},{"act":"a-4","start":21.0,"resource":"res-3"},{"act":"a-5","start":20.0,"resource":"res-1"},{"act":"a-6","resource":"res-1"},{"act":"a-7","start":23.0,"resource":"res-2"},{"act":"a-8","start":17.0,"resource":"res-3"},{"act":"a-9","resource":"res-2"},{"act":"a-10","start":30.0,"resource":"res-3"}]}