{"problemStatus":"Optimal","solverStatus":"NormalCompletion","taskStatus":"ok","objective":75.99999999999997,"secondsNeeded":10.360000000000582,"KPIs":[{"minSumWeightedCompletion":468.0,"minSumTardiness":11.0,"minMaxTardiness":5.999999999999979,"minNumTardyJobs":3.0,"minMakespan":56.0}],"solution":[{"act":"a-1","start":32.0,"resource":"res-2"},{"act":"a-2","resource":"res-1"},{"act":"a-3","start":49.0,"resource":"res-2"},{"act":"a-4","start":4.0,"resource":"res-2"},{"act":"a-5","start":20.0,"resource":"res-3"},{"act":"a-6","start":34.0,"resource":"res-3"},{"act":"a-7","start":29.0,"resource":"res-1"},{"act":"a-8","start":51.0,"resource":"res-3"},{"act":"a-9","start":40.0,"resource":"res-1"},{"act":"a-10","resource":"res-2"},{"act":"a-11","start":3.0,"resource":"res-1"},{"act":"a-12","resource":"res-3"},{"act":"a-13","start":13.0,"resource":"res-2"},{"act":"a-14","start":10.0,"resource":"res-1"},{"act":"a-15","start":16.0,"resource":"res-3"}]}