<?xml version="1.0"?>
<Page Version="4000" TimeStamp="2013-03-11 10:04:29">
	<Location top="22" left="4" bottom="897" right="1144" />
	<PageEditSize Type="Inherited" />
	<ProjectUUID>028CE13F-55AC-4B2A-A6C3-E534F411FECB</ProjectUUID>
	<TemplatesTabOrderPosition>1</TemplatesTabOrderPosition>
	<Background Inherited="true" />
	<PageObject Type="Curve">
		<Location top="6" left="6" bottom="234" right="378" />
		<TabOrder>2</TabOrder>
		<Font GUID="00000000-0000-0000-0000-000000000001" Name="Main Font" />
		<Border Style="InShadow" Width="2" MarginTop="5" MarginRight="5" MarginBottom="5" MarginLeft="5" />
		<BackgroundColor RGB="#ffffff" />
		<ColorScheme Number="0" />
		<Title>true</Title>
		<Legend>true</Legend>
		<Y-Labels>true</Y-Labels>
		<X-Labels>true</X-Labels>
		<HorizontalGridLines>true</HorizontalGridLines>
		<StatusLine>true</StatusLine>
		<DescriptionAsTooltip>false</DescriptionAsTooltip>
		<ValueInTooltip>false</ValueInTooltip>
		<ExplicitIdentifier>
			<Identifier>Assets( t )</Identifier>
		</ExplicitIdentifier>
		<DrawLines>true</DrawLines>
		<MarkPoints>true</MarkPoints>
	</PageObject>
	<PageObject Type="Table">
		<Location top="6" left="384" bottom="234" right="534" />
		<TabOrder>1</TabOrder>
		<Font GUID="00000000-0000-0000-0000-000000000001" Name="Main Font" />
		<Border Style="InShadow" Width="2" MarginTop="5" MarginRight="5" MarginBottom="5" MarginLeft="5" />
		<BackgroundColor RGB="#ffffff" />
		<RowIndentation>3</RowIndentation>
		<ElementTextAsTooltip>false</ElementTextAsTooltip>
		<ExplicitIdentifier>
			<Identifier>Assets( t )</Identifier>
			<FirstColumn>1</FirstColumn>
			<NumberFormat Width="10" Decimals="5" Alignment="Center" />
		</ExplicitIdentifier>
	</PageObject>
	<UsedReferences>
		<Model>
			<Symbol>t</Symbol>
			<Symbol>Assets</Symbol>
		</Model>
	</UsedReferences>
</Page>
