<?xml version="1.0"?>
<TemplateManager>
	<Template Name="Size Template" PageGUID="FBA37C72-E550-486A-B4FF-9069E77F6504" CrossLibraryDuplicate="66E08D8C-5677-49B5-970F-BB85475A48BE|6A8815C4-5811-47AB-BC76-82C3180C1295|Size Template">
		<Template Name="Navigation Template" PageGUID="45AD0059-2DB7-430C-A991-A4086FB888C7" CrossLibraryDuplicate="66E08D8C-5677-49B5-970F-BB85475A48BE|3241DDB1-55C5-441B-9DC8-359086631B74|Navigation Template">
			<Template Name="Background Info Template" PageGUID="E9A0147A-BDD0-4F02-8634-7F3B928F90BA" CrossLibraryDuplicate="66E08D8C-5677-49B5-970F-BB85475A48BE|153A8CDB-E916-4F3B-B652-41C25F2C9CB5|Background Info Template">
				<Page Name="Introduction" PageGUID="A2923B85-6D0D-408F-B400-3D6AD1E2DEEB" />
			</Template>
			<Page Name="Solve Single MPS File" PageGUID="6440F66E-A405-4DCA-99F6-F36343400D44" />
			<Page Name="Tune Single MPS File" PageGUID="A2F8D6BF-41D8-400D-8CCA-305084896D5D" />
			<Page Name="Tune Multiple MPS Files" PageGUID="813FADBE-042C-4F09-AA7E-0260E8FB29B1" />
		</Template>
	</Template>
	<Page Name="All Data Pages" PageGUID="ADF894BD-269A-4425-AA4C-4E675DBCCC87" />
	<Page Name="[Data Page] SolverValues_NoTuner" PageGUID="CC235FA3-5D05-48D1-AD4C-3075182CBA28" />
</TemplateManager>
