dp::i_task,dp::i_errno,dp::i_stacklevel,dp::p_errStkLine,dp::sp_errStkAttr,dp::sp_errStkNode
0bca6929-caaf-4a61-83fb-7168300f7db3,1,1,1.0,body,pr_implementSolveNjobsMmachinesFlowshopServic
0bca6929-caaf-4a61-83fb-7168300f7db3,1,2,7.0,body,pr_solveFlowshopNjobsMmachinesService
1243cd13-53e4-4856-834e-da8763c87a85,1,1,1.0,body,dbtt::pr_readLastLineNumber
1243cd13-53e4-4856-834e-da8763c87a85,1,2,3.0,body,dbtt::pr_readTail
1243cd13-53e4-4856-834e-da8763c87a85,1,3,8.0,body,tt::pr_actualTail
1243cd13-53e4-4856-834e-da8763c87a85,1,4,6.0,body,tt::pr_tail
18cc4b05-2bb3-4fad-b1ba-b5373c72b4d0,1,1,1.0,body,dbtt::pr_readLastLineNumber
18cc4b05-2bb3-4fad-b1ba-b5373c72b4d0,1,2,3.0,body,dbtt::pr_readTail
18cc4b05-2bb3-4fad-b1ba-b5373c72b4d0,1,3,8.0,body,tt::pr_actualTail
18cc4b05-2bb3-4fad-b1ba-b5373c72b4d0,1,4,6.0,body,tt::pr_tail
23e2a7de-3c30-4a49-84ad-3574e66c10d2,1,1,1.0,body,pr_implementSolveNjobsMmachinesFlowshopServic
23e2a7de-3c30-4a49-84ad-3574e66c10d2,1,2,7.0,body,pr_solveFlowshopNjobsMmachinesService
280c337a-243e-45bb-8e39-ca2148536369,1,1,1.0,body,pr_implementSolveNjobsMmachinesFlowshopServic
280c337a-243e-45bb-8e39-ca2148536369,1,2,7.0,body,pr_solveFlowshopNjobsMmachinesService
4846ee82-8f0c-4c0e-bc3d-ca30fe42d845,1,1,2.0,body,pr_actuallyDoDiagnostic
4846ee82-8f0c-4c0e-bc3d-ca30fe42d845,1,2,7.0,body,pr_diagnostic
4846ee82-8f0c-4c0e-bc3d-ca30fe42d845,2,1,4.0,body,pr_actuallyDoDiagnostic
4846ee82-8f0c-4c0e-bc3d-ca30fe42d845,2,2,7.0,body,pr_diagnostic
59566d02-ee3e-4861-9ce1-97f851e8d952,1,1,2.0,body,pr_actuallyDoDiagnostic
59566d02-ee3e-4861-9ce1-97f851e8d952,1,2,7.0,body,pr_diagnostic
59566d02-ee3e-4861-9ce1-97f851e8d952,2,1,4.0,body,pr_actuallyDoDiagnostic
59566d02-ee3e-4861-9ce1-97f851e8d952,2,2,7.0,body,pr_diagnostic
64802c30-7411-408d-9524-c18b908a0e3c,1,1,1.0,body,dbtt::pr_readLastLineNumber
64802c30-7411-408d-9524-c18b908a0e3c,1,2,3.0,body,dbtt::pr_readTail
64802c30-7411-408d-9524-c18b908a0e3c,1,3,8.0,body,tt::pr_actualTail
64802c30-7411-408d-9524-c18b908a0e3c,1,4,6.0,body,tt::pr_tail
662e5dbe-d3b7-4168-abc6-2d76d74b61b3,1,1,1.0,body,tt::pr_actualTail
662e5dbe-d3b7-4168-abc6-2d76d74b61b3,1,2,6.0,body,tt::pr_tail
6700a200-c9c5-43b9-838e-23b282749965,1,1,1.0,body,pr_implementSolveNjobsMmachinesFlowshopServic
6700a200-c9c5-43b9-838e-23b282749965,1,2,7.0,body,pr_solveFlowshopNjobsMmachinesService
6eec28e4-db37-4ef0-bc7a-1ced68a27f7e,1,1,1.0,body,tt::pr_actualTail
6eec28e4-db37-4ef0-bc7a-1ced68a27f7e,1,2,6.0,body,tt::pr_tail
7469cb90-e09f-4dfb-8b4c-489c30283db4,1,1,1.0,body,pr_implementSolveNjobsMmachinesFlowshopServic
7469cb90-e09f-4dfb-8b4c-489c30283db4,1,2,7.0,body,pr_solveFlowshopNjobsMmachinesService
86d36030-27e4-44ce-90e1-eef2aafd96d1,1,1,1.0,body,tt::pr_actualTail
86d36030-27e4-44ce-90e1-eef2aafd96d1,1,2,6.0,body,tt::pr_tail
886109c7-efc1-4a45-9df2-631deaffba97,1,1,10.0,body,pr_implementSolveNjobsMmachinesFlowshopServic
886109c7-efc1-4a45-9df2-631deaffba97,1,2,7.0,body,pr_solveFlowshopNjobsMmachinesService
90849ef2-3f18-451b-ad51-6190e2e912ce,1,1,2.0,body,pr_actuallyDoDiagnostic
90849ef2-3f18-451b-ad51-6190e2e912ce,1,2,7.0,body,pr_diagnostic
90849ef2-3f18-451b-ad51-6190e2e912ce,2,1,4.0,body,pr_actuallyDoDiagnostic
90849ef2-3f18-451b-ad51-6190e2e912ce,2,2,7.0,body,pr_diagnostic
981e4c73-0899-456a-ac25-9f8cf2ae36bb,1,1,2.0,body,pr_actuallyDoDiagnostic
981e4c73-0899-456a-ac25-9f8cf2ae36bb,1,2,7.0,body,pr_diagnostic
981e4c73-0899-456a-ac25-9f8cf2ae36bb,2,1,4.0,body,pr_actuallyDoDiagnostic
981e4c73-0899-456a-ac25-9f8cf2ae36bb,2,2,7.0,body,pr_diagnostic
99c37414-6f09-4370-bb72-26d1952153c1,1,1,1.0,body,dbtt::pr_readLastLineNumber
99c37414-6f09-4370-bb72-26d1952153c1,1,2,3.0,body,dbtt::pr_readTail
99c37414-6f09-4370-bb72-26d1952153c1,1,3,8.0,body,tt::pr_actualTail
99c37414-6f09-4370-bb72-26d1952153c1,1,4,6.0,body,tt::pr_tail
9aaa3808-78ab-467a-a9d0-6bd27a23af8d,1,1,2.0,body,pr_actuallyDoDiagnostic
9aaa3808-78ab-467a-a9d0-6bd27a23af8d,1,2,7.0,body,pr_diagnostic
9aaa3808-78ab-467a-a9d0-6bd27a23af8d,2,1,4.0,body,pr_actuallyDoDiagnostic
9aaa3808-78ab-467a-a9d0-6bd27a23af8d,2,2,7.0,body,pr_diagnostic
9d4a39f4-1bf0-4788-917d-55bb6d8cd599,1,1,1.0,body,dbtt::pr_readLastLineNumber
9d4a39f4-1bf0-4788-917d-55bb6d8cd599,1,2,3.0,body,dbtt::pr_readTail
9d4a39f4-1bf0-4788-917d-55bb6d8cd599,1,3,8.0,body,tt::pr_actualTail
9d4a39f4-1bf0-4788-917d-55bb6d8cd599,1,4,6.0,body,tt::pr_tail
b219783e-67ea-4d87-b8d9-2359150d5528,1,1,1.0,body,pr_implementSolveNjobsMmachinesFlowshopServic
b219783e-67ea-4d87-b8d9-2359150d5528,1,2,7.0,body,pr_solveFlowshopNjobsMmachinesService
b930b18b-911b-4a24-abe5-9622561aa3e1,1,1,10.0,body,pr_implementSolveNjobsMmachinesFlowshopServic
b930b18b-911b-4a24-abe5-9622561aa3e1,1,2,7.0,body,pr_solveFlowshopNjobsMmachinesService
cba742b5-f9f5-41ec-8307-e0a381bc0e9e,1,1,10.0,body,pr_implementSolveNjobsMmachinesFlowshopServic
cba742b5-f9f5-41ec-8307-e0a381bc0e9e,1,2,7.0,body,pr_solveFlowshopNjobsMmachinesService
d3eea569-4ad5-400a-b94e-040cf2a4eea7,1,1,1.0,body,dot::pr_workCleanupOldTasksArg
d3eea569-4ad5-400a-b94e-040cf2a4eea7,1,2,7.0,body,dot::pr_cleanupOldTasksArg
d52b6b63-ebd7-45a2-885d-23fa054b9c24,1,1,10.0,body,pr_implementSolveNjobsMmachinesFlowshopServic
d52b6b63-ebd7-45a2-885d-23fa054b9c24,1,2,7.0,body,pr_solveFlowshopNjobsMmachinesService
d55cd5a7-c7cc-4f0d-a106-a23d41a66459,1,1,10.0,body,pr_implementSolveNjobsMmachinesFlowshopServic
d55cd5a7-c7cc-4f0d-a106-a23d41a66459,1,2,7.0,body,pr_solveFlowshopNjobsMmachinesService
db4f8c9f-1572-46d7-b978-82c934834d91,1,1,2.0,body,pr_actuallyDoDiagnostic
db4f8c9f-1572-46d7-b978-82c934834d91,1,2,7.0,body,pr_diagnostic
db4f8c9f-1572-46d7-b978-82c934834d91,2,1,4.0,body,pr_actuallyDoDiagnostic
db4f8c9f-1572-46d7-b978-82c934834d91,2,2,7.0,body,pr_diagnostic
e1c98352-a9a2-414f-8c08-c7328afbffc6,1,1,2.0,body,pr_actuallyDoDiagnostic
e1c98352-a9a2-414f-8c08-c7328afbffc6,1,2,7.0,body,pr_diagnostic
e1c98352-a9a2-414f-8c08-c7328afbffc6,2,1,4.0,body,pr_actuallyDoDiagnostic
e1c98352-a9a2-414f-8c08-c7328afbffc6,2,2,7.0,body,pr_diagnostic
