dp::i_task,dp::i_errno,dp::p_severity,dp::sp_moment,dp::sp_message
0bca6929-caaf-4a61-83fb-7168300f7db3,1,1.0,2024-10-08 12:22:01.000000,ReadFromFile: Cannot find mapping taskArgumentsNMJSON for reading
1243cd13-53e4-4856-834e-da8763c87a85,1,1.0,2024-10-08 13:37:16.000000,"Connecting to """" in database procedure ""dbtt::dbpr_obtainLastLineNumber"" failed: Cannot open datasource """"."
18cc4b05-2bb3-4fad-b1ba-b5373c72b4d0,1,1.0,2024-10-08 13:02:37.000000,"Connecting to """" in database procedure ""dbtt::dbpr_obtainLastLineNumber"" failed: Cannot open datasource """"."
23e2a7de-3c30-4a49-84ad-3574e66c10d2,1,1.0,2024-10-08 12:03:29.000000,ReadFromFile: Cannot find mapping taskArgumentsNMJSON for reading
280c337a-243e-45bb-8e39-ca2148536369,1,1.0,2024-10-08 12:05:11.000000,ReadFromFile: Cannot find mapping taskArgumentsNMJSON for reading
4846ee82-8f0c-4c0e-bc3d-ca30fe42d845,1,2.0,2024-10-22 12:39:04.000000,"Warning: To be Frank, I have to change my name!"
4846ee82-8f0c-4c0e-bc3d-ca30fe42d845,2,2.0,2024-10-22 12:39:04.000000,Warning: Inspecting mirrors is a job where I could really see myself!
59566d02-ee3e-4861-9ce1-97f851e8d952,1,2.0,2024-10-07 14:29:01.000000,"Warning: To be Frank, I have to change my name!"
59566d02-ee3e-4861-9ce1-97f851e8d952,2,2.0,2024-10-07 14:29:01.000000,Warning: Inspecting mirrors is a job where I could really see myself!
64802c30-7411-408d-9524-c18b908a0e3c,1,1.0,2024-10-08 14:28:54.000000,"Connecting to """" in database procedure ""dbtt::dbpr_obtainLastLineNumber"" failed: Cannot open datasource """"."
662e5dbe-d3b7-4168-abc6-2d76d74b61b3,1,1.0,2024-10-11 13:43:43.000000,ReadFromFile: Cannot find mapping tail-request for reading
6700a200-c9c5-43b9-838e-23b282749965,1,1.0,2024-10-08 12:23:59.000000,ReadFromFile: Cannot find mapping taskArgumentsNMJSON for reading
6eec28e4-db37-4ef0-bc7a-1ced68a27f7e,1,1.0,2024-10-11 13:39:25.000000,ReadFromFile: Cannot find mapping tail-request for reading
7469cb90-e09f-4dfb-8b4c-489c30283db4,1,1.0,2024-10-08 13:02:30.000000,ReadFromFile: Cannot find mapping taskArgumentsNMJSON for reading
86d36030-27e4-44ce-90e1-eef2aafd96d1,1,1.0,2024-10-08 14:00:15.000000,ReadFromFile: Cannot find mapping tail-request for reading
886109c7-efc1-4a45-9df2-631deaffba97,1,1.0,2024-10-08 14:00:08.000000,WriteToFile: Cannot find mapping taskResultsJSON for writing
90849ef2-3f18-451b-ad51-6190e2e912ce,1,2.0,2024-10-07 14:06:04.000000,"Warning: To be Frank, I have to change my name!"
90849ef2-3f18-451b-ad51-6190e2e912ce,2,2.0,2024-10-07 14:06:04.000000,Warning: Inspecting mirrors is a job where I could really see myself!
981e4c73-0899-456a-ac25-9f8cf2ae36bb,1,2.0,2024-10-22 10:58:00.000000,"Warning: To be Frank, I have to change my name!"
981e4c73-0899-456a-ac25-9f8cf2ae36bb,2,2.0,2024-10-22 10:58:00.000000,Warning: Inspecting mirrors is a job where I could really see myself!
99c37414-6f09-4370-bb72-26d1952153c1,1,1.0,2024-10-08 12:22:08.000000,"Connecting to """" in database procedure ""dbtt::dbpr_obtainLastLineNumber"" failed: Cannot open datasource """"."
9aaa3808-78ab-467a-a9d0-6bd27a23af8d,1,2.0,2024-10-04 09:27:37.000000,"Warning: To be Frank, I have to change my name!"
9aaa3808-78ab-467a-a9d0-6bd27a23af8d,2,2.0,2024-10-04 09:27:37.000000,Warning: Inspecting mirrors is a job where I could really see myself!
9d4a39f4-1bf0-4788-917d-55bb6d8cd599,1,1.0,2024-10-08 14:09:28.000000,"Connecting to """" in database procedure ""dbtt::dbpr_obtainLastLineNumber"" failed: Cannot open datasource """"."
b219783e-67ea-4d87-b8d9-2359150d5528,1,1.0,2024-10-08 12:02:15.000000,ReadFromFile: Cannot find mapping taskArgumentsNMJSON for reading
b930b18b-911b-4a24-abe5-9622561aa3e1,1,1.0,2024-10-08 13:37:11.000000,WriteToFile: Cannot find mapping taskResultsJSON for writing
cba742b5-f9f5-41ec-8307-e0a381bc0e9e,1,1.0,2024-10-08 14:10:42.000000,WriteToFile: Cannot find mapping taskResultsJSON for writing
d3eea569-4ad5-400a-b94e-040cf2a4eea7,1,1.0,2024-10-20 12:34:53.000000,ReadFromFile: Cannot find mapping cleanupOldFilesArgs-server-request for reading
d52b6b63-ebd7-45a2-885d-23fa054b9c24,1,1.0,2024-10-08 14:09:24.000000,WriteToFile: Cannot find mapping taskResultsJSON for writing
d55cd5a7-c7cc-4f0d-a106-a23d41a66459,1,1.0,2024-10-08 14:11:39.000000,WriteToFile: Cannot find mapping taskResultsJSON for writing
db4f8c9f-1572-46d7-b978-82c934834d91,1,2.0,2024-10-22 07:42:52.000000,"Warning: To be Frank, I have to change my name!"
db4f8c9f-1572-46d7-b978-82c934834d91,2,2.0,2024-10-22 07:42:52.000000,Warning: Inspecting mirrors is a job where I could really see myself!
e1c98352-a9a2-414f-8c08-c7328afbffc6,1,2.0,2024-10-22 07:50:31.000000,"Warning: To be Frank, I have to change my name!"
e1c98352-a9a2-414f-8c08-c7328afbffc6,2,2.0,2024-10-22 07:50:31.000000,Warning: Inspecting mirrors is a job where I could really see myself!
