{
	"tail": [
		{
			"task": "9aaa3808-78ab-467a-a9d0-6bd27a23af8d",
			"line": "3",
			"lev": 3.0,
			"mom": "2024-10-04 09:27:37.000000",
			"msg": "Diagnostic finish"
		},
		{
			"task": "9aaa3808-78ab-467a-a9d0-6bd27a23af8d",
			"line": "4",
			"lev": 2.0,
			"mom": "2024-10-04 09:27:37.000000",
			"msg": "At 2024-10-04 09:27:37 handling warning: Warning: To be Frank, I have to change my name!"
		},
		{
			"task": "9aaa3808-78ab-467a-a9d0-6bd27a23af8d",
			"line": "5",
			"lev": 2.0,
			"mom": "2024-10-04 09:27:37.000000",
			"msg": "At 2024-10-04 09:27:37 handling warning: Warning: Inspecting mirrors is a job where I could really see myself!"
		}
	]
}