{
	"log": [
		{
			"task": "d523b8fe-4008-4326-babe-524e9e5306e2",
			"line": "1",
			"lev": 3.0,
			"mom": "2024-11-25 10:53:13.000000",
			"msg": "FlowShopModel at na"
		},
		{
			"task": "d523b8fe-4008-4326-babe-524e9e5306e2",
			"line": "2",
			"lev": 3.0,
			"mom": "2024-11-25 10:53:15.000000",
			"msg": "FlowShopModel in [535.404,646]; obj = 646"
		},
		{
			"task": "d523b8fe-4008-4326-babe-524e9e5306e2",
			"line": "3",
			"lev": 3.0,
			"mom": "2024-11-25 10:53:18.000000",
			"msg": "FlowShopModel in [537.383,646]; obj = 646"
		},
		{
			"task": "d523b8fe-4008-4326-babe-524e9e5306e2",
			"line": "4",
			"lev": 3.0,
			"mom": "2024-11-25 10:53:20.000000",
			"msg": "FlowShopModel in [537.383,646]; obj = 646"
		},
		{
			"task": "d523b8fe-4008-4326-babe-524e9e5306e2",
			"line": "5",
			"lev": 3.0,
			"mom": "2024-11-25 10:53:22.000000",
			"msg": "FlowShopModel in [541.911,646]; obj = 646"
		},
		{
			"task": "d523b8fe-4008-4326-babe-524e9e5306e2",
			"line": "6",
			"lev": 3.0,
			"mom": "2024-11-25 10:53:29.000000",
			"msg": "FlowShopModel in [541.911,646]; obj = 646"
		},
		{
			"task": "d523b8fe-4008-4326-babe-524e9e5306e2",
			"line": "7",
			"lev": 3.0,
			"mom": "2024-11-25 10:53:32.000000",
			"msg": "FlowShopModel in [541.911,646]; obj = 646"
		},
		{
			"task": "d523b8fe-4008-4326-babe-524e9e5306e2",
			"line": "8",
			"lev": 3.0,
			"mom": "2024-11-25 10:53:35.000000",
			"msg": "FlowShopModel in [541.911,646]; obj = 646"
		},
		{
			"task": "d523b8fe-4008-4326-babe-524e9e5306e2",
			"line": "9",
			"lev": 3.0,
			"mom": "2024-11-25 10:53:38.000000",
			"msg": "FlowShopModel in [541.911,646]; obj = 646"
		},
		{
			"task": "d523b8fe-4008-4326-babe-524e9e5306e2",
			"line": "10",
			"lev": 3.0,
			"mom": "2024-11-25 10:53:41.000000",
			"msg": "FlowShopModel in [541.911,646]; obj = 646"
		},
		{
			"task": "d523b8fe-4008-4326-babe-524e9e5306e2",
			"line": "11",
			"lev": 3.0,
			"mom": "2024-11-25 10:53:43.000000",
			"msg": "FlowShopModel in [541.911,646]; obj = 646"
		},
		{
			"task": "d523b8fe-4008-4326-babe-524e9e5306e2",
			"line": "12",
			"lev": 3.0,
			"mom": "2024-11-25 10:53:45.000000",
			"msg": "FlowShopModel in [541.911,646]; obj = 646"
		},
		{
			"task": "d523b8fe-4008-4326-babe-524e9e5306e2",
			"line": "13",
			"lev": 3.0,
			"mom": "2024-11-25 10:53:48.000000",
			"msg": "FlowShopModel in [541.911,646]; obj = 646"
		},
		{
			"task": "d523b8fe-4008-4326-babe-524e9e5306e2",
			"line": "14",
			"lev": 3.0,
			"mom": "2024-11-25 10:53:51.000000",
			"msg": "FlowShopModel in [541.911,646]; obj = 646"
		},
		{
			"task": "d523b8fe-4008-4326-babe-524e9e5306e2",
			"line": "15",
			"lev": 3.0,
			"mom": "2024-11-25 10:53:54.000000",
			"msg": "FlowShopModel in [541.911,646]; obj = 646"
		},
		{
			"task": "d523b8fe-4008-4326-babe-524e9e5306e2",
			"line": "16",
			"lev": 3.0,
			"mom": "2024-11-25 10:53:57.000000",
			"msg": "FlowShopModel in [541.911,646]; obj = 646"
		},
		{
			"task": "d523b8fe-4008-4326-babe-524e9e5306e2",
			"line": "17",
			"lev": 3.0,
			"mom": "2024-11-25 10:54:00.000000",
			"msg": "FlowShopModel in [541.911,646]; obj = 646"
		},
		{
			"task": "d523b8fe-4008-4326-babe-524e9e5306e2",
			"line": "18",
			"lev": 3.0,
			"mom": "2024-11-25 10:54:02.000000",
			"msg": "FlowShopModel in [543.172,646]; obj = 646"
		},
		{
			"task": "d523b8fe-4008-4326-babe-524e9e5306e2",
			"line": "19",
			"lev": 3.0,
			"mom": "2024-11-25 10:54:04.000000",
			"msg": "FlowShopModel in [543.172,644]; obj = 644"
		},
		{
			"task": "d523b8fe-4008-4326-babe-524e9e5306e2",
			"line": "20",
			"lev": 3.0,
			"mom": "2024-11-25 10:54:06.000000",
			"msg": "FlowShopModel in [543.618,644]; obj = 644"
		},
		{
			"task": "d523b8fe-4008-4326-babe-524e9e5306e2",
			"line": "21",
			"lev": 3.0,
			"mom": "2024-11-25 10:54:09.000000",
			"msg": "FlowShopModel in [543.618,644]; obj = 644"
		},
		{
			"task": "d523b8fe-4008-4326-babe-524e9e5306e2",
			"line": "22",
			"lev": 3.0,
			"mom": "2024-11-25 10:54:12.000000",
			"msg": "FlowShopModel in [543.618,641]; obj = 641"
		}
	]
}