<?xml version="1.0" encoding="UTF-8"?>
<GeocodeResponse>
 <status>OK</status>
 <result>
  <type>locality</type>
  <type>political</type>
  <formatted_address>Amsterdam, Netherlands</formatted_address>
  <address_component>
   <long_name>Amsterdam</long_name>
   <short_name>Amsterdam</short_name>
   <type>locality</type>
   <type>political</type>
  </address_component>
  <address_component>
   <long_name>Government of Amsterdam</long_name>
   <short_name>Government of Amsterdam</short_name>
   <type>administrative_area_level_2</type>
   <type>political</type>
  </address_component>
  <address_component>
   <long_name>North Holland</long_name>
   <short_name>NH</short_name>
   <type>administrative_area_level_1</type>
   <type>political</type>
  </address_component>
  <address_component>
   <long_name>Netherlands</long_name>
   <short_name>NL</short_name>
   <type>country</type>
   <type>political</type>
  </address_component>
  <geometry>
   <location>
    <lat>52.3666969</lat>
    <lng>4.8945398</lng>
   </location>
   <location_type>APPROXIMATE</location_type>
   <viewport>
    <southwest>
     <lat>52.2781740</lat>
     <lng>4.7287589</lng>
    </southwest>
    <northeast>
     <lat>52.4310640</lat>
     <lng>5.0791619</lng>
    </northeast>
   </viewport>
   <bounds>
    <southwest>
     <lat>52.2781740</lat>
     <lng>4.7287589</lng>
    </southwest>
    <northeast>
     <lat>52.4310640</lat>
     <lng>5.0791619</lng>
    </northeast>
   </bounds>
  </geometry>
  <place_id>ChIJVXealLU_xkcRja_At0z9AGY</place_id>
 </result>
</GeocodeResponse>
