<?xml version="1.0" encoding="UTF-8"?>
<GeocodeResponse>
 <status>OK</status>
 <result>
  <type>establishment</type>
  <type>point_of_interest</type>
  <formatted_address>Diakenhuisweg 29- 35, 2033 AP Haarlem, Netherlands</formatted_address>
  <address_component>
   <long_name>29- 35</long_name>
   <short_name>29- 35</short_name>
   <type>street_number</type>
  </address_component>
  <address_component>
   <long_name>Diakenhuisweg</long_name>
   <short_name>Diakenhuisweg</short_name>
   <type>route</type>
  </address_component>
  <address_component>
   <long_name>Haarlem-Oost</long_name>
   <short_name>Haarlem-Oost</short_name>
   <type>political</type>
   <type>sublocality</type>
   <type>sublocality_level_1</type>
  </address_component>
  <address_component>
   <long_name>Haarlem</long_name>
   <short_name>Haarlem</short_name>
   <type>locality</type>
   <type>political</type>
  </address_component>
  <address_component>
   <long_name>Haarlem</long_name>
   <short_name>Haarlem</short_name>
   <type>administrative_area_level_2</type>
   <type>political</type>
  </address_component>
  <address_component>
   <long_name>Noord-Holland</long_name>
   <short_name>NH</short_name>
   <type>administrative_area_level_1</type>
   <type>political</type>
  </address_component>
  <address_component>
   <long_name>Netherlands</long_name>
   <short_name>NL</short_name>
   <type>country</type>
   <type>political</type>
  </address_component>
  <address_component>
   <long_name>2033 AP</long_name>
   <short_name>2033 AP</short_name>
   <type>postal_code</type>
  </address_component>
  <geometry>
   <location>
    <lat>52.3815042</lat>
    <lng>4.6713310</lng>
   </location>
   <location_type>ROOFTOP</location_type>
   <viewport>
    <southwest>
     <lat>52.3801552</lat>
     <lng>4.6699820</lng>
    </southwest>
    <northeast>
     <lat>52.3828532</lat>
     <lng>4.6726800</lng>
    </northeast>
   </viewport>
  </geometry>
  <place_id>ChIJn9U0hUTvxUcR9FF5p1sFOWw</place_id>
  <plus_code>
   <global_code>9F469MJC+JG</global_code>
   <compound_code>9MJC+JG Haarlem, Netherlands</compound_code>
  </plus_code>
 </result>
</GeocodeResponse>
