<?xml version="1.0"?>
<TemplateManager>
	<Template Name="Size Template" PageGUID="4E7F0016-D869-4F67-B131-CE05E1DBDBB4" CrossLibraryDuplicate="66E08D8C-5677-49B5-970F-BB85475A48BE|6A8815C4-5811-47AB-BC76-82C3180C1295|Size Template">
		<Template Name="Navigation Template" PageGUID="C4C7C770-6356-441C-AC6C-6A6E61E8022A" CrossLibraryDuplicate="66E08D8C-5677-49B5-970F-BB85475A48BE|3241DDB1-55C5-441B-9DC8-359086631B74|Navigation Template">
			<Template Name="Background Info Template" PageGUID="4CD83FCF-2F49-418E-967C-FA5BDDFC05E5" CrossLibraryDuplicate="66E08D8C-5677-49B5-970F-BB85475A48BE|153A8CDB-E916-4F3B-B652-41C25F2C9CB5|Background Info Template">
				<Page Name="Problem Description" PageGUID="667FB808-A704-4E6D-B161-E9363751525B" />
			</Template>
			<Page Name="Diet Problem" PageGUID="00572F3C-53A8-4C9B-ABE6-998E9D245A81" />
		</Template>
	</Template>
	<Page Name="All Data Pages" PageGUID="3DD93743-E309-4D40-B27D-6EF7AB9BD4EC" />
	<Page Name="[Data Page] UnitNutrients" PageGUID="79BAEC57-BD8A-4C82-83D5-E8500FAABAEA" />
</TemplateManager>
