<?xml version="1.0"?>
<AimmsJSONMapping iterative-reset="LocationIQ::i_childInstance,dex::schema::childNode,dex::schema::extbinding">
	<ExternalBinding binds-to="LocationIQ::i_instance" binding="LocationIQ::CurrentInstance" />
	<ObjectMapping>
		<ValueMapping name="city" maps-to="LocationIQ::_address::city(LocationIQ::i_instance)" />
		<ValueMapping name="country" maps-to="LocationIQ::_address::country(LocationIQ::i_instance)" />
		<ValueMapping name="country_code" maps-to="LocationIQ::_address::country_code(LocationIQ::i_instance)" />
		<ValueMapping name="state" maps-to="LocationIQ::_address::state(LocationIQ::i_instance)" />
		<ValueMapping name="house_number" maps-to="LocationIQ::_address::house_number(LocationIQ::i_instance)" />
		<ValueMapping name="road" maps-to="LocationIQ::_address::road(LocationIQ::i_instance)" />
		<ValueMapping name="residential" maps-to="LocationIQ::_address::residential(LocationIQ::i_instance)" />
		<ValueMapping name="borough" maps-to="LocationIQ::_address::borough(LocationIQ::i_instance)" />
		<ValueMapping name="neighbourhood" maps-to="LocationIQ::_address::neighbourhood(LocationIQ::i_instance)" />
		<ValueMapping name="quarter" maps-to="LocationIQ::_address::quarter(LocationIQ::i_instance)" />
		<ValueMapping name="hamlet" maps-to="LocationIQ::_address::hamlet(LocationIQ::i_instance)" />
		<ValueMapping name="suburb" maps-to="LocationIQ::_address::suburb(LocationIQ::i_instance)" />
		<ValueMapping name="island" maps-to="LocationIQ::_address::island(LocationIQ::i_instance)" />
		<ValueMapping name="village" maps-to="LocationIQ::_address::village(LocationIQ::i_instance)" />
		<ValueMapping name="town" maps-to="LocationIQ::_address::town(LocationIQ::i_instance)" />
		<ValueMapping name="city_district" maps-to="LocationIQ::_address::city_district(LocationIQ::i_instance)" />
		<ValueMapping name="county" maps-to="LocationIQ::_address::county(LocationIQ::i_instance)" />
		<ValueMapping name="state_district" maps-to="LocationIQ::_address::state_district(LocationIQ::i_instance)" />
		<ValueMapping name="postcode" maps-to="LocationIQ::_address::postcode(LocationIQ::i_instance)" />
		<ValueMapping name="state_code" maps-to="LocationIQ::_address::state_code(LocationIQ::i_instance)" />
	</ObjectMapping>
</AimmsJSONMapping>
