<?xml version="1.0"?>
<AimmsJSONMapping iterative-reset="LocationIQ::i_childInstance,dex::schema::childNode,dex::schema::extbinding">
	<ExternalBinding binds-to="LocationIQ::i_instance" binding="LocationIQ::CurrentInstance" />
	<ArrayMapping iterative-reset="LocationIQ::_autocomplete::i_autocomplete">
		<ObjectMapping iterative-binds-to="LocationIQ::_autocomplete::i_autocomplete">
			<ObjectMapping name="address">
				<ValueMapping name="city" maps-to="LocationIQ::_autocomplete::_address::city(LocationIQ::i_instance,LocationIQ::_autocomplete::i_autocomplete)" />
				<ValueMapping name="country" maps-to="LocationIQ::_autocomplete::_address::country(LocationIQ::i_instance,LocationIQ::_autocomplete::i_autocomplete)" />
				<ValueMapping name="country_code" maps-to="LocationIQ::_autocomplete::_address::country_code(LocationIQ::i_instance,LocationIQ::_autocomplete::i_autocomplete)" />
				<ValueMapping name="state" maps-to="LocationIQ::_autocomplete::_address::state(LocationIQ::i_instance,LocationIQ::_autocomplete::i_autocomplete)" />
				<ValueMapping name="name" maps-to="LocationIQ::_autocomplete::_address::name_(LocationIQ::i_instance,LocationIQ::_autocomplete::i_autocomplete)" />
				<ValueMapping name="house_number" maps-to="LocationIQ::_autocomplete::_address::house_number(LocationIQ::i_instance,LocationIQ::_autocomplete::i_autocomplete)" />
				<ValueMapping name="suburb" maps-to="LocationIQ::_autocomplete::_address::suburb(LocationIQ::i_instance,LocationIQ::_autocomplete::i_autocomplete)" />
				<ValueMapping name="postcode" maps-to="LocationIQ::_autocomplete::_address::postcode(LocationIQ::i_instance,LocationIQ::_autocomplete::i_autocomplete)" />
			</ObjectMapping>
			<ArrayMapping name="boundingbox" iterative-reset="LocationIQ::_autocomplete::_boundingbox::i_boundingbox">
				<ValueMapping iterative-binds-to="LocationIQ::_autocomplete::_boundingbox::i_boundingbox" maps-to="LocationIQ::_autocomplete::_boundingbox::boundingbox(LocationIQ::i_instance,LocationIQ::_autocomplete::i_autocomplete,LocationIQ::_autocomplete::_boundingbox::i_boundingbox)" />
			</ArrayMapping>
			<ValueMapping name="place_id" maps-to="LocationIQ::_autocomplete::place_id(LocationIQ::i_instance,LocationIQ::_autocomplete::i_autocomplete)" />
			<ValueMapping name="licence" maps-to="LocationIQ::_autocomplete::licence(LocationIQ::i_instance,LocationIQ::_autocomplete::i_autocomplete)" />
			<ValueMapping name="osm_type" maps-to="LocationIQ::_autocomplete::osm_type(LocationIQ::i_instance,LocationIQ::_autocomplete::i_autocomplete)" />
			<ValueMapping name="osm_id" maps-to="LocationIQ::_autocomplete::osm_id(LocationIQ::i_instance,LocationIQ::_autocomplete::i_autocomplete)" />
			<ValueMapping name="lat" maps-to="LocationIQ::_autocomplete::lat(LocationIQ::i_instance,LocationIQ::_autocomplete::i_autocomplete)" />
			<ValueMapping name="lon" maps-to="LocationIQ::_autocomplete::lon(LocationIQ::i_instance,LocationIQ::_autocomplete::i_autocomplete)" />
			<ValueMapping name="display_name" maps-to="LocationIQ::_autocomplete::display_name(LocationIQ::i_instance,LocationIQ::_autocomplete::i_autocomplete)" />
			<ValueMapping name="class" maps-to="LocationIQ::_autocomplete::class(LocationIQ::i_instance,LocationIQ::_autocomplete::i_autocomplete)" />
			<ValueMapping name="type" maps-to="LocationIQ::_autocomplete::type_(LocationIQ::i_instance,LocationIQ::_autocomplete::i_autocomplete)" />
			<ValueMapping name="display_place" maps-to="LocationIQ::_autocomplete::display_place(LocationIQ::i_instance,LocationIQ::_autocomplete::i_autocomplete)" />
			<ValueMapping name="display_address" maps-to="LocationIQ::_autocomplete::display_address(LocationIQ::i_instance,LocationIQ::_autocomplete::i_autocomplete)" />
		</ObjectMapping>
	</ArrayMapping>
</AimmsJSONMapping>
