<?xml version="1.0"?>
<AimmsJSONMapping iterative-reset="LocationIQ::i_childInstance,dex::schema::childNode,dex::schema::extbinding">
	<ExternalBinding binds-to="LocationIQ::i_instance" binding="LocationIQ::CurrentInstance" />
	<ObjectMapping>
		<ObjectMapping name="balance">
			<ValueMapping name="day" maps-to="LocationIQ::_balance::day(LocationIQ::i_instance)" number-type="integer" />
			<ValueMapping name="bonus" maps-to="LocationIQ::_balance::bonus(LocationIQ::i_instance)" number-type="integer" />
		</ObjectMapping>
		<ValueMapping name="status" maps-to="LocationIQ::_balance::status_(LocationIQ::i_instance)" />
	</ObjectMapping>
</AimmsJSONMapping>
