<?xml version="1.0"?>
<AimmsJSONMapping iterative-reset="LocationIQ::i_childInstance,dex::schema::childNode,dex::schema::extbinding">
	<ExternalBinding binds-to="LocationIQ::i_instance" binding="LocationIQ::CurrentInstance" />
	<ArrayMapping iterative-reset="LocationIQ::_directions_route_legs::i_directions_route_legs">
		<ObjectMapping iterative-binds-to="LocationIQ::_directions_route_legs::i_directions_route_legs">
			<ObjectMapping name="annotations">
				<ObjectMapping name="metadata">
					<ArrayMapping name="datasource_names" iterative-reset="LocationIQ::_directions_route_legs::_annotations::_metadata::_datasource_names::i_datasource_names">
						<ValueMapping iterative-binds-to="LocationIQ::_directions_route_legs::_annotations::_metadata::_datasource_names::i_datasource_names" maps-to="LocationIQ::_directions_route_legs::_annotations::_metadata::_datasource_names::datasource_names(LocationIQ::i_instance,LocationIQ::_directions_route_legs::i_directions_route_legs,LocationIQ::_directions_route_legs::_annotations::_metadata::_datasource_names::i_datasource_names)" />
					</ArrayMapping>
				</ObjectMapping>
				<ArrayMapping name="distance" iterative-reset="LocationIQ::_directions_route_legs::_annotations::_distance::i_distance">
					<ValueMapping iterative-binds-to="LocationIQ::_directions_route_legs::_annotations::_distance::i_distance" maps-to="LocationIQ::_directions_route_legs::_annotations::_distance::distance(LocationIQ::i_instance,LocationIQ::_directions_route_legs::i_directions_route_legs,LocationIQ::_directions_route_legs::_annotations::_distance::i_distance)" />
				</ArrayMapping>
				<ArrayMapping name="duration" iterative-reset="LocationIQ::_directions_route_legs::_annotations::_duration::i_duration">
					<ValueMapping iterative-binds-to="LocationIQ::_directions_route_legs::_annotations::_duration::i_duration" maps-to="LocationIQ::_directions_route_legs::_annotations::_duration::duration(LocationIQ::i_instance,LocationIQ::_directions_route_legs::i_directions_route_legs,LocationIQ::_directions_route_legs::_annotations::_duration::i_duration)" />
				</ArrayMapping>
				<ArrayMapping name="weight" iterative-reset="LocationIQ::_directions_route_legs::_annotations::_weight::i_weight">
					<ValueMapping iterative-binds-to="LocationIQ::_directions_route_legs::_annotations::_weight::i_weight" maps-to="LocationIQ::_directions_route_legs::_annotations::_weight::weight_(LocationIQ::i_instance,LocationIQ::_directions_route_legs::i_directions_route_legs,LocationIQ::_directions_route_legs::_annotations::_weight::i_weight)" />
				</ArrayMapping>
				<ArrayMapping name="speed" iterative-reset="LocationIQ::_directions_route_legs::_annotations::_speed::i_speed">
					<ValueMapping iterative-binds-to="LocationIQ::_directions_route_legs::_annotations::_speed::i_speed" maps-to="LocationIQ::_directions_route_legs::_annotations::_speed::speed(LocationIQ::i_instance,LocationIQ::_directions_route_legs::i_directions_route_legs,LocationIQ::_directions_route_legs::_annotations::_speed::i_speed)" />
				</ArrayMapping>
				<ArrayMapping name="nodes" iterative-reset="LocationIQ::_directions_route_legs::_annotations::_nodes::i_nodes">
					<ValueMapping iterative-binds-to="LocationIQ::_directions_route_legs::_annotations::_nodes::i_nodes" maps-to="LocationIQ::_directions_route_legs::_annotations::_nodes::nodes(LocationIQ::i_instance,LocationIQ::_directions_route_legs::i_directions_route_legs,LocationIQ::_directions_route_legs::_annotations::_nodes::i_nodes)" />
				</ArrayMapping>
				<ArrayMapping name="datasources" iterative-reset="LocationIQ::_directions_route_legs::_annotations::_datasources::i_datasources">
					<ValueMapping iterative-binds-to="LocationIQ::_directions_route_legs::_annotations::_datasources::i_datasources" maps-to="LocationIQ::_directions_route_legs::_annotations::_datasources::datasources(LocationIQ::i_instance,LocationIQ::_directions_route_legs::i_directions_route_legs,LocationIQ::_directions_route_legs::_annotations::_datasources::i_datasources)" />
				</ArrayMapping>
			</ObjectMapping>
			<ArrayMapping name="steps" iterative-reset="LocationIQ::_directions_route_legs::_steps::i_steps">
				<ObjectMapping iterative-binds-to="LocationIQ::_directions_route_legs::_steps::i_steps">
					<ObjectMapping name="intersections">
						<ArrayMapping name="location" iterative-reset="LocationIQ::_directions_route_legs::_steps::_intersections::_location::i_location">
							<ValueMapping iterative-binds-to="LocationIQ::_directions_route_legs::_steps::_intersections::_location::i_location" maps-to="LocationIQ::_directions_route_legs::_steps::_intersections::_location::location(LocationIQ::i_instance,LocationIQ::_directions_route_legs::i_directions_route_legs,LocationIQ::_directions_route_legs::_steps::i_steps,LocationIQ::_directions_route_legs::_steps::_intersections::_location::i_location)" />
						</ArrayMapping>
						<ValueMapping name="out" maps-to="LocationIQ::_directions_route_legs::_steps::_intersections::out(LocationIQ::i_instance,LocationIQ::_directions_route_legs::i_directions_route_legs,LocationIQ::_directions_route_legs::_steps::i_steps)" />
						<ValueMapping name="entry" maps-to="LocationIQ::_directions_route_legs::_steps::_intersections::entry(LocationIQ::i_instance,LocationIQ::_directions_route_legs::i_directions_route_legs,LocationIQ::_directions_route_legs::_steps::i_steps)" />
						<ValueMapping name="bearings" maps-to="LocationIQ::_directions_route_legs::_steps::_intersections::bearings(LocationIQ::i_instance,LocationIQ::_directions_route_legs::i_directions_route_legs,LocationIQ::_directions_route_legs::_steps::i_steps)" />
					</ObjectMapping>
					<ArrayMapping name="maneuver" iterative-reset="LocationIQ::_directions_route_legs::_steps::_maneuver::i_maneuver">
						<ObjectMapping iterative-binds-to="LocationIQ::_directions_route_legs::_steps::_maneuver::i_maneuver">
							<ArrayMapping name="location" iterative-reset="LocationIQ::_directions_route_legs::_steps::_maneuver::_location::i_location">
								<ValueMapping iterative-binds-to="LocationIQ::_directions_route_legs::_steps::_maneuver::_location::i_location" maps-to="LocationIQ::_directions_route_legs::_steps::_maneuver::_location::location(LocationIQ::i_instance,LocationIQ::_directions_route_legs::i_directions_route_legs,LocationIQ::_directions_route_legs::_steps::i_steps,LocationIQ::_directions_route_legs::_steps::_maneuver::i_maneuver,LocationIQ::_directions_route_legs::_steps::_maneuver::_location::i_location)" />
							</ArrayMapping>
							<ValueMapping name="type" maps-to="LocationIQ::_directions_route_legs::_steps::_maneuver::type_(LocationIQ::i_instance,LocationIQ::_directions_route_legs::i_directions_route_legs,LocationIQ::_directions_route_legs::_steps::i_steps,LocationIQ::_directions_route_legs::_steps::_maneuver::i_maneuver)" />
							<ValueMapping name="bearing_after" maps-to="LocationIQ::_directions_route_legs::_steps::_maneuver::bearing_after(LocationIQ::i_instance,LocationIQ::_directions_route_legs::i_directions_route_legs,LocationIQ::_directions_route_legs::_steps::i_steps,LocationIQ::_directions_route_legs::_steps::_maneuver::i_maneuver)" />
							<ValueMapping name="bearing_before" maps-to="LocationIQ::_directions_route_legs::_steps::_maneuver::bearing_before(LocationIQ::i_instance,LocationIQ::_directions_route_legs::i_directions_route_legs,LocationIQ::_directions_route_legs::_steps::i_steps,LocationIQ::_directions_route_legs::_steps::_maneuver::i_maneuver)" />
							<ValueMapping name="modifier" maps-to="LocationIQ::_directions_route_legs::_steps::_maneuver::modifier(LocationIQ::i_instance,LocationIQ::_directions_route_legs::i_directions_route_legs,LocationIQ::_directions_route_legs::_steps::i_steps,LocationIQ::_directions_route_legs::_steps::_maneuver::i_maneuver)" />
							<ValueMapping name="ref" maps-to="LocationIQ::_directions_route_legs::_steps::_maneuver::ref(LocationIQ::i_instance,LocationIQ::_directions_route_legs::i_directions_route_legs,LocationIQ::_directions_route_legs::_steps::i_steps,LocationIQ::_directions_route_legs::_steps::_maneuver::i_maneuver)" />
						</ObjectMapping>
					</ArrayMapping>
					<ValueMapping name="name" maps-to="LocationIQ::_directions_route_legs::_steps::name_(LocationIQ::i_instance,LocationIQ::_directions_route_legs::i_directions_route_legs,LocationIQ::_directions_route_legs::_steps::i_steps)" />
					<ValueMapping name="distance" maps-to="LocationIQ::_directions_route_legs::_steps::distance(LocationIQ::i_instance,LocationIQ::_directions_route_legs::i_directions_route_legs,LocationIQ::_directions_route_legs::_steps::i_steps)" />
					<ValueMapping name="driving_side" maps-to="LocationIQ::_directions_route_legs::_steps::driving_side(LocationIQ::i_instance,LocationIQ::_directions_route_legs::i_directions_route_legs,LocationIQ::_directions_route_legs::_steps::i_steps)" />
					<ValueMapping name="geometry" maps-to="LocationIQ::_directions_route_legs::_steps::geometry(LocationIQ::i_instance,LocationIQ::_directions_route_legs::i_directions_route_legs,LocationIQ::_directions_route_legs::_steps::i_steps)" />
					<ValueMapping name="duration" maps-to="LocationIQ::_directions_route_legs::_steps::duration(LocationIQ::i_instance,LocationIQ::_directions_route_legs::i_directions_route_legs,LocationIQ::_directions_route_legs::_steps::i_steps)" />
					<ValueMapping name="weight" maps-to="LocationIQ::_directions_route_legs::_steps::weight_(LocationIQ::i_instance,LocationIQ::_directions_route_legs::i_directions_route_legs,LocationIQ::_directions_route_legs::_steps::i_steps)" />
					<ValueMapping name="mode" maps-to="LocationIQ::_directions_route_legs::_steps::mode_(LocationIQ::i_instance,LocationIQ::_directions_route_legs::i_directions_route_legs,LocationIQ::_directions_route_legs::_steps::i_steps)" />
				</ObjectMapping>
			</ArrayMapping>
			<ValueMapping name="distance" maps-to="LocationIQ::_directions_route_legs::distance(LocationIQ::i_instance,LocationIQ::_directions_route_legs::i_directions_route_legs)" />
			<ValueMapping name="duration" maps-to="LocationIQ::_directions_route_legs::duration(LocationIQ::i_instance,LocationIQ::_directions_route_legs::i_directions_route_legs)" />
			<ValueMapping name="weight" maps-to="LocationIQ::_directions_route_legs::weight_(LocationIQ::i_instance,LocationIQ::_directions_route_legs::i_directions_route_legs)" />
			<ValueMapping name="summary" maps-to="LocationIQ::_directions_route_legs::summary(LocationIQ::i_instance,LocationIQ::_directions_route_legs::i_directions_route_legs)" />
		</ObjectMapping>
	</ArrayMapping>
</AimmsJSONMapping>
