<?xml version="1.0"?>
<AimmsJSONMapping iterative-reset="LocationIQ::i_childInstance,dex::schema::childNode,dex::schema::extbinding">
	<ExternalBinding binds-to="LocationIQ::i_instance" binding="LocationIQ::CurrentInstance" />
	<ObjectMapping>
		<ArrayMapping name="waypoints" iterative-reset="LocationIQ::_directions_nearest::_waypoints::i_waypoints">
			<ObjectMapping iterative-binds-to="LocationIQ::_directions_nearest::_waypoints::i_waypoints">
				<ArrayMapping name="location" iterative-reset="LocationIQ::_directions_nearest::_waypoints::_location::i_location">
					<ValueMapping iterative-binds-to="LocationIQ::_directions_nearest::_waypoints::_location::i_location" maps-to="LocationIQ::_directions_nearest::_waypoints::_location::location(LocationIQ::i_instance,LocationIQ::_directions_nearest::_waypoints::i_waypoints,LocationIQ::_directions_nearest::_waypoints::_location::i_location)" />
				</ArrayMapping>
				<ArrayMapping name="nodes" iterative-reset="LocationIQ::_directions_nearest::_waypoints::_nodes::i_nodes">
					<ValueMapping iterative-binds-to="LocationIQ::_directions_nearest::_waypoints::_nodes::i_nodes" maps-to="LocationIQ::_directions_nearest::_waypoints::_nodes::nodes(LocationIQ::i_instance,LocationIQ::_directions_nearest::_waypoints::i_waypoints,LocationIQ::_directions_nearest::_waypoints::_nodes::i_nodes)" />
				</ArrayMapping>
				<ValueMapping name="name" maps-to="LocationIQ::_directions_nearest::_waypoints::name_(LocationIQ::i_instance,LocationIQ::_directions_nearest::_waypoints::i_waypoints)" />
				<ValueMapping name="distance" maps-to="LocationIQ::_directions_nearest::_waypoints::distance(LocationIQ::i_instance,LocationIQ::_directions_nearest::_waypoints::i_waypoints)" />
			</ObjectMapping>
		</ArrayMapping>
		<ValueMapping name="code" maps-to="LocationIQ::_directions_nearest::code_(LocationIQ::i_instance)" />
	</ObjectMapping>
</AimmsJSONMapping>
