<?xml version="1.0"?>
<AimmsJSONMapping iterative-reset="LocationIQ::i_childInstance,dex::schema::childNode,dex::schema::extbinding">
	<ExternalBinding binds-to="LocationIQ::i_instance" binding="LocationIQ::CurrentInstance" />
	<ObjectMapping>
		<ArrayMapping name="distances" iterative-reset="LocationIQ::_directions_matrix::_distances::i_distances">
			<ValueMapping iterative-binds-to="LocationIQ::_directions_matrix::_distances::i_distances" maps-to="LocationIQ::_directions_matrix::_distances::distances(LocationIQ::i_instance,LocationIQ::_directions_matrix::_distances::i_distances)" />
		</ArrayMapping>
		<ArrayMapping name="fallback_speed_cells" iterative-reset="LocationIQ::_directions_matrix::_fallback_speed_cells::i_fallback_speed_cells">
			<ValueMapping iterative-binds-to="LocationIQ::_directions_matrix::_fallback_speed_cells::i_fallback_speed_cells" maps-to="LocationIQ::_directions_matrix::_fallback_speed_cells::fallback_speed_cells(LocationIQ::i_instance,LocationIQ::_directions_matrix::_fallback_speed_cells::i_fallback_speed_cells)" />
		</ArrayMapping>
		<ArrayMapping name="sources" iterative-reset="LocationIQ::_directions_matrix::_sources::i_sources">
			<ObjectMapping iterative-binds-to="LocationIQ::_directions_matrix::_sources::i_sources">
				<ArrayMapping name="location" iterative-reset="LocationIQ::_directions_matrix::_sources::_location::i_location">
					<ValueMapping iterative-binds-to="LocationIQ::_directions_matrix::_sources::_location::i_location" maps-to="LocationIQ::_directions_matrix::_sources::_location::location(LocationIQ::i_instance,LocationIQ::_directions_matrix::_sources::i_sources,LocationIQ::_directions_matrix::_sources::_location::i_location)" />
				</ArrayMapping>
				<ValueMapping name="name" maps-to="LocationIQ::_directions_matrix::_sources::name_(LocationIQ::i_instance,LocationIQ::_directions_matrix::_sources::i_sources)" />
				<ValueMapping name="distance" maps-to="LocationIQ::_directions_matrix::_sources::distance(LocationIQ::i_instance,LocationIQ::_directions_matrix::_sources::i_sources)" />
			</ObjectMapping>
		</ArrayMapping>
		<ArrayMapping name="destinations" iterative-reset="LocationIQ::_directions_matrix::_destinations::i_destinations">
			<ObjectMapping iterative-binds-to="LocationIQ::_directions_matrix::_destinations::i_destinations">
				<ArrayMapping name="location" iterative-reset="LocationIQ::_directions_matrix::_destinations::_location::i_location">
					<ValueMapping iterative-binds-to="LocationIQ::_directions_matrix::_destinations::_location::i_location" maps-to="LocationIQ::_directions_matrix::_destinations::_location::location(LocationIQ::i_instance,LocationIQ::_directions_matrix::_destinations::i_destinations,LocationIQ::_directions_matrix::_destinations::_location::i_location)" />
				</ArrayMapping>
				<ValueMapping name="name" maps-to="LocationIQ::_directions_matrix::_destinations::name_(LocationIQ::i_instance,LocationIQ::_directions_matrix::_destinations::i_destinations)" />
				<ValueMapping name="distance" maps-to="LocationIQ::_directions_matrix::_destinations::distance(LocationIQ::i_instance,LocationIQ::_directions_matrix::_destinations::i_destinations)" />
			</ObjectMapping>
		</ArrayMapping>
		<ValueMapping name="code" maps-to="LocationIQ::_directions_matrix::code_(LocationIQ::i_instance)" />
	</ObjectMapping>
</AimmsJSONMapping>
