<?xml version="1.0"?>
<AimmsJSONMapping iterative-reset="LocationIQ::i_childInstance,dex::schema::childNode,dex::schema::extbinding">
	<ExternalBinding binds-to="LocationIQ::i_instance" binding="LocationIQ::CurrentInstance" />
	<ObjectMapping>
		<ArrayMapping name="tracepoints" iterative-reset="LocationIQ::_directions_matching::_tracepoints::i_tracepoints">
			<ObjectMapping iterative-binds-to="LocationIQ::_directions_matching::_tracepoints::i_tracepoints">
				<ArrayMapping name="location" iterative-reset="LocationIQ::_directions_matching::_tracepoints::_location::i_location">
					<ValueMapping iterative-binds-to="LocationIQ::_directions_matching::_tracepoints::_location::i_location" maps-to="LocationIQ::_directions_matching::_tracepoints::_location::location(LocationIQ::i_instance,LocationIQ::_directions_matching::_tracepoints::i_tracepoints,LocationIQ::_directions_matching::_tracepoints::_location::i_location)" />
				</ArrayMapping>
				<ValueMapping name="name" maps-to="LocationIQ::_directions_matching::_tracepoints::name_(LocationIQ::i_instance,LocationIQ::_directions_matching::_tracepoints::i_tracepoints)" />
				<ValueMapping name="distance" maps-to="LocationIQ::_directions_matching::_tracepoints::distance(LocationIQ::i_instance,LocationIQ::_directions_matching::_tracepoints::i_tracepoints)" />
				<ValueMapping name="waypoint_index" maps-to="LocationIQ::_directions_matching::_tracepoints::waypoint_index(LocationIQ::i_instance,LocationIQ::_directions_matching::_tracepoints::i_tracepoints)" number-type="integer" />
				<ValueMapping name="matchings_index" maps-to="LocationIQ::_directions_matching::_tracepoints::matchings_index(LocationIQ::i_instance,LocationIQ::_directions_matching::_tracepoints::i_tracepoints)" number-type="integer" />
				<ValueMapping name="alternatives_count" maps-to="LocationIQ::_directions_matching::_tracepoints::alternatives_count(LocationIQ::i_instance,LocationIQ::_directions_matching::_tracepoints::i_tracepoints)" number-type="integer" />
			</ObjectMapping>
		</ArrayMapping>
		<ArrayMapping name="matchings" iterative-reset="LocationIQ::_directions_matching::_matchings::i_matchings">
			<ObjectMapping iterative-binds-to="LocationIQ::_directions_matching::_matchings::i_matchings">
				<ArrayMapping name="legs" iterative-reset="LocationIQ::_directions_matching::_matchings::_legs::i_legs">
					<ObjectMapping iterative-binds-to="LocationIQ::_directions_matching::_matchings::_legs::i_legs">
						<ArrayMapping name="steps" iterative-reset="LocationIQ::_directions_matching::_matchings::_legs::_steps::i_steps">
							<ObjectMapping iterative-binds-to="LocationIQ::_directions_matching::_matchings::_legs::_steps::i_steps">
								<ObjectMapping name="intersections">
									<ArrayMapping name="location" iterative-reset="LocationIQ::_directions_matching::_matchings::_legs::_steps::_intersections::_location::i_location">
										<ValueMapping iterative-binds-to="LocationIQ::_directions_matching::_matchings::_legs::_steps::_intersections::_location::i_location" maps-to="LocationIQ::_directions_matching::_matchings::_legs::_steps::_intersections::_location::location(LocationIQ::i_instance,LocationIQ::_directions_matching::_matchings::i_matchings,LocationIQ::_directions_matching::_matchings::_legs::i_legs,LocationIQ::_directions_matching::_matchings::_legs::_steps::i_steps,LocationIQ::_directions_matching::_matchings::_legs::_steps::_intersections::_location::i_location)" />
									</ArrayMapping>
									<ValueMapping name="out" maps-to="LocationIQ::_directions_matching::_matchings::_legs::_steps::_intersections::out(LocationIQ::i_instance,LocationIQ::_directions_matching::_matchings::i_matchings,LocationIQ::_directions_matching::_matchings::_legs::i_legs,LocationIQ::_directions_matching::_matchings::_legs::_steps::i_steps)" />
									<ValueMapping name="entry" maps-to="LocationIQ::_directions_matching::_matchings::_legs::_steps::_intersections::entry(LocationIQ::i_instance,LocationIQ::_directions_matching::_matchings::i_matchings,LocationIQ::_directions_matching::_matchings::_legs::i_legs,LocationIQ::_directions_matching::_matchings::_legs::_steps::i_steps)" />
									<ValueMapping name="bearings" maps-to="LocationIQ::_directions_matching::_matchings::_legs::_steps::_intersections::bearings(LocationIQ::i_instance,LocationIQ::_directions_matching::_matchings::i_matchings,LocationIQ::_directions_matching::_matchings::_legs::i_legs,LocationIQ::_directions_matching::_matchings::_legs::_steps::i_steps)" />
								</ObjectMapping>
								<ArrayMapping name="maneuver" iterative-reset="LocationIQ::_directions_matching::_matchings::_legs::_steps::_maneuver::i_maneuver">
									<ObjectMapping iterative-binds-to="LocationIQ::_directions_matching::_matchings::_legs::_steps::_maneuver::i_maneuver">
										<ArrayMapping name="location" iterative-reset="LocationIQ::_directions_matching::_matchings::_legs::_steps::_maneuver::_location::i_location">
											<ValueMapping iterative-binds-to="LocationIQ::_directions_matching::_matchings::_legs::_steps::_maneuver::_location::i_location" maps-to="LocationIQ::_directions_matching::_matchings::_legs::_steps::_maneuver::_location::location(LocationIQ::i_instance,LocationIQ::_directions_matching::_matchings::i_matchings,LocationIQ::_directions_matching::_matchings::_legs::i_legs,LocationIQ::_directions_matching::_matchings::_legs::_steps::i_steps,LocationIQ::_directions_matching::_matchings::_legs::_steps::_maneuver::i_maneuver,LocationIQ::_directions_matching::_matchings::_legs::_steps::_maneuver::_location::i_location)" />
										</ArrayMapping>
										<ValueMapping name="type" maps-to="LocationIQ::_directions_matching::_matchings::_legs::_steps::_maneuver::type_(LocationIQ::i_instance,LocationIQ::_directions_matching::_matchings::i_matchings,LocationIQ::_directions_matching::_matchings::_legs::i_legs,LocationIQ::_directions_matching::_matchings::_legs::_steps::i_steps,LocationIQ::_directions_matching::_matchings::_legs::_steps::_maneuver::i_maneuver)" />
										<ValueMapping name="bearing_after" maps-to="LocationIQ::_directions_matching::_matchings::_legs::_steps::_maneuver::bearing_after(LocationIQ::i_instance,LocationIQ::_directions_matching::_matchings::i_matchings,LocationIQ::_directions_matching::_matchings::_legs::i_legs,LocationIQ::_directions_matching::_matchings::_legs::_steps::i_steps,LocationIQ::_directions_matching::_matchings::_legs::_steps::_maneuver::i_maneuver)" />
										<ValueMapping name="bearing_before" maps-to="LocationIQ::_directions_matching::_matchings::_legs::_steps::_maneuver::bearing_before(LocationIQ::i_instance,LocationIQ::_directions_matching::_matchings::i_matchings,LocationIQ::_directions_matching::_matchings::_legs::i_legs,LocationIQ::_directions_matching::_matchings::_legs::_steps::i_steps,LocationIQ::_directions_matching::_matchings::_legs::_steps::_maneuver::i_maneuver)" />
										<ValueMapping name="modifier" maps-to="LocationIQ::_directions_matching::_matchings::_legs::_steps::_maneuver::modifier(LocationIQ::i_instance,LocationIQ::_directions_matching::_matchings::i_matchings,LocationIQ::_directions_matching::_matchings::_legs::i_legs,LocationIQ::_directions_matching::_matchings::_legs::_steps::i_steps,LocationIQ::_directions_matching::_matchings::_legs::_steps::_maneuver::i_maneuver)" />
										<ValueMapping name="ref" maps-to="LocationIQ::_directions_matching::_matchings::_legs::_steps::_maneuver::ref(LocationIQ::i_instance,LocationIQ::_directions_matching::_matchings::i_matchings,LocationIQ::_directions_matching::_matchings::_legs::i_legs,LocationIQ::_directions_matching::_matchings::_legs::_steps::i_steps,LocationIQ::_directions_matching::_matchings::_legs::_steps::_maneuver::i_maneuver)" />
									</ObjectMapping>
								</ArrayMapping>
								<ValueMapping name="name" maps-to="LocationIQ::_directions_matching::_matchings::_legs::_steps::name_(LocationIQ::i_instance,LocationIQ::_directions_matching::_matchings::i_matchings,LocationIQ::_directions_matching::_matchings::_legs::i_legs,LocationIQ::_directions_matching::_matchings::_legs::_steps::i_steps)" />
								<ValueMapping name="distance" maps-to="LocationIQ::_directions_matching::_matchings::_legs::_steps::distance(LocationIQ::i_instance,LocationIQ::_directions_matching::_matchings::i_matchings,LocationIQ::_directions_matching::_matchings::_legs::i_legs,LocationIQ::_directions_matching::_matchings::_legs::_steps::i_steps)" />
								<ValueMapping name="driving_side" maps-to="LocationIQ::_directions_matching::_matchings::_legs::_steps::driving_side(LocationIQ::i_instance,LocationIQ::_directions_matching::_matchings::i_matchings,LocationIQ::_directions_matching::_matchings::_legs::i_legs,LocationIQ::_directions_matching::_matchings::_legs::_steps::i_steps)" />
								<ValueMapping name="geometry" maps-to="LocationIQ::_directions_matching::_matchings::_legs::_steps::geometry(LocationIQ::i_instance,LocationIQ::_directions_matching::_matchings::i_matchings,LocationIQ::_directions_matching::_matchings::_legs::i_legs,LocationIQ::_directions_matching::_matchings::_legs::_steps::i_steps)" />
								<ValueMapping name="duration" maps-to="LocationIQ::_directions_matching::_matchings::_legs::_steps::duration(LocationIQ::i_instance,LocationIQ::_directions_matching::_matchings::i_matchings,LocationIQ::_directions_matching::_matchings::_legs::i_legs,LocationIQ::_directions_matching::_matchings::_legs::_steps::i_steps)" />
								<ValueMapping name="weight" maps-to="LocationIQ::_directions_matching::_matchings::_legs::_steps::weight_(LocationIQ::i_instance,LocationIQ::_directions_matching::_matchings::i_matchings,LocationIQ::_directions_matching::_matchings::_legs::i_legs,LocationIQ::_directions_matching::_matchings::_legs::_steps::i_steps)" />
								<ValueMapping name="mode" maps-to="LocationIQ::_directions_matching::_matchings::_legs::_steps::mode_(LocationIQ::i_instance,LocationIQ::_directions_matching::_matchings::i_matchings,LocationIQ::_directions_matching::_matchings::_legs::i_legs,LocationIQ::_directions_matching::_matchings::_legs::_steps::i_steps)" />
							</ObjectMapping>
						</ArrayMapping>
						<ValueMapping name="distance" maps-to="LocationIQ::_directions_matching::_matchings::_legs::distance(LocationIQ::i_instance,LocationIQ::_directions_matching::_matchings::i_matchings,LocationIQ::_directions_matching::_matchings::_legs::i_legs)" />
						<ValueMapping name="duration" maps-to="LocationIQ::_directions_matching::_matchings::_legs::duration(LocationIQ::i_instance,LocationIQ::_directions_matching::_matchings::i_matchings,LocationIQ::_directions_matching::_matchings::_legs::i_legs)" />
						<ValueMapping name="weight" maps-to="LocationIQ::_directions_matching::_matchings::_legs::weight_(LocationIQ::i_instance,LocationIQ::_directions_matching::_matchings::i_matchings,LocationIQ::_directions_matching::_matchings::_legs::i_legs)" />
						<ValueMapping name="summary" maps-to="LocationIQ::_directions_matching::_matchings::_legs::summary(LocationIQ::i_instance,LocationIQ::_directions_matching::_matchings::i_matchings,LocationIQ::_directions_matching::_matchings::_legs::i_legs)" />
					</ObjectMapping>
				</ArrayMapping>
				<ValueMapping name="distance" maps-to="LocationIQ::_directions_matching::_matchings::distance(LocationIQ::i_instance,LocationIQ::_directions_matching::_matchings::i_matchings)" />
				<ValueMapping name="geometry" maps-to="LocationIQ::_directions_matching::_matchings::geometry(LocationIQ::i_instance,LocationIQ::_directions_matching::_matchings::i_matchings)" />
				<ValueMapping name="duration" maps-to="LocationIQ::_directions_matching::_matchings::duration(LocationIQ::i_instance,LocationIQ::_directions_matching::_matchings::i_matchings)" />
				<ValueMapping name="weight" maps-to="LocationIQ::_directions_matching::_matchings::weight_(LocationIQ::i_instance,LocationIQ::_directions_matching::_matchings::i_matchings)" />
				<ValueMapping name="confidence" maps-to="LocationIQ::_directions_matching::_matchings::confidence(LocationIQ::i_instance,LocationIQ::_directions_matching::_matchings::i_matchings)" />
				<ValueMapping name="weight_name" maps-to="LocationIQ::_directions_matching::_matchings::weight_name(LocationIQ::i_instance,LocationIQ::_directions_matching::_matchings::i_matchings)" />
			</ObjectMapping>
		</ArrayMapping>
		<ValueMapping name="code" maps-to="LocationIQ::_directions_matching::code_(LocationIQ::i_instance)" />
	</ObjectMapping>
</AimmsJSONMapping>
