<?xml version="1.0"?>
<AimmsJSONMapping iterative-reset="LocationIQ::i_childInstance,dex::schema::childNode,dex::schema::extbinding">
	<ExternalBinding binds-to="LocationIQ::i_instance" binding="LocationIQ::CurrentInstance" />
	<ObjectMapping>
		<ObjectMapping name="address">
			<ValueMapping name="city" maps-to="LocationIQ::_location::_address::city(LocationIQ::i_instance)" />
			<ValueMapping name="country" maps-to="LocationIQ::_location::_address::country(LocationIQ::i_instance)" />
			<ValueMapping name="country_code" maps-to="LocationIQ::_location::_address::country_code(LocationIQ::i_instance)" />
			<ValueMapping name="state" maps-to="LocationIQ::_location::_address::state(LocationIQ::i_instance)" />
			<ValueMapping name="house_number" maps-to="LocationIQ::_location::_address::house_number(LocationIQ::i_instance)" />
			<ValueMapping name="road" maps-to="LocationIQ::_location::_address::road(LocationIQ::i_instance)" />
			<ValueMapping name="residential" maps-to="LocationIQ::_location::_address::residential(LocationIQ::i_instance)" />
			<ValueMapping name="borough" maps-to="LocationIQ::_location::_address::borough(LocationIQ::i_instance)" />
			<ValueMapping name="neighbourhood" maps-to="LocationIQ::_location::_address::neighbourhood(LocationIQ::i_instance)" />
			<ValueMapping name="quarter" maps-to="LocationIQ::_location::_address::quarter(LocationIQ::i_instance)" />
			<ValueMapping name="hamlet" maps-to="LocationIQ::_location::_address::hamlet(LocationIQ::i_instance)" />
			<ValueMapping name="suburb" maps-to="LocationIQ::_location::_address::suburb(LocationIQ::i_instance)" />
			<ValueMapping name="island" maps-to="LocationIQ::_location::_address::island(LocationIQ::i_instance)" />
			<ValueMapping name="village" maps-to="LocationIQ::_location::_address::village(LocationIQ::i_instance)" />
			<ValueMapping name="town" maps-to="LocationIQ::_location::_address::town(LocationIQ::i_instance)" />
			<ValueMapping name="city_district" maps-to="LocationIQ::_location::_address::city_district(LocationIQ::i_instance)" />
			<ValueMapping name="county" maps-to="LocationIQ::_location::_address::county(LocationIQ::i_instance)" />
			<ValueMapping name="state_district" maps-to="LocationIQ::_location::_address::state_district(LocationIQ::i_instance)" />
			<ValueMapping name="postcode" maps-to="LocationIQ::_location::_address::postcode(LocationIQ::i_instance)" />
			<ValueMapping name="state_code" maps-to="LocationIQ::_location::_address::state_code(LocationIQ::i_instance)" />
		</ObjectMapping>
		<ObjectMapping name="namedetails">
			<ValueMapping name="name" maps-to="LocationIQ::_location::_namedetails::name_(LocationIQ::i_instance)" />
		</ObjectMapping>
		<ObjectMapping name="matchquality">
			<ValueMapping name="matchcode" maps-to="LocationIQ::_location::_matchquality::matchcode(LocationIQ::i_instance)" />
			<ValueMapping name="matchtype" maps-to="LocationIQ::_location::_matchquality::matchtype(LocationIQ::i_instance)" />
			<ValueMapping name="matchlevel" maps-to="LocationIQ::_location::_matchquality::matchlevel(LocationIQ::i_instance)" />
		</ObjectMapping>
		<ArrayMapping name="boundingbox" iterative-reset="LocationIQ::_location::_boundingbox::i_boundingbox">
			<ValueMapping iterative-binds-to="LocationIQ::_location::_boundingbox::i_boundingbox" maps-to="LocationIQ::_location::_boundingbox::boundingbox(LocationIQ::i_instance,LocationIQ::_location::_boundingbox::i_boundingbox)" />
		</ArrayMapping>
		<ValueMapping name="distance" maps-to="LocationIQ::_location::distance(LocationIQ::i_instance)" />
		<ValueMapping name="place_id" maps-to="LocationIQ::_location::place_id(LocationIQ::i_instance)" />
		<ValueMapping name="licence" maps-to="LocationIQ::_location::licence(LocationIQ::i_instance)" />
		<ValueMapping name="osm_type" maps-to="LocationIQ::_location::osm_type(LocationIQ::i_instance)" />
		<ValueMapping name="osm_id" maps-to="LocationIQ::_location::osm_id(LocationIQ::i_instance)" />
		<ValueMapping name="lat" maps-to="LocationIQ::_location::lat(LocationIQ::i_instance)" />
		<ValueMapping name="lon" maps-to="LocationIQ::_location::lon(LocationIQ::i_instance)" />
		<ValueMapping name="display_name" maps-to="LocationIQ::_location::display_name(LocationIQ::i_instance)" />
		<ValueMapping name="class" maps-to="LocationIQ::_location::class(LocationIQ::i_instance)" />
		<ValueMapping name="type" maps-to="LocationIQ::_location::type_(LocationIQ::i_instance)" />
		<ValueMapping name="importance" maps-to="LocationIQ::_location::importance(LocationIQ::i_instance)" />
	</ObjectMapping>
</AimmsJSONMapping>
