<?xml version="1.0"?>
<AimmsJSONMapping iterative-reset="LocationIQ::i_childInstance,dex::schema::childNode,dex::schema::extbinding">
	<ExternalBinding binds-to="LocationIQ::i_instance" binding="LocationIQ::CurrentInstance" />
	<ArrayMapping iterative-reset="LocationIQ::_matchings_route_legs::i_matchings_route_legs">
		<ObjectMapping iterative-binds-to="LocationIQ::_matchings_route_legs::i_matchings_route_legs">
			<ArrayMapping name="steps" iterative-reset="LocationIQ::_matchings_route_legs::_steps::i_steps">
				<ObjectMapping iterative-binds-to="LocationIQ::_matchings_route_legs::_steps::i_steps">
					<ObjectMapping name="intersections">
						<ArrayMapping name="location" iterative-reset="LocationIQ::_matchings_route_legs::_steps::_intersections::_location::i_location">
							<ValueMapping iterative-binds-to="LocationIQ::_matchings_route_legs::_steps::_intersections::_location::i_location" maps-to="LocationIQ::_matchings_route_legs::_steps::_intersections::_location::location(LocationIQ::i_instance,LocationIQ::_matchings_route_legs::i_matchings_route_legs,LocationIQ::_matchings_route_legs::_steps::i_steps,LocationIQ::_matchings_route_legs::_steps::_intersections::_location::i_location)" />
						</ArrayMapping>
						<ValueMapping name="out" maps-to="LocationIQ::_matchings_route_legs::_steps::_intersections::out(LocationIQ::i_instance,LocationIQ::_matchings_route_legs::i_matchings_route_legs,LocationIQ::_matchings_route_legs::_steps::i_steps)" />
						<ValueMapping name="entry" maps-to="LocationIQ::_matchings_route_legs::_steps::_intersections::entry(LocationIQ::i_instance,LocationIQ::_matchings_route_legs::i_matchings_route_legs,LocationIQ::_matchings_route_legs::_steps::i_steps)" />
						<ValueMapping name="bearings" maps-to="LocationIQ::_matchings_route_legs::_steps::_intersections::bearings(LocationIQ::i_instance,LocationIQ::_matchings_route_legs::i_matchings_route_legs,LocationIQ::_matchings_route_legs::_steps::i_steps)" />
					</ObjectMapping>
					<ArrayMapping name="maneuver" iterative-reset="LocationIQ::_matchings_route_legs::_steps::_maneuver::i_maneuver">
						<ObjectMapping iterative-binds-to="LocationIQ::_matchings_route_legs::_steps::_maneuver::i_maneuver">
							<ArrayMapping name="location" iterative-reset="LocationIQ::_matchings_route_legs::_steps::_maneuver::_location::i_location">
								<ValueMapping iterative-binds-to="LocationIQ::_matchings_route_legs::_steps::_maneuver::_location::i_location" maps-to="LocationIQ::_matchings_route_legs::_steps::_maneuver::_location::location(LocationIQ::i_instance,LocationIQ::_matchings_route_legs::i_matchings_route_legs,LocationIQ::_matchings_route_legs::_steps::i_steps,LocationIQ::_matchings_route_legs::_steps::_maneuver::i_maneuver,LocationIQ::_matchings_route_legs::_steps::_maneuver::_location::i_location)" />
							</ArrayMapping>
							<ValueMapping name="type" maps-to="LocationIQ::_matchings_route_legs::_steps::_maneuver::type_(LocationIQ::i_instance,LocationIQ::_matchings_route_legs::i_matchings_route_legs,LocationIQ::_matchings_route_legs::_steps::i_steps,LocationIQ::_matchings_route_legs::_steps::_maneuver::i_maneuver)" />
							<ValueMapping name="bearing_after" maps-to="LocationIQ::_matchings_route_legs::_steps::_maneuver::bearing_after(LocationIQ::i_instance,LocationIQ::_matchings_route_legs::i_matchings_route_legs,LocationIQ::_matchings_route_legs::_steps::i_steps,LocationIQ::_matchings_route_legs::_steps::_maneuver::i_maneuver)" />
							<ValueMapping name="bearing_before" maps-to="LocationIQ::_matchings_route_legs::_steps::_maneuver::bearing_before(LocationIQ::i_instance,LocationIQ::_matchings_route_legs::i_matchings_route_legs,LocationIQ::_matchings_route_legs::_steps::i_steps,LocationIQ::_matchings_route_legs::_steps::_maneuver::i_maneuver)" />
							<ValueMapping name="modifier" maps-to="LocationIQ::_matchings_route_legs::_steps::_maneuver::modifier(LocationIQ::i_instance,LocationIQ::_matchings_route_legs::i_matchings_route_legs,LocationIQ::_matchings_route_legs::_steps::i_steps,LocationIQ::_matchings_route_legs::_steps::_maneuver::i_maneuver)" />
							<ValueMapping name="ref" maps-to="LocationIQ::_matchings_route_legs::_steps::_maneuver::ref(LocationIQ::i_instance,LocationIQ::_matchings_route_legs::i_matchings_route_legs,LocationIQ::_matchings_route_legs::_steps::i_steps,LocationIQ::_matchings_route_legs::_steps::_maneuver::i_maneuver)" />
						</ObjectMapping>
					</ArrayMapping>
					<ValueMapping name="name" maps-to="LocationIQ::_matchings_route_legs::_steps::name_(LocationIQ::i_instance,LocationIQ::_matchings_route_legs::i_matchings_route_legs,LocationIQ::_matchings_route_legs::_steps::i_steps)" />
					<ValueMapping name="distance" maps-to="LocationIQ::_matchings_route_legs::_steps::distance(LocationIQ::i_instance,LocationIQ::_matchings_route_legs::i_matchings_route_legs,LocationIQ::_matchings_route_legs::_steps::i_steps)" />
					<ValueMapping name="driving_side" maps-to="LocationIQ::_matchings_route_legs::_steps::driving_side(LocationIQ::i_instance,LocationIQ::_matchings_route_legs::i_matchings_route_legs,LocationIQ::_matchings_route_legs::_steps::i_steps)" />
					<ValueMapping name="geometry" maps-to="LocationIQ::_matchings_route_legs::_steps::geometry(LocationIQ::i_instance,LocationIQ::_matchings_route_legs::i_matchings_route_legs,LocationIQ::_matchings_route_legs::_steps::i_steps)" />
					<ValueMapping name="duration" maps-to="LocationIQ::_matchings_route_legs::_steps::duration(LocationIQ::i_instance,LocationIQ::_matchings_route_legs::i_matchings_route_legs,LocationIQ::_matchings_route_legs::_steps::i_steps)" />
					<ValueMapping name="weight" maps-to="LocationIQ::_matchings_route_legs::_steps::weight_(LocationIQ::i_instance,LocationIQ::_matchings_route_legs::i_matchings_route_legs,LocationIQ::_matchings_route_legs::_steps::i_steps)" />
					<ValueMapping name="mode" maps-to="LocationIQ::_matchings_route_legs::_steps::mode_(LocationIQ::i_instance,LocationIQ::_matchings_route_legs::i_matchings_route_legs,LocationIQ::_matchings_route_legs::_steps::i_steps)" />
				</ObjectMapping>
			</ArrayMapping>
			<ValueMapping name="distance" maps-to="LocationIQ::_matchings_route_legs::distance(LocationIQ::i_instance,LocationIQ::_matchings_route_legs::i_matchings_route_legs)" />
			<ValueMapping name="duration" maps-to="LocationIQ::_matchings_route_legs::duration(LocationIQ::i_instance,LocationIQ::_matchings_route_legs::i_matchings_route_legs)" />
			<ValueMapping name="weight" maps-to="LocationIQ::_matchings_route_legs::weight_(LocationIQ::i_instance,LocationIQ::_matchings_route_legs::i_matchings_route_legs)" />
			<ValueMapping name="summary" maps-to="LocationIQ::_matchings_route_legs::summary(LocationIQ::i_instance,LocationIQ::_matchings_route_legs::i_matchings_route_legs)" />
		</ObjectMapping>
	</ArrayMapping>
</AimmsJSONMapping>
