<?xml version="1.0"?>
<AimmsJSONMapping iterative-reset="LocationIQ::i_childInstance,dex::schema::childNode,dex::schema::extbinding">
	<ExternalBinding binds-to="LocationIQ::i_instance" binding="LocationIQ::CurrentInstance" />
	<ArrayMapping iterative-reset="LocationIQ::_matching_matchings::i_matching_matchings">
		<ObjectMapping iterative-binds-to="LocationIQ::_matching_matchings::i_matching_matchings">
			<ArrayMapping name="legs" iterative-reset="LocationIQ::_matching_matchings::_legs::i_legs">
				<ObjectMapping iterative-binds-to="LocationIQ::_matching_matchings::_legs::i_legs">
					<ArrayMapping name="steps" iterative-reset="LocationIQ::_matching_matchings::_legs::_steps::i_steps">
						<ObjectMapping iterative-binds-to="LocationIQ::_matching_matchings::_legs::_steps::i_steps">
							<ObjectMapping name="intersections">
								<ArrayMapping name="location" iterative-reset="LocationIQ::_matching_matchings::_legs::_steps::_intersections::_location::i_location">
									<ValueMapping iterative-binds-to="LocationIQ::_matching_matchings::_legs::_steps::_intersections::_location::i_location" maps-to="LocationIQ::_matching_matchings::_legs::_steps::_intersections::_location::location(LocationIQ::i_instance,LocationIQ::_matching_matchings::i_matching_matchings,LocationIQ::_matching_matchings::_legs::i_legs,LocationIQ::_matching_matchings::_legs::_steps::i_steps,LocationIQ::_matching_matchings::_legs::_steps::_intersections::_location::i_location)" />
								</ArrayMapping>
								<ValueMapping name="out" maps-to="LocationIQ::_matching_matchings::_legs::_steps::_intersections::out(LocationIQ::i_instance,LocationIQ::_matching_matchings::i_matching_matchings,LocationIQ::_matching_matchings::_legs::i_legs,LocationIQ::_matching_matchings::_legs::_steps::i_steps)" />
								<ValueMapping name="entry" maps-to="LocationIQ::_matching_matchings::_legs::_steps::_intersections::entry(LocationIQ::i_instance,LocationIQ::_matching_matchings::i_matching_matchings,LocationIQ::_matching_matchings::_legs::i_legs,LocationIQ::_matching_matchings::_legs::_steps::i_steps)" />
								<ValueMapping name="bearings" maps-to="LocationIQ::_matching_matchings::_legs::_steps::_intersections::bearings(LocationIQ::i_instance,LocationIQ::_matching_matchings::i_matching_matchings,LocationIQ::_matching_matchings::_legs::i_legs,LocationIQ::_matching_matchings::_legs::_steps::i_steps)" />
							</ObjectMapping>
							<ArrayMapping name="maneuver" iterative-reset="LocationIQ::_matching_matchings::_legs::_steps::_maneuver::i_maneuver">
								<ObjectMapping iterative-binds-to="LocationIQ::_matching_matchings::_legs::_steps::_maneuver::i_maneuver">
									<ArrayMapping name="location" iterative-reset="LocationIQ::_matching_matchings::_legs::_steps::_maneuver::_location::i_location">
										<ValueMapping iterative-binds-to="LocationIQ::_matching_matchings::_legs::_steps::_maneuver::_location::i_location" maps-to="LocationIQ::_matching_matchings::_legs::_steps::_maneuver::_location::location(LocationIQ::i_instance,LocationIQ::_matching_matchings::i_matching_matchings,LocationIQ::_matching_matchings::_legs::i_legs,LocationIQ::_matching_matchings::_legs::_steps::i_steps,LocationIQ::_matching_matchings::_legs::_steps::_maneuver::i_maneuver,LocationIQ::_matching_matchings::_legs::_steps::_maneuver::_location::i_location)" />
									</ArrayMapping>
									<ValueMapping name="type" maps-to="LocationIQ::_matching_matchings::_legs::_steps::_maneuver::type_(LocationIQ::i_instance,LocationIQ::_matching_matchings::i_matching_matchings,LocationIQ::_matching_matchings::_legs::i_legs,LocationIQ::_matching_matchings::_legs::_steps::i_steps,LocationIQ::_matching_matchings::_legs::_steps::_maneuver::i_maneuver)" />
									<ValueMapping name="bearing_after" maps-to="LocationIQ::_matching_matchings::_legs::_steps::_maneuver::bearing_after(LocationIQ::i_instance,LocationIQ::_matching_matchings::i_matching_matchings,LocationIQ::_matching_matchings::_legs::i_legs,LocationIQ::_matching_matchings::_legs::_steps::i_steps,LocationIQ::_matching_matchings::_legs::_steps::_maneuver::i_maneuver)" />
									<ValueMapping name="bearing_before" maps-to="LocationIQ::_matching_matchings::_legs::_steps::_maneuver::bearing_before(LocationIQ::i_instance,LocationIQ::_matching_matchings::i_matching_matchings,LocationIQ::_matching_matchings::_legs::i_legs,LocationIQ::_matching_matchings::_legs::_steps::i_steps,LocationIQ::_matching_matchings::_legs::_steps::_maneuver::i_maneuver)" />
									<ValueMapping name="modifier" maps-to="LocationIQ::_matching_matchings::_legs::_steps::_maneuver::modifier(LocationIQ::i_instance,LocationIQ::_matching_matchings::i_matching_matchings,LocationIQ::_matching_matchings::_legs::i_legs,LocationIQ::_matching_matchings::_legs::_steps::i_steps,LocationIQ::_matching_matchings::_legs::_steps::_maneuver::i_maneuver)" />
									<ValueMapping name="ref" maps-to="LocationIQ::_matching_matchings::_legs::_steps::_maneuver::ref(LocationIQ::i_instance,LocationIQ::_matching_matchings::i_matching_matchings,LocationIQ::_matching_matchings::_legs::i_legs,LocationIQ::_matching_matchings::_legs::_steps::i_steps,LocationIQ::_matching_matchings::_legs::_steps::_maneuver::i_maneuver)" />
								</ObjectMapping>
							</ArrayMapping>
							<ValueMapping name="name" maps-to="LocationIQ::_matching_matchings::_legs::_steps::name_(LocationIQ::i_instance,LocationIQ::_matching_matchings::i_matching_matchings,LocationIQ::_matching_matchings::_legs::i_legs,LocationIQ::_matching_matchings::_legs::_steps::i_steps)" />
							<ValueMapping name="distance" maps-to="LocationIQ::_matching_matchings::_legs::_steps::distance(LocationIQ::i_instance,LocationIQ::_matching_matchings::i_matching_matchings,LocationIQ::_matching_matchings::_legs::i_legs,LocationIQ::_matching_matchings::_legs::_steps::i_steps)" />
							<ValueMapping name="driving_side" maps-to="LocationIQ::_matching_matchings::_legs::_steps::driving_side(LocationIQ::i_instance,LocationIQ::_matching_matchings::i_matching_matchings,LocationIQ::_matching_matchings::_legs::i_legs,LocationIQ::_matching_matchings::_legs::_steps::i_steps)" />
							<ValueMapping name="geometry" maps-to="LocationIQ::_matching_matchings::_legs::_steps::geometry(LocationIQ::i_instance,LocationIQ::_matching_matchings::i_matching_matchings,LocationIQ::_matching_matchings::_legs::i_legs,LocationIQ::_matching_matchings::_legs::_steps::i_steps)" />
							<ValueMapping name="duration" maps-to="LocationIQ::_matching_matchings::_legs::_steps::duration(LocationIQ::i_instance,LocationIQ::_matching_matchings::i_matching_matchings,LocationIQ::_matching_matchings::_legs::i_legs,LocationIQ::_matching_matchings::_legs::_steps::i_steps)" />
							<ValueMapping name="weight" maps-to="LocationIQ::_matching_matchings::_legs::_steps::weight_(LocationIQ::i_instance,LocationIQ::_matching_matchings::i_matching_matchings,LocationIQ::_matching_matchings::_legs::i_legs,LocationIQ::_matching_matchings::_legs::_steps::i_steps)" />
							<ValueMapping name="mode" maps-to="LocationIQ::_matching_matchings::_legs::_steps::mode_(LocationIQ::i_instance,LocationIQ::_matching_matchings::i_matching_matchings,LocationIQ::_matching_matchings::_legs::i_legs,LocationIQ::_matching_matchings::_legs::_steps::i_steps)" />
						</ObjectMapping>
					</ArrayMapping>
					<ValueMapping name="distance" maps-to="LocationIQ::_matching_matchings::_legs::distance(LocationIQ::i_instance,LocationIQ::_matching_matchings::i_matching_matchings,LocationIQ::_matching_matchings::_legs::i_legs)" />
					<ValueMapping name="duration" maps-to="LocationIQ::_matching_matchings::_legs::duration(LocationIQ::i_instance,LocationIQ::_matching_matchings::i_matching_matchings,LocationIQ::_matching_matchings::_legs::i_legs)" />
					<ValueMapping name="weight" maps-to="LocationIQ::_matching_matchings::_legs::weight_(LocationIQ::i_instance,LocationIQ::_matching_matchings::i_matching_matchings,LocationIQ::_matching_matchings::_legs::i_legs)" />
					<ValueMapping name="summary" maps-to="LocationIQ::_matching_matchings::_legs::summary(LocationIQ::i_instance,LocationIQ::_matching_matchings::i_matching_matchings,LocationIQ::_matching_matchings::_legs::i_legs)" />
				</ObjectMapping>
			</ArrayMapping>
			<ValueMapping name="distance" maps-to="LocationIQ::_matching_matchings::distance(LocationIQ::i_instance,LocationIQ::_matching_matchings::i_matching_matchings)" />
			<ValueMapping name="geometry" maps-to="LocationIQ::_matching_matchings::geometry(LocationIQ::i_instance,LocationIQ::_matching_matchings::i_matching_matchings)" />
			<ValueMapping name="duration" maps-to="LocationIQ::_matching_matchings::duration(LocationIQ::i_instance,LocationIQ::_matching_matchings::i_matching_matchings)" />
			<ValueMapping name="weight" maps-to="LocationIQ::_matching_matchings::weight_(LocationIQ::i_instance,LocationIQ::_matching_matchings::i_matching_matchings)" />
			<ValueMapping name="confidence" maps-to="LocationIQ::_matching_matchings::confidence(LocationIQ::i_instance,LocationIQ::_matching_matchings::i_matching_matchings)" />
			<ValueMapping name="weight_name" maps-to="LocationIQ::_matching_matchings::weight_name(LocationIQ::i_instance,LocationIQ::_matching_matchings::i_matching_matchings)" />
		</ObjectMapping>
	</ArrayMapping>
</AimmsJSONMapping>
