<?xml version="1.0"?>
<AimmsJSONMapping iterative-reset="LocationIQ::i_childInstance,dex::schema::childNode,dex::schema::extbinding">
	<ExternalBinding binds-to="LocationIQ::i_instance" binding="LocationIQ::CurrentInstance" />
	<ArrayMapping iterative-reset="LocationIQ::_matching_tracepoints::i_matching_tracepoints">
		<ObjectMapping iterative-binds-to="LocationIQ::_matching_tracepoints::i_matching_tracepoints">
			<ArrayMapping name="location" iterative-reset="LocationIQ::_matching_tracepoints::_location::i_location">
				<ValueMapping iterative-binds-to="LocationIQ::_matching_tracepoints::_location::i_location" maps-to="LocationIQ::_matching_tracepoints::_location::location(LocationIQ::i_instance,LocationIQ::_matching_tracepoints::i_matching_tracepoints,LocationIQ::_matching_tracepoints::_location::i_location)" />
			</ArrayMapping>
			<ValueMapping name="name" maps-to="LocationIQ::_matching_tracepoints::name_(LocationIQ::i_instance,LocationIQ::_matching_tracepoints::i_matching_tracepoints)" />
			<ValueMapping name="distance" maps-to="LocationIQ::_matching_tracepoints::distance(LocationIQ::i_instance,LocationIQ::_matching_tracepoints::i_matching_tracepoints)" />
			<ValueMapping name="waypoint_index" maps-to="LocationIQ::_matching_tracepoints::waypoint_index(LocationIQ::i_instance,LocationIQ::_matching_tracepoints::i_matching_tracepoints)" number-type="integer" />
			<ValueMapping name="matchings_index" maps-to="LocationIQ::_matching_tracepoints::matchings_index(LocationIQ::i_instance,LocationIQ::_matching_tracepoints::i_matching_tracepoints)" number-type="integer" />
			<ValueMapping name="alternatives_count" maps-to="LocationIQ::_matching_tracepoints::alternatives_count(LocationIQ::i_instance,LocationIQ::_matching_tracepoints::i_matching_tracepoints)" number-type="integer" />
		</ObjectMapping>
	</ArrayMapping>
</AimmsJSONMapping>
