<?xml version="1.0"?>
<AimmsJSONMapping iterative-reset="LocationIQ::i_childInstance,dex::schema::childNode,dex::schema::extbinding">
	<ExternalBinding binds-to="LocationIQ::i_instance" binding="LocationIQ::CurrentInstance" />
	<ArrayMapping iterative-reset="LocationIQ::_media_type_schema_15::i_media_type_schema_15">
		<ObjectMapping iterative-binds-to="LocationIQ::_media_type_schema_15::i_media_type_schema_15">
			<ObjectMapping name="address">
				<ValueMapping name="city" maps-to="LocationIQ::_media_type_schema_15::_address::city(LocationIQ::i_instance,LocationIQ::_media_type_schema_15::i_media_type_schema_15)" />
				<ValueMapping name="country" maps-to="LocationIQ::_media_type_schema_15::_address::country(LocationIQ::i_instance,LocationIQ::_media_type_schema_15::i_media_type_schema_15)" />
				<ValueMapping name="country_code" maps-to="LocationIQ::_media_type_schema_15::_address::country_code(LocationIQ::i_instance,LocationIQ::_media_type_schema_15::i_media_type_schema_15)" />
				<ValueMapping name="state" maps-to="LocationIQ::_media_type_schema_15::_address::state(LocationIQ::i_instance,LocationIQ::_media_type_schema_15::i_media_type_schema_15)" />
				<ValueMapping name="house_number" maps-to="LocationIQ::_media_type_schema_15::_address::house_number(LocationIQ::i_instance,LocationIQ::_media_type_schema_15::i_media_type_schema_15)" />
				<ValueMapping name="road" maps-to="LocationIQ::_media_type_schema_15::_address::road(LocationIQ::i_instance,LocationIQ::_media_type_schema_15::i_media_type_schema_15)" />
				<ValueMapping name="residential" maps-to="LocationIQ::_media_type_schema_15::_address::residential(LocationIQ::i_instance,LocationIQ::_media_type_schema_15::i_media_type_schema_15)" />
				<ValueMapping name="borough" maps-to="LocationIQ::_media_type_schema_15::_address::borough(LocationIQ::i_instance,LocationIQ::_media_type_schema_15::i_media_type_schema_15)" />
				<ValueMapping name="neighbourhood" maps-to="LocationIQ::_media_type_schema_15::_address::neighbourhood(LocationIQ::i_instance,LocationIQ::_media_type_schema_15::i_media_type_schema_15)" />
				<ValueMapping name="quarter" maps-to="LocationIQ::_media_type_schema_15::_address::quarter(LocationIQ::i_instance,LocationIQ::_media_type_schema_15::i_media_type_schema_15)" />
				<ValueMapping name="hamlet" maps-to="LocationIQ::_media_type_schema_15::_address::hamlet(LocationIQ::i_instance,LocationIQ::_media_type_schema_15::i_media_type_schema_15)" />
				<ValueMapping name="suburb" maps-to="LocationIQ::_media_type_schema_15::_address::suburb(LocationIQ::i_instance,LocationIQ::_media_type_schema_15::i_media_type_schema_15)" />
				<ValueMapping name="island" maps-to="LocationIQ::_media_type_schema_15::_address::island(LocationIQ::i_instance,LocationIQ::_media_type_schema_15::i_media_type_schema_15)" />
				<ValueMapping name="village" maps-to="LocationIQ::_media_type_schema_15::_address::village(LocationIQ::i_instance,LocationIQ::_media_type_schema_15::i_media_type_schema_15)" />
				<ValueMapping name="town" maps-to="LocationIQ::_media_type_schema_15::_address::town(LocationIQ::i_instance,LocationIQ::_media_type_schema_15::i_media_type_schema_15)" />
				<ValueMapping name="city_district" maps-to="LocationIQ::_media_type_schema_15::_address::city_district(LocationIQ::i_instance,LocationIQ::_media_type_schema_15::i_media_type_schema_15)" />
				<ValueMapping name="county" maps-to="LocationIQ::_media_type_schema_15::_address::county(LocationIQ::i_instance,LocationIQ::_media_type_schema_15::i_media_type_schema_15)" />
				<ValueMapping name="state_district" maps-to="LocationIQ::_media_type_schema_15::_address::state_district(LocationIQ::i_instance,LocationIQ::_media_type_schema_15::i_media_type_schema_15)" />
				<ValueMapping name="postcode" maps-to="LocationIQ::_media_type_schema_15::_address::postcode(LocationIQ::i_instance,LocationIQ::_media_type_schema_15::i_media_type_schema_15)" />
				<ValueMapping name="state_code" maps-to="LocationIQ::_media_type_schema_15::_address::state_code(LocationIQ::i_instance,LocationIQ::_media_type_schema_15::i_media_type_schema_15)" />
			</ObjectMapping>
			<ObjectMapping name="namedetails">
				<ValueMapping name="name" maps-to="LocationIQ::_media_type_schema_15::_namedetails::name_(LocationIQ::i_instance,LocationIQ::_media_type_schema_15::i_media_type_schema_15)" />
			</ObjectMapping>
			<ObjectMapping name="matchquality">
				<ValueMapping name="matchcode" maps-to="LocationIQ::_media_type_schema_15::_matchquality::matchcode(LocationIQ::i_instance,LocationIQ::_media_type_schema_15::i_media_type_schema_15)" />
				<ValueMapping name="matchtype" maps-to="LocationIQ::_media_type_schema_15::_matchquality::matchtype(LocationIQ::i_instance,LocationIQ::_media_type_schema_15::i_media_type_schema_15)" />
				<ValueMapping name="matchlevel" maps-to="LocationIQ::_media_type_schema_15::_matchquality::matchlevel(LocationIQ::i_instance,LocationIQ::_media_type_schema_15::i_media_type_schema_15)" />
			</ObjectMapping>
			<ArrayMapping name="boundingbox" iterative-reset="LocationIQ::_media_type_schema_15::_boundingbox::i_boundingbox">
				<ValueMapping iterative-binds-to="LocationIQ::_media_type_schema_15::_boundingbox::i_boundingbox" maps-to="LocationIQ::_media_type_schema_15::_boundingbox::boundingbox(LocationIQ::i_instance,LocationIQ::_media_type_schema_15::i_media_type_schema_15,LocationIQ::_media_type_schema_15::_boundingbox::i_boundingbox)" />
			</ArrayMapping>
			<ValueMapping name="distance" maps-to="LocationIQ::_media_type_schema_15::distance(LocationIQ::i_instance,LocationIQ::_media_type_schema_15::i_media_type_schema_15)" />
			<ValueMapping name="place_id" maps-to="LocationIQ::_media_type_schema_15::place_id(LocationIQ::i_instance,LocationIQ::_media_type_schema_15::i_media_type_schema_15)" />
			<ValueMapping name="licence" maps-to="LocationIQ::_media_type_schema_15::licence(LocationIQ::i_instance,LocationIQ::_media_type_schema_15::i_media_type_schema_15)" />
			<ValueMapping name="osm_type" maps-to="LocationIQ::_media_type_schema_15::osm_type(LocationIQ::i_instance,LocationIQ::_media_type_schema_15::i_media_type_schema_15)" />
			<ValueMapping name="osm_id" maps-to="LocationIQ::_media_type_schema_15::osm_id(LocationIQ::i_instance,LocationIQ::_media_type_schema_15::i_media_type_schema_15)" />
			<ValueMapping name="lat" maps-to="LocationIQ::_media_type_schema_15::lat(LocationIQ::i_instance,LocationIQ::_media_type_schema_15::i_media_type_schema_15)" />
			<ValueMapping name="lon" maps-to="LocationIQ::_media_type_schema_15::lon(LocationIQ::i_instance,LocationIQ::_media_type_schema_15::i_media_type_schema_15)" />
			<ValueMapping name="display_name" maps-to="LocationIQ::_media_type_schema_15::display_name(LocationIQ::i_instance,LocationIQ::_media_type_schema_15::i_media_type_schema_15)" />
			<ValueMapping name="class" maps-to="LocationIQ::_media_type_schema_15::class(LocationIQ::i_instance,LocationIQ::_media_type_schema_15::i_media_type_schema_15)" />
			<ValueMapping name="type" maps-to="LocationIQ::_media_type_schema_15::type_(LocationIQ::i_instance,LocationIQ::_media_type_schema_15::i_media_type_schema_15)" />
			<ValueMapping name="importance" maps-to="LocationIQ::_media_type_schema_15::importance(LocationIQ::i_instance,LocationIQ::_media_type_schema_15::i_media_type_schema_15)" />
		</ObjectMapping>
	</ArrayMapping>
</AimmsJSONMapping>
