<?xml version="1.0"?>
<AimmsJSONMapping iterative-reset="LocationIQ::i_childInstance,dex::schema::childNode,dex::schema::extbinding">
	<ExternalBinding binds-to="LocationIQ::i_instance" binding="LocationIQ::CurrentInstance" />
	<ArrayMapping iterative-reset="LocationIQ::_waypoints::i_waypoints">
		<ObjectMapping iterative-binds-to="LocationIQ::_waypoints::i_waypoints">
			<ArrayMapping name="location" iterative-reset="LocationIQ::_waypoints::_location::i_location">
				<ValueMapping iterative-binds-to="LocationIQ::_waypoints::_location::i_location" maps-to="LocationIQ::_waypoints::_location::location(LocationIQ::i_instance,LocationIQ::_waypoints::i_waypoints,LocationIQ::_waypoints::_location::i_location)" />
			</ArrayMapping>
			<ValueMapping name="distance" maps-to="LocationIQ::_waypoints::distance(LocationIQ::i_instance,LocationIQ::_waypoints::i_waypoints)" />
		</ObjectMapping>
	</ArrayMapping>
</AimmsJSONMapping>
