<?xml version="1.0" encoding="utf-8" ?>
<rsp stat="ok">
<gallery id="66911286-72157647277042064" gallery_id="72157647277042064" url="https://www.flickr.com/photos/flickr/galleries/72157647277042064" owner="66956608@N06" username="Flickr" iconserver="3741" iconfarm="4" primary_photo_id="8432423659" date_create="1417732477" date_update="1499384456" count_photos="13" count_videos="0" count_total="13" count_views="350546" count_comments="248" sort_group="" current_state="bd0fbff1cb0dbd8ca272a62d30caa27f" primary_photo_server="8187" primary_photo_farm="9" primary_photo_secret="dd1b834ec5">
	<title>Color in Nature</title>
	<description>One of the things that makes nature so magnificent is its colors - from the vibrant coloring of tropical animals, to the ever-changing shades of the sky. This gallery showcases photos of color in nature. For more inspiration, take a look at our Pinterest board: &lt;a href=&quot;http://www.pinterest.com/flickr/color-in-nature/&quot; rel=&quot;nofollow&quot;&gt;www.pinterest.com/flickr/color-in-nature/&lt;/a&gt;

Share your favorite colorful nature photos in the comments using this format: [Flickr photo page URL]</description>
	<cover_photos>
		<photo url="https://live.staticflickr.com/8187/8432423659_dd1b834ec5_q.jpg" width="150" height="150" is_primary="1" is_video="0" />
		<photo url="https://live.staticflickr.com/8450/8047948330_b0e55d455f_q.jpg" width="150" height="150" is_primary="0" is_video="0" />
		<photo url="https://live.staticflickr.com/2072/2209143676_ae987333b5_q.jpg" width="150" height="150" is_primary="0" is_video="0" />
	</cover_photos>
</gallery>
</rsp>
