<?xml version="1.0" encoding="utf-8" ?>
<rsp stat="ok">
<photos page="1" pages="19" perpage="20" total="368">
	<photo id="48306934837" owner="68015802@N06" secret="f4c6087cae" server="65535" farm="66" title="Suikerspin" ispublic="1" isfriend="0" isfamily="0" />
	<photo id="48219759296" owner="41163295@N06" secret="2b2648b72b" server="65535" farm="66" title="Houses at the water" ispublic="1" isfriend="0" isfamily="0" />
	<photo id="47929017151" owner="68015802@N06" secret="8023503095" server="65535" farm="66" title="Tjalkkade" ispublic="1" isfriend="0" isfamily="0" />
	<photo id="46953825014" owner="83227046@N07" secret="208c66fecb" server="65535" farm="66" title="504 - Foggy Nieuwe Gracht" ispublic="1" isfriend="0" isfamily="0" />
	<photo id="47428436851" owner="68015802@N06" secret="df270e6a00" server="7829" farm="8" title="Avondlucht" ispublic="1" isfriend="0" isfamily="0" />
	<photo id="46968899882" owner="68015802@N06" secret="3c9abd0126" server="4831" farm="5" title="Schoterbrug" ispublic="1" isfriend="0" isfamily="0" />
	<photo id="33120963978" owner="64941417@N03" secret="440b20aa3e" server="7867" farm="8" title="vorwarts" ispublic="1" isfriend="0" isfamily="0" />
	<photo id="45638865555" owner="129894947@N04" secret="128375df2f" server="7806" farm="8" title="Haarlem on a row" ispublic="1" isfriend="0" isfamily="0" />
	<photo id="44368850880" owner="42819205@N05" secret="5ebe113394" server="4859" farm="5" title="Postcard from Haarlem" ispublic="1" isfriend="0" isfamily="0" />
	<photo id="44455655134" owner="68015802@N06" secret="e913357c88" server="1959" farm="2" title="PW809" ispublic="1" isfriend="0" isfamily="0" />
	<photo id="44956673852" owner="68015802@N06" secret="de4d34dd16" server="1934" farm="2" title="Vertrouwen" ispublic="1" isfriend="0" isfamily="0" />
	<photo id="46148016625" owner="30843309@N02" secret="1ecedaf6ac" server="7804" farm="8" title="Haarlem wonen stukadoor" ispublic="1" isfriend="0" isfamily="0" />
	<photo id="31545575687" owner="106348786@N08" secret="4e8d5b40d2" server="7864" farm="8" title="Haarlem, Netherlands." ispublic="1" isfriend="0" isfamily="0" />
	<photo id="31298599027" owner="67833801@N00" secret="b794376c76" server="4870" farm="5" title="HLM_cruise_02" ispublic="1" isfriend="0" isfamily="0" />
	<photo id="31204791747" owner="68015802@N06" secret="863bb3e788" server="4823" farm="5" title="Vroeg Haarlem" ispublic="1" isfriend="0" isfamily="0" />
	<photo id="45220081885" owner="68015802@N06" secret="7089d69198" server="4898" farm="5" title="Blauw Haarlem" ispublic="1" isfriend="0" isfamily="0" />
	<photo id="30403226337" owner="164693896@N06" secret="5345f448b4" server="1949" farm="2" title="Sunrise over the Leidsevaart" ispublic="1" isfriend="0" isfamily="0" />
	<photo id="44892611251" owner="160950421@N07" secret="b0e80a690d" server="1917" farm="2" title="Haarlem - Langebrug" ispublic="1" isfriend="0" isfamily="0" />
	<photo id="43980127795" owner="160950421@N07" secret="b9a3fd1cf0" server="1945" farm="2" title="Haarlem - Langebrug" ispublic="1" isfriend="0" isfamily="0" />
	<photo id="44842306942" owner="160950421@N07" secret="897cf78386" server="1916" farm="2" title="Haarlem - Spaarne River" ispublic="1" isfriend="0" isfamily="0" />
</photos>
</rsp>
