<?xml version="1.0"?>
<TemplateManager>
	<Template Name="Size Template" PageGUID="220096E8-6A35-451D-9610-FE82A8C5E5A3" CrossLibraryDuplicate="66E08D8C-5677-49B5-970F-BB85475A48BE|6A8815C4-5811-47AB-BC76-82C3180C1295|Size Template">
		<Template Name="Navigation Template" PageGUID="7BD37E99-9B70-4856-A3AD-40C09CFD6895" CrossLibraryDuplicate="66E08D8C-5677-49B5-970F-BB85475A48BE|3241DDB1-55C5-441B-9DC8-359086631B74|Navigation Template">
			<Template Name="Background Info Template" PageGUID="FB8D5185-9777-4D5A-B53C-5D181468B166" CrossLibraryDuplicate="66E08D8C-5677-49B5-970F-BB85475A48BE|153A8CDB-E916-4F3B-B652-41C25F2C9CB5|Background Info Template">
				<Page Name="AIMMS Demo" PageGUID="82288A10-EECA-42B8-AE83-0007512933B9" />
			</Template>
			<Page Name="Send Mail and Play Sound" PageGUID="759421A1-8A7E-4096-B864-7A34B98EC479" />
		</Template>
	</Template>
</TemplateManager>
