<?xml version="1.0"?>
<Page Version="4000" TimeStamp="2014-10-02 11:08:38">
	<Location top="23" left="4" bottom="644" right="768" />
	<PageEditSize Type="Inherited">
		<Size Width="772" Height="622" />
	</PageEditSize>
	<ProjectUUID>56C93C8B-4356-4C6F-B825-D59C428FA2FD</ProjectUUID>
	<TemplatesTabOrderPosition>6</TemplatesTabOrderPosition>
	<ResizeData>
		<MainArea Line="FixedFromTop" Value="99">
			<TopArea Line="FixedFromLeft" Value="200" />
			<BottomArea Line="FixedFromLeft" Value="201">
				<LeftArea Line="FixedFromTop" Value="204">
					<BottomArea Line="FixedFromTop" Value="31" />
				</LeftArea>
				<RightArea Line="FixedFromTop" Value="85" />
			</BottomArea>
		</MainArea>
	</ResizeData>
	<Background Inherited="true" />
	<PageObject Type="Pivot Table" Tag="Information Table">
		<Location top="192" left="210" bottom="612" right="762" />
		<TabOrder>5</TabOrder>
		<ObjectUUID>93885DE0-BB23-4FEF-ABEF-F5C9E78CD009</ObjectUUID>
		<Font GUID="00000000-0000-0000-0000-000000000001" Name="Main Font" />
		<Border Style="InShadow" Width="2" MarginTop="5" MarginRight="5" MarginBottom="5" MarginLeft="5" />
		<Contents>
			<Explicit_Identifier>
				<Identifier ID="4110">DatabaseName( d )</Identifier>
				<Readonly ID="4122">0</Readonly>
			</Explicit_Identifier>
			<Explicit_Identifier>
				<Identifier ID="4110">DatabaseLocation( d )</Identifier>
				<Readonly ID="4122">0</Readonly>
			</Explicit_Identifier>
			<Explicit_Identifier>
				<Identifier ID="4110">NumberOfTables( d )</Identifier>
				<Format>
					<Alignment ID="4330">"Left"</Alignment>
				</Format>
			</Explicit_Identifier>
			<Explicit_Identifier>
				<Identifier ID="4110">DatabaseProperty( d, IndexDatasourceProperties )</Identifier>
			</Explicit_Identifier>
			<Explicit_Identifier>
				<Identifier ID="4110">NumberOfColumns( d, ti )</Identifier>
				<Format>
					<Alignment ID="4330">"Left"</Alignment>
				</Format>
			</Explicit_Identifier>
			<Explicit_Identifier>
				<Identifier ID="4110">ColumnCharacteristics( d, ti, ci, IndexDataColumnCharacteristics )</Identifier>
			</Explicit_Identifier>
			<Defaults>
				<Header_Title ID="4057">HeaderTitle( di )</Header_Title>
				<Readonly ID="4052">1</Readonly>
			</Defaults>
		</Contents>
		<Indices>
			<Explicit_Index>
				<Index ID="6510">d</Index>
				<Link_to_Element_Parameter ID="6515">TheDatabase</Link_to_Element_Parameter>
				<Element_Text ID="6520">DatabaseName( d )</Element_Text>
				<Header_Title ID="6530">HeaderTitle( 'd' )</Header_Title>
				<Column_Width ID="6555">InitialOuterAreaWidth</Column_Width>
				<Location_in_Initial_View ID="6560">"As Outer Index"</Location_in_Initial_View>
			</Explicit_Index>
			<Explicit_Index>
				<Index ID="6510">ti</Index>
				<Link_to_Element_Parameter ID="6515">TheTableInInformation</Link_to_Element_Parameter>
				<Element_Text ID="6520">TableName( TheDatabase, ti )</Element_Text>
				<Header_Title ID="6530">HeaderTitle( 't' )</Header_Title>
				<Column_Width ID="6555">InitialOuterAreaWidth</Column_Width>
				<Location_in_Initial_View ID="6560">"As Outer Index"</Location_in_Initial_View>
			</Explicit_Index>
			<Explicit_Index>
				<Index ID="6510">ci</Index>
				<Element_Text ID="6520">ColumnName( TheDatabase, TheTableInInformation, ci )</Element_Text>
				<Header_Title ID="6530">HeaderTitle( 'c' )</Header_Title>
				<Column_Width ID="6555">InitialOuterAreaWidth</Column_Width>
				<Location_in_Initial_View ID="6560">"In Rows"</Location_in_Initial_View>
			</Explicit_Index>
			<Explicit_Index>
				<Index ID="6510">IndexDataColumnCharacteristics</Index>
				<Header_Title ID="6530">"Characteristic"</Header_Title>
				<Location_in_Initial_View ID="6560">"In Rows"</Location_in_Initial_View>
			</Explicit_Index>
		</Indices>
		<General>
			<Dense_Aggregation_restricts_to_Domain ID="1022">"Yes"</Dense_Aggregation_restricts_to_Domain>
			<User_Modifications>
				<Drag_Drop_Headers ID="1220">"Not Allowed"</Drag_Drop_Headers>
			</User_Modifications>
			<Save_Layout_State>
				<Store_Entire_Tree_Layout ID="1110">1</Store_Entire_Tree_Layout>
			</Save_Layout_State>
		</General>
		<Row_Area>
			<Background_Color ExtraInfo="33BB2465-9D09-4035-9765-4D4D12BABAAE" ID="2010">"white"</Background_Color>
			<Text_Color ExtraInfo="B5956EEA-5F3E-4BD0-85C7-9F70EB490991" ID="2020">"Header Blue"</Text_Color>
			<Headers>
				<Background_Color ExtraInfo="B5956EEA-5F3E-4BD0-85C7-9F70EB490991" ID="2120">"Header Blue"</Background_Color>
				<Text_Color ID="2130">RGB&lt;255,255,255&gt;</Text_Color>
			</Headers>
		</Row_Area>
		<Grid_Area>
			<Background_Color ID="5010">RGB&lt;255,255,255&gt;</Background_Color>
			<Alternating_Background_Color ExtraInfo="4C29CF98-3E51-4BAA-8563-90FCE3E3DF3B" ID="5011">"default background"</Alternating_Background_Color>
			<Aggregators>
				<Background_Color ID="5220">RGB&lt;255,128,128&gt;</Background_Color>
			</Aggregators>
		</Grid_Area>
	</PageObject>
	<PageObject Type="Button">
		<Location top="246" left="6" bottom="270" right="192" />
		<TabOrder>2</TabOrder>
		<LeaveOnEnter>false</LeaveOnEnter>
		<ButtonType>Text</ButtonType>
		<Transparent>true</Transparent>
		<Font GUID="00000000-0000-0000-0000-000000000001" Name="Main Font" />
		<ActionSequence>
			<Action Type="Run">
				<RunWhat>SpecificProcecure</RunWhat>
				<Procedure>AddDatabase</Procedure>
				<AbortOnError>true</AbortOnError>
			</Action>
		</ActionSequence>
	</PageObject>
	<PageObject Type="Button">
		<Location top="216" left="6" bottom="240" right="192" />
		<TabOrder>1</TabOrder>
		<LeaveOnEnter>false</LeaveOnEnter>
		<ButtonType>Text</ButtonType>
		<Transparent>true</Transparent>
		<ForegroundColor>
			<UserColor GUID="23F33851-505F-45B5-AA1F-5360CB8B3EFB">Text Blue</UserColor>
		</ForegroundColor>
		<Font GUID="0BDEF216-23B3-4F0F-B5D6-83C5A7303CF9" Name="Buttons" />
		<ActionSequence>
			<Action Type="Run">
				<RunWhat>SpecificProcecure</RunWhat>
				<Procedure>InspectAllDatabases</Procedure>
				<AbortOnError>true</AbortOnError>
			</Action>
			<Action Type="UpdateIdentifier" />
		</ActionSequence>
	</PageObject>
	<PageObject Type="Button">
		<Location top="276" left="6" bottom="300" right="192" />
		<TabOrder>3</TabOrder>
		<LeaveOnEnter>false</LeaveOnEnter>
		<ButtonType>Text</ButtonType>
		<Transparent>true</Transparent>
		<Font GUID="00000000-0000-0000-0000-000000000001" Name="Main Font" />
		<ActionSequence>
			<Action Type="LinkedPage">
				<Page PageGUID="62FC6A93-6BAE-40F6-BF16-1BDADCAAD51E" Name="View Data" />
			</Action>
		</ActionSequence>
	</PageObject>
	<PageObject Type="Text">
		<Location top="252" left="18" bottom="270" right="195" />
		<StaticText>Add Database</StaticText>
		<Font GUID="C82FBF27-1614-41C9-B718-A431388D2B5A" Name="General Text" />
		<TextColor>
			<UserColor GUID="23F33851-505F-45B5-AA1F-5360CB8B3EFB">Text Blue</UserColor>
		</TextColor>
	</PageObject>
	<PageObject Type="Text">
		<Location top="222" left="18" bottom="240" right="195" />
		<StaticText>Inspect Database(s)</StaticText>
		<Font GUID="C82FBF27-1614-41C9-B718-A431388D2B5A" Name="General Text" />
		<TextColor>
			<UserColor GUID="23F33851-505F-45B5-AA1F-5360CB8B3EFB">Text Blue</UserColor>
		</TextColor>
	</PageObject>
	<PageObject Type="Text">
		<Location top="282" left="18" bottom="300" right="195" />
		<StaticText>View Data</StaticText>
		<Font GUID="C82FBF27-1614-41C9-B718-A431388D2B5A" Name="General Text" />
		<TextColor>
			<UserColor GUID="1798981A-C40D-4713-BC08-E97545963465">Link</UserColor>
		</TextColor>
	</PageObject>
	<PageObject Type="Button">
		<Location top="186" left="6" bottom="210" right="192" />
		<TabOrder>7</TabOrder>
		<LeaveOnEnter>false</LeaveOnEnter>
		<ButtonType>Text</ButtonType>
		<Transparent>true</Transparent>
		<Font GUID="00000000-0000-0000-0000-000000000001" Name="Main Font" />
		<ActionSequence>
			<Action Type="GotoPage">
				<Destination>Parent</Destination>
			</Action>
		</ActionSequence>
	</PageObject>
	<PageObject Type="Text">
		<Location top="192" left="18" bottom="210" right="195" />
		<StaticText>Problem Description</StaticText>
		<Font GUID="C82FBF27-1614-41C9-B718-A431388D2B5A" Name="General Text" />
		<TextColor>
			<UserColor GUID="1798981A-C40D-4713-BC08-E97545963465">Link</UserColor>
		</TextColor>
	</PageObject>
	<PageObject Type="Button">
		<Location top="306" left="6" bottom="330" right="192" />
		<TabOrder>4</TabOrder>
		<LeaveOnEnter>false</LeaveOnEnter>
		<ButtonType>Text</ButtonType>
		<Transparent>true</Transparent>
		<Font GUID="00000000-0000-0000-0000-000000000001" Name="Main Font" />
		<ActionSequence>
			<Action Type="Run">
				<RunWhat>SpecificProcecure</RunWhat>
				<Procedure>RemoveDatabase</Procedure>
				<AbortOnError>true</AbortOnError>
			</Action>
			<Action Type="UpdateIdentifier" />
		</ActionSequence>
	</PageObject>
	<PageObject Type="Text">
		<Location top="312" left="18" bottom="330" right="195" />
		<StaticText>Remove Database</StaticText>
		<Font GUID="C82FBF27-1614-41C9-B718-A431388D2B5A" Name="General Text" />
		<TextColor>
			<UserColor GUID="23F33851-505F-45B5-AA1F-5360CB8B3EFB">Text Blue</UserColor>
		</TextColor>
	</PageObject>
	<UsedReferences>
		<Model>
			<Symbol>IndexDatasourceProperties</Symbol>
			<Symbol>IndexDataColumnCharacteristics</Symbol>
			<Symbol>DatabaseName</Symbol>
			<Symbol>DatabaseLocation</Symbol>
			<Symbol>DatabaseProperty</Symbol>
			<Symbol>NumberOfTables</Symbol>
			<Symbol>TableName</Symbol>
			<Symbol>NumberOfColumns</Symbol>
			<Symbol>ColumnName</Symbol>
			<Symbol>ColumnCharacteristics</Symbol>
			<Symbol>InspectAllDatabases</Symbol>
			<Symbol>AddDatabase</Symbol>
			<Symbol>RemoveDatabase</Symbol>
			<Symbol>HeaderTitle</Symbol>
			<Symbol>InitialOuterAreaWidth</Symbol>
			<Symbol>d</Symbol>
			<Symbol>TheDatabase</Symbol>
			<Symbol>di</Symbol>
			<Symbol>ti</Symbol>
			<Symbol>TheTableInInformation</Symbol>
			<Symbol>ci</Symbol>
		</Model>
	</UsedReferences>
</Page>
