<?xml version="1.0"?>
<Page Version="4000" TimeStamp="2014-10-02 11:08:38">
	<Location top="23" left="4" bottom="644" right="768" />
	<PageEditSize Type="Inherited">
		<Size Width="772" Height="622" />
	</PageEditSize>
	<ProjectUUID>56C93C8B-4356-4C6F-B825-D59C428FA2FD</ProjectUUID>
	<TemplatesTabOrderPosition>1</TemplatesTabOrderPosition>
	<ResizeData>
		<MainArea Line="FixedFromTop" Value="99">
			<TopArea Line="FixedFromLeft" Value="200" />
			<BottomArea Line="FixedFromLeft" Value="201">
				<LeftArea Line="FixedFromTop" Value="204" />
				<RightArea Line="FixedFromTop" Value="85">
					<BottomArea Line="FixedFromTop" Value="97">
						<TopArea Line="FixedFromTop" Value="59">
							<TopArea Line="FixedFromLeft" Value="48" />
							<BottomArea Line="FixedFromLeft" Value="245" />
						</TopArea>
					</BottomArea>
				</RightArea>
			</BottomArea>
		</MainArea>
	</ResizeData>
	<Background Inherited="true" />
	<PageObject Type="Pivot Table">
		<Location top="282" left="204" bottom="612" right="762" />
		<TabOrder>12</TabOrder>
		<ObjectUUID>54EBEF7C-03BB-45E2-AF70-749DBE139C10</ObjectUUID>
		<Font GUID="00000000-0000-0000-0000-000000000001" Name="Main Font" />
		<Border Style="None" />
		<Contents>
			<Explicit_Identifier>
				<Identifier ID="4110">ColumnData1( TheDatabase, TheTableInView, cv, pk1 )</Identifier>
				<Is_Hidden ID="4124">ColumnData1Hidden</Is_Hidden>
			</Explicit_Identifier>
			<Explicit_Identifier>
				<Identifier ID="4110">ColumnData2( TheDatabase, TheTableInView, cv, pk1, pk2 )</Identifier>
				<Is_Hidden ID="4124">Columndata2Hidden</Is_Hidden>
			</Explicit_Identifier>
			<Explicit_Identifier>
				<Identifier ID="4110">ColumnData3( TheDatabase, TheTableInView, cv, pk1, pk2, pk3 )</Identifier>
				<Is_Hidden ID="4124">Columndata3Hidden</Is_Hidden>
			</Explicit_Identifier>
			<Explicit_Identifier>
				<Identifier ID="4110">ColumnData4( TheDatabase, TheTableInView, cv, pk1, pk2, pk3, pk4 )</Identifier>
				<Is_Hidden ID="4124">Columndata4Hidden</Is_Hidden>
			</Explicit_Identifier>
			<Explicit_Identifier>
				<Identifier ID="4110">ColumnData5( TheDatabase, TheTableInView, cv, pk1, pk2, pk3, pk4, pk5 )</Identifier>
				<Is_Hidden ID="4124">Columndata5Hidden</Is_Hidden>
			</Explicit_Identifier>
			<Defaults>
				<Header_Title ID="4057">HeaderTitle( di )</Header_Title>
				<Readonly ID="4052">1</Readonly>
				<Tooltip_Text ID="4169">""</Tooltip_Text>
			</Defaults>
		</Contents>
		<Indices>
			<Explicit_Index>
				<Index ID="6510">d</Index>
				<Element_Text ID="6520">DatabaseName( d )</Element_Text>
			</Explicit_Index>
			<Explicit_Index>
				<Index ID="6510">t</Index>
			</Explicit_Index>
			<Explicit_Index>
				<Index ID="6510">cv</Index>
				<Element_Text ID="6520">ColumnName( TheDatabase, TheTableInView, cv )</Element_Text>
				<Header_Title ID="6530">""</Header_Title>
				<Colors>
					<Text_Color ID="6540">ELEMENT( cv )-&gt;AllColors := if ColumnIsPrimaryKey(TheDatabase,TheTableInView,cv) then 'Orange' else 'white' endif</Text_Color>
				</Colors>
				<Column_Width ID="6555">InitialColumnWidth( cv )</Column_Width>
				<Location_in_Initial_View ID="6560">"In Columns"</Location_in_Initial_View>
			</Explicit_Index>
			<Explicit_Index>
				<Index ID="6510">pk1</Index>
				<Element_Text ID="6520">STRING( pk1 ) := ""</Element_Text>
				<Header_Title ID="6530">""</Header_Title>
				<Location_in_Initial_View ID="6560">"In Rows"</Location_in_Initial_View>
			</Explicit_Index>
			<Explicit_Index>
				<Index ID="6510">pk2</Index>
				<Element_Text ID="6520">STRING( pk2 ) := ""</Element_Text>
				<Header_Title ID="6530">""</Header_Title>
				<Location_in_Initial_View ID="6560">"In Rows"</Location_in_Initial_View>
			</Explicit_Index>
			<Explicit_Index>
				<Index ID="6510">pk3</Index>
				<Element_Text ID="6520">STRING( pk3 ) := ""</Element_Text>
				<Header_Title ID="6530">""</Header_Title>
				<Location_in_Initial_View ID="6560">"In Rows"</Location_in_Initial_View>
			</Explicit_Index>
			<Explicit_Index>
				<Index ID="6510">pk4</Index>
				<Element_Text ID="6520">STRING( pk4 ) := ""</Element_Text>
				<Header_Title ID="6530">""</Header_Title>
				<Location_in_Initial_View ID="6560">"In Rows"</Location_in_Initial_View>
			</Explicit_Index>
			<Explicit_Index>
				<Index ID="6510">pk5</Index>
				<Element_Text ID="6520">STRING( pk5 ) := ""</Element_Text>
				<Header_Title ID="6530">""</Header_Title>
				<Location_in_Initial_View ID="6560">"In Rows"</Location_in_Initial_View>
			</Explicit_Index>
			<Identifier_Index>
				<Header_Title ID="6230">""</Header_Title>
				<Column_Width ID="6255">1</Column_Width>
				<Header_Width ID="6257">1</Header_Width>
				<Location_in_Initial_View ID="6260">"As Outer Index"</Location_in_Initial_View>
			</Identifier_Index>
		</Indices>
		<General>
			<Dense_Aggregation_restricts_to_Domain ID="1022">"Yes"</Dense_Aggregation_restricts_to_Domain>
			<User_Modifications>
				<Drag_Drop_Headers ID="1220">"Not Allowed"</Drag_Drop_Headers>
				<Open_Close_Tree_Nodes ID="1240">"Not Allowed"</Open_Close_Tree_Nodes>
				<Switch_to_Multiple_Case_View ID="1230">"Not Allowed"</Switch_to_Multiple_Case_View>
			</User_Modifications>
			<Save_Layout_State>
				<Store_Entire_Tree_Layout ID="1110">0</Store_Entire_Tree_Layout>
			</Save_Layout_State>
		</General>
		<Row_Area>
			<Text_Color ExtraInfo="33BB2465-9D09-4035-9765-4D4D12BABAAE" ID="2020">"white"</Text_Color>
			<Line_Color ExtraInfo="33BB2465-9D09-4035-9765-4D4D12BABAAE" ID="2040">"white"</Line_Color>
			<Headers>
				<Background_Color ExtraInfo="33BB2465-9D09-4035-9765-4D4D12BABAAE" ID="2120">"white"</Background_Color>
			</Headers>
		</Row_Area>
		<Column_Area>
			<Same_as_Row_Area ID="3005">"No"</Same_as_Row_Area>
			<Background_Color ExtraInfo="B5956EEA-5F3E-4BD0-85C7-9F70EB490991" ID="3010">"Header Blue"</Background_Color>
			<Text_Color ExtraInfo="33BB2465-9D09-4035-9765-4D4D12BABAAE" ID="3020">"white"</Text_Color>
			<Line_Color ExtraInfo="33BB2465-9D09-4035-9765-4D4D12BABAAE" ID="3040">"white"</Line_Color>
			<Headers>
				<Background_Color ExtraInfo="33BB2465-9D09-4035-9765-4D4D12BABAAE" ID="3120">"white"</Background_Color>
			</Headers>
		</Column_Area>
		<Outer_Area>
			<Same_as_Row_Area ID="3505">"No"</Same_as_Row_Area>
			<Text_Color ExtraInfo="33BB2465-9D09-4035-9765-4D4D12BABAAE" ID="3520">"white"</Text_Color>
			<Line_Color ExtraInfo="33BB2465-9D09-4035-9765-4D4D12BABAAE" ID="3540">"white"</Line_Color>
			<Headers>
				<Background_Color ExtraInfo="33BB2465-9D09-4035-9765-4D4D12BABAAE" ID="3620">"white"</Background_Color>
				<Text_Color ExtraInfo="9043B6BC-F2E6-4015-A940-74CD05E6AD57" ID="3630">"black"</Text_Color>
			</Headers>
		</Outer_Area>
		<Grid_Area>
			<Background_Color ID="5010">RGB&lt;255,255,255&gt;</Background_Color>
			<Alternating_Background_Color ID="5011">RGB&lt;225,225,225&gt;</Alternating_Background_Color>
			<Aggregators>
				<Background_Color ID="5220">RGB&lt;255,128,128&gt;</Background_Color>
			</Aggregators>
			<Sub_Header_Row_or_Column>
				<Background_Color ID="5320">RGB&lt;255,255,200&gt;</Background_Color>
			</Sub_Header_Row_or_Column>
		</Grid_Area>
	</PageObject>
	<PageObject Type="Button">
		<Location top="216" left="6" bottom="240" right="192" />
		<TabOrder>14</TabOrder>
		<LeaveOnEnter>false</LeaveOnEnter>
		<ButtonType>Text</ButtonType>
		<Transparent>true</Transparent>
		<Font GUID="00000000-0000-0000-0000-000000000001" Name="Main Font" />
		<ActionSequence>
			<Action Type="LinkedPage">
				<Page PageGUID="C1CF3C64-4896-421F-903E-9D154FBFF977" Name="Database Information" />
			</Action>
		</ActionSequence>
	</PageObject>
	<PageObject Type="Text">
		<Location top="222" left="18" bottom="240" right="195" />
		<StaticText>Database Information</StaticText>
		<Font GUID="C82FBF27-1614-41C9-B718-A431388D2B5A" Name="General Text" />
		<TextColor>
			<UserColor GUID="1798981A-C40D-4713-BC08-E97545963465">Link</UserColor>
		</TextColor>
	</PageObject>
	<PageObject Type="Button">
		<Location top="186" left="6" bottom="210" right="192" />
		<TabOrder>13</TabOrder>
		<LeaveOnEnter>false</LeaveOnEnter>
		<ButtonType>Text</ButtonType>
		<Transparent>true</Transparent>
		<Font GUID="00000000-0000-0000-0000-000000000001" Name="Main Font" />
		<ActionSequence>
			<Action Type="GotoPage">
				<Destination>Parent</Destination>
			</Action>
		</ActionSequence>
	</PageObject>
	<PageObject Type="Text">
		<Location top="192" left="18" bottom="210" right="195" />
		<StaticText>Problem Description</StaticText>
		<Font GUID="C82FBF27-1614-41C9-B718-A431388D2B5A" Name="General Text" />
		<TextColor>
			<UserColor GUID="1798981A-C40D-4713-BC08-E97545963465">Link</UserColor>
		</TextColor>
	</PageObject>
	<PageObject Type="Selection Object">
		<SelectionType>DropDownList</SelectionType>
		<Location top="216" left="210" bottom="240" right="312" />
		<TabOrder>2</TabOrder>
		<Font GUID="00000000-0000-0000-0000-000000000001" Name="Main Font" />
		<TextShown>ElementName</TextShown>
		<Border Style="None" />
		<BackgroundColor RGB="#ffffff" />
		<ExplicitIdentifier>
			<Identifier>TheDatabase</Identifier>
		</ExplicitIdentifier>
		<ElementText Index="DatabaseIDs">DatabaseName( d )</ElementText>
	</PageObject>
	<PageObject Type="Selection Object">
		<SelectionType>DropDownList</SelectionType>
		<Location top="216" left="312" bottom="240" right="426" />
		<TabOrder>3</TabOrder>
		<Font GUID="00000000-0000-0000-0000-000000000001" Name="Main Font" />
		<TextShown>ElementName</TextShown>
		<Border Style="None" />
		<BackgroundColor RGB="#ffffff" />
		<ProcedureUponChange>FillNumberOfRowsInTable</ProcedureUponChange>
		<ExplicitIdentifier>
			<Identifier>TheTableInView</Identifier>
		</ExplicitIdentifier>
		<ElementText Index="TablesInView">TableName( TheDatabase, tv )</ElementText>
	</PageObject>
	<PageObject Type="Selection Object">
		<SelectionType>DropDownList</SelectionType>
		<Location top="216" left="534" bottom="240" right="630" />
		<ReadOnly>WhereInactive</ReadOnly>
		<TabOrder>8</TabOrder>
		<Font GUID="00000000-0000-0000-0000-000000000001" Name="Main Font" />
		<TextShown>ElementName</TextShown>
		<Border Style="None" />
		<BackgroundColor>
			<Symbol>ActiveColor</Symbol>
		</BackgroundColor>
		<ProcedureUponChange>FillNumberOfRowsInTable</ProcedureUponChange>
		<ExplicitIdentifier>
			<Identifier>TheColumnInView</Identifier>
		</ExplicitIdentifier>
		<ElementText Index="ColumnsInViewToSelect">ColumnName( TheDatabase, TheTableInView, ColumnsInViewToSelect )</ElementText>
	</PageObject>
	<PageObject Type="Text">
		<Location top="192" left="210" bottom="210" right="282" />
		<StaticText>Database:</StaticText>
		<Font GUID="C82FBF27-1614-41C9-B718-A431388D2B5A" Name="General Text" />
		<TextColor>
			<UserColor GUID="23F33851-505F-45B5-AA1F-5360CB8B3EFB">Text Blue</UserColor>
		</TextColor>
	</PageObject>
	<PageObject Type="Text">
		<Location top="192" left="312" bottom="210" right="366" />
		<StaticText>Table:</StaticText>
		<Font GUID="C82FBF27-1614-41C9-B718-A431388D2B5A" Name="General Text" />
		<TextColor>
			<UserColor GUID="23F33851-505F-45B5-AA1F-5360CB8B3EFB">Text Blue</UserColor>
		</TextColor>
	</PageObject>
	<PageObject Type="Text">
		<Location top="192" left="534" bottom="210" right="630" />
		<StaticText>Column:</StaticText>
		<Font GUID="C82FBF27-1614-41C9-B718-A431388D2B5A" Name="General Text" />
		<TextColor>
			<UserColor GUID="23F33851-505F-45B5-AA1F-5360CB8B3EFB">Text Blue</UserColor>
		</TextColor>
	</PageObject>
	<PageObject Type="Selection Object">
		<SelectionType>DropDownList</SelectionType>
		<Location top="216" left="630" bottom="240" right="672" />
		<ReadOnly>WhereInactive</ReadOnly>
		<TabOrder>9</TabOrder>
		<Font GUID="00000000-0000-0000-0000-000000000001" Name="Main Font" />
		<TextShown>ElementName</TextShown>
		<Border Style="None" />
		<BackgroundColor>
			<Symbol>ActiveColor</Symbol>
		</BackgroundColor>
		<ProcedureUponChange>FillNumberOfRowsInTable</ProcedureUponChange>
		<ExplicitIdentifier>
			<Identifier>TheOperator</Identifier>
		</ExplicitIdentifier>
	</PageObject>
	<PageObject Type="Scalar">
		<Location top="216" left="672" bottom="236" right="744" />
		<ReadOnly>WhereInactive</ReadOnly>
		<TabOrder>10</TabOrder>
		<Font GUID="00000000-0000-0000-0000-000000000001" Name="Main Font" />
		<Border Style="InShadow" Width="2" />
		<BackgroundColor>
			<Symbol>ActiveColor</Symbol>
		</BackgroundColor>
		<Layout>Value</Layout>
		<SeparatorSign>=</SeparatorSign>
		<ExplicitIdentifier>
			<Identifier>ComparingString</Identifier>
			<NumberFormat Width="15" Decimals="0" Alignment="Left" ShowDefaults="true" />
			<ProcedureUponChange>FillNumberOfRowsInTable</ProcedureUponChange>
		</ExplicitIdentifier>
	</PageObject>
	<PageObject Type="Button">
		<Location top="214" left="744" bottom="235" right="762" />
		<ReadOnly>WhereInactive</ReadOnly>
		<TabOrder>11</TabOrder>
		<LeaveOnEnter>false</LeaveOnEnter>
		<ButtonType>Bitmap</ButtonType>
		<BitmapFile LiteralFileName="true">"&lt;prj&gt;:bitmaps\next.bmp"</BitmapFile>
		<Font GUID="00000000-0000-0000-0000-000000000001" Name="Main Font" />
		<ActionSequence>
			<Action Type="Run">
				<RunWhat>SpecificProcecure</RunWhat>
				<Procedure>ReadData</Procedure>
				<AbortOnError>true</AbortOnError>
			</Action>
		</ActionSequence>
	</PageObject>
	<PageObject Type="Button">
		<Location top="216" left="426" bottom="236" right="444" />
		<TabOrder>4</TabOrder>
		<LeaveOnEnter>false</LeaveOnEnter>
		<ButtonType>Bitmap</ButtonType>
		<BitmapFile LiteralFileName="true">"&lt;prj&gt;:bitmaps\next.bmp"</BitmapFile>
		<Font GUID="00000000-0000-0000-0000-000000000001" Name="Main Font" />
		<ActionSequence>
			<Action Type="Run">
				<RunWhat>SpecificProcecure</RunWhat>
				<Procedure>ReadData</Procedure>
				<AbortOnError>true</AbortOnError>
			</Action>
		</ActionSequence>
	</PageObject>
	<PageObject Type="Selection Object">
		<SelectionType>CheckBoxes</SelectionType>
		<Location top="192" left="462" bottom="210" right="528" />
		<TabOrder>7</TabOrder>
		<Font GUID="C82FBF27-1614-41C9-B718-A431388D2B5A" Name="General Text" />
		<TextShown>IdentifierText</TextShown>
		<Border Style="InShadow" />
		<BackgroundColor RGB="#ffffff" />
		<TextColor>
			<UserColor GUID="23F33851-505F-45B5-AA1F-5360CB8B3EFB">Text Blue</UserColor>
		</TextColor>
		<ProcedureUponChange>FillNumberOfRowsInTable</ProcedureUponChange>
		<ExplicitIdentifier>
			<Identifier>WhereActive</Identifier>
			<Description>"where:"</Description>
		</ExplicitIdentifier>
	</PageObject>
	<PageObject Type="Text">
		<Location top="162" left="658" bottom="180" right="760" />
		<SourceType>StringParameter</SourceType>
		<StringParameter>STRING := "# Rows: " + first(NumberOfRowsInTable)</StringParameter>
		<Alignment>Right</Alignment>
		<Font GUID="C82FBF27-1614-41C9-B718-A431388D2B5A" Name="General Text" />
		<TextColor>
			<UserColor GUID="23F33851-505F-45B5-AA1F-5360CB8B3EFB">Text Blue</UserColor>
		</TextColor>
	</PageObject>
	<PageObject Type="Selection Object">
		<SelectionType>CheckBoxes</SelectionType>
		<Location top="246" left="210" bottom="264" right="390" />
		<TabOrder>5</TabOrder>
		<Font GUID="C82FBF27-1614-41C9-B718-A431388D2B5A" Name="General Text" />
		<TextShown>IdentifierText</TextShown>
		<Border Style="InShadow" />
		<BackgroundColor RGB="#ffffff" />
		<TextColor>
			<UserColor GUID="23F33851-505F-45B5-AA1F-5360CB8B3EFB">Text Blue</UserColor>
		</TextColor>
		<ProcedureUponChange>FillNumberOfRowsInTable</ProcedureUponChange>
		<ExplicitIdentifier>
			<Identifier>AutomaticReadOnChange</Identifier>
			<Description>"Auto View Max # Rows:"</Description>
		</ExplicitIdentifier>
	</PageObject>
	<PageObject Type="Scalar">
		<Location top="246" left="396" bottom="266" right="444" />
		<ReadOnly>VALUE := 1 - AutomaticReadOnChange</ReadOnly>
		<TabOrder>6</TabOrder>
		<Font GUID="00000000-0000-0000-0000-000000000001" Name="Main Font" />
		<Border Style="InShadow" Width="2" />
		<BackgroundColor>
			<Symbol>ELEMENT-&gt;AllColors := if AutomaticReadOnChange then 'white' else 'light grey' endif</Symbol>
		</BackgroundColor>
		<TextColor>
			<Symbol>ELEMENT-&gt;AllColors := if val(first(NumberOfRowsInTable)) &gt; AutomaticReadMaxRows then 'red' else 'black' endif;</Symbol>
		</TextColor>
		<Layout>Value</Layout>
		<SeparatorSign>=</SeparatorSign>
		<ExplicitIdentifier>
			<Identifier>AutomaticReadMaxRows</Identifier>
			<NumberFormat Width="15" Decimals="0" Alignment="Center" ShowDefaults="true" />
			<ProcedureUponChange>FillNumberOfRowsInTable</ProcedureUponChange>
		</ExplicitIdentifier>
	</PageObject>
	<UsedReferences>
		<Model>
			<Symbol>AllColors</Symbol>
			<Symbol>DatabaseIDs</Symbol>
			<Symbol>DatabaseName</Symbol>
			<Symbol>TableIDs</Symbol>
			<Symbol>TableName</Symbol>
			<Symbol>ColumnIDs</Symbol>
			<Symbol>ColumnName</Symbol>
			<Symbol>ColumnIsPrimaryKey</Symbol>
			<Symbol>PKSet1</Symbol>
			<Symbol>PKSet2</Symbol>
			<Symbol>PKSet3</Symbol>
			<Symbol>PKSet4</Symbol>
			<Symbol>PKSet5</Symbol>
			<Symbol>ColumnData1</Symbol>
			<Symbol>ColumnData1Hidden</Symbol>
			<Symbol>ColumnData2</Symbol>
			<Symbol>Columndata2Hidden</Symbol>
			<Symbol>ColumnData3</Symbol>
			<Symbol>Columndata3Hidden</Symbol>
			<Symbol>ColumnData4</Symbol>
			<Symbol>Columndata4Hidden</Symbol>
			<Symbol>ColumnData5</Symbol>
			<Symbol>Columndata5Hidden</Symbol>
			<Symbol>ReadData</Symbol>
			<Symbol>HeaderTitle</Symbol>
			<Symbol>TablesInView</Symbol>
			<Symbol>ColumnsInViewToSelect</Symbol>
			<Symbol>AutomaticReadOnChange</Symbol>
			<Symbol>AutomaticReadMaxRows</Symbol>
			<Symbol>WhereInactive</Symbol>
			<Symbol>WhereActive</Symbol>
			<Symbol>ActiveColor</Symbol>
			<Symbol>ComparingOperators</Symbol>
			<Symbol>ComparingString</Symbol>
			<Symbol>InitialColumnWidth</Symbol>
			<Symbol>NumberOfRowsInTable</Symbol>
			<Symbol>FillNumberOfRowsInTable</Symbol>
			<Symbol>d</Symbol>
			<Symbol>TheDatabase</Symbol>
			<Symbol>t</Symbol>
			<Symbol>pk1</Symbol>
			<Symbol>pk2</Symbol>
			<Symbol>pk3</Symbol>
			<Symbol>pk4</Symbol>
			<Symbol>pk5</Symbol>
			<Symbol>di</Symbol>
			<Symbol>TheTableInView</Symbol>
			<Symbol>TheColumnInView</Symbol>
			<Symbol>cv</Symbol>
			<Symbol>TheOperator</Symbol>
		</Model>
	</UsedReferences>
</Page>
