<?xml version="1.0"?>
<TemplateManager>
	<Template Name="Size Template" PageGUID="2BA38464-7683-46C8-802F-46A248717C25" CrossLibraryDuplicate="66E08D8C-5677-49B5-970F-BB85475A48BE|6A8815C4-5811-47AB-BC76-82C3180C1295|Size Template">
		<Template Name="Navigation Template" PageGUID="E35A2EBF-2676-45DE-9025-C2ED258B5994" CrossLibraryDuplicate="66E08D8C-5677-49B5-970F-BB85475A48BE|3241DDB1-55C5-441B-9DC8-359086631B74|Navigation Template">
			<Template Name="Background Info Template" PageGUID="3500DD54-609C-47C6-82FD-A942E640199E" CrossLibraryDuplicate="66E08D8C-5677-49B5-970F-BB85475A48BE|153A8CDB-E916-4F3B-B652-41C25F2C9CB5|Background Info Template">
				<Page Name="AIMMS Demo" PageGUID="8E165954-3070-465A-9AEB-E39E589FD0B5" />
			</Template>
			<Page Name="AIMMS API Example" PageGUID="A0BD668F-10F1-4159-AECD-C90AD4A7F82E" />
		</Template>
	</Template>
</TemplateManager>
