{
  "version": "4.67.0",
  "application": {
    "aimms.widget.type": {
      "literal": "application"
    },
    "browsername": {
      "aimms": {
        "contents": [
          "webui::ClientBrowserName"
        ]
      }
    },
    "browsertimezone": {
      "aimms": {
        "contents": [
          "webui::BrowserTimeZone"
        ]
      }
    },
    "ignoredst": {
      "aimms": {
        "contents": [
          "webui::IgnoreDST"
        ]
      }
    },
    "theme.classic": {
      "literal": "NOT_ALLOWED"
    },
    "timezone": {
      "aimms": {
        "contents": [
          "webui::DisplayTimeZone"
        ]
      }
    },
    "timezone.dst.readonly": {
      "aimms": {
        "contents": [
          "webui::DefaultDSTSettingForDisplayTimeZone"
        ]
      }
    }
  },
  "pages/home": {
    "aimms.widget.type": {
      "literal": "pagev2-grid"
    },
    "bindings": {
      "literal": [
        {
          "widgetUri": "DriverListTable",
          "gridArea": "area-a",
          "dndId": "Unassigned widgetsDriverListTable0"
        }
      ]
    },
    "layoutId": {
      "literal": "Layout9"
    },
    "widgets": {
      "literal": [
        {
          "uri": "DriverListTable",
          "layoutInfo": {
            "width": "2",
            "height": "1"
          }
        }
      ]
    }
  },
  "widgets/DriverListTable": {
    "aimms.widget.type": {
      "literal": "table"
    },
    "contents": {
      "aimms": {
        "contents": [
          "sp_driverNames"
        ]
      }
    },
    "contents.partition": {
      "literal": {
        "rowHeader": [
          "i_driverNo"
        ],
        "colHeader": [
          "<IDENTIFIER-SET>"
        ],
        "aggregated": []
      }
    },
    "custom.column.widths": {
      "literal": [
        {
          "type": "colHeader",
          "colKey": {
            "<IDENTIFIER-SET>": "sp_driverNames"
          },
          "width": 77.15
        }
      ]
    },
    "name": {
      "literal": "DriverListTable"
    },
    "title": {
      "aimms": {
        "contents": [
          "sp_titleTableDriverNamesList"
        ],
        "slices": []
      }
    }
  }
}