<?xml version="1.0"?>
<Page Version="4000" TimeStamp="2015-01-13 15:23:14">
	<Location top="23" left="4" bottom="644" right="768" />
	<PageEditSize Type="Inherited">
		<Size Width="772" Height="622" />
	</PageEditSize>
	<ProjectUUID>B7D3C15D-FD45-4525-BC39-17A3C05EE187</ProjectUUID>
	<TemplatesTabOrderPosition>10</TemplatesTabOrderPosition>
	<ResizeData>
		<MainArea Line="FixedFromTop" Value="99">
			<TopArea Line="FixedFromLeft" Value="200" />
			<BottomArea Line="FixedFromLeft" Value="201">
				<LeftArea Line="FixedFromTop" Value="204">
					<BottomArea Line="FixedFromTop" Value="197" />
				</LeftArea>
				<RightArea Line="FixedFromTop" Value="85">
					<BottomArea Line="FixedFromRight" Value="312" />
				</RightArea>
			</BottomArea>
		</MainArea>
	</ResizeData>
	<Background>
		<UserColor GUID="EE728D07-78F3-4CEA-B184-1638DD0FB74F">white</UserColor>
	</Background>
	<HorizontalGridDistance>3</HorizontalGridDistance>
	<VerticalGridDistance>3</VerticalGridDistance>
	<PageObject Type="Button">
		<Location top="402" left="6" bottom="426" right="192" />
		<TabOrder>4</TabOrder>
		<ButtonType>Text</ButtonType>
		<Title>"Solve model using LILE heuristic"</Title>
		<ForegroundColor>
			<UserColor GUID="23F33851-505F-45B5-AA1F-5360CB8B3EFB">Text Blue</UserColor>
		</ForegroundColor>
		<Font GUID="7120DB78-8359-4A55-8852-35FF0DE41D01" Name="default" />
		<ActionSequence>
			<Action Type="Run">
				<RunWhat>SpecificProcecure</RunWhat>
				<Procedure>StartStopwatch</Procedure>
				<AbortOnError>true</AbortOnError>
			</Action>
			<Action Type="Run">
				<RunWhat>SpecificProcecure</RunWhat>
				<Procedure>SolveModelWithHeuristic</Procedure>
				<AbortOnError>true</AbortOnError>
			</Action>
			<Action Type="Run">
				<RunWhat>SpecificProcecure</RunWhat>
				<Procedure>StopStopwatch</Procedure>
				<AbortOnError>true</AbortOnError>
			</Action>
		</ActionSequence>
	</PageObject>
	<PageObject Type="Button">
		<Location top="186" left="6" bottom="210" right="192" />
		<TabOrder>1</TabOrder>
		<ButtonType>Text</ButtonType>
		<Transparent>true</Transparent>
		<Font GUID="0BDEF216-23B3-4F0F-B5D6-83C5A7303CF9" Name="Buttons" />
		<ActionSequence>
			<Action Type="ClosePage" />
			<Action Type="GotoPage">
				<Destination>Parent</Destination>
			</Action>
		</ActionSequence>
	</PageObject>
	<PageObject Type="Button">
		<Location top="342" left="6" bottom="366" right="192" />
		<TabOrder>2</TabOrder>
		<ButtonType>Text</ButtonType>
		<Title>"Solve model (Conventional)"</Title>
		<ForegroundColor>
			<UserColor GUID="23F33851-505F-45B5-AA1F-5360CB8B3EFB">Text Blue</UserColor>
		</ForegroundColor>
		<Font GUID="0BDEF216-23B3-4F0F-B5D6-83C5A7303CF9" Name="Buttons" />
		<ActionSequence>
			<Action Type="Run">
				<RunWhat>SpecificProcecure</RunWhat>
				<Procedure>StartStopwatch</Procedure>
				<AbortOnError>true</AbortOnError>
			</Action>
			<Action Type="Run">
				<RunWhat>SpecificProcecure</RunWhat>
				<Procedure>SolveModelWithConventionalMPs</Procedure>
				<AbortOnError>true</AbortOnError>
			</Action>
			<Action Type="Run">
				<RunWhat>SpecificProcecure</RunWhat>
				<Procedure>StopStopwatch</Procedure>
				<AbortOnError>true</AbortOnError>
			</Action>
		</ActionSequence>
	</PageObject>
	<PageObject Type="Text">
		<Location top="189" left="207" bottom="205" right="456" />
		<StaticText>Press insert to add new finals</StaticText>
		<Font GUID="C82FBF27-1614-41C9-B718-A431388D2B5A" Name="General Text" />
		<TextColor>
			<UserColor GUID="1EF91259-E806-4CA8-B02F-9AE4DD629C78">default selection</UserColor>
		</TextColor>
	</PageObject>
	<PageObject Type="Composite Table">
		<Location top="207" left="207" bottom="333" right="456" />
		<TabOrder>6</TabOrder>
		<Font GUID="428A93A5-26E1-4F42-8B0F-227299B289C7" Name="Table Text" />
		<Border Style="InShadow" Width="2" />
		<BackgroundColor RGB="#ffffff" />
		<TextColor>
			<UserColor GUID="1EF91259-E806-4CA8-B02F-9AE4DD629C78">default selection</UserColor>
		</TextColor>
		<AutomaticReSort>false</AutomaticReSort>
		<Domain>
			<Identifier>f</Identifier>
			<Index Name="f">
				<TitleText>"Final"</TitleText>
			</Index>
			<AllowRowAdd>true</AllowRowAdd>
			<AllowRowDelete>true</AllowRowDelete>
		</Domain>
		<ExplicitIdentifier>
			<Identifier>FinalSize( f )</Identifier>
			<NumberFormat Width="4" Decimals="0" Alignment="Center" />
			<TitleText>"Size [cm]"</TitleText>
			<ProcedureUponChange>UpdateAllCuttingPatternsChanged</ProcedureUponChange>
		</ExplicitIdentifier>
		<ExplicitIdentifier>
			<Identifier>Demand( f )</Identifier>
			<NumberFormat Width="4" Decimals="0" Alignment="Center" />
			<TitleText>"Demand"</TitleText>
		</ExplicitIdentifier>
		<ExplicitIdentifier>
			<Identifier>FinalSurplus( f )</Identifier>
			<NumberFormat Width="5" Decimals="0" Alignment="Center" />
			<TitleText>"# not used in solution"</TitleText>
		</ExplicitIdentifier>
	</PageObject>
	<PageObject Type="Scalar">
		<Location top="207" left="465" bottom="306" right="762" />
		<TabOrder>8</TabOrder>
		<TabStop>false</TabStop>
		<Font GUID="428A93A5-26E1-4F42-8B0F-227299B289C7" Name="Table Text" />
		<Border Style="InShadow" Width="2" MarginTop="5" MarginRight="5" MarginBottom="5" MarginLeft="5" />
		<BackgroundColor RGB="#ffffff" />
		<TextColor>
			<UserColor GUID="1EF91259-E806-4CA8-B02F-9AE4DD629C78">default selection</UserColor>
		</TextColor>
		<Layout>Text-Value</Layout>
		<SeparatorSign>=</SeparatorSign>
		<ExplicitIdentifier>
			<Identifier>RawSize</Identifier>
			<NumberFormat Width="5" Decimals="0" ThousandSeparator="true" Alignment="Center" ShowDefaults="true" />
			<Title>"Size of raw [cm]"</Title>
		</ExplicitIdentifier>
		<ExplicitIdentifier>
			<Identifier>CuttingStockObjective</Identifier>
			<NumberFormat Width="4" Decimals="0" ThousandSeparator="true" Alignment="Center" ShowDefaults="true" />
			<Title>"Total # raws cut in solution"</Title>
		</ExplicitIdentifier>
		<ExplicitIdentifier>
			<Identifier>WastedMaterial</Identifier>
			<NumberFormat Width="4" Decimals="0" ThousandSeparator="true" Alignment="Center" ShowDefaults="true" />
			<Title>"Wasted material [cm]"</Title>
		</ExplicitIdentifier>
		<ExplicitIdentifier>
			<Identifier>UnusedFinalMaterial</Identifier>
			<NumberFormat Width="8" Decimals="0" ThousandSeparator="true" Alignment="Center" ShowDefaults="true" />
			<Title>"Unused finals [cm]"</Title>
		</ExplicitIdentifier>
		<ExplicitIdentifier>
			<Identifier>PatternCount</Identifier>
			<NumberFormat Width="6" Decimals="0" ThousandSeparator="true" Alignment="Center" ShowDefaults="true" />
			<Title>"Total # of possible patterns"</Title>
			<Readonly>1</Readonly>
		</ExplicitIdentifier>
		<ExplicitIdentifier>
			<Identifier>ElapsedTime</Identifier>
			<NumberFormat Width="5" Decimals="2" Scientific="IfTooSmallorLarge" Alignment="Center" ShowDefaults="true" />
			<Title>"Total Time [s]"</Title>
		</ExplicitIdentifier>
	</PageObject>
	<PageObject Type="Composite Table">
		<Location top="312" left="465" bottom="615" right="762" />
		<TabOrder>9</TabOrder>
		<TabStop>false</TabStop>
		<Font GUID="428A93A5-26E1-4F42-8B0F-227299B289C7" Name="Table Text" />
		<Border Style="InShadow" Width="2" />
		<BackgroundColor RGB="#ffffff" />
		<TextColor>
			<UserColor GUID="1EF91259-E806-4CA8-B02F-9AE4DD629C78">default selection</UserColor>
		</TextColor>
		<AutomaticReSort>false</AutomaticReSort>
		<Domain>
			<Identifier>p</Identifier>
			<Index Name="p">
				<TitleText>"Pattern #"</TitleText>
			</Index>
		</Domain>
		<ExplicitIdentifier>
			<Identifier>RawsCutWithPattern( p )</Identifier>
			<NumberFormat Width="4" Decimals="0" Alignment="Center" />
			<TitleText>"# raws cut"</TitleText>
		</ExplicitIdentifier>
		<ExplicitIdentifier>
			<Identifier>PatternWaste( p )</Identifier>
			<NumberFormat Width="4" Decimals="0" Alignment="Center" />
			<TitleText>"Waste [cm]"</TitleText>
		</ExplicitIdentifier>
	</PageObject>
	<PageObject Type="Gantt Chart">
		<Location top="336" left="207" bottom="615" right="456" />
		<ReadOnly>"Yes"</ReadOnly>
		<Hidden>NotVisible</Hidden>
		<TabOrder>7</TabOrder>
		<TabStop>false</TabStop>
		<Font GUID="7120DB78-8359-4A55-8852-35FF0DE41D01" Name="default" />
		<Border Style="InShadow" Width="2" MarginTop="5" MarginRight="10" MarginBottom="5" MarginLeft="5" />
		<BackgroundColor>
			<UserColor GUID="CCB23DE4-D3C9-4647-BE46-7A1779576484">Background yellow</UserColor>
		</BackgroundColor>
		<ColorScheme Number="0" />
		<Legend>true</Legend>
		<Y-Labels>true</Y-Labels>
		<X-Labels>true</X-Labels>
		<RowLabels>Pattern p</RowLabels>
		<TimeRange>
			<Upper>RawSize</Upper>
		</TimeRange>
		<IndexLocations>
			<RowDomain>p</RowDomain>
			<LegendDomain>ct</LegendDomain>
		</IndexLocations>
		<TaskGroup>
			<Domain>CutDomain( p, c, ct )</Domain>
			<Start>CutStart( p, c )</Start>
			<Duration>CutLength( p, c )</Duration>
			<InsideBarText>"ct"</InsideBarText>
		</TaskGroup>
	</PageObject>
	<PageObject Type="Button">
		<Location top="372" left="6" bottom="396" right="192" />
		<TabOrder>3</TabOrder>
		<ButtonType>Text</ButtonType>
		<Title>"Solve model using GMPs"</Title>
		<ForegroundColor>
			<UserColor GUID="23F33851-505F-45B5-AA1F-5360CB8B3EFB">Text Blue</UserColor>
		</ForegroundColor>
		<Font GUID="0BDEF216-23B3-4F0F-B5D6-83C5A7303CF9" Name="Buttons" />
		<ActionSequence>
			<Action Type="Run">
				<RunWhat>SpecificProcecure</RunWhat>
				<Procedure>StartStopwatch</Procedure>
				<AbortOnError>true</AbortOnError>
			</Action>
			<Action Type="Run">
				<RunWhat>SpecificProcecure</RunWhat>
				<Procedure>SolveModelWithGMPs</Procedure>
				<AbortOnError>true</AbortOnError>
			</Action>
			<Action Type="Run">
				<RunWhat>SpecificProcecure</RunWhat>
				<Procedure>StopStopwatch</Procedure>
				<AbortOnError>true</AbortOnError>
			</Action>
		</ActionSequence>
	</PageObject>
	<PageObject Type="Button">
		<Location top="468" left="6" bottom="492" right="192" />
		<TabOrder>5</TabOrder>
		<ButtonType>Text</ButtonType>
		<Title>"Change Demand"</Title>
		<ForegroundColor>
			<Symbol>ExampleStyle::ButtonColor</Symbol>
		</ForegroundColor>
		<Font GUID="0BDEF216-23B3-4F0F-B5D6-83C5A7303CF9" Name="Buttons" />
		<ActionSequence>
			<Action Type="Run">
				<RunWhat>SpecificProcecure</RunWhat>
				<Procedure>ChangeDemand</Procedure>
				<AbortOnError>true</AbortOnError>
			</Action>
		</ActionSequence>
	</PageObject>
	<PageObject Type="Text">
		<Location top="336" left="207" bottom="615" right="456" />
		<Hidden>VALUE := 1-NotVisible</Hidden>
		<StaticText>Graphical patterns representation not available when all patterns are generated.</StaticText>
		<Alignment>Center</Alignment>
		<Font GUID="C82FBF27-1614-41C9-B718-A431388D2B5A" Name="General Text" />
		<TextColor>
			<UserColor GUID="1EF91259-E806-4CA8-B02F-9AE4DD629C78">default selection</UserColor>
		</TextColor>
	</PageObject>
	<PageObject Type="Rectangle">
		<Location top="312" left="6" bottom="336" right="192" />
		<FillColor>
			<UserColor GUID="A3839E01-47DC-46BB-819D-6CECB851B151">Bar Blue</UserColor>
		</FillColor>
		<LineColor>
			<UserColor GUID="A3839E01-47DC-46BB-819D-6CECB851B151">Bar Blue</UserColor>
		</LineColor>
	</PageObject>
	<PageObject Type="Text">
		<Location top="315" left="18" bottom="333" right="186" />
		<StaticText>Execution</StaticText>
		<Font GUID="107CF1DD-5B8E-41FC-BD55-10C950947E3C" Name="Headers" />
		<TextColor>
			<UserColor GUID="B5956EEA-5F3E-4BD0-85C7-9F70EB490991">Header Blue</UserColor>
		</TextColor>
	</PageObject>
	<PageObject Type="Text">
		<Location top="192" left="18" bottom="210" right="195" />
		<StaticText>Problem Description</StaticText>
		<Font GUID="C82FBF27-1614-41C9-B718-A431388D2B5A" Name="General Text" />
		<TextColor>
			<UserColor GUID="1798981A-C40D-4713-BC08-E97545963465">Link</UserColor>
		</TextColor>
	</PageObject>
	<UsedReferences>
		<Model>
			<Symbol>Demand</Symbol>
			<Symbol>RawSize</Symbol>
			<Symbol>FinalSize</Symbol>
			<Symbol>RawsCutWithPattern</Symbol>
			<Symbol>CuttingStockObjective</Symbol>
			<Symbol>ElapsedTime</Symbol>
			<Symbol>StartStopwatch</Symbol>
			<Symbol>StopStopwatch</Symbol>
			<Symbol>FinalSurplus</Symbol>
			<Symbol>PatternWaste</Symbol>
			<Symbol>WastedMaterial</Symbol>
			<Symbol>UnusedFinalMaterial</Symbol>
			<Symbol>CutDomain</Symbol>
			<Symbol>CutStart</Symbol>
			<Symbol>CutLength</Symbol>
			<Symbol>NotVisible</Symbol>
			<Symbol>PatternCount</Symbol>
			<Symbol>ChangeDemand</Symbol>
			<Symbol>UpdateAllCuttingPatternsChanged</Symbol>
			<Symbol>SolveModelWithConventionalMPs</Symbol>
			<Symbol>SolveModelWithGMPs</Symbol>
			<Symbol>SolveModelWithHeuristic</Symbol>
			<Symbol>f</Symbol>
			<Symbol>p</Symbol>
			<Symbol>c</Symbol>
			<Symbol>ct</Symbol>
		</Model>
	</UsedReferences>
</Page>
