<?xml version="1.0"?>
<Page Version="4000" TimeStamp="2011-04-08 13:44:14" NeedsCompiledModel="false">
	<Location top="23" left="4" bottom="644" right="768" />
	<PageEditSize Type="Inherited">
		<Size Width="772" Height="622" />
	</PageEditSize>
	<ProjectUUID>D5244FB6-7791-48DE-8FA5-0B7DB8650C35</ProjectUUID>
	<TemplatesTabOrderPosition>1</TemplatesTabOrderPosition>
	<ResizeData>
		<MainArea Line="FixedFromTop" Value="99">
			<TopArea Line="FixedFromLeft" Value="200" />
			<BottomArea Line="FixedFromLeft" Value="200">
				<LeftArea Line="FixedFromTop" Value="204" />
				<RightArea Line="FixedFromTop" Value="85" />
			</BottomArea>
		</MainArea>
	</ResizeData>
	<Background Inherited="true" />
	<PageObject Type="Picture">
		<Location top="396" left="216" bottom="612" right="756" />
		<FileName LiteralFileName="true">"Bridge Building.jpg"</FileName>
		<Display>StretchOrShrink</Display>
		<Center>true</Center>
		<KeepRatio>true</KeepRatio>
	</PageObject>
	<PageObject Type="Text">
		<Location top="192" left="210" bottom="390" right="756" />
		<SourceType>File</SourceType>
		<FileName LiteralFileName="true">"Description.txt"</FileName>
		<Font GUID="3D4F8FDE-28E6-4338-998E-C89108819645" Name="Legend" />
		<TextColor>
			<UserColor GUID="D4F48705-BFDF-4DF8-8E1F-D38EFF981024">default selection</UserColor>
		</TextColor>
	</PageObject>
	<UsedReferences>
		<Model />
	</UsedReferences>
</Page>
