<?xml version="1.0"?>
<Page Version="4000" TimeStamp="2011-04-08 13:44:14">
	<Location top="23" left="4" bottom="644" right="768" />
	<PageEditSize Type="Inherited">
		<Size Width="772" Height="622" />
	</PageEditSize>
	<ProjectUUID>D5244FB6-7791-48DE-8FA5-0B7DB8650C35</ProjectUUID>
	<TemplatesTabOrderPosition>1</TemplatesTabOrderPosition>
	<ResizeData>
		<MainArea Line="FixedFromTop" Value="99">
			<TopArea Line="FixedFromLeft" Value="200" />
			<BottomArea Line="FixedFromLeft" Value="200">
				<LeftArea Line="FixedFromTop" Value="204">
					<BottomArea Line="FixedFromTop" Value="97" />
				</LeftArea>
				<RightArea Line="FixedFromTop" Value="85" />
			</BottomArea>
		</MainArea>
	</ResizeData>
	<Background Inherited="true" />
	<PageObject Type="Gantt Chart">
		<Location top="354" left="216" bottom="600" right="744" />
		<TabOrder>2</TabOrder>
		<Font GUID="00000000-0000-0000-0000-000000000001" Name="Main Font" />
		<Border Style="InShadow" Width="2" MarginTop="5" MarginRight="5" MarginBottom="5" MarginLeft="5" />
		<BackgroundColor RGB="#ffffff" />
		<ColorScheme Number="0" />
		<Legend>true</Legend>
		<Y-Labels>true</Y-Labels>
		<X-Labels>true</X-Labels>
		<VerticalGridLines>true</VerticalGridLines>
		<StatusLine>true</StatusLine>
		<Calendar>
			<Items>dm</Items>
			<MeasurementFactor>1</MeasurementFactor>
			<MeasurementUnit>days</MeasurementUnit>
			<ReferenceTime>CalBeginDate</ReferenceTime>
			<LeftBound>CalBeginDate</LeftBound>
			<RightBound>EndDateGanttChart</RightBound>
		</Calendar>
		<IndexLocations>
			<RowDomain>ep</RowDomain>
			<LegendDomain>epbs</LegendDomain>
		</IndexLocations>
		<TaskGroup>
			<Domain>PillarDuration( epbs, ep )</Domain>
			<Start>PillarActivity.Begin( epbs, ep )</Start>
			<Duration>PillarDuration( epbs, ep )</Duration>
			<Color>ActionColors( epbs )</Color>
		</TaskGroup>
	</PageObject>
	<PageObject Type="Table">
		<Location top="204" left="216" bottom="342" right="744" />
		<TabOrder>3</TabOrder>
		<Font GUID="00000000-0000-0000-0000-000000000001" Name="Main Font" />
		<Border Style="InShadow" Width="2" MarginTop="5" MarginRight="5" MarginBottom="5" MarginLeft="5" />
		<BackgroundColor RGB="#ffffff" />
		<RowIndentation>3</RowIndentation>
		<ElementTextAsTooltip>false</ElementTextAsTooltip>
		<ExplicitIdentifier>
			<Identifier>PillarDuration( pbs, p )</Identifier>
			<FirstColumn>1</FirstColumn>
			<NumberFormat Width="3" Decimals="0" Alignment="Center" />
		</ExplicitIdentifier>
	</PageObject>
	<PageObject Type="Button">
		<Location top="186" left="6" bottom="210" right="192" />
		<TabOrder>4</TabOrder>
		<LeaveOnEnter>false</LeaveOnEnter>
		<ButtonType>Text</ButtonType>
		<Title>"Problem Description"</Title>
		<Font GUID="00000000-0000-0000-0000-000000000001" Name="Main Font" />
		<ActionSequence>
			<Action Type="ClosePage" />
			<Action Type="LinkedPage">
				<Page PageGUID="40802BB0-917E-4589-AEEB-0105B630B8DF" Name="AIMMS Demo" />
			</Action>
		</ActionSequence>
	</PageObject>
	<PageObject Type="Button">
		<Location top="306" left="6" bottom="330" right="192" />
		<TabOrder>5</TabOrder>
		<LeaveOnEnter>false</LeaveOnEnter>
		<ButtonType>Text</ButtonType>
		<Title>"Solve"</Title>
		<Font GUID="00000000-0000-0000-0000-000000000001" Name="Main Font" />
		<ActionSequence>
			<Action Type="Run">
				<RunWhat>SpecificProcecure</RunWhat>
				<Procedure>MainExecution</Procedure>
				<AbortOnError>true</AbortOnError>
			</Action>
		</ActionSequence>
	</PageObject>
	<PageObject Type="Scalar">
		<Location top="402" left="6" bottom="438" right="192" />
		<TabOrder>6</TabOrder>
		<Font GUID="00000000-0000-0000-0000-000000000001" Name="Main Font" />
		<Border Style="InShadow" Width="2" MarginTop="5" MarginRight="5" MarginBottom="5" MarginLeft="5" />
		<BackgroundColor RGB="#ffffff" />
		<Layout>Text-Value</Layout>
		<SeparatorSign>=</SeparatorSign>
		<ExplicitIdentifier>
			<Identifier>p_time_limit</Identifier>
			<NumberFormat Width="5" Decimals="1" Scientific="IfTooSmallorLarge" Alignment="Center" ShowDefaults="true" />
		</ExplicitIdentifier>
	</PageObject>
	<UsedReferences>
		<Model>
			<Symbol>MainExecution</Symbol>
			<Symbol>p</Symbol>
			<Symbol>ep</Symbol>
			<Symbol>CalBeginDate</Symbol>
			<Symbol>PillarDuration</Symbol>
			<Symbol>pbs</Symbol>
			<Symbol>p_time_limit</Symbol>
			<Symbol>epbs</Symbol>
			<Symbol>ActionColors</Symbol>
			<Symbol>EndDateGanttChart</Symbol>
			<Symbol>PillarActivity</Symbol>
		</Model>
	</UsedReferences>
</Page>
