<?xml version="1.0"?>
<ExportSettings>
	<ExcludedFile>backup</ExcludedFile>
	<ExcludedFile>log</ExcludedFile>
	<ExcludedFile>cpo00000.cpo</ExcludedFile>
	<ExcludedFile>cpo00000.mod</ExcludedFile>
	<ExcludedFile>cpo00001.cpo</ExcludedFile>
	<ExcludedFile>cpo00001.mod</ExcludedFile>
	<ExcludedFile>cpo00002.cpo</ExcludedFile>
	<ExcludedFile>cpo00002.mod</ExcludedFile>
	<ExcludedFile>cpo00003.cpo</ExcludedFile>
	<ExcludedFile>cpo00003.mod</ExcludedFile>
	<ExcludedFile>cpo00004.cpo</ExcludedFile>
	<ExcludedFile>cpo00004.mod</ExcludedFile>
	<ExcludedFile>cpo00005.cpo</ExcludedFile>
	<ExcludedFile>cpo00005.mod</ExcludedFile>
</ExportSettings>
