{
  "version": "4.67.0",
  "application": {
    "aimms.widget.type": {
      "literal": "application"
    },
    "browser.language": {
      "aimms": {
        "contents": [
          "webui::ClientBrowserLanguage"
        ]
      }
    },
    "browser.name": {
      "aimms": {
        "contents": [
          "webui::ClientBrowserName"
        ]
      }
    },
    "browser.timezone": {
      "aimms": {
        "contents": [
          "webui::BrowserTimeZone"
        ]
      }
    },
    "ignoredst": {
      "aimms": {
        "contents": [
          "webui::IgnoreDST"
        ]
      }
    },
    "theme.classic": {
      "literal": "NOT_ALLOWED"
    },
    "timezone": {
      "aimms": {
        "contents": [
          "webui::DisplayTimeZone"
        ]
      }
    },
    "timezone.dst.readonly": {
      "aimms": {
        "contents": [
          "webui::DefaultDSTSettingForDisplayTimeZone"
        ]
      }
    }
  },
  "pages/home": {
    "widgets": {
      "literal": [
        {
          "uri": "xyz",
          "layoutInfo": {
            "width": "2",
            "height": "1"
          }
        },
        {
          "uri": "DoSolve",
          "layoutInfo": {
            "width": "2",
            "height": "1"
          }
        }
      ]
    }
  },
  "widgets/DoSolve": {
    "action": {
      "literal": {
        "type": "procedure",
        "value": "MainExecution"
      }
    },
    "aimms.widget.type": {
      "literal": "button"
    },
    "title": {
      "literal": "DoSolve"
    },
    "name": {
      "literal": "DoSolve"
    }
  },
  "widgets/xyz": {
    "aimms.widget.type": {
      "literal": "scalar"
    },
    "contents": {
      "aimms": {
        "contents": [
          "X",
          "Y",
          "Z"
        ]
      }
    },
    "title": {
      "literal": "Distribution solution"
    },
    "name": {
      "literal": "xyz"
    }
  }
}