<?xml version="1.0"?>
<Page Version="4000" TimeStamp="2009-09-04 13:08:57">
	<Location bottom="947" right="1920" />
	<PageEditSize Type="Inherited">
		<Size Width="772" Height="622" />
	</PageEditSize>
	<ProjectUUID>3155D8A9-0096-4828-B172-02689DA77AC3</ProjectUUID>
	<Title>"AIMMS Demo: A Simple Transport Model"</Title>
	<TemplatesTabOrderPosition>1</TemplatesTabOrderPosition>
	<ResizeData>
		<MainArea Line="FixedFromTop" Value="99">
			<TopArea Line="FixedFromLeft" Value="200" />
			<BottomArea Line="FixedFromLeft" Value="200">
				<LeftArea Line="FixedFromTop" Value="204">
					<BottomArea Line="FixedFromTop" Value="61" />
				</LeftArea>
				<RightArea Line="FixedFromTop" Value="85">
					<TopArea Line="FixedFromTop" Value="77" />
				</RightArea>
			</BottomArea>
		</MainArea>
	</ResizeData>
	<Background RGB="#ffffff" />
	<Action>
		<EntryProcedure>MainInitialization</EntryProcedure>
	</Action>
	<HorizontalGridDistance>3</HorizontalGridDistance>
	<VerticalGridDistance>3</VerticalGridDistance>
	<PageObject Type="Scalar">
		<Location top="189" left="207" bottom="615" right="762" />
		<TabOrder>2</TabOrder>
		<Font GUID="C82FBF27-1614-41C9-B718-A431388D2B5A" Name="General Text" />
		<Border Style="InShadow" Width="2" MarginTop="5" MarginRight="5" MarginBottom="5" MarginLeft="5" />
		<BackgroundColor RGB="#ffffff" />
		<TextColor>
			<UserColor GUID="23F33851-505F-45B5-AA1F-5360CB8B3EFB">Text Blue</UserColor>
		</TextColor>
		<Layout>MultipleLineEditField</Layout>
		<VerticalScrollbar>true</VerticalScrollbar>
		<DisplayTextFile>true</DisplayTextFile>
		<SeparatorSign>=</SeparatorSign>
		<ExplicitIdentifier>
			<Identifier>ProblemDescriptionFile</Identifier>
			<NumberFormat Width="15" Decimals="0" Alignment="Left" ShowDefaults="true" />
		</ExplicitIdentifier>
	</PageObject>
	<UsedReferences>
		<Model>
			<Symbol>MainInitialization</Symbol>
			<Symbol>ProblemDescriptionFile</Symbol>
		</Model>
	</UsedReferences>
</Page>
