<?xml version="1.0"?>
<Page Version="4000" TimeStamp="2015-11-12 22:05:22">
	<Location top="23" left="4" bottom="644" right="768" />
	<PageEditSize Type="Inherited">
		<Size Width="772" Height="622" />
	</PageEditSize>
	<ProjectUUID>CDFB6C8D-067D-4490-BB30-D0174299E222</ProjectUUID>
	<TemplatesTabOrderPosition>1</TemplatesTabOrderPosition>
	<ResizeData>
		<MainArea Line="FixedFromTop" Value="99">
			<TopArea Line="FixedFromLeft" Value="200" />
			<BottomArea Line="FixedFromLeft" Value="249">
				<LeftArea Line="FixedFromTop" Value="204">
					<BottomArea Line="FixedFromTop" Value="155" />
				</LeftArea>
				<RightArea Line="FixedFromTop" Value="85">
					<BottomArea Line="FixedFromTop" Value="305" />
				</RightArea>
			</BottomArea>
		</MainArea>
	</ResizeData>
	<Background>
		<UserColor GUID="4A495150-9A3B-4EA9-A957-B4EB3C7B7E73">white</UserColor>
	</Background>
	<HorizontalGridDistance>3</HorizontalGridDistance>
	<VerticalGridDistance>3</VerticalGridDistance>
	<PageObject Type="Text">
		<Location top="192" left="18" bottom="210" right="195" />
		<StaticText>Problem Description</StaticText>
		<Font GUID="C82FBF27-1614-41C9-B718-A431388D2B5A" Name="General Text" />
		<TextColor>
			<UserColor GUID="1798981A-C40D-4713-BC08-E97545963465">Link</UserColor>
		</TextColor>
	</PageObject>
	<PageObject Type="Button">
		<Location top="186" left="6" bottom="210" right="192" />
		<TabOrder>2</TabOrder>
		<LeaveOnEnter>false</LeaveOnEnter>
		<ButtonType>Text</ButtonType>
		<Transparent>true</Transparent>
		<Font GUID="64997158-3D5B-41FC-BAC0-3F921D1A96BD" Name="default" />
		<ActionSequence>
			<Action Type="GotoPage">
				<Destination>Parent</Destination>
			</Action>
		</ActionSequence>
	</PageObject>
	<PageObject Type="Button">
		<Location top="396" left="9" bottom="423" right="195" />
		<TabOrder>5</TabOrder>
		<ButtonType>Text</ButtonType>
		<Title>"Solve with start point"</Title>
		<Font GUID="0BDEF216-23B3-4F0F-B5D6-83C5A7303CF9" Name="Buttons" />
		<ActionSequence>
			<Action Type="Run">
				<RunWhat>SpecificProcecure</RunWhat>
				<Procedure>MainExecutionWithSolution</Procedure>
				<AbortOnError>true</AbortOnError>
				<BackgroundRun>true</BackgroundRun>
			</Action>
		</ActionSequence>
	</PageObject>
	<PageObject Type="Text">
		<Location top="309" left="9" bottom="393" right="189" />
		<StaticText>To solve this problem with start values for MIP variables. But first solve the model normally to produce the starting point.</StaticText>
		<Font GUID="C82FBF27-1614-41C9-B718-A431388D2B5A" Name="General Text" />
		<TextColor>
			<UserColor GUID="23F33851-505F-45B5-AA1F-5360CB8B3EFB">Text Blue</UserColor>
		</TextColor>
	</PageObject>
	<PageObject Type="Rectangle">
		<Location top="276" left="6" bottom="300" right="192" />
		<FillColor>
			<UserColor GUID="A3839E01-47DC-46BB-819D-6CECB851B151">Bar Blue</UserColor>
		</FillColor>
		<LineColor>
			<UserColor GUID="A3839E01-47DC-46BB-819D-6CECB851B151">Bar Blue</UserColor>
		</LineColor>
	</PageObject>
	<PageObject Type="Text">
		<Location top="279" left="18" bottom="297" right="186" />
		<StaticText>Execution</StaticText>
		<Font GUID="107CF1DD-5B8E-41FC-BD55-10C950947E3C" Name="Headers" />
		<TextColor>
			<UserColor GUID="B5956EEA-5F3E-4BD0-85C7-9F70EB490991">Header Blue</UserColor>
		</TextColor>
	</PageObject>
	<PageObject Type="Text">
		<Location top="189" left="210" bottom="435" right="762" />
		<StaticText>The file "solution.txt" holds the initial values for the MIP variables. CPLEX and Gurobi will only use these values as a start solution for the solve if the user has specified so in the Project Options. 

CPLEX settings should be changed as follows:
	- Set the CPLEX option "Advanced Start" to "Use advanced basis".

Gurobi settings should be changed as follows:
	- Set the Gurobi option "MIP Start" to "On".
 	
Once, these options have been set, CPLEX/Gurobi will (try to) use the initial values provided in the solution file. You can verify the use of the start values by setting the following options:
	- Solver Listing Messages to "all"
	- MIP Display to "Display each nth node" (CPLEX)
	- Output File to "Yes" (Gurobi)
and then inspect the file "CPLEX xxx.sta" or "gurobi.log" that is in the Log subfolder.</StaticText>
		<Font GUID="C82FBF27-1614-41C9-B718-A431388D2B5A" Name="General Text" />
		<TextColor>
			<UserColor GUID="23F33851-505F-45B5-AA1F-5360CB8B3EFB">Text Blue</UserColor>
		</TextColor>
	</PageObject>
	<PageObject Type="Rectangle">
		<Location top="432" left="9" bottom="456" right="195" />
		<FillColor>
			<UserColor GUID="A3839E01-47DC-46BB-819D-6CECB851B151">Bar Blue</UserColor>
		</FillColor>
		<LineColor>
			<UserColor GUID="A3839E01-47DC-46BB-819D-6CECB851B151">Bar Blue</UserColor>
		</LineColor>
	</PageObject>
	<PageObject Type="Text">
		<Location top="435" left="21" bottom="453" right="189" />
		<StaticText>NOTE</StaticText>
		<Font GUID="107CF1DD-5B8E-41FC-BD55-10C950947E3C" Name="Headers" />
		<TextColor>
			<UserColor GUID="92BBEA74-CB7D-48B8-97AC-F52853BEB411">red</UserColor>
		</TextColor>
	</PageObject>
	<PageObject Type="Text">
		<Location top="462" left="21" bottom="609" right="186" />
		<StaticText>Please make sure the options are set for the right CPLEX version. 
You can check which  CPLEX version you are running by opening the Solver Configuration in the Settings Menu.</StaticText>
		<Font GUID="C82FBF27-1614-41C9-B718-A431388D2B5A" Name="General Text" />
		<TextColor>
			<UserColor GUID="23F33851-505F-45B5-AA1F-5360CB8B3EFB">Text Blue</UserColor>
		</TextColor>
	</PageObject>
	<PageObject Type="Gantt Chart">
		<Location top="495" left="207" bottom="615" right="762" />
		<TabOrder>6</TabOrder>
		<TabStop>false</TabStop>
		<Font GUID="64997158-3D5B-41FC-BAC0-3F921D1A96BD" Name="default" />
		<Border Style="InShadow" Width="2" MarginTop="5" MarginRight="5" MarginBottom="5" MarginLeft="5" />
		<BackgroundColor>
			<UserColor GUID="CCB23DE4-D3C9-4647-BE46-7A1779576484">Background yellow</UserColor>
		</BackgroundColor>
		<ColorScheme Number="0" />
		<Y-Labels>true</Y-Labels>
		<X-Labels>true</X-Labels>
		<VerticalGridLines>true</VerticalGridLines>
		<StatusLine>true</StatusLine>
		<TimeRange>
			<Upper>TimeSpan</Upper>
			<GridPoints>8</GridPoints>
		</TimeRange>
		<IndexLocations>
			<RowDomain>m</RowDomain>
			<LegendDomain>j</LegendDomain>
		</IndexLocations>
		<TaskGroup>
			<Domain>ProcesTime( j, m )</Domain>
			<Start>InterfaceStartTime( j, m )</Start>
			<Duration>ProcesTime( j, m )</Duration>
			<InsideBarText>JobDescription( j )</InsideBarText>
		</TaskGroup>
	</PageObject>
	<PageObject Type="Scalar">
		<Location top="438" left="207" bottom="489" right="480" />
		<TabOrder>7</TabOrder>
		<TabStop>false</TabStop>
		<Font GUID="C82FBF27-1614-41C9-B718-A431388D2B5A" Name="General Text" />
		<Border Style="InShadow" Width="2" MarginTop="5" MarginRight="5" MarginBottom="5" MarginLeft="5" />
		<BackgroundColor RGB="#ffffff" />
		<TextColor>
			<UserColor GUID="23F33851-505F-45B5-AA1F-5360CB8B3EFB">Text Blue</UserColor>
		</TextColor>
		<Layout>Text-Value</Layout>
		<SeparatorSign>=</SeparatorSign>
		<ExplicitIdentifier>
			<Identifier>MaxJobs</Identifier>
			<NumberFormat Width="4" Decimals="0" Alignment="Center" ShowDefaults="true" />
			<ProcedureUponChange>GenerateData</ProcedureUponChange>
		</ExplicitIdentifier>
		<ExplicitIdentifier>
			<Identifier>MaxMachines</Identifier>
			<NumberFormat Width="4" Decimals="0" Alignment="Center" ShowDefaults="true" />
			<ProcedureUponChange>GenerateData</ProcedureUponChange>
		</ExplicitIdentifier>
	</PageObject>
	<PageObject Type="Scalar">
		<Location top="438" left="486" bottom="489" right="762" />
		<TabOrder>8</TabOrder>
		<TabStop>false</TabStop>
		<Font GUID="C82FBF27-1614-41C9-B718-A431388D2B5A" Name="General Text" />
		<Border Style="InShadow" Width="2" MarginTop="5" MarginRight="5" MarginBottom="5" MarginLeft="5" />
		<BackgroundColor RGB="#ffffff" />
		<TextColor>
			<UserColor GUID="23F33851-505F-45B5-AA1F-5360CB8B3EFB">Text Blue</UserColor>
		</TextColor>
		<Layout>Text-Value</Layout>
		<SeparatorSign>=</SeparatorSign>
		<ExplicitIdentifier>
			<Identifier>TimeSpan</Identifier>
			<NumberFormat Width="6" Decimals="1" Alignment="Center" ShowDefaults="true" />
		</ExplicitIdentifier>
	</PageObject>
	<PageObject Type="Text">
		<Location top="219" left="18" bottom="237" right="195" />
		<StaticText>Normal Solve</StaticText>
		<Font GUID="C82FBF27-1614-41C9-B718-A431388D2B5A" Name="General Text" />
		<TextColor>
			<UserColor GUID="1798981A-C40D-4713-BC08-E97545963465">Link</UserColor>
		</TextColor>
	</PageObject>
	<PageObject Type="Button">
		<Location top="216" left="6" bottom="240" right="192" />
		<TabOrder>3</TabOrder>
		<LeaveOnEnter>false</LeaveOnEnter>
		<ButtonType>Text</ButtonType>
		<Transparent>true</Transparent>
		<Font GUID="64997158-3D5B-41FC-BAC0-3F921D1A96BD" Name="default" />
		<ActionSequence>
			<Action Type="GotoPage">
				<Destination>TreeNext</Destination>
			</Action>
		</ActionSequence>
	</PageObject>
	<PageObject Type="Text">
		<Location top="249" left="18" bottom="267" right="195" />
		<StaticText>Multiple scenarios parallel</StaticText>
		<Font GUID="C82FBF27-1614-41C9-B718-A431388D2B5A" Name="General Text" />
		<TextColor>
			<UserColor GUID="1798981A-C40D-4713-BC08-E97545963465">Link</UserColor>
		</TextColor>
	</PageObject>
	<PageObject Type="Button">
		<Location top="246" left="6" bottom="270" right="192" />
		<TabOrder>4</TabOrder>
		<LeaveOnEnter>false</LeaveOnEnter>
		<ButtonType>Text</ButtonType>
		<Transparent>true</Transparent>
		<Font GUID="64997158-3D5B-41FC-BAC0-3F921D1A96BD" Name="default" />
		<ActionSequence>
			<Action Type="LinkedPage">
				<Page PageGUID="D58BF4EF-A57D-48DB-955D-8799015425AE" Name="Solve multiple scenarios with parallel solver sessions" />
			</Action>
		</ActionSequence>
	</PageObject>
	<UsedReferences>
		<Model>
			<Symbol>MaxJobs</Symbol>
			<Symbol>MaxMachines</Symbol>
			<Symbol>ProcesTime</Symbol>
			<Symbol>TimeSpan</Symbol>
			<Symbol>InterfaceStartTime</Symbol>
			<Symbol>JobDescription</Symbol>
			<Symbol>MainExecutionWithSolution</Symbol>
			<Symbol>GenerateData</Symbol>
			<Symbol>j</Symbol>
			<Symbol>m</Symbol>
		</Model>
	</UsedReferences>
</Page>
