<?xml version="1.0"?>
<Page Version="4000" TimeStamp="2014-10-02 11:08:38">
	<Location top="23" left="4" bottom="644" right="768" />
	<PageEditSize Type="Inherited">
		<Size Width="772" Height="622" />
	</PageEditSize>
	<ProjectUUID>EE78B004-FC95-4626-B738-F7CE61797F52</ProjectUUID>
	<TemplatesTabOrderPosition>1</TemplatesTabOrderPosition>
	<ResizeData>
		<MainArea Line="FixedFromTop" Value="99">
			<TopArea Line="FixedFromLeft" Value="200" />
			<BottomArea Line="FixedFromLeft" Value="201">
				<LeftArea Line="FixedFromTop" Value="204">
					<BottomArea Line="FixedFromTop" Value="149" />
				</LeftArea>
				<RightArea Line="FixedFromTop" Value="85">
					<BottomArea Line="PercentageFromLeft" Value="0.477273">
						<RightArea Line="FixedFromLeft" Value="290.477117" />
					</BottomArea>
				</RightArea>
			</BottomArea>
		</MainArea>
	</ResizeData>
	<Background Inherited="true" />
	<HorizontalGridDistance>3</HorizontalGridDistance>
	<VerticalGridDistance>3</VerticalGridDistance>
	<PageObject Type="Button">
		<Location top="186" left="6" bottom="210" right="192" />
		<TabOrder>2</TabOrder>
		<LeaveOnEnter>false</LeaveOnEnter>
		<ButtonType>Text</ButtonType>
		<Transparent>true</Transparent>
		<Font GUID="00000000-0000-0000-0000-000000000001" Name="Main Font" />
		<ActionSequence>
			<Action Type="GotoPage">
				<Destination>Parent</Destination>
			</Action>
			<Action Type="ClosePage" />
		</ActionSequence>
	</PageObject>
	<PageObject Type="Text">
		<Location top="192" left="18" bottom="207" right="189" />
		<StaticText>Problem Description</StaticText>
		<Font GUID="0BDEF216-23B3-4F0F-B5D6-83C5A7303CF9" Name="Buttons" />
		<TextColor>
			<UserColor GUID="1798981A-C40D-4713-BC08-E97545963465">Link</UserColor>
		</TextColor>
	</PageObject>
	<PageObject Type="Text">
		<Location top="192" left="207" bottom="213" right="312" />
		<StaticText>Costs:</StaticText>
		<Font GUID="107CF1DD-5B8E-41FC-BD55-10C950947E3C" Name="Headers" />
		<TextColor>
			<UserColor GUID="D4F48705-BFDF-4DF8-8E1F-D38EFF981024">default selection</UserColor>
		</TextColor>
	</PageObject>
	<PageObject Type="Text">
		<Location top="321" left="207" bottom="342" right="312" />
		<StaticText>Capacity:</StaticText>
		<Font GUID="107CF1DD-5B8E-41FC-BD55-10C950947E3C" Name="Headers" />
		<TextColor>
			<UserColor GUID="D4F48705-BFDF-4DF8-8E1F-D38EFF981024">default selection</UserColor>
		</TextColor>
	</PageObject>
	<PageObject Type="Scalar">
		<Location top="339" left="204" bottom="387" right="471" />
		<TabOrder>6</TabOrder>
		<TabStop>false</TabStop>
		<Font GUID="C82FBF27-1614-41C9-B718-A431388D2B5A" Name="General Text" />
		<Border Style="InShadow" Width="2" MarginTop="5" MarginRight="5" MarginBottom="5" MarginLeft="5" />
		<BackgroundColor RGB="#ffffff" />
		<TextColor>
			<UserColor GUID="D4F48705-BFDF-4DF8-8E1F-D38EFF981024">default selection</UserColor>
		</TextColor>
		<Layout>Text-Value</Layout>
		<SeparatorSign>=</SeparatorSign>
		<ExplicitIdentifier>
			<Identifier>overallCapacity</Identifier>
			<Unit Display="PerValue" />
			<NumberFormat Width="5" Decimals="1" Scientific="IfTooSmallorLarge" Alignment="Center" ShowDefaults="true" />
			<Title>"Overall Capacity"</Title>
		</ExplicitIdentifier>
		<ExplicitIdentifier>
			<Identifier>maximumInventory</Identifier>
			<Unit Display="PerValue" />
			<NumberFormat Width="5" Decimals="1" Scientific="IfTooSmallorLarge" Alignment="Center" ShowDefaults="true" />
			<Title>"Maximum Inventory"</Title>
		</ExplicitIdentifier>
	</PageObject>
	<PageObject Type="Text">
		<Location top="192" left="480" bottom="231" right="753" />
		<StaticText>Expected Demand &amp; Probability for each scenario:</StaticText>
		<Font GUID="107CF1DD-5B8E-41FC-BD55-10C950947E3C" Name="Headers" />
		<TextColor>
			<UserColor GUID="D4F48705-BFDF-4DF8-8E1F-D38EFF981024">default selection</UserColor>
		</TextColor>
	</PageObject>
	<PageObject Type="Table">
		<Location top="231" left="477" bottom="612" right="756" />
		<TabOrder>7</TabOrder>
		<TabStop>false</TabStop>
		<Font GUID="3D4F8FDE-28E6-4338-998E-C89108819645" Name="Legend" />
		<Border Style="InShadow" Width="2" MarginTop="5" MarginRight="5" MarginBottom="5" MarginLeft="5" />
		<BackgroundColor RGB="#ffffff" />
		<TextColor>
			<UserColor GUID="D4F48705-BFDF-4DF8-8E1F-D38EFF981024">default selection</UserColor>
		</TextColor>
		<RowIndentation>3</RowIndentation>
		<ElementTextAsTooltip>false</ElementTextAsTooltip>
		<ExplicitIdentifier>
			<Identifier>probabilityOfReachingState( s )</Identifier>
			<FirstColumn>1</FirstColumn>
			<IdentifierTextInCell>true</IdentifierTextInCell>
			<HeaderText>"Probability"</HeaderText>
			<NumberFormat Width="6" Decimals="4" Alignment="Center" />
		</ExplicitIdentifier>
		<ExplicitIdentifier>
			<Identifier>demandOfBeerInState( b, s )</Identifier>
			<Permutation>[1,0]</Permutation>
			<FirstColumn>1</FirstColumn>
			<HeaderText>"Demand"</HeaderText>
			<NumberFormat Width="5" Decimals="1" Alignment="Center" />
		</ExplicitIdentifier>
	</PageObject>
	<PageObject Type="Text">
		<Location top="378" left="15" bottom="447" right="171" />
		<StaticText>Initial Stock Levels:
Light beer    = 17 [hl]
Regular beer = 35 [hl]</StaticText>
		<Font GUID="C82FBF27-1614-41C9-B718-A431388D2B5A" Name="General Text" />
		<TextColor>
			<UserColor GUID="23F33851-505F-45B5-AA1F-5360CB8B3EFB">Text Blue</UserColor>
		</TextColor>
	</PageObject>
	<PageObject Type="Rectangle">
		<Location top="276" left="6" bottom="300" right="192" />
		<FillColor>
			<UserColor GUID="A3839E01-47DC-46BB-819D-6CECB851B151">Bar Blue</UserColor>
		</FillColor>
		<LineColor>
			<UserColor GUID="A3839E01-47DC-46BB-819D-6CECB851B151">Bar Blue</UserColor>
		</LineColor>
	</PageObject>
	<PageObject Type="Text">
		<Location top="279" left="18" bottom="297" right="186" />
		<StaticText>Execution</StaticText>
		<Font GUID="107CF1DD-5B8E-41FC-BD55-10C950947E3C" Name="Headers" />
		<TextColor>
			<UserColor GUID="B5956EEA-5F3E-4BD0-85C7-9F70EB490991">Header Blue</UserColor>
		</TextColor>
	</PageObject>
	<PageObject Type="Button">
		<Location top="309" left="6" bottom="333" right="192" />
		<TabOrder>4</TabOrder>
		<LeaveOnEnter>false</LeaveOnEnter>
		<ButtonType>Text</ButtonType>
		<Title>"Solve Model"</Title>
		<Font GUID="0BDEF216-23B3-4F0F-B5D6-83C5A7303CF9" Name="Buttons" />
		<ActionSequence>
			<Action Type="Run">
				<RunWhat>SpecificProcecure</RunWhat>
				<Procedure>MainExecution</Procedure>
				<AbortOnError>true</AbortOnError>
			</Action>
			<Action Type="GotoPage">
				<Destination>Next</Destination>
			</Action>
		</ActionSequence>
	</PageObject>
	<PageObject Type="Text">
		<Location top="159" left="204" bottom="180" right="375" />
		<StaticText> Input Data</StaticText>
		<Font GUID="107CF1DD-5B8E-41FC-BD55-10C950947E3C" Name="Headers" />
		<TextColor>
			<UserColor GUID="B5956EEA-5F3E-4BD0-85C7-9F70EB490991">Header Blue</UserColor>
		</TextColor>
	</PageObject>
	<PageObject Type="Button">
		<Location top="216" left="6" bottom="240" right="192" />
		<TabOrder>3</TabOrder>
		<LeaveOnEnter>false</LeaveOnEnter>
		<ButtonType>Text</ButtonType>
		<Transparent>true</Transparent>
		<Font GUID="00000000-0000-0000-0000-000000000001" Name="Main Font" />
		<ActionSequence>
			<Action Type="GotoPage">
				<Destination>Next</Destination>
			</Action>
		</ActionSequence>
	</PageObject>
	<PageObject Type="Text">
		<Location top="222" left="18" bottom="237" right="189" />
		<StaticText>Output Page</StaticText>
		<Font GUID="0BDEF216-23B3-4F0F-B5D6-83C5A7303CF9" Name="Buttons" />
		<TextColor>
			<UserColor GUID="1798981A-C40D-4713-BC08-E97545963465">Link</UserColor>
		</TextColor>
	</PageObject>
	<PageObject Type="Table">
		<Location top="210" left="204" bottom="297" right="471" />
		<TabOrder>5</TabOrder>
		<TabStop>false</TabStop>
		<Font GUID="3D4F8FDE-28E6-4338-998E-C89108819645" Name="Legend" />
		<Border Style="InShadow" Width="2" MarginTop="5" MarginRight="5" MarginBottom="5" MarginLeft="5" />
		<MaxRowWidth>18</MaxRowWidth>
		<BackgroundColor RGB="#ffffff" />
		<TextColor>
			<UserColor GUID="D4F48705-BFDF-4DF8-8E1F-D38EFF981024">default selection</UserColor>
		</TextColor>
		<RowIndentation>3</RowIndentation>
		<ElementTextAsTooltip>false</ElementTextAsTooltip>
		<ExplicitIdentifier>
			<Identifier>sellingPrice( b )</Identifier>
			<FirstColumn>0</FirstColumn>
			<HeaderText>"Market Price"</HeaderText>
			<NumberFormat Width="4" Decimals="0" Alignment="Center" />
			<Unit Display="InTitle" />
		</ExplicitIdentifier>
		<ExplicitIdentifier>
			<Identifier>productionCost( b )</Identifier>
			<FirstColumn>0</FirstColumn>
			<HeaderText>"Production"</HeaderText>
			<NumberFormat Width="4" Decimals="0" Alignment="Center" />
			<Unit Display="InTitle" />
		</ExplicitIdentifier>
		<ExplicitIdentifier>
			<Identifier>inventoryCost( b )</Identifier>
			<FirstColumn>0</FirstColumn>
			<HeaderText>"Inventory"</HeaderText>
			<NumberFormat Width="4" Decimals="0" Alignment="Center" />
			<Unit Display="InTitle" />
		</ExplicitIdentifier>
		<ExplicitIdentifier>
			<Identifier>externalSupplyCost( b )</Identifier>
			<FirstColumn>0</FirstColumn>
			<HeaderText>"External Supply"</HeaderText>
			<NumberFormat Width="4" Decimals="0" Alignment="Center" />
			<Unit Display="InTitle" />
		</ExplicitIdentifier>
	</PageObject>
	<PageObject Type="Rectangle">
		<Location top="348" left="6" bottom="372" right="192" />
		<FillColor>
			<UserColor GUID="A3839E01-47DC-46BB-819D-6CECB851B151">Bar Blue</UserColor>
		</FillColor>
		<LineColor>
			<UserColor GUID="A3839E01-47DC-46BB-819D-6CECB851B151">Bar Blue</UserColor>
		</LineColor>
	</PageObject>
	<PageObject Type="Text">
		<Location top="351" left="18" bottom="369" right="189" />
		<StaticText>Note</StaticText>
		<Font GUID="107CF1DD-5B8E-41FC-BD55-10C950947E3C" Name="Headers" />
		<TextColor>
			<UserColor GUID="8C1FFC91-A781-4272-831D-2D86F23592E4">red</UserColor>
		</TextColor>
	</PageObject>
	<UsedReferences>
		<Model>
			<Symbol>sellingPrice</Symbol>
			<Symbol>productionCost</Symbol>
			<Symbol>inventoryCost</Symbol>
			<Symbol>externalSupplyCost</Symbol>
			<Symbol>overallCapacity</Symbol>
			<Symbol>maximumInventory</Symbol>
			<Symbol>demandOfBeerInState</Symbol>
			<Symbol>probabilityOfReachingState</Symbol>
			<Symbol>MainExecution</Symbol>
			<Symbol>b</Symbol>
			<Symbol>s</Symbol>
		</Model>
	</UsedReferences>
</Page>
