<?xml version="1.0"?>
<Page Version="4000" TimeStamp="2014-10-02 11:08:38">
	<Location top="23" left="4" bottom="644" right="768" />
	<PageEditSize Type="Inherited">
		<Size Width="772" Height="622" />
	</PageEditSize>
	<ProjectUUID>EE78B004-FC95-4626-B738-F7CE61797F52</ProjectUUID>
	<TemplatesTabOrderPosition>1</TemplatesTabOrderPosition>
	<ResizeData>
		<MainArea Line="FixedFromTop" Value="99">
			<TopArea Line="FixedFromLeft" Value="200" />
			<BottomArea Line="FixedFromLeft" Value="201">
				<LeftArea Line="FixedFromTop" Value="204" />
				<RightArea Line="FixedFromTop" Value="85">
					<BottomArea Line="FixedFromLeft" Value="563" />
				</RightArea>
			</BottomArea>
		</MainArea>
	</ResizeData>
	<Background Inherited="true" />
	<HorizontalGridDistance>3</HorizontalGridDistance>
	<VerticalGridDistance>3</VerticalGridDistance>
	<PageObject Type="Text">
		<Location top="159" left="204" bottom="177" right="375" />
		<StaticText> Output</StaticText>
		<Font GUID="107CF1DD-5B8E-41FC-BD55-10C950947E3C" Name="Headers" />
		<TextColor>
			<UserColor GUID="B5956EEA-5F3E-4BD0-85C7-9F70EB490991">Header Blue</UserColor>
		</TextColor>
	</PageObject>
	<PageObject Type="Button">
		<Location top="186" left="6" bottom="210" right="192" />
		<TabOrder>2</TabOrder>
		<LeaveOnEnter>false</LeaveOnEnter>
		<ButtonType>Text</ButtonType>
		<Transparent>true</Transparent>
		<Font GUID="00000000-0000-0000-0000-000000000001" Name="Main Font" />
		<ActionSequence>
			<Action Type="GotoPage">
				<Destination>Parent</Destination>
			</Action>
			<Action Type="ClosePage" />
		</ActionSequence>
	</PageObject>
	<PageObject Type="Text">
		<Location top="192" left="18" bottom="207" right="189" />
		<StaticText>Problem Description</StaticText>
		<Font GUID="0BDEF216-23B3-4F0F-B5D6-83C5A7303CF9" Name="Buttons" />
		<TextColor>
			<UserColor GUID="1798981A-C40D-4713-BC08-E97545963465">Link</UserColor>
		</TextColor>
	</PageObject>
	<PageObject Type="Button">
		<Location top="216" left="6" bottom="240" right="192" />
		<TabOrder>3</TabOrder>
		<LeaveOnEnter>false</LeaveOnEnter>
		<ButtonType>Text</ButtonType>
		<Transparent>true</Transparent>
		<Font GUID="00000000-0000-0000-0000-000000000001" Name="Main Font" />
		<ActionSequence>
			<Action Type="GotoPage">
				<Destination>Next</Destination>
			</Action>
		</ActionSequence>
	</PageObject>
	<PageObject Type="Text">
		<Location top="222" left="18" bottom="237" right="186" />
		<StaticText>Input Page</StaticText>
		<Font GUID="0BDEF216-23B3-4F0F-B5D6-83C5A7303CF9" Name="Buttons" />
		<TextColor>
			<UserColor GUID="1798981A-C40D-4713-BC08-E97545963465">Link</UserColor>
		</TextColor>
	</PageObject>
	<PageObject Type="Scalar">
		<Location top="189" left="207" bottom="219" right="561" />
		<TabOrder>4</TabOrder>
		<Font GUID="C82FBF27-1614-41C9-B718-A431388D2B5A" Name="General Text" />
		<Border Style="InShadow" Width="2" MarginTop="5" MarginRight="5" MarginBottom="5" MarginLeft="5" />
		<BackgroundColor RGB="#ffffff" />
		<TextColor>
			<UserColor GUID="D4F48705-BFDF-4DF8-8E1F-D38EFF981024">default selection</UserColor>
		</TextColor>
		<Layout>Text-Value</Layout>
		<SeparatorSign>=</SeparatorSign>
		<ExplicitIdentifier>
			<Identifier>totalExpectedNetProfit</Identifier>
			<Unit Display="PerValue" />
			<NumberFormat Width="7" Decimals="0" Scientific="IfTooSmallorLarge" ThousandSeparator="true" Alignment="Center" ShowDefaults="true" />
			<Title>"Total Expected Net Profit"</Title>
		</ExplicitIdentifier>
	</PageObject>
	<PageObject Type="Pivot Table">
		<Location top="222" left="207" bottom="615" right="762" />
		<TabOrder>5</TabOrder>
		<ObjectUUID>BC76C8C0-1003-4352-BDB8-FC79D694C327</ObjectUUID>
		<Font GUID="00000000-0000-0000-0000-000000000001" Name="Main Font" />
		<Border Style="InShadow" Width="2" MarginTop="5" MarginRight="5" MarginBottom="5" MarginLeft="5" />
		<Contents>
			<Explicit_Identifier>
				<Identifier ID="4110">beerTypeBBottledAtState( b, s )</Identifier>
				<Title ID="4120">"Bottled"</Title>
			</Explicit_Identifier>
			<Explicit_Identifier>
				<Identifier ID="4110">beerTypeBStoredAtState( b, s )</Identifier>
				<Title ID="4120">"Stored"</Title>
			</Explicit_Identifier>
			<Explicit_Identifier>
				<Identifier ID="4110">externalSupplyOfBeerTypeAtState( b, s )</Identifier>
				<Title ID="4120">"External Supply"</Title>
			</Explicit_Identifier>
			<Explicit_Identifier>
				<Identifier ID="4110">stateSpecificProfitContribution( s )</Identifier>
				<Title ID="4120">"Profit"</Title>
			</Explicit_Identifier>
			<Defaults>
				<Show_Unit>
					<Show_Unit ID="4051">"Show in header"</Show_Unit>
					<Use_Brackets ID="4053">1</Use_Brackets>
				</Show_Unit>
				<Format>
					<Show_1000_seperator ID="4213">"Yes"</Show_1000_seperator>
					<Scientific_Notation ID="4214">"Never"</Scientific_Notation>
					<Show_default_values ID="4220">"Yes"</Show_default_values>
					<Alignment ID="4230">"Right"</Alignment>
				</Format>
			</Defaults>
		</Contents>
		<Indices>
			<Explicit_Index>
				<Index ID="6510">s</Index>
				<Header_Title ID="6530">"States"</Header_Title>
			</Explicit_Index>
			<Explicit_Index>
				<Index ID="6510">b</Index>
				<Header_Title ID="6530">"Beer Types"</Header_Title>
			</Explicit_Index>
		</Indices>
		<General>
			<Font ExtraInfo="428A93A5-26E1-4F42-8B0F-227299B289C7" ID="1030">"Table Text"</Font>
			<Show_Inactive_Data ID="1021">"Yes"</Show_Inactive_Data>
			<Save_Layout_State>
				<By_End_User ID="1040">"No"</By_End_User>
				<By_Developer ID="1115">"When being Saved"</By_Developer>
			</Save_Layout_State>
		</General>
		<Row_Area>
			<Background_Color ID="2010">RGB&lt;255,255,200&gt;</Background_Color>
			<Text_Color ExtraInfo="D4F48705-BFDF-4DF8-8E1F-D38EFF981024" ID="2020">"default selection"</Text_Color>
			<Headers>
				<Background_Color ExtraInfo="D4F48705-BFDF-4DF8-8E1F-D38EFF981024" ID="2120">"default selection"</Background_Color>
				<Text_Color ID="2130">RGB&lt;255,255,255&gt;</Text_Color>
				<Show_Sub_Headers ID="2150">"No"</Show_Sub_Headers>
			</Headers>
		</Row_Area>
		<Grid_Area>
			<Background_Color ID="5010">RGB&lt;255,255,255&gt;</Background_Color>
			<Alternating_Background_Color ID="5011">RGB&lt;225,225,225&gt;</Alternating_Background_Color>
			<Aggregators>
				<Background_Color ID="5220">RGB&lt;255,128,128&gt;</Background_Color>
			</Aggregators>
			<Sub_Header_Row_or_Column>
				<Background_Color ID="5320">RGB&lt;255,255,200&gt;</Background_Color>
			</Sub_Header_Row_or_Column>
		</Grid_Area>
	</PageObject>
	<UsedReferences>
		<Model>
			<Symbol>beerTypeBBottledAtState</Symbol>
			<Symbol>beerTypeBStoredAtState</Symbol>
			<Symbol>externalSupplyOfBeerTypeAtState</Symbol>
			<Symbol>stateSpecificProfitContribution</Symbol>
			<Symbol>totalExpectedNetProfit</Symbol>
			<Symbol>b</Symbol>
			<Symbol>s</Symbol>
		</Model>
	</UsedReferences>
</Page>
