<?xml version="1.0"?>
<TemplateManager>
	<Template Name="Size Template" PageGUID="799EB383-5A06-4C07-933D-03446214E8F3" CrossLibraryDuplicate="66E08D8C-5677-49B5-970F-BB85475A48BE|6A8815C4-5811-47AB-BC76-82C3180C1295|Size Template">
		<Template Name="Navigation Template" PageGUID="957E22E2-06EF-4DE2-B6EA-920EEE842DFC" CrossLibraryDuplicate="66E08D8C-5677-49B5-970F-BB85475A48BE|3241DDB1-55C5-441B-9DC8-359086631B74|Navigation Template">
			<Template Name="Background Info Template" PageGUID="53EE6F9A-5D98-415E-8166-F4C79D3C6F0C" CrossLibraryDuplicate="66E08D8C-5677-49B5-970F-BB85475A48BE|153A8CDB-E916-4F3B-B652-41C25F2C9CB5|Background Info Template">
				<Page Name="AIMMS Demo" PageGUID="DEE2B5D4-809F-4B19-AF39-157D128C360B" />
			</Template>
			<Page Name="Input Data" PageGUID="3408BE1A-4983-4BE5-A70C-47CE7D704432" />
			<Page Name="Employee Assignment" PageGUID="7341EA8D-9D27-4390-A403-8752D36A608E" />
		</Template>
	</Template>
</TemplateManager>
