<?xml version="1.0"?>
<ExportSettings>
	<ExcludedFile>backup</ExcludedFile>
	<ExcludedFile>log</ExcludedFile>
	<ExcludedFile>pletCopies</ExcludedFile>
	<ExcludedFile>PROTemp</ExcludedFile>
	<ExcludedFile>PROTemp-B0B6AAFF</ExcludedFile>
	<ExcludedFile>RequestResponseFiles</ExcludedFile>
	<ExcludedFile>Schemas</ExcludedFile>
	<ExcludedFile>traces</ExcludedFile>
	<ExcludedFile>tracings</ExcludedFile>
	<ExcludedFile>676f7b26-a061-4c03-acb5-f49ded5a0653.log</ExcludedFile>
	<ExcludedFile>cde529ce-9d0d-4ba4-af42-a7f4e3c0d52e.log</ExcludedFile>
	<ExcludedFile>john.doodle</ExcludedFile>
	<ExcludedFile>logcred.txt</ExcludedFile>
	<ExcludedFile>LoggerConfig.xml</ExcludedFile>
	<ExcludedFile>pletCopy.xlsx</ExcludedFile>
	<ExcludedFile>pro_arguments.txt</ExcludedFile>
	<ExcludedFile>PROLog.cfg</ExcludedFile>
	<ExcludedFile>_Local_Libs_</ExcludedFile>
</ExportSettings>
