<?xml version="1.0"?>
<UserColors LastKnownInternalId="47">
	<UserColor Name="default background" RGB="#f0f0f0" IsSystemBackground="true" UUID="691223BA-4E8B-4BF9-94F9-4D28C8DBF2C3" InternalID="1" />
	<UserColor Name="default foreground" RGB="#000000" UUID="CFE963A1-6651-4211-A50F-E39F7CBD879C" InternalID="2" />
	<UserColor Name="default selection" RGB="#000080" UUID="FDDCD933-7A14-48BD-9043-037D2A092223" InternalID="3" />
	<UserColor Name="black" RGB="#000000" UUID="322D6520-11DB-4D4D-9CC9-C5382458CDEE" InternalID="4" />
	<UserColor Name="white" RGB="#ffffff" UUID="B4AC1BCC-F10A-4FD6-8206-B268B3249783" InternalID="5" />
	<UserColor Name="red" RGB="#ff0000" UUID="64CA5220-47D3-4E32-9BC1-B7CD98E4A546" InternalID="6" />
	<UserColor Name="green" RGB="#00ff00" UUID="3FA860BA-CAE2-4E77-8609-35192FD559BF" InternalID="7" />
	<UserColor Name="blue" RGB="#0000ff" UUID="B2DED546-E35F-4906-A919-65FF0ED71137" InternalID="8" />
	<UserColor Name="yellow" RGB="#ffff00" UUID="5DF1E315-5AAC-4DAC-8A16-B8111B28778E" InternalID="9" />
	<UserColor Name="magenta" RGB="#ff00ff" UUID="A989A8E3-0EDE-4BC5-A10B-9EA8C2772DA3" InternalID="10" />
	<UserColor Name="cyan" RGB="#00ffff" UUID="8F8D7675-63DD-4DED-BAD0-5CCAE21A7132" InternalID="11" />
	<UserColor Name="navy blue" RGB="#000080" UUID="A29299B9-070E-484E-9ACF-61F58916BC1B" InternalID="12" />
	<UserColor Name="light grey" RGB="#c0c0c0" UUID="2309D227-D06F-4E03-836D-0BCA390CD83F" InternalID="13" />
	<UserColor Name="grey" RGB="#808080" UUID="682875C3-3BF5-4293-B09F-4CAF8A8B3F63" InternalID="14" />
	<UserColor Name="dark grey" RGB="#404040" UUID="E87CC742-D518-42EE-987B-95C92DCBA483" InternalID="15" />
</UserColors>
