<?xml version="1.0"?>
<Page Version="4000" TimeStamp="2014-04-14 13:17:57">
	<PageEditSize Type="Inherited" />
	<ProjectUUID>F775FD6A-476B-4A83-BBEB-CF5F068BB902</ProjectUUID>
	<TemplatesTabOrderPosition>1</TemplatesTabOrderPosition>
	<Background Inherited="true" />
	<PageObject Type="Table">
		<Location top="180" left="48" bottom="288" right="546" />
		<TabOrder>3</TabOrder>
		<Font GUID="00000000-0000-0000-0000-000000000001" Name="Main Font" />
		<Border Style="InShadow" Width="2" MarginTop="5" MarginRight="5" MarginBottom="5" MarginLeft="5" />
		<BackgroundColor RGB="#ffffff" />
		<RowIndentation>3</RowIndentation>
		<ExplicitIdentifier>
			<Identifier>CompositionDataPercentage( e, a )</Identifier>
			<FirstColumn>1</FirstColumn>
			<NumberFormat Width="5" Decimals="2" />
		</ExplicitIdentifier>
		<ExplicitIdentifier>
			<Identifier>AlloyPrice( a )</Identifier>
			<FirstColumn>0</FirstColumn>
			<NumberFormat Width="5" Decimals="2" />
		</ExplicitIdentifier>
	</PageObject>
	<PageObject Type="Table">
		<Location top="294" left="48" bottom="378" right="222" />
		<TabOrder>1</TabOrder>
		<Font GUID="00000000-0000-0000-0000-000000000001" Name="Main Font" />
		<Border Style="InShadow" Width="2" MarginTop="5" MarginRight="5" MarginBottom="5" MarginLeft="5" />
		<BackgroundColor RGB="#ffffff" />
		<RowIndentation>3</RowIndentation>
		<ExplicitIdentifier>
			<Identifier>DesiredBlendPercentage( e )</Identifier>
			<FirstColumn>1</FirstColumn>
			<NumberFormat Width="5" Decimals="2" />
		</ExplicitIdentifier>
	</PageObject>
	<PageObject Type="Table">
		<Location top="180" left="588" bottom="342" right="714" />
		<TabOrder>2</TabOrder>
		<Font GUID="00000000-0000-0000-0000-000000000001" Name="Main Font" />
		<Border Style="InShadow" Width="2" MarginTop="5" MarginRight="5" MarginBottom="5" MarginLeft="5" />
		<BackgroundColor RGB="#ffffff" />
		<RowIndentation>3</RowIndentation>
		<ExplicitIdentifier>
			<Identifier>AlloyPurchased( a )</Identifier>
			<FirstColumn>1</FirstColumn>
			<NumberFormat Width="5" Decimals="2" Alignment="Center" />
		</ExplicitIdentifier>
	</PageObject>
	<PageObject Type="Scalar">
		<Location top="348" left="588" bottom="378" right="714" />
		<TabOrder>8</TabOrder>
		<Font GUID="00000000-0000-0000-0000-000000000001" Name="Main Font" />
		<Border Style="InShadow" Width="2" MarginTop="5" MarginRight="5" MarginBottom="5" MarginLeft="5" />
		<BackgroundColor RGB="#ffffff" />
		<Layout>Text-Value</Layout>
		<SeparatorSign>=</SeparatorSign>
		<ExplicitIdentifier>
			<Identifier>TotalCost</Identifier>
			<NumberFormat Width="5" Decimals="2" Scientific="IfTooSmallorLarge" Alignment="Center" ShowDefaults="true" />
		</ExplicitIdentifier>
	</PageObject>
	<PageObject Type="Text">
		<Location top="120" left="54" bottom="168" right="540" />
		<StaticText>Input</StaticText>
		<Alignment>Center</Alignment>
		<Font GUID="A0B596FA-4766-4D78-8749-6D52534538C5" Name="Title Font" />
		<TextColor>
			<UserColor GUID="8387D389-3F4A-4D87-9199-53B0EDCD0359">navy blue</UserColor>
		</TextColor>
	</PageObject>
	<PageObject Type="Text">
		<Location top="120" left="558" bottom="162" right="744" />
		<StaticText>Output</StaticText>
		<Alignment>Center</Alignment>
		<Font GUID="A0B596FA-4766-4D78-8749-6D52534538C5" Name="Title Font" />
		<TextColor>
			<UserColor GUID="8387D389-3F4A-4D87-9199-53B0EDCD0359">navy blue</UserColor>
		</TextColor>
	</PageObject>
	<PageObject Type="Rectangle">
		<Location top="114" left="36" bottom="396" right="558" />
		<Shape>Open</Shape>
		<FillColor RGB="#ffffff" />
		<LineColor>
			<UserColor GUID="8387D389-3F4A-4D87-9199-53B0EDCD0359">navy blue</UserColor>
		</LineColor>
		<LineWidth>3</LineWidth>
	</PageObject>
	<PageObject Type="Rectangle">
		<Location top="114" left="576" bottom="396" right="726" />
		<Shape>Open</Shape>
		<FillColor RGB="#ffffff" />
		<LineColor>
			<UserColor GUID="8387D389-3F4A-4D87-9199-53B0EDCD0359">navy blue</UserColor>
		</LineColor>
		<LineWidth>3</LineWidth>
	</PageObject>
	<PageObject Type="Button">
		<Location top="54" left="576" bottom="90" right="726" />
		<TabOrder>9</TabOrder>
		<LeaveOnEnter>false</LeaveOnEnter>
		<ButtonType>Text</ButtonType>
		<Title>"Run"</Title>
		<Font GUID="00000000-0000-0000-0000-000000000001" Name="Main Font" />
		<ActionSequence>
			<Action Type="Run">
				<RunWhat>SpecificProcecure</RunWhat>
				<Procedure>MainExecution</Procedure>
				<AbortOnError>true</AbortOnError>
			</Action>
		</ActionSequence>
	</PageObject>
	<UsedReferences>
		<Model>
			<Symbol>AlloyPurchased</Symbol>
			<Symbol>MainExecution</Symbol>
			<Symbol>a</Symbol>
			<Symbol>e</Symbol>
			<Symbol>AlloyPrice</Symbol>
			<Symbol>TotalCost</Symbol>
			<Symbol>CompositionDataPercentage</Symbol>
			<Symbol>DesiredBlendPercentage</Symbol>
		</Model>
	</UsedReferences>
</Page>
