<?xml version="1.0"?>
<Page Version="4000" TimeStamp="2011-12-01 00:35:14" NeedsCompiledModel="false">
	<Location top="23" left="4" bottom="644" right="768" />
	<PageEditSize Type="Inherited">
		<Size Width="772" Height="622" />
	</PageEditSize>
	<ProjectUUID>D3547EBD-1C2D-4195-A307-14700C615E8A</ProjectUUID>
	<TemplatesTabOrderPosition>1</TemplatesTabOrderPosition>
	<ResizeData>
		<MainArea Line="FixedFromTop" Value="99">
			<TopArea Line="FixedFromLeft" Value="200" />
			<BottomArea Line="FixedFromLeft" Value="200">
				<LeftArea Line="FixedFromTop" Value="204" />
				<RightArea Line="FixedFromTop" Value="85" />
			</BottomArea>
		</MainArea>
	</ResizeData>
	<Background Inherited="true" />
	<PageObject Type="Text">
		<Location top="192" left="210" bottom="312" right="768" />
		<SourceType>File</SourceType>
		<FileName LiteralFileName="true">"Description.txt"</FileName>
		<Font GUID="C82FBF27-1614-41C9-B718-A431388D2B5A" Name="General Text" />
		<TextColor>
			<UserColor GUID="23F33851-505F-45B5-AA1F-5360CB8B3EFB">Text Blue</UserColor>
		</TextColor>
	</PageObject>
	<UsedReferences>
		<Model />
	</UsedReferences>
</Page>
