{
  "version": "4.67.0",
  "application": {
    "aimms.widget.type": {
      "literal": "application"
    },
    "pages": {
      "literal": {
        "name": "root",
        "slug": "root",
        "children": [
          {
            "name": "Main Project",
            "slug": "main_project",
            "children": [
              {
                "name": "home",
                "slug": "home",
                "type": "pagev2-grid",
                "children": []
              },
              {
                "name": "map",
                "type": "pagev2-grid",
                "slug": "map",
                "children": [
                  {
                    "name": "location-detail",
                    "type": "pagev2-grid-dialog",
                    "slug": "location-detail",
                    "children": []
                  }
                ]
              }
            ]
          }
        ]
      }
    },
    "statusmessages": {
      "aimms": {
        "contents": [
          "sp_wwwStatusBar"
        ],
        "slices": [
          {
            "identifier": "sp_wwwStatusBar",
            "slice": [
              {
                "index": "webui::indexApplicationExtension",
                "type": "free",
                "value": "webui::indexApplicationExtension"
              },
              {
                "index": "webui::indexStatusBarSpec",
                "type": "free",
                "value": "webui::indexStatusBarSpec"
              }
            ]
          }
        ]
      }
    },
    "theme.classic": {
      "literal": "NOT_ALLOWED"
    },
    "workflows.configuration": {
      "aimms": {
        "contents": [
          "sp_wwwWorkflowSteps"
        ],
        "slices": [
          {
            "identifier": "sp_wwwWorkflowSteps",
            "slice": [
              {
                "index": "webui::indexWorkflowOrder",
                "type": "free",
                "value": "webui::indexWorkflowOrder"
              },
              {
                "index": "webui::indexNoOfPages",
                "type": "free",
                "value": "webui::indexNoOfPages"
              },
              {
                "index": "webui::indexWorkflowPageSpec",
                "type": "free",
                "value": "webui::indexWorkflowPageSpec"
              }
            ]
          }
        ]
      }
    },
    "workflows.information": {
      "aimms": {
        "contents": [
          "sp_wwwWorkflow"
        ],
        "slices": [
          {
            "identifier": "sp_wwwWorkflow",
            "slice": [
              {
                "index": "webui::indexWorkflowOrder",
                "type": "free",
                "value": "webui::indexWorkflowOrder"
              },
              {
                "index": "webui::indexWorkflowSpec",
                "type": "free",
                "value": "webui::indexWorkflowSpec"
              }
            ]
          }
        ]
      }
    }
  },
  "pages/home": {
    "aimms.widget.type": {
      "literal": "pagev2-grid"
    },
    "bindings": {
      "literal": [
        {
          "widgetUri": "WelcomeText",
          "gridArea": "area-a",
          "dndId": "Unassigned widgetsWelcomeText0"
        }
      ]
    },
    "layoutId": {
      "literal": "Layout9"
    },
    "widgets": {
      "literal": [
        {
          "uri": "WelcomeText",
          "layoutInfo": {}
        }
      ]
    }
  },
  "pages/location-detail": {
    "aimms.widget.type": {
      "literal": "pagev2-grid-dialog"
    },
    "bindings": {
      "literal": [
        {
          "widgetUri": "InOut",
          "gridArea": "area-a",
          "dndId": "area-aInOut1"
        },
        {
          "widgetUri": "scalar-size-location",
          "gridArea": "area-a",
          "dndId": "Unassigned widgetsscalar-size-location0"
        }
      ]
    },
    "maxcolumns": {
      "literal": 3
    },
    "maxrows": {
      "literal": 2
    },
    "widgets": {
      "literal": [
        {
          "uri": "InOut",
          "layoutInfo": {}
        },
        {
          "uri": "scalar-size-location",
          "layoutInfo": {}
        }
      ]
    }
  },
  "pages/map": {
    "aimms.widget.type": {
      "literal": "pagev2-grid"
    },
    "bindings": {
      "literal": [
        {
          "widgetUri": "mapDemo",
          "gridArea": "area-a",
          "dndId": "Unassigned widgetsmapDemo0"
        }
      ]
    },
    "layoutId": {
      "literal": "Layout11"
    },
    "onload": {
      "aimms": {
        "run": "pr_openPageMap"
      }
    },
    "widgets": {
      "literal": [
        {
          "uri": "mapDemo",
          "layoutInfo": {}
        }
      ]
    }
  },
  "widgets/InOut": {
    "aimms.widget.type": {
      "literal": "table"
    },
    "contents": {
      "aimms": {
        "contents": [
          "p_inputOutputData"
        ],
        "prefix": "aimms",
        "partition": {
          "rowHeader": [
            "i_loc"
          ],
          "colHeader": [
            "i_io"
          ],
          "aggregated": [
            "<IDENTIFIER-SET>"
          ]
        },
        "displaydomain": {
          "p_inputoutputdata": "1"
        },
        "numdecimals": 0,
        "slices": [
          {
            "identifier": "p_inputOutputData",
            "slice": [
              {
                "index": "i_loc",
                "type": "subset",
                "value": "i_locConnected"
              },
              {
                "index": "i_io",
                "type": "free",
                "value": "i_io"
              }
            ]
          }
        ]
      }
    },
    "contents.displaydomain": {
      "literal": {
        "p_inputoutputdata": "1"
      }
    },
    "contents.numdecimals": {
      "literal": 0
    },
    "contents.partition": {
      "literal": {
        "rowHeader": [
          "i_loc"
        ],
        "colHeader": [
          "i_io"
        ],
        "aggregated": [
          "<IDENTIFIER-SET>"
        ]
      }
    },
    "custom.column.widths": {
      "literal": [
        {
          "type": "rowHeader",
          "colKey": "i_loc",
          "width": 25.94
        }
      ]
    },
    "name": {
      "literal": "InOut"
    },
    "title": {
      "literal": "Connected locations"
    }
  },
  "widgets/mapDemo": {
    "aimms.widget.type": {
      "literal": "map-v2"
    },
    "arcs.__display_order__": {
      "literal": [
        "arcs.0"
      ]
    },
    "arcs.0": {
      "aimms": {
        "contents": [
          "p_arc"
        ],
        "slices": [
          {
            "identifier": "p_arc",
            "slice": [
              {
                "index": "i_locFrom",
                "type": "free",
                "value": "i_locFrom"
              },
              {
                "index": "i_locTo",
                "type": "free",
                "value": "i_locTo"
              }
            ]
          }
        ]
      }
    },
    "arcs.0.label.hide": {
      "literal": true
    },
    "arcs.0.line.straight": {
      "literal": true
    },
    "arcs.0.value": {
      "literal": {
        "identifier": "p_arc",
        "slice": [
          {
            "index": "i_locFrom",
            "type": "free",
            "value": "i_locFrom"
          },
          {
            "index": "i_locTo",
            "type": "free",
            "value": "i_locTo"
          }
        ]
      }
    },
    "arcs.0.width.dynamic": {
      "literal": true
    },
    "center.latitude": {
      "literal": 50.72679910565504
    },
    "center.longitude": {
      "literal": 8.778076171875002
    },
    "contextmenu": {
      "aimms": {
        "contents": [
          "sp_mapLocationItemActions"
        ],
        "slices": [
          {
            "identifier": "sp_mapLocationItemActions",
            "slice": [
              {
                "index": "webui::indexWidgetItemActionSpec",
                "type": "free",
                "value": "webui::indexWidgetItemActionSpec"
              },
              {
                "index": "webui::indexPageExtension",
                "type": "free",
                "value": "webui::indexPageExtension"
              },
              {
                "index": "webui::indexWidgetActionSpec",
                "type": "free",
                "value": "webui::indexWidgetActionSpec"
              }
            ]
          }
        ]
      }
    },
    "heatmaps.__display_order__": {
      "literal": [
        "heatmaps.0"
      ]
    },
    "name": {
      "literal": "mapDemo"
    },
    "nodes.__display_order__": {
      "literal": [
        "nodes.0"
      ]
    },
    "nodes.0": {
      "aimms": {
        "contents": [
          "p_longitude",
          "p_latitude",
          "p_locationSize",
          "sp_locationIcon"
        ],
        "slices": [
          {
            "identifier": "p_longitude",
            "slice": [
              {
                "index": "i_loc",
                "type": "free",
                "value": "i_loc"
              }
            ]
          },
          {
            "identifier": "p_latitude",
            "slice": [
              {
                "index": "i_loc",
                "type": "free",
                "value": "i_loc"
              }
            ]
          },
          {
            "identifier": "p_locationSize",
            "slice": [
              {
                "index": "i_loc",
                "type": "free",
                "value": "i_loc"
              }
            ]
          },
          {
            "identifier": "sp_locationIcon",
            "slice": [
              {
                "index": "i_loc",
                "type": "free",
                "value": "i_loc"
              }
            ]
          }
        ]
      }
    },
    "nodes.0.icon": {
      "literal": {
        "identifier": "sp_locationIcon",
        "slice": [
          {
            "index": "i_loc",
            "type": "free",
            "value": "i_loc"
          }
        ]
      }
    },
    "nodes.0.index": {
      "literal": {
        "identifier": "i_loc",
        "focus": [
          {
            "index": "i_loc",
            "value": "ep_selectedLocation"
          }
        ]
      }
    },
    "nodes.0.latitude": {
      "literal": {
        "identifier": "p_latitude",
        "slice": [
          {
            "index": "i_loc",
            "type": "free",
            "value": "i_loc"
          }
        ]
      }
    },
    "nodes.0.longitude": {
      "literal": {
        "identifier": "p_longitude",
        "slice": [
          {
            "index": "i_loc",
            "type": "free",
            "value": "i_loc"
          }
        ]
      }
    },
    "nodes.0.maximumreferencesize": {
      "literal": 10
    },
    "nodes.0.size": {
      "literal": {
        "identifier": "p_locationSize",
        "slice": [
          {
            "index": "i_loc",
            "type": "free",
            "value": "i_loc"
          }
        ]
      }
    },
    "title": {
      "literal": "Demo map widget"
    },
    "zoom": {
      "literal": 7
    }
  },
  "widgets/scalar-size-location": {
    "aimms.widget.type": {
      "literal": "scalar"
    },
    "compact": {
      "literal": 1
    },
    "contents": {
      "aimms": {
        "contents": [
          "p_locationSize"
        ],
        "prefix": "aimms",
        "slices": [
          {
            "identifier": "p_locationSize",
            "slice": [
              {
                "index": "i_loc",
                "type": "element-parameter",
                "value": "ep_selectedLocation"
              }
            ]
          }
        ]
      }
    },
    "contents.numdecimals": {
      "literal": 0
    },
    "name": {
      "literal": "scalar-size-location"
    }
  },
  "widgets/WelcomeText": {
    "aimms.widget.type": {
      "literal": "text"
    },
    "contents": {
      "literal": "<div><span style=\"font-size: 32px;\">Welcome to the Watch WebUI Widgets app.</span></div><div><br></div><div>This app illustrates various features of selected Widgets.</div><div>Each page focuses on a single widget type, but other widgets may be shown to support that illustration.</div><div><br></div><div>The first page is about the map widget.</div><div><br></div><div><br></div><div><br></div><div><br></div><div><span style=\"font-size: 32px;\">Wonderful WebUI Widgets World Watch</span></div>"
    },
    "name": {
      "literal": "WelcomeText"
    }
  }
}