{
  "version": "4.67.0",
  "application": {
    "aimms.widget.type": {
      "literal": "application"
    },
    "browsername": {
      "aimms": {
        "contents": [
          "webui::ClientBrowserName"
        ]
      }
    },
    "browsertimezone": {
      "aimms": {
        "contents": [
          "webui::BrowserTimeZone"
        ]
      }
    },
    "ignoredst": {
      "aimms": {
        "contents": [
          "webui::IgnoreDST"
        ]
      }
    },
    "theme.classic": {
      "literal": "NOT_ALLOWED"
    },
    "timezone": {
      "aimms": {
        "contents": [
          "webui::DisplayTimeZone"
        ]
      }
    },
    "timezone.dst.readonly": {
      "aimms": {
        "contents": [
          "webui::DefaultDSTSettingForDisplayTimeZone"
        ]
      }
    }
  },
  "layouts/custom_61a682b2-ff68-48ab-afb1-cbbb0a2a4dd3": {
    "definition": {
      "literal": {
        "componentName": "Grid",
        "props": {
          "gridTemplateColumns": "1fr 1fr",
          "gridTemplateRows": "1fr 1fr",
          "gridTemplateAreas": "\"area-a area-b\" \"area-c area-c\""
        },
        "items": [
          {
            "componentName": "WidgetArea",
            "props": {
              "gridArea": "area-a",
              "name": "Area A",
              "gridAutoFlow": "row"
            }
          },
          {
            "componentName": "WidgetArea",
            "props": {
              "gridArea": "area-b",
              "name": "Area B",
              "gridAutoFlow": "column"
            }
          },
          {
            "componentName": "WidgetArea",
            "props": {
              "gridArea": "area-c",
              "name": "Area C",
              "gridAutoFlow": "row"
            }
          }
        ]
      }
    },
    "displayName": {
      "literal": "iframe"
    }
  },
  "pages/home": {
    "aimms.widget.type": {
      "literal": "pagev2-grid"
    },
    "bindings": {
      "literal": [
        {
          "widgetUri": "localhtml",
          "gridArea": "area-c",
          "dndId": "Unassigned widgetslocalhtml2"
        },
        {
          "widgetUri": "buienradar",
          "gridArea": "area-b",
          "dndId": "area-bbuienradar0"
        },
        {
          "widgetUri": "iFrameExample",
          "gridArea": "area-a",
          "dndId": "area-aiFrameExample1"
        }
      ]
    },
    "layoutId": {
      "literal": "custom_61a682b2-ff68-48ab-afb1-cbbb0a2a4dd3"
    },
    "widgets": {
      "literal": [
        {
          "uri": "iFrameExample",
          "layoutInfo": {
            "width": "6",
            "height": "5",
            "customPosition": ""
          }
        },
        {
          "uri": "buienradar",
          "layoutInfo": {
            "width": "6",
            "height": "5",
            "customPosition": ""
          }
        },
        {
          "uri": "localhtml",
          "layoutInfo": {
            "width": "6",
            "height": "4",
            "customPosition": ""
          }
        }
      ]
    }
  },
  "widgets/buienradar": {
    "aimms.widget.type": {
      "literal": "iframe"
    },
    "code": {
      "aimms": {
        "contents": [
          "sp_howto"
        ]
      }
    },
    "title": {
      "literal": "Please keep handy"
    },
    "name": {
      "literal": "buienradar"
    }
  },
  "widgets/iFrameExample": {
    "aimms.widget.type": {
      "literal": "iframe"
    },
    "code": {
      "aimms": {
        "contents": [
          "sp_publishedTableauLink"
        ]
      }
    },
    "name": {
      "literal": "iFrameExample"
    }
  },
  "widgets/localhtml": {
    "aimms.widget.type": {
      "literal": "iframe"
    },
    "code": {
      "aimms": {
        "contents": [
          "sp_localHTMLfile"
        ]
      }
    },
    "name": {
      "literal": "localhtml"
    }
  }
}