<?xml version="1.0"?>
<TemplateManager>
	<Template Name="Size Template" PageGUID="B256919C-49B8-4C29-BBCE-7C17CC8F228A" CrossLibraryDuplicate="66E08D8C-5677-49B5-970F-BB85475A48BE|6A8815C4-5811-47AB-BC76-82C3180C1295|Size Template">
		<Template Name="Navigation Template" PageGUID="AA285735-6BC5-4688-8749-B6B1D30712EC" CrossLibraryDuplicate="66E08D8C-5677-49B5-970F-BB85475A48BE|3241DDB1-55C5-441B-9DC8-359086631B74|Navigation Template">
			<Template Name="Background Info Template" PageGUID="B268ED96-9112-4DBB-A32A-660896776C08" CrossLibraryDuplicate="66E08D8C-5677-49B5-970F-BB85475A48BE|153A8CDB-E916-4F3B-B652-41C25F2C9CB5|Background Info Template">
				<Page Name="Problem Description" PageGUID="E7D6E053-6DA1-45B6-8601-158D134D3622" />
			</Template>
			<Page Name="Knapsack Problem" PageGUID="4377A094-DC6E-4388-819B-DE99F47B971F" />
		</Template>
	</Template>
</TemplateManager>
