<?xml version="1.0"?>
<DataManagementSetup TimeStamp="2009-02-26 01:52:21">
	<DataCategory Name="Plant Topology" UUID="F2B64CFD-2CA5-47EF-B605-24198E634A90" InternalID="4">
		<Properties>
			<Contents>
				<SelectedSymbol>Component</SelectedSymbol>
				<SelectedSymbol>InFlows</SelectedSymbol>
				<SelectedSymbol>MappedFlow</SelectedSymbol>
				<SelectedSymbol>MolarComponentMass</SelectedSymbol>
				<SelectedSymbol>ProcessOutFlows</SelectedSymbol>
				<SelectedSymbol>EnvironmentUnits</SelectedSymbol>
				<SelectedSymbol>UnitFlows</SelectedSymbol>
				<SelectedSymbol>NaturalElements</SelectedSymbol>
				<SelectedSymbol>MapCompositionTo</SelectedSymbol>
				<SelectedSymbol>OutFlows</SelectedSymbol>
				<SelectedSymbol>Components</SelectedSymbol>
				<SelectedSymbol>Reactants</SelectedSymbol>
				<SelectedSymbol>ReactorReactants</SelectedSymbol>
				<SelectedSymbol>Flows</SelectedSymbol>
				<SelectedSymbol>DestinationUnit</SelectedSymbol>
				<SelectedSymbol>FlowComponents</SelectedSymbol>
				<SelectedSymbol>ReactorUnits</SelectedSymbol>
				<SelectedSymbol>AtomsInComponent</SelectedSymbol>
				<SelectedSymbol>FlowEl</SelectedSymbol>
				<SelectedSymbol>NonMappedFlows</SelectedSymbol>
				<SelectedSymbol>MappedFlowComponents</SelectedSymbol>
				<SelectedSymbol>ProcessUnits</SelectedSymbol>
				<SelectedSymbol>Reactor</SelectedSymbol>
				<SelectedSymbol>SourceUnit</SelectedSymbol>
				<SelectedSymbol>ProcessInFlows</SelectedSymbol>
				<SelectedSymbol>UnitEl</SelectedSymbol>
			</Contents>
		</Properties>
	</DataCategory>
	<DataCategory Name="Measurement Setup" UUID="8EA638CD-EA7A-4A81-A08C-BFD8D0D16832" InternalID="5">
		<Properties>
			<Contents>
				<SelectedSymbol>MinimumAbsoluteFlowErrorDeviation</SelectedSymbol>
				<SelectedSymbol>MeasuredFlows</SelectedSymbol>
				<SelectedSymbol>AbsoluteMeanCompositionError</SelectedSymbol>
				<SelectedSymbol>MeasuredComposition</SelectedSymbol>
				<SelectedSymbol>MeasuredComponents</SelectedSymbol>
				<SelectedSymbol>MinimumAbsoluteCompositionErrorDeviation</SelectedSymbol>
				<SelectedSymbol>AbsoluteCompositionErrorDeviation</SelectedSymbol>
				<SelectedSymbol>MeasuredFlow</SelectedSymbol>
				<SelectedSymbol>IndicatorMeasuredComponent</SelectedSymbol>
				<SelectedSymbol>AbsoluteMeanFlowError</SelectedSymbol>
				<SelectedSymbol>AbsoluteFlowErrorDeviation</SelectedSymbol>
			</Contents>
		</Properties>
	</DataCategory>
	<CaseType Name="All Identifiers" UUID="8098C914-AFC6-4950-B53F-25201EAE5C68" InternalID="1">
		<Properties>
			<Contents AllIdentifiers="true" />
		</Properties>
	</CaseType>
	<CaseType Name="Measured Values" UUID="99C78D06-D1D5-4AC1-90CD-FA8C8DC69229" InternalID="2">
		<Properties>
			<Contents>
				<SelectedSymbol>MappedMeasuredComposition</SelectedSymbol>
				<SelectedSymbol>MappedMoleFlow</SelectedSymbol>
				<SelectedSymbol>FeasibilityTolerance</SelectedSymbol>
				<SelectedSymbol>ResultDisplay</SelectedSymbol>
				<SelectedSymbol>MolarComponentMass</SelectedSymbol>
				<SelectedSymbol>MaxFlowErrorBound</SelectedSymbol>
				<SelectedSymbol>RelativeFlowErrorDeviation</SelectedSymbol>
				<SelectedSymbol>MinimumAbsoluteFlowErrorDeviation</SelectedSymbol>
				<SelectedSymbol>FlowReconciliationOnly</SelectedSymbol>
				<SelectedSymbol>CompositionAccuracyIsAbsolute</SelectedSymbol>
				<SelectedSymbol>IndicatorOutFlow</SelectedSymbol>
				<SelectedSymbol>CompositionAccuracyIsRelative</SelectedSymbol>
				<SelectedSymbol>NaturalElements</SelectedSymbol>
				<SelectedSymbol>MapCompositionTo</SelectedSymbol>
				<SelectedSymbol>FlowAccuracyIsAbsolute</SelectedSymbol>
				<SelectedSymbol>NetworkBound</SelectedSymbol>
				<SelectedSymbol>IndicatorFlowComponent</SelectedSymbol>
				<SelectedSymbol>FlowErrorColor</SelectedSymbol>
				<SelectedSymbol>MeasuredFlows</SelectedSymbol>
				<SelectedSymbol>AbsoluteMeanCompositionError</SelectedSymbol>
				<SelectedSymbol>Components</SelectedSymbol>
				<SelectedSymbol>MeasuredComposition</SelectedSymbol>
				<SelectedSymbol>IndicatorInFlow</SelectedSymbol>
				<SelectedSymbol>ModelStatus</SelectedSymbol>
				<SelectedSymbol>Reactants</SelectedSymbol>
				<SelectedSymbol>ReactorReactants</SelectedSymbol>
				<SelectedSymbol>ResultDisplayHidden</SelectedSymbol>
				<SelectedSymbol>MeasuredComponents</SelectedSymbol>
				<SelectedSymbol>Flows</SelectedSymbol>
				<SelectedSymbol>DestinationUnit</SelectedSymbol>
				<SelectedSymbol>DestinationUnit</SelectedSymbol>
				<SelectedSymbol>MinimumAbsoluteCompositionErrorDeviation</SelectedSymbol>
				<SelectedSymbol>FlowComponents</SelectedSymbol>
				<SelectedSymbol>RelativeCompositionErrorDeviation</SelectedSymbol>
				<SelectedSymbol>MeasurementComponents</SelectedSymbol>
				<SelectedSymbol>ReactorUnits</SelectedSymbol>
				<SelectedSymbol>ShowErrorThreshold</SelectedSymbol>
				<SelectedSymbol>AbsoluteCompositionErrorDeviation</SelectedSymbol>
				<SelectedSymbol>AtomsInComponent</SelectedSymbol>
				<SelectedSymbol>MeasuredFlow</SelectedSymbol>
				<SelectedSymbol>IndicatorReactorReactant</SelectedSymbol>
				<SelectedSymbol>IndicatorMeasuredComponent</SelectedSymbol>
				<SelectedSymbol>AbsoluteMeanFlowError</SelectedSymbol>
				<SelectedSymbol>MappedComposition</SelectedSymbol>
				<SelectedSymbol>MeasurementCategories</SelectedSymbol>
				<SelectedSymbol>AutoCheckRedundancy</SelectedSymbol>
				<SelectedSymbol>FlowEl</SelectedSymbol>
				<SelectedSymbol>FlowEl</SelectedSymbol>
				<SelectedSymbol>FlowAccuracyIsRelative</SelectedSymbol>
				<SelectedSymbol>MCMap</SelectedSymbol>
				<SelectedSymbol>RelativeMeanFlowError</SelectedSymbol>
				<SelectedSymbol>MaxCompositionErrorBound</SelectedSymbol>
				<SelectedSymbol>UnitErrorColor</SelectedSymbol>
				<SelectedSymbol>FlowMaxCount</SelectedSymbol>
				<SelectedSymbol>ProcessUnits</SelectedSymbol>
				<SelectedSymbol>SourceUnit</SelectedSymbol>
				<SelectedSymbol>SourceUnit</SelectedSymbol>
				<SelectedSymbol>AbsoluteFlowErrorDeviation</SelectedSymbol>
				<SelectedSymbol>RelativeMeanCompositionError</SelectedSymbol>
				<SelectedSymbol>UnitEl</SelectedSymbol>
				<SelectedSymbol>UnitEl</SelectedSymbol>
			</Contents>
			<IncludedDataCategories>
				<DataCategory UUID="8EA638CD-EA7A-4A81-A08C-BFD8D0D16832" />
				<DataCategory UUID="F2B64CFD-2CA5-47EF-B605-24198E634A90" />
			</IncludedDataCategories>
		</Properties>
	</CaseType>
	<CaseType Name="Measured &amp; Reconciled Values" UUID="85BA3DF5-AC57-4129-8241-B5D1ECBF41CB" InternalID="3">
		<Properties>
			<Contents>
				<SelectedSymbol>MappedMeasuredComposition</SelectedSymbol>
				<SelectedSymbol>ScreenPositions</SelectedSymbol>
				<SelectedSymbol>MappedMoleFlow</SelectedSymbol>
				<SelectedSymbol>Component</SelectedSymbol>
				<SelectedSymbol>FeasibilityTolerance</SelectedSymbol>
				<SelectedSymbol>PositiveCompositionError</SelectedSymbol>
				<SelectedSymbol>InFlows</SelectedSymbol>
				<SelectedSymbol>EnvironmentNonReactantBalance</SelectedSymbol>
				<SelectedSymbol>FlowBalanceRedundancy</SelectedSymbol>
				<SelectedSymbol>MappedFlow</SelectedSymbol>
				<SelectedSymbol>ResultDisplay</SelectedSymbol>
				<SelectedSymbol>MolarComponentMass</SelectedSymbol>
				<SelectedSymbol>EnvironmentMassBalance</SelectedSymbol>
				<SelectedSymbol>EnvironmentReactantBalance</SelectedSymbol>
				<SelectedSymbol>FullReconciliationModel</SelectedSymbol>
				<SelectedSymbol>MaxFlowErrorBound</SelectedSymbol>
				<SelectedSymbol>CompositionsAddUpToOne</SelectedSymbol>
				<SelectedSymbol>ElementBalance</SelectedSymbol>
				<SelectedSymbol>ProcessOutFlows</SelectedSymbol>
				<SelectedSymbol>RelativeFlowErrorDeviation</SelectedSymbol>
				<SelectedSymbol>MinimumAbsoluteFlowErrorDeviation</SelectedSymbol>
				<SelectedSymbol>FlowReconciliationOnly</SelectedSymbol>
				<SelectedSymbol>CompositionAccuracyIsAbsolute</SelectedSymbol>
				<SelectedSymbol>ReactantCreated</SelectedSymbol>
				<SelectedSymbol>IndicatorOutFlow</SelectedSymbol>
				<SelectedSymbol>EnvironmentUnits</SelectedSymbol>
				<SelectedSymbol>CompositionAccuracyIsRelative</SelectedSymbol>
				<SelectedSymbol>NegativeCompositionError</SelectedSymbol>
				<SelectedSymbol>UnitFlows</SelectedSymbol>
				<SelectedSymbol>MeasurementFlowColor</SelectedSymbol>
				<SelectedSymbol>NaturalElements</SelectedSymbol>
				<SelectedSymbol>MapCompositionTo</SelectedSymbol>
				<SelectedSymbol>MassBalance</SelectedSymbol>
				<SelectedSymbol>FlowAccuracyIsAbsolute</SelectedSymbol>
				<SelectedSymbol>NetworkBound</SelectedSymbol>
				<SelectedSymbol>OutFlows</SelectedSymbol>
				<SelectedSymbol>IndicatorFlowComponent</SelectedSymbol>
				<SelectedSymbol>ResultDisplays</SelectedSymbol>
				<SelectedSymbol>FlowErrorColor</SelectedSymbol>
				<SelectedSymbol>NegativeFlowError</SelectedSymbol>
				<SelectedSymbol>UnobservableFlow</SelectedSymbol>
				<SelectedSymbol>MeasuredFlows</SelectedSymbol>
				<SelectedSymbol>CompositionErrorDetermination</SelectedSymbol>
				<SelectedSymbol>ComponentFlow</SelectedSymbol>
				<SelectedSymbol>UnobservableComposition</SelectedSymbol>
				<SelectedSymbol>AbsoluteMeanCompositionError</SelectedSymbol>
				<SelectedSymbol>Components</SelectedSymbol>
				<SelectedSymbol>MeasuredComposition</SelectedSymbol>
				<SelectedSymbol>CompositionMeasurementCount</SelectedSymbol>
				<SelectedSymbol>Composition</SelectedSymbol>
				<SelectedSymbol>IndicatorInFlow</SelectedSymbol>
				<SelectedSymbol>ModelStatus</SelectedSymbol>
				<SelectedSymbol>ObservedCompositionError</SelectedSymbol>
				<SelectedSymbol>Reactants</SelectedSymbol>
				<SelectedSymbol>ReactorReactants</SelectedSymbol>
				<SelectedSymbol>ObservedFlowError</SelectedSymbol>
				<SelectedSymbol>FlowErrorDetermination</SelectedSymbol>
				<SelectedSymbol>ResultDisplayHidden</SelectedSymbol>
				<SelectedSymbol>MeasuredComponents</SelectedSymbol>
				<SelectedSymbol>Flows</SelectedSymbol>
				<SelectedSymbol>PositiveFlowError</SelectedSymbol>
				<SelectedSymbol>DestinationUnit</SelectedSymbol>
				<SelectedSymbol>RedundantFlowMeasurement</SelectedSymbol>
				<SelectedSymbol>MinimumAbsoluteCompositionErrorDeviation</SelectedSymbol>
				<SelectedSymbol>FlowComponents</SelectedSymbol>
				<SelectedSymbol>RelativeCompositionErrorDeviation</SelectedSymbol>
				<SelectedSymbol>MeasurementComponents</SelectedSymbol>
				<SelectedSymbol>ReactorUnits</SelectedSymbol>
				<SelectedSymbol>ShowErrorThreshold</SelectedSymbol>
				<SelectedSymbol>AbsoluteCompositionErrorDeviation</SelectedSymbol>
				<SelectedSymbol>AtomsInComponent</SelectedSymbol>
				<SelectedSymbol>MeasuredFlow</SelectedSymbol>
				<SelectedSymbol>IndicatorReactorReactant</SelectedSymbol>
				<SelectedSymbol>MCEl</SelectedSymbol>
				<SelectedSymbol>IndicatorMeasuredComponent</SelectedSymbol>
				<SelectedSymbol>AbsoluteMeanFlowError</SelectedSymbol>
				<SelectedSymbol>Flow</SelectedSymbol>
				<SelectedSymbol>FlowOnlyVariables</SelectedSymbol>
				<SelectedSymbol>TotalAbsoluteError</SelectedSymbol>
				<SelectedSymbol>ComponentBalance</SelectedSymbol>
				<SelectedSymbol>CompositionBalanceRedundancy</SelectedSymbol>
				<SelectedSymbol>MappedComposition</SelectedSymbol>
				<SelectedSymbol>MeasurementCategories</SelectedSymbol>
				<SelectedSymbol>FlowOnlyReconciliationModel</SelectedSymbol>
				<SelectedSymbol>AutoCheckRedundancy</SelectedSymbol>
				<SelectedSymbol>FlowEl</SelectedSymbol>
				<SelectedSymbol>NonMappedFlows</SelectedSymbol>
				<SelectedSymbol>FlowAccuracyIsRelative</SelectedSymbol>
				<SelectedSymbol>FlowOnlyConstraints</SelectedSymbol>
				<SelectedSymbol>MappedFlowComponents</SelectedSymbol>
				<SelectedSymbol>MCMap</SelectedSymbol>
				<SelectedSymbol>RelativeMeanFlowError</SelectedSymbol>
				<SelectedSymbol>MaxCompositionErrorBound</SelectedSymbol>
				<SelectedSymbol>UnitErrorColor</SelectedSymbol>
				<SelectedSymbol>FlowMaxCount</SelectedSymbol>
				<SelectedSymbol>MolarFlowMass</SelectedSymbol>
				<SelectedSymbol>ProcessUnits</SelectedSymbol>
				<SelectedSymbol>Reactor</SelectedSymbol>
				<SelectedSymbol>SourceUnit</SelectedSymbol>
				<SelectedSymbol>ProcessInFlows</SelectedSymbol>
				<SelectedSymbol>AbsoluteFlowErrorDeviation</SelectedSymbol>
				<SelectedSymbol>RedundantCompositionMeasurement</SelectedSymbol>
				<SelectedSymbol>RelativeMeanCompositionError</SelectedSymbol>
				<SelectedSymbol>UnitEl</SelectedSymbol>
			</Contents>
			<IncludedDataCategories>
				<DataCategory UUID="F2B64CFD-2CA5-47EF-B605-24198E634A90" />
				<DataCategory UUID="8EA638CD-EA7A-4A81-A08C-BFD8D0D16832" />
			</IncludedDataCategories>
		</Properties>
	</CaseType>
</DataManagementSetup>
