<?xml version="1.0"?>
<TemplateManager>
	<Template Name="Size Template" PageGUID="73CD55B8-47DA-4714-BEFC-09E89DE7B059" CrossLibraryDuplicate="66E08D8C-5677-49B5-970F-BB85475A48BE|6A8815C4-5811-47AB-BC76-82C3180C1295|Size Template">
		<Template Name="Navigation Template" PageGUID="FEDE32D9-53A3-4875-BCBE-35AE316FA1FE" CrossLibraryDuplicate="66E08D8C-5677-49B5-970F-BB85475A48BE|3241DDB1-55C5-441B-9DC8-359086631B74|Navigation Template">
			<Template Name="Background Info Template" PageGUID="9E3BF6B1-0AF1-4269-A4C2-C79F0B17BFC6" CrossLibraryDuplicate="66E08D8C-5677-49B5-970F-BB85475A48BE|153A8CDB-E916-4F3B-B652-41C25F2C9CB5|Background Info Template" />
			<Template Name="Left Bar Navigation" PageGUID="EA4E6858-AD75-4D0D-814B-5928810BA67D">
				<Template Name="Page Sequence" PageGUID="1714BFD1-D465-4231-A0F9-33EB51F32FB2">
					<Page Name="Units" PageGUID="EED3EC7F-80DF-4A8D-A52A-957FB941BFEE" />
					<Page Name="Flows and components" PageGUID="61B534D5-A0C3-4652-8FC5-1C1D42954E1F" />
					<Page Name="Measured compositions" PageGUID="FCC1C108-3D31-47B1-B78F-0307C8604746" />
					<Page Name="Measured values" PageGUID="D45E5131-94A4-4C16-90B7-5402483598CC" />
					<Page Name="Compare multiple cases" PageGUID="91B11C17-9026-4D28-B5DD-00450DB7087A" />
					<Page Name="Run reconciliation model" PageGUID="BAEF2742-DA82-4A49-899B-F00B78853A3A" />
					<Page Name="Measured flows" PageGUID="FEC26924-8579-4121-AC94-9C627E907974" />
					<Page Name="Flow network" PageGUID="70DD751B-D33C-41AD-BF37-6DBDF88822E1" />
					<Page Name="Flow chart" PageGUID="A541A8C7-E522-4828-A600-C9B6D48EB8C2" />
					<Page Name="Process reactants" PageGUID="000CC057-B7BB-4D48-B166-29CAE4E392F4" />
					<Page Name="Components" PageGUID="AA84EC86-F1E7-4CBD-B675-9920D906D5B0" />
					<Page Name="Reactant composition" PageGUID="451FAD4B-F63F-44CF-8539-C72B921A7102" />
					<Page Name="Reconciled values" PageGUID="76EC2C1C-00A0-4DE6-9CAA-EB09CFED3FAA" />
					<Page Name="Measured vs. Reconciled" PageGUID="895ABF98-D2BD-4922-A6D7-FD91E42CB4ED" />
				</Template>
				<Template Name="Page Sequence Undivided" PageGUID="00323DC2-53AC-4468-9161-4302A08C3302">
					<Page Name="Measurement overview" PageGUID="EAD72B59-2E29-466A-8E66-F17C545662F7" />
				</Template>
				<Template Name="Top Layer" PageGUID="0382179F-7C9D-485B-BF09-FAA90A0E6A08">
					<Page Name="Process Topology" PageGUID="D48550F3-C821-4721-8C8C-7496B848D88A" />
					<Page Name="Process Measurements" PageGUID="C2E7D799-BC55-4A71-8F44-2301CD899F1C" />
					<Page Name="Reconciliation" PageGUID="CAE727FF-4C50-41EF-BFD4-AC1446FFF772" />
				</Template>
			</Template>
			<Page Name="Data Reconciliation Application" PageGUID="282FC54F-AD33-49DE-87A1-5C3B4A176B7C" />
		</Template>
		<Template Name="Navigation" PageGUID="A51E258E-FEB6-4C53-AC32-5A9D23722419" />
	</Template>
	<PrintTemplate Name="A4 Print Template" PageGUID="D12A43B4-6EFA-439A-B9B8-40C4DA87A670">
		<Template Name="Report Headers &amp; Footers" PageGUID="7E6ADBE8-7BA3-42D6-B64D-A967B291365F">
			<Page Name="Daily Reconciliation Overview" PageGUID="3BAF8FFD-EF2B-4E1F-9CAC-43FB0941336C" />
		</Template>
	</PrintTemplate>
	<Page Name="Unit coordinates" PageGUID="3088970C-D304-4C60-99A1-B06E6F42576A" />
	<Page Name="Printed Reports" PageGUID="FA2F04A3-A171-4A69-8807-05FDE7097C17" />
</TemplateManager>
