{
  "version": "4.67.0",
  "application": {
    "aimms.widget.type": {
      "literal": "application"
    },
    "browsername": {
      "aimms": {
        "contents": [
          "webui::ClientBrowserName"
        ]
      }
    },
    "browsertimezone": {
      "aimms": {
        "contents": [
          "webui::BrowserTimeZone"
        ]
      }
    },
    "ignoredst": {
      "aimms": {
        "contents": [
          "webui::IgnoreDST"
        ]
      }
    },
    "pages": {
      "literal": {
        "name": "root",
        "slug": "root",
        "children": [
          {
            "name": "Main Project",
            "slug": "main_project",
            "children": [
              {
                "name": "Location from IP",
                "slug": "home",
                "type": "pagev2-grid",
                "children": [
                  {
                    "name": "dialogEnsureAPI",
                    "type": "pagev2-grid-dialog",
                    "slug": "dialogensureapi",
                    "children": []
                  }
                ]
              },
              {
                "name": "Welcome",
                "type": "pagev2-grid",
                "slug": "welcome",
                "children": []
              }
            ]
          }
        ]
      }
    },
    "theme.classic": {
      "literal": "NOT_ALLOWED"
    },
    "timezone": {
      "aimms": {
        "contents": [
          "webui::DisplayTimeZone"
        ]
      }
    },
    "timezone.dst.readonly": {
      "aimms": {
        "contents": [
          "webui::DefaultDSTSettingForDisplayTimeZone"
        ]
      }
    }
  },
  "pages/dialogensureapi": {
    "aimms.widget.type": {
      "literal": "pagev2-grid-dialog"
    },
    "bindings": {
      "literal": [
        {
          "widgetUri": "scalarObtainAPIkey",
          "gridArea": "area-a",
          "dndId": "Unassigned widgetsscalarObtainAPIkey"
        }
      ]
    },
    "layoutId": {
      "literal": "Layout11"
    },
    "maxcolumns": {
      "literal": 8
    },
    "maxrows": {
      "literal": 1
    },
    "widgets": {
      "literal": [
        {
          "uri": "scalarObtainAPIkey",
          "layoutInfo": {
            "width": "2",
            "height": "1"
          }
        }
      ]
    }
  },
  "pages/home": {
    "aimms.widget.type": {
      "literal": "pagev2-grid"
    },
    "bindings": {
      "literal": [
        {
          "widgetUri": "scalarIpAddress",
          "gridArea": "area-a",
          "dndId": "area-ascalarIpAddress0"
        },
        {
          "widgetUri": "mapMyLocation",
          "gridArea": "area-b",
          "dndId": "Unassigned widgetsmapMyLocation"
        }
      ]
    },
    "layoutId": {
      "literal": "Layout1"
    },
    "secondarypageactions": {
      "aimms": {
        "contents": [
          "sp_secondaryActionsLocationFromIP"
        ],
        "slices": [
          {
            "identifier": "sp_secondaryActionsLocationFromIP",
            "slice": [
              {
                "index": "webui::indexPageExtension",
                "type": "free",
                "value": "webui::indexPageExtension"
              },
              {
                "index": "webui::indexPageActionSpec",
                "type": "free",
                "value": "webui::indexPageActionSpec"
              }
            ]
          }
        ]
      }
    },
    "widgets": {
      "literal": [
        {
          "uri": "scalarIpAddress",
          "layoutInfo": {
            "width": "2",
            "height": "1"
          }
        },
        {
          "uri": "mapMyLocation",
          "layoutInfo": {
            "width": "2",
            "height": "1"
          }
        }
      ]
    }
  },
  "widgets/mapMyLocation": {
    "aimms.widget.type": {
      "literal": "map-v2"
    },
    "center.latitude": {
      "literal": 37.17782559332976
    },
    "center.longitude": {
      "literal": 118.6962890625
    },
    "name": {
      "literal": "mapMyLocation"
    },
    "nodes.__display_order__": {
      "literal": [
        "nodes.0"
      ]
    },
    "nodes.0": {
      "aimms": {
        "contents": [
          "p_shownLocLongitude",
          "p_shownLocLatitude",
          "p_shownLocSize",
          "sp_shownLocIcon"
        ],
        "slices": [
          {
            "identifier": "p_shownLocLongitude",
            "slice": [
              {
                "index": "i_loc",
                "type": "free",
                "value": "i_loc"
              }
            ]
          },
          {
            "identifier": "p_shownLocLatitude",
            "slice": [
              {
                "index": "i_loc",
                "type": "free",
                "value": "i_loc"
              }
            ]
          },
          {
            "identifier": "p_shownLocSize",
            "slice": [
              {
                "index": "i_loc",
                "type": "free",
                "value": "i_loc"
              }
            ]
          },
          {
            "identifier": "sp_shownLocIcon",
            "slice": [
              {
                "index": "i_loc",
                "type": "free",
                "value": "i_loc"
              }
            ]
          }
        ]
      }
    },
    "nodes.0.icon": {
      "literal": {
        "identifier": "sp_shownLocIcon",
        "slice": [
          {
            "index": "i_loc",
            "type": "free",
            "value": "i_loc"
          }
        ]
      }
    },
    "nodes.0.index": {
      "literal": {
        "identifier": "i_loc"
      }
    },
    "nodes.0.latitude": {
      "literal": {
        "identifier": "p_shownLocLatitude",
        "slice": [
          {
            "index": "i_loc",
            "type": "free",
            "value": "i_loc"
          }
        ]
      }
    },
    "nodes.0.longitude": {
      "literal": {
        "identifier": "p_shownLocLongitude",
        "slice": [
          {
            "index": "i_loc",
            "type": "free",
            "value": "i_loc"
          }
        ]
      }
    },
    "nodes.0.maximumreferencesize": {
      "aimms": {
        "contents": [
          "p_shownLocRefSize"
        ],
        "slices": []
      }
    },
    "nodes.0.size": {
      "literal": {
        "identifier": "p_shownLocSize",
        "slice": [
          {
            "index": "i_loc",
            "type": "free",
            "value": "i_loc"
          }
        ]
      }
    },
    "zoom": {
      "literal": 6
    }
  },
  "widgets/scalarIpAddress": {
    "aimms.widget.type": {
      "literal": "scalar"
    },
    "contents": {
      "aimms": {
        "contents": [
          "sp_myIPAddress",
          "sp_city",
          "sp_country",
          "sp_countryCode",
          "p_lat",
          "p_lon",
          "sp_state",
          "sp_timezone",
          "sp_zip"
        ]
      }
    },
    "contents.numdecimals": {
      "literal": 6
    },
    "name": {
      "literal": "scalarIpAddress"
    }
  },
  "widgets/scalarObtainAPIkey": {
    "aimms.widget.type": {
      "literal": "scalar"
    },
    "contents": {
      "aimms": {
        "contents": [
          "ipTwist::api::APIKey"
        ],
        "prefix": "aimms",
        "slices": [
          {
            "identifier": "ipTwist::api::APIKey",
            "slice": [
              {
                "index": "ipTwist::api::secscheme",
                "type": "fixed-element",
                "value": "X-IPTWIST-TOKEN"
              }
            ]
          }
        ]
      }
    },
    "name": {
      "literal": "scalarObtainAPIkey"
    }
  }
}