<?xml version="1.0"?>
<Page Version="4000" TimeStamp="2021-02-26 06:47:20">
	<PageEditSize Type="Inherited" />
	<ProjectUUID>2E3D40FC-CE49-45B3-9165-530BE1EE8E94</ProjectUUID>
	<TemplatesTabOrderPosition>1</TemplatesTabOrderPosition>
	<Background Inherited="true" />
	<PageObject Type="Table">
		<Location top="66" left="18" bottom="348" right="576" />
		<TabOrder>7</TabOrder>
		<Font GUID="64997158-3D5B-41FC-BAC0-3F921D1A96BD" Name="default" />
		<Border Style="InShadow" Width="2" MarginTop="5" MarginRight="5" MarginBottom="5" MarginLeft="5" />
		<BackgroundColor RGB="#ffffff" />
		<RowIndentation>3</RowIndentation>
		<ExplicitIdentifier>
			<Identifier>gss::ep_shownJobErrorSeverity( gss::i_jobErrorMessageNumber-&gt;gss::ep_errorWarningSelectedMessage )</Identifier>
			<FirstColumn>1</FirstColumn>
			<HeaderText>"Severity"</HeaderText>
			<NumberFormat Width="10" Decimals="0" Alignment="Left" />
		</ExplicitIdentifier>
		<ExplicitIdentifier>
			<Identifier>gss::sp_jobErrorMoments( gss::i_jobErrorMessageNumber-&gt;gss::ep_errorWarningSelectedMessage )</Identifier>
			<FirstColumn>1</FirstColumn>
			<HeaderText>"Moment"</HeaderText>
			<NumberFormat Width="10" Decimals="0" Alignment="Left" />
		</ExplicitIdentifier>
		<ExplicitIdentifier>
			<Identifier>gss::sp_jobErrorMessages( gss::i_jobErrorMessageNumber-&gt;gss::ep_errorWarningSelectedMessage )</Identifier>
			<FirstColumn>1</FirstColumn>
			<HeaderText>"Message"</HeaderText>
			<NumberFormat Width="80" Decimals="0" Alignment="Left" />
		</ExplicitIdentifier>
	</PageObject>
	<PageObject Type="Scalar">
		<Location top="30" left="18" bottom="60" right="576" />
		<TabOrder>1</TabOrder>
		<Font GUID="64997158-3D5B-41FC-BAC0-3F921D1A96BD" Name="default" />
		<Border Style="InShadow" Width="2" MarginTop="5" MarginRight="5" MarginBottom="5" MarginLeft="5" />
		<BackgroundColor RGB="#ffffff" />
		<Layout>Value</Layout>
		<SeparatorSign>=</SeparatorSign>
		<ExplicitIdentifier>
			<Identifier>gss::sp_titleErrorWarningMessagesTable</Identifier>
			<NumberFormat Width="15" Decimals="0" Alignment="Left" ShowDefaults="true" />
		</ExplicitIdentifier>
	</PageObject>
	<PageObject Type="Scalar">
		<Location top="378" left="18" bottom="408" right="576" />
		<TabOrder>2</TabOrder>
		<Font GUID="64997158-3D5B-41FC-BAC0-3F921D1A96BD" Name="default" />
		<Border Style="InShadow" Width="2" MarginTop="5" MarginRight="5" MarginBottom="5" MarginLeft="5" />
		<BackgroundColor RGB="#ffffff" />
		<Layout>Value</Layout>
		<SeparatorSign>=</SeparatorSign>
		<ExplicitIdentifier>
			<Identifier>gss::sp_titleStackMessage</Identifier>
			<NumberFormat Width="15" Decimals="0" Alignment="Left" ShowDefaults="true" />
		</ExplicitIdentifier>
	</PageObject>
	<PageObject Type="Table">
		<Location top="420" left="18" bottom="702" right="576" />
		<TabOrder>3</TabOrder>
		<Font GUID="64997158-3D5B-41FC-BAC0-3F921D1A96BD" Name="default" />
		<Border Style="InShadow" Width="2" MarginTop="5" MarginRight="5" MarginBottom="5" MarginLeft="5" />
		<BackgroundColor RGB="#ffffff" />
		<RowIndentation>3</RowIndentation>
		<ExplicitIdentifier>
			<Identifier>gss::ep_shownJobErrorNodes( gss::ep_errorWarningSelectedMessage, gss::i_stackPosition )</Identifier>
			<Permutation>[1,0]</Permutation>
			<FirstColumn>2</FirstColumn>
			<NumberFormat Width="15" Decimals="0" />
		</ExplicitIdentifier>
		<ExplicitIdentifier>
			<Identifier>gss::ep_shownJobErrorAttributes( gss::ep_errorWarningSelectedMessage, gss::i_stackPosition )</Identifier>
			<Permutation>[1,0]</Permutation>
			<FirstColumn>2</FirstColumn>
			<NumberFormat Width="15" Decimals="0" />
		</ExplicitIdentifier>
		<ExplicitIdentifier>
			<Identifier>gss::p_shownJobErrorLines( gss::ep_errorWarningSelectedMessage, gss::i_stackPosition )</Identifier>
			<Permutation>[1,0]</Permutation>
			<FirstColumn>2</FirstColumn>
			<NumberFormat Width="7" Decimals="3" />
		</ExplicitIdentifier>
	</PageObject>
	<PageObject Type="Scalar">
		<Location top="30" left="600" bottom="60" right="924" />
		<TabOrder>4</TabOrder>
		<Font GUID="64997158-3D5B-41FC-BAC0-3F921D1A96BD" Name="default" />
		<Border Style="InShadow" Width="2" MarginTop="5" MarginRight="5" MarginBottom="5" MarginLeft="5" />
		<BackgroundColor RGB="#ffffff" />
		<Layout>Value</Layout>
		<SeparatorSign>=</SeparatorSign>
		<ExplicitIdentifier>
			<Identifier>gss::sp_titleErrorWarningMessagesTable</Identifier>
			<NumberFormat Width="15" Decimals="0" Alignment="Left" ShowDefaults="true" />
		</ExplicitIdentifier>
	</PageObject>
	<PageObject Type="Scalar">
		<Location top="378" left="600" bottom="408" right="924" />
		<TabOrder>5</TabOrder>
		<Font GUID="64997158-3D5B-41FC-BAC0-3F921D1A96BD" Name="default" />
		<Border Style="InShadow" Width="2" MarginTop="5" MarginRight="5" MarginBottom="5" MarginLeft="5" />
		<BackgroundColor RGB="#ffffff" />
		<Layout>Value</Layout>
		<SeparatorSign>=</SeparatorSign>
		<ExplicitIdentifier>
			<Identifier>gss::sp_titleProfilerDetail</Identifier>
			<NumberFormat Width="15" Decimals="0" Alignment="Left" ShowDefaults="true" />
		</ExplicitIdentifier>
	</PageObject>
	<PageObject Type="Table">
		<Location top="420" left="600" bottom="702" right="924" />
		<TabOrder>6</TabOrder>
		<Font GUID="64997158-3D5B-41FC-BAC0-3F921D1A96BD" Name="default" />
		<Border Style="InShadow" Width="2" MarginTop="5" MarginRight="5" MarginBottom="5" MarginLeft="5" />
		<BackgroundColor RGB="#ffffff" />
		<RowIndentation>3</RowIndentation>
		<ExplicitIdentifier>
			<Identifier>gss::p_shownJobProfilerData( gss::ep_profilerDataSelectedIdentifier, gss::i_lineNumber, IndexProfilerTypes )</Identifier>
			<Permutation>[1,2,0]</Permutation>
			<FirstColumn>1</FirstColumn>
			<NumberFormat Width="7" Decimals="3" />
		</ExplicitIdentifier>
	</PageObject>
	<PageObject Type="Pivot Table">
		<Location top="66" left="600" bottom="348" right="924" />
		<TabOrder>8</TabOrder>
		<ObjectUUID>37E78650-ECE8-4024-8F1E-E26517E5E84C</ObjectUUID>
		<Font GUID="64997158-3D5B-41FC-BAC0-3F921D1A96BD" Name="default" />
		<Border Style="InShadow" Width="2" MarginTop="5" MarginRight="5" MarginBottom="5" MarginLeft="5" />
		<Contents>
			<Explicit_Identifier>
				<Identifier ID="4110">gss::p_shownJobProfilerData( IndexIdentifiers, '0', IndexProfilerTypes )</Identifier>
			</Explicit_Identifier>
		</Contents>
		<Indices>
			<Explicit_Index>
				<Index ID="6510">IndexIdentifiers</Index>
				<Link_to_Element_Parameter ID="6515">gss::ep_profilerDataSelectedIdentifier</Link_to_Element_Parameter>
			</Explicit_Index>
			<Identifier_Index>
				<Hide_if_Single_Identifier ID="6270">"No"</Hide_if_Single_Identifier>
			</Identifier_Index>
		</Indices>
		<General>
			<Dense_Aggregation_restricts_to_Domain ID="1022">"Yes"</Dense_Aggregation_restricts_to_Domain>
		</General>
		<Row_Area>
			<Background_Color ID="2010">RGB&lt;255,255,200&gt;</Background_Color>
			<Text_Color ExtraInfo="65968BA9-9973-4F10-A487-19C6D88094F0" ID="2020">"default selection"</Text_Color>
			<Headers>
				<Background_Color ExtraInfo="65968BA9-9973-4F10-A487-19C6D88094F0" ID="2120">"default selection"</Background_Color>
				<Text_Color ID="2130">RGB&lt;255,255,255&gt;</Text_Color>
				<Show_Sub_Headers ID="2150">"No"</Show_Sub_Headers>
			</Headers>
			<Grid_Focus_Indicator>
				<Background_Color ID="2270">RGB&lt;0,0,168&gt;</Background_Color>
				<Text_Color ID="2280">RGB&lt;255,255,200&gt;</Text_Color>
			</Grid_Focus_Indicator>
		</Row_Area>
		<Column_Area>
			<Headers>
				<Show_Sub_Headers ID="3150">"No"</Show_Sub_Headers>
			</Headers>
		</Column_Area>
		<Grid_Area>
			<Background_Color ID="5010">RGB&lt;255,255,255&gt;</Background_Color>
			<Alternating_Background_Color ID="5011">RGB&lt;225,225,225&gt;</Alternating_Background_Color>
			<Aggregators>
				<Background_Color ID="5220">RGB&lt;255,128,128&gt;</Background_Color>
			</Aggregators>
			<Sub_Header_Row_or_Column>
				<Background_Color ID="5320">RGB&lt;255,255,200&gt;</Background_Color>
			</Sub_Header_Row_or_Column>
		</Grid_Area>
	</PageObject>
	<PageObject Type="Scalar">
		<Location top="708" left="18" bottom="738" right="576" />
		<TabOrder>13</TabOrder>
		<Font GUID="64997158-3D5B-41FC-BAC0-3F921D1A96BD" Name="default" />
		<Border Style="InShadow" Width="2" MarginTop="5" MarginRight="5" MarginBottom="5" MarginLeft="5" />
		<BackgroundColor RGB="#ffffff" />
		<Layout>Value</Layout>
		<SeparatorSign>=</SeparatorSign>
		<ExplicitIdentifier>
			<Identifier>gss::ep_shownSession</Identifier>
			<NumberFormat Width="15" Decimals="0" Alignment="Left" ShowDefaults="true" />
		</ExplicitIdentifier>
	</PageObject>
	<PageObject Type="Button">
		<Location top="708" left="600" bottom="738" right="924" />
		<TabOrder>9</TabOrder>
		<LeaveOnEnter>false</LeaveOnEnter>
		<ButtonType>Text</ButtonType>
		<Title>"Upload Error Warning Data"</Title>
		<Font GUID="64997158-3D5B-41FC-BAC0-3F921D1A96BD" Name="default" />
	</PageObject>
	<PageObject Type="Button">
		<Location top="744" left="18" bottom="774" right="288" />
		<TabOrder>10</TabOrder>
		<LeaveOnEnter>false</LeaveOnEnter>
		<ButtonType>Text</ButtonType>
		<Title>"Upload Error Warning Data"</Title>
		<Font GUID="64997158-3D5B-41FC-BAC0-3F921D1A96BD" Name="default" />
	</PageObject>
	<PageObject Type="Button">
		<Location top="744" left="600" bottom="774" right="924" />
		<TabOrder>11</TabOrder>
		<LeaveOnEnter>false</LeaveOnEnter>
		<ButtonType>Text</ButtonType>
		<Title>"Upload Error Warning Data"</Title>
		<Font GUID="64997158-3D5B-41FC-BAC0-3F921D1A96BD" Name="default" />
	</PageObject>
	<PageObject Type="Button">
		<Location top="744" left="306" bottom="774" right="576" />
		<TabOrder>12</TabOrder>
		<LeaveOnEnter>false</LeaveOnEnter>
		<ButtonType>Text</ButtonType>
		<Title>"Upload Error Warning Data"</Title>
		<Font GUID="64997158-3D5B-41FC-BAC0-3F921D1A96BD" Name="default" />
	</PageObject>
	<UsedReferences>
		<Model>
			<Symbol>IndexIdentifiers</Symbol>
			<Symbol>IndexProfilerTypes</Symbol>
			<Symbol>gss::sp_titleErrorWarningMessagesTable</Symbol>
			<Symbol>gss::sp_titleStackMessage</Symbol>
			<Symbol>gss::sp_titleProfilerDetail</Symbol>
			<Symbol>gss::ep_profilerDataSelectedIdentifier</Symbol>
			<Symbol>gss::ep_errorWarningSelectedMessage</Symbol>
			<Symbol>gss::ep_shownSession</Symbol>
			<Symbol>gss::p_shownJobProfilerData</Symbol>
			<Symbol>gss::ep_shownJobErrorSeverity</Symbol>
			<Symbol>gss::ep_shownJobErrorNodes</Symbol>
			<Symbol>gss::ep_shownJobErrorAttributes</Symbol>
			<Symbol>gss::p_shownJobErrorLines</Symbol>
			<Symbol>gss::sp_jobErrorMessages</Symbol>
			<Symbol>gss::sp_jobErrorMoments</Symbol>
			<Symbol>gss::i_lineNumber</Symbol>
			<Symbol>gss::i_stackPosition</Symbol>
			<Symbol>gss::i_jobErrorMessageNumber</Symbol>
		</Model>
	</UsedReferences>
</Page>
