<?xml version="1.0"?>
<Page Version="4000" TimeStamp="2014-10-02 11:08:38">
	<Location top="23" left="4" bottom="644" right="768" />
	<PageEditSize Type="Inherited">
		<Size Width="772" Height="622" />
	</PageEditSize>
	<ProjectUUID>6D799703-464F-4E34-9462-1F5890FA4CE8</ProjectUUID>
	<TemplatesTabOrderPosition>8</TemplatesTabOrderPosition>
	<ResizeData>
		<MainArea Line="FixedFromTop" Value="99">
			<TopArea Line="FixedFromLeft" Value="200" />
			<BottomArea Line="FixedFromLeft" Value="201">
				<LeftArea Line="FixedFromTop" Value="204">
					<BottomArea Line="FixedFromTop" Value="311" />
				</LeftArea>
				<RightArea Line="FixedFromTop" Value="85" />
			</BottomArea>
		</MainArea>
	</ResizeData>
	<Background Inherited="true" />
	<PageObject Type="Scalar">
		<Location top="444" left="6" bottom="489" right="192" />
		<TabOrder>5</TabOrder>
		<Font GUID="428A93A5-26E1-4F42-8B0F-227299B289C7" Name="Table Text" />
		<Border Style="InShadow" Width="2" MarginTop="5" MarginRight="5" MarginBottom="5" MarginLeft="5" />
		<BackgroundColor RGB="#ffffff" />
		<TextColor>
			<UserColor GUID="23F33851-505F-45B5-AA1F-5360CB8B3EFB">Text Blue</UserColor>
		</TextColor>
		<Layout>Text-Value</Layout>
		<SeparatorSign>=</SeparatorSign>
		<ExplicitIdentifier>
			<Identifier>MaxItems</Identifier>
			<NumberFormat Width="4" Decimals="0" Scientific="IfTooSmallorLarge" Alignment="Center" ShowDefaults="true" />
			<ProcedureUponChange>MainInitialization</ProcedureUponChange>
		</ExplicitIdentifier>
		<ExplicitIdentifier>
			<Identifier>MaxWeightKnapsack</Identifier>
			<NumberFormat Width="4" Decimals="0" Scientific="IfTooSmallorLarge" Alignment="Center" ShowDefaults="true" />
		</ExplicitIdentifier>
	</PageObject>
	<PageObject Type="Button">
		<Location top="186" left="6" bottom="210" right="192" />
		<TabOrder>1</TabOrder>
		<LeaveOnEnter>false</LeaveOnEnter>
		<ButtonType>Text</ButtonType>
		<Transparent>true</Transparent>
		<ForegroundColor>
			<UserColor GUID="23F33851-505F-45B5-AA1F-5360CB8B3EFB">Text Blue</UserColor>
		</ForegroundColor>
		<Font GUID="0BDEF216-23B3-4F0F-B5D6-83C5A7303CF9" Name="Buttons" />
		<ActionSequence>
			<Action Type="GotoPage">
				<Destination>Parent</Destination>
			</Action>
		</ActionSequence>
	</PageObject>
	<PageObject Type="Network Object">
		<Location top="192" left="216" bottom="600" right="558" />
		<TabOrder>7</TabOrder>
		<Font GUID="00000000-0000-0000-0000-000000000001" Name="Main Font" />
		<Border Style="InShadow" Width="2" MarginTop="5" MarginRight="5" MarginBottom="5" MarginLeft="5" />
		<BackgroundColor RGB="#ffffff" />
		<VerticalScrollbar>true</VerticalScrollbar>
		<AllowZoom>false</AllowZoom>
		<EqualXYScale>false</EqualXYScale>
		<ScrollControl>Scrollbars</ScrollControl>
		<VisibleArea>
			<Left>-1</Left>
			<Right>5</Right>
			<Top>9</Top>
			<Bottom>-1</Bottom>
		</VisibleArea>
		<Node>
			<Identifier>i</Identifier>
			<XCoordinate>X_( i )</XCoordinate>
			<YCoordinate>Y_( i )</YCoordinate>
			<NumberFormat Width="6" Decimals="2" />
			<MaximumSize>8</MaximumSize>
			<ScaleFactor>5</ScaleFactor>
			<TextPosition>Bottom</TextPosition>
			<TextShowWhat>OtherIdentifier</TextShowWhat>
			<Text>Text_( i )</Text>
			<Shape>Circle</Shape>
		</Node>
		<Node>
			<Identifier>i_s</Identifier>
			<XCoordinate>X_( i_s )</XCoordinate>
			<YCoordinate>Y_( i_s )</YCoordinate>
			<NumberFormat Width="6" Decimals="0" />
			<MaximumSize>50</MaximumSize>
			<ScaleFactor>35</ScaleFactor>
			<TextPosition>Top</TextPosition>
			<TextShowWhat>OtherIdentifier</TextShowWhat>
			<Color>RGB 0080ff</Color>
			<Text>No_( i_s )</Text>
			<NodeImageFile LiteralFileName="true">"&lt;prj&gt;:bitmaps\knapsack.gif"</NodeImageFile>
			<Shape>Bitmap</Shape>
		</Node>
	</PageObject>
	<PageObject Type="Text">
		<Location top="192" left="18" bottom="210" right="201" />
		<StaticText>Problem Description</StaticText>
		<Font GUID="C82FBF27-1614-41C9-B718-A431388D2B5A" Name="General Text" />
		<TextColor>
			<UserColor GUID="1798981A-C40D-4713-BC08-E97545963465">Link</UserColor>
		</TextColor>
	</PageObject>
	<PageObject Type="Text">
		<Location top="318" left="18" bottom="336" right="186" />
		<StaticText>Navigation</StaticText>
		<Font GUID="107CF1DD-5B8E-41FC-BD55-10C950947E3C" Name="Headers" />
		<TextColor>
			<UserColor GUID="B5956EEA-5F3E-4BD0-85C7-9F70EB490991">Header Blue</UserColor>
		</TextColor>
	</PageObject>
	<PageObject Type="Rectangle">
		<Location top="312" left="6" bottom="336" right="192" />
		<FillColor>
			<UserColor GUID="A3839E01-47DC-46BB-819D-6CECB851B151">Bar Blue</UserColor>
		</FillColor>
		<LineColor>
			<UserColor GUID="A3839E01-47DC-46BB-819D-6CECB851B151">Bar Blue</UserColor>
		</LineColor>
	</PageObject>
	<PageObject Type="Text">
		<Location top="316" left="18" bottom="342" right="186" />
		<StaticText>Execution</StaticText>
		<Font GUID="107CF1DD-5B8E-41FC-BD55-10C950947E3C" Name="Headers" />
		<TextColor>
			<UserColor GUID="B5956EEA-5F3E-4BD0-85C7-9F70EB490991">Header Blue</UserColor>
		</TextColor>
	</PageObject>
	<PageObject Type="Button">
		<Location top="348" left="6" bottom="372" right="192" />
		<TabOrder>2</TabOrder>
		<LeaveOnEnter>false</LeaveOnEnter>
		<ButtonType>Text</ButtonType>
		<Title>"Solve Model Classic (0/1)"</Title>
		<Font GUID="0BDEF216-23B3-4F0F-B5D6-83C5A7303CF9" Name="Buttons" />
		<ActionSequence>
			<Action Type="Run">
				<RunWhat>SpecificProcecure</RunWhat>
				<Procedure>SolveKnapsackModel</Procedure>
				<AbortOnError>true</AbortOnError>
			</Action>
		</ActionSequence>
	</PageObject>
	<PageObject Type="Button">
		<Location top="378" left="6" bottom="402" right="192" />
		<TabOrder>3</TabOrder>
		<LeaveOnEnter>false</LeaveOnEnter>
		<ButtonType>Text</ButtonType>
		<Title>"Solve Model Unbounded"</Title>
		<Font GUID="0BDEF216-23B3-4F0F-B5D6-83C5A7303CF9" Name="Buttons" />
		<ActionSequence>
			<Action Type="Run">
				<RunWhat>SpecificProcecure</RunWhat>
				<Procedure>SolveKnapsackModelUnBounded</Procedure>
				<AbortOnError>true</AbortOnError>
			</Action>
		</ActionSequence>
	</PageObject>
	<PageObject Type="Button">
		<Location top="408" left="6" bottom="432" right="192" />
		<TabOrder>4</TabOrder>
		<LeaveOnEnter>false</LeaveOnEnter>
		<ButtonType>Text</ButtonType>
		<Title>"Solve Model Bounded"</Title>
		<Font GUID="0BDEF216-23B3-4F0F-B5D6-83C5A7303CF9" Name="Buttons" />
		<ActionSequence>
			<Action Type="Run">
				<RunWhat>SpecificProcecure</RunWhat>
				<Procedure>SolveKnapsackModelBounded</Procedure>
				<AbortOnError>true</AbortOnError>
			</Action>
		</ActionSequence>
	</PageObject>
	<PageObject Type="Pivot Table">
		<Location top="192" left="588" bottom="600" right="744" />
		<TabOrder>6</TabOrder>
		<ObjectUUID>3B3D3CAF-671F-4F3B-9896-7D0649576E1D</ObjectUUID>
		<Font GUID="00000000-0000-0000-0000-000000000001" Name="Main Font" />
		<Border Style="InShadow" Width="2" MarginTop="5" MarginRight="5" MarginBottom="5" MarginLeft="5" />
		<Contents>
			<Explicit_Identifier>
				<Identifier ID="4110">ItemValue( i )</Identifier>
			</Explicit_Identifier>
			<Explicit_Identifier>
				<Identifier ID="4110">ItemWeight( i )</Identifier>
			</Explicit_Identifier>
			<Explicit_Identifier>
				<Identifier ID="4110">ItemBound( i )</Identifier>
			</Explicit_Identifier>
			<Explicit_Identifier>
				<Identifier ID="4110">ItemRangeMax( i )</Identifier>
			</Explicit_Identifier>
			<Explicit_Identifier>
				<Identifier ID="4110">KnapsackItems( i )</Identifier>
			</Explicit_Identifier>
		</Contents>
		<Row_Area>
			<Background_Color ID="2010">RGB&lt;255,255,200&gt;</Background_Color>
			<Text_Color ExtraInfo="D4F48705-BFDF-4DF8-8E1F-D38EFF981024" ID="2020">"default selection"</Text_Color>
			<Headers>
				<Background_Color ExtraInfo="D4F48705-BFDF-4DF8-8E1F-D38EFF981024" ID="2120">"default selection"</Background_Color>
				<Text_Color ID="2130">RGB&lt;255,255,255&gt;</Text_Color>
			</Headers>
		</Row_Area>
		<Grid_Area>
			<Background_Color ID="5010">RGB&lt;255,255,255&gt;</Background_Color>
			<Alternating_Background_Color ID="5011">RGB&lt;225,225,225&gt;</Alternating_Background_Color>
			<Aggregators>
				<Background_Color ID="5220">RGB&lt;255,128,128&gt;</Background_Color>
			</Aggregators>
			<Sub_Header_Row_or_Column>
				<Background_Color ID="5320">RGB&lt;255,255,200&gt;</Background_Color>
			</Sub_Header_Row_or_Column>
		</Grid_Area>
	</PageObject>
	<UsedReferences>
		<Model>
			<Symbol>MaxItems</Symbol>
			<Symbol>ItemValue</Symbol>
			<Symbol>ItemWeight</Symbol>
			<Symbol>MaxWeightKnapsack</Symbol>
			<Symbol>KnapsackItems</Symbol>
			<Symbol>ItemRangeMax</Symbol>
			<Symbol>ItemBound</Symbol>
			<Symbol>SolveKnapsackModel</Symbol>
			<Symbol>SolveKnapsackModelUnBounded</Symbol>
			<Symbol>SolveKnapsackModelBounded</Symbol>
			<Symbol>X_</Symbol>
			<Symbol>Y_</Symbol>
			<Symbol>Text_</Symbol>
			<Symbol>No_</Symbol>
			<Symbol>MainInitialization</Symbol>
			<Symbol>i</Symbol>
			<Symbol>i_s</Symbol>
		</Model>
	</UsedReferences>
</Page>
