{
  "version": "4.67.0",
  "application": {
    "aimms.widget.type": {
      "literal": "application"
    },
    "menu.hidden": {
      "literal": false
    },
    "pages": {
      "literal": {
        "name": "root",
        "slug": "root",
        "children": [
          {
            "name": "Main Project",
            "slug": "main_project",
            "children": [
              {
                "name": "Compare schedules",
                "type": "page",
                "slug": "compare_schedules",
                "children": []
              },
              {
                "name": "home",
                "slug": "home",
                "children": [
                  {
                    "name": "AskInterruptSolve",
                    "type": "dialog",
                    "slug": "askinterruptsolve_1",
                    "children": []
                  }
                ]
              }
            ]
          }
        ]
      }
    },
    "statusmessages": {
      "aimms": {
        "contents": [
          "sp_StatusBar"
        ],
        "slices": [
          {
            "identifier": "sp_StatusBar",
            "slice": [
              {
                "index": "webui::indexApplicationExtension",
                "type": "free",
                "value": "webui::indexApplicationExtension"
              },
              {
                "index": "webui::indexStatusBarSpec",
                "type": "free",
                "value": "webui::indexStatusBarSpec"
              }
            ]
          }
        ]
      }
    },
    "theme.classic": {
      "literal": false
    },
    "widget.visibility.greyout": {
      "literal": true
    }
  },
  "pages/askinterruptsolve_1": {
    "widgets": {
      "literal": [
        {
          "uri": "ProgressScalarOnInterrupt",
          "layoutInfo": {
            "width": "2",
            "height": "1"
          }
        }
      ]
    }
  },
  "pages/compare_schedules": {
    "widgets": {
      "literal": [
        {
          "uri": "TopGanttChart",
          "layoutInfo": {
            "width": "8",
            "height": "2"
          }
        },
        {
          "uri": "BottomGanttChart",
          "layoutInfo": {
            "width": "8",
            "height": "2"
          }
        },
        {
          "uri": "scenarios",
          "layoutInfo": {
            "width": "3",
            "height": "1",
            "customPosition": ""
          }
        }
      ]
    }
  },
  "pages/home": {
    "aimms.widget.type": {
      "literal": "page"
    },
    "maxcolumns": {
      "literal": 10
    },
    "secondarypageactions": {
      "aimms": {
        "contents": [
          "sp_SecondaryActions"
        ],
        "slices": [
          {
            "identifier": "sp_SecondaryActions",
            "slice": [
              {
                "index": "i_an",
                "type": "free",
                "value": "i_an"
              },
              {
                "index": "webui::indexPageActionSpec",
                "type": "free",
                "value": "webui::indexPageActionSpec"
              }
            ]
          }
        ]
      }
    },
    "widgets": {
      "literal": [
        {
          "uri": "LblIdentifyModel",
          "layoutInfo": {
            "width": "10",
            "height": "1",
            "customPosition": ""
          }
        },
        {
          "uri": "ScaModelParam",
          "layoutInfo": {
            "width": "2",
            "height": "2",
            "customPosition": ""
          }
        },
        {
          "uri": "pgc",
          "layoutInfo": {
            "width": "8",
            "height": "2",
            "customPosition": ""
          }
        },
        {
          "uri": "CrvGap",
          "layoutInfo": {
            "width": "10",
            "height": "2",
            "customPosition": ""
          }
        }
      ]
    }
  },
  "widgets/BottomGanttChart": {
    "aimms.widget.type": {
      "literal": "ganttchart"
    },
    "contents": {
      "aimms": {
        "contents": [
          "p_case_GCJobStart",
          "p_case_GCJobDuration"
        ],
        "prefix": "aimms",
        "slices": [
          {
            "identifier": "p_case_GCJobDuration",
            "slice": [
              {
                "index": "IndexCurrentCaseSelection",
                "type": "element-parameter",
                "value": "ep_ReferenceBottomCase"
              },
              {
                "index": "j",
                "type": "free",
                "value": "j"
              },
              {
                "index": "m",
                "type": "free",
                "value": "m"
              }
            ]
          },
          {
            "identifier": "p_case_GCJobStart",
            "slice": [
              {
                "index": "IndexCurrentCaseSelection",
                "type": "element-parameter",
                "value": "ep_ReferenceBottomCase"
              },
              {
                "index": "j",
                "type": "free",
                "value": "j"
              },
              {
                "index": "m",
                "type": "free",
                "value": "m"
              }
            ]
          }
        ],
        "partition": {
          "resources": [
            "m"
          ],
          "jobs": [
            "j",
            "<IDENTIFIER-SET>"
          ],
          "aggregated": []
        }
      }
    },
    "contents.partition": {
      "literal": {
        "resources": [
          "m"
        ],
        "jobs": [
          "<IDENTIFIER-SET>",
          "j"
        ],
        "aggregated": []
      }
    },
    "time.reference": {
      "literal": "\"2017-01-01\""
    },
    "time.resolution": {
      "literal": 1
    },
    "title": {
      "aimms": {
        "contents": [
          "sp_bottom_ScheduleTitle"
        ],
        "slices": []
      }
    }
  },
  "widgets/CrvGap": {
    "aimms.widget.type": {
      "literal": "linechart"
    },
    "contents": {
      "aimms": {
        "contents": [
          "p_BestBound",
          "p_Incumbent"
        ],
        "prefix": "aimms",
        "slices": [
          {
            "identifier": "p_BestBound",
            "slice": [
              {
                "index": "i_Obs",
                "type": "subset",
                "value": "i_Sobs"
              }
            ]
          },
          {
            "identifier": "p_Incumbent",
            "slice": [
              {
                "index": "i_Obs",
                "type": "subset",
                "value": "i_Sobs"
              }
            ]
          }
        ]
      }
    },
    "title": {
      "aimms": {
        "contents": [
          "sp_TitleGapCurve"
        ]
      }
    },
    "widgetactions": {
      "aimms": {
        "contents": [
          "sp_GapWidgetActions"
        ],
        "slices": [
          {
            "identifier": "sp_GapWidgetActions",
            "slice": [
              {
                "index": "i_an",
                "type": "free",
                "value": "i_an"
              },
              {
                "index": "webui::indexWidgetActionSpec",
                "type": "free",
                "value": "webui::indexWidgetActionSpec"
              }
            ]
          }
        ]
      }
    },
    "yaxis.max": {
      "aimms": {
        "contents": [
          "p_CurrveUpperBound"
        ],
        "slices": []
      }
    },
    "yaxis.min": {
      "aimms": {
        "contents": [
          "p_CurveLowerBound"
        ],
        "slices": []
      }
    }
  },
  "widgets/LblIdentifyModel": {
    "aimms.widget.type": {
      "literal": "label"
    },
    "contents": {
      "literal": "Flowshop - Comparing schedules"
    }
  },
  "widgets/pgc": {
    "aimms.widget.type": {
      "literal": "ganttchart"
    },
    "contents": {
      "aimms": {
        "contents": [
          "p_GCJobStart",
          "p_GCJobDuration"
        ]
      }
    },
    "contents.partition": {
      "literal": {
        "resources": [
          "m",
          "s"
        ],
        "jobs": [
          "<IDENTIFIER-SET>",
          "j"
        ],
        "aggregated": []
      }
    },
    "time.reference": {
      "aimms": {
        "contents": [
          "sp_RefTime"
        ]
      }
    },
    "time.resolution": {
      "literal": 1
    },
    "title": {
      "literal": "Gantt chart presenting when the jobs are scheduled on the available machines."
    }
  },
  "widgets/ProgressScalarOnInterrupt": {
    "aimms.widget.type": {
      "literal": "scalar"
    },
    "contents": {
      "aimms": {
        "contents": [
          "p_Incumbent",
          "p_BestBound"
        ],
        "prefix": "aimms",
        "slices": [
          {
            "identifier": "p_BestBound",
            "slice": [
              {
                "index": "i_Obs",
                "type": "element-parameter",
                "value": "ep_LastObservation"
              }
            ]
          },
          {
            "identifier": "p_Incumbent",
            "slice": [
              {
                "index": "i_Obs",
                "type": "element-parameter",
                "value": "ep_LastObservation"
              }
            ]
          }
        ]
      }
    }
  },
  "widgets/ScaModelParam": {
    "aimms.widget.type": {
      "literal": "scalar"
    },
    "contents": {
      "aimms": {
        "contents": [
          "p_MaxMachines",
          "p_MaxJobs",
          "p_noIncumbents"
        ]
      }
    },
    "contents.numdecimals": {
      "literal": 0
    },
    "title": {
      "literal": "Model parameters"
    }
  },
  "widgets/scenarios": {
    "aimms.widget.type": {
      "literal": "scalar"
    },
    "contents": {
      "aimms": {
        "contents": [
          "ep_ReferenceTopCase",
          "ep_ReferenceBottomCase"
        ]
      }
    },
    "title": {
      "literal": "Case selection"
    }
  },
  "widgets/TopGanttChart": {
    "aimms.widget.type": {
      "literal": "ganttchart"
    },
    "contents": {
      "aimms": {
        "contents": [
          "p_case_GCJobStart",
          "p_case_GCJobDuration"
        ],
        "prefix": "aimms",
        "partition": {
          "resources": [
            "m"
          ],
          "jobs": [
            "j",
            "<IDENTIFIER-SET>"
          ],
          "aggregated": []
        },
        "slices": [
          {
            "identifier": "p_case_GCJobDuration",
            "slice": [
              {
                "index": "IndexCurrentCaseSelection",
                "type": "element-parameter",
                "value": "ep_ReferenceTopCase"
              },
              {
                "index": "j",
                "type": "free",
                "value": "j"
              },
              {
                "index": "m",
                "type": "free",
                "value": "m"
              }
            ]
          },
          {
            "identifier": "p_case_GCJobStart",
            "slice": [
              {
                "index": "IndexCurrentCaseSelection",
                "type": "element-parameter",
                "value": "ep_ReferenceTopCase"
              },
              {
                "index": "j",
                "type": "free",
                "value": "j"
              },
              {
                "index": "m",
                "type": "free",
                "value": "m"
              }
            ]
          }
        ]
      }
    },
    "contents.partition": {
      "literal": {
        "resources": [
          "m"
        ],
        "jobs": [
          "<IDENTIFIER-SET>",
          "j"
        ],
        "aggregated": []
      }
    },
    "time.reference": {
      "literal": "\"2017-01-01\""
    },
    "time.resolution": {
      "literal": 1
    },
    "title": {
      "aimms": {
        "contents": [
          "sp_top_ScheduleTitle"
        ],
        "slices": []
      }
    }
  }
}