{
  "version": "4.67.0",
  "application": {
    "aimms.widget.type": {
      "literal": "application"
    },
    "browsername": {
      "aimms": {
        "contents": [
          "webui::ClientBrowserName"
        ]
      }
    },
    "browsertimezone": {
      "aimms": {
        "contents": [
          "webui::BrowserTimeZone"
        ]
      }
    },
    "ignoredst": {
      "aimms": {
        "contents": [
          "webui::IgnoreDST"
        ]
      }
    },
    "theme.classic": {
      "literal": "NOT_ALLOWED"
    },
    "timezone": {
      "aimms": {
        "contents": [
          "webui::DisplayTimeZone"
        ]
      }
    },
    "timezone.dst.readonly": {
      "aimms": {
        "contents": [
          "webui::DefaultDSTSettingForDisplayTimeZone"
        ]
      }
    }
  },
  "pages/home": {
    "aimms.widget.type": {
      "literal": "pagev2-grid"
    },
    "bindings": {
      "literal": [
        {
          "widgetUri": "tableStreamProperties",
          "gridArea": "area-a",
          "dndId": "Unassigned widgetstableStreamProperties"
        }
      ]
    },
    "layoutId": {
      "literal": "Layout9"
    },
    "secondarypageactions": {
      "aimms": {
        "contents": [
          "sp_homePageSecondaryActions"
        ],
        "slices": [
          {
            "identifier": "sp_homePageSecondaryActions",
            "slice": [
              {
                "index": "webui::indexPageExtension",
                "type": "free",
                "value": "webui::indexPageExtension"
              },
              {
                "index": "webui::indexPageActionSpec",
                "type": "free",
                "value": "webui::indexPageActionSpec"
              }
            ]
          }
        ]
      }
    },
    "widgets": {
      "literal": [
        {
          "uri": "tableStreamProperties",
          "layoutInfo": {
            "width": "2",
            "height": "1"
          }
        }
      ]
    }
  },
  "widgets/tableStreamProperties": {
    "aimms.widget.type": {
      "literal": "table"
    },
    "contents": {
      "aimms": {
        "contents": [
          "p_prop1",
          "p_prop2",
          "sp_prop3"
        ]
      }
    },
    "contents.displaydomain": {
      "literal": {
        "p_prop1": "1",
        "p_prop2": "1",
        "sp_prop3": "1"
      }
    },
    "contents.partition": {
      "literal": {
        "rowHeader": [
          "i_stream"
        ],
        "colHeader": [
          "<IDENTIFIER-SET>"
        ],
        "aggregated": []
      }
    },
    "custom.column.widths": {
      "literal": [
        {
          "type": "colHeader",
          "colKey": {
            "<IDENTIFIER-SET>": "p_prop1"
          },
          "width": 17.29
        },
        {
          "type": "colHeader",
          "colKey": {
            "<IDENTIFIER-SET>": "p_prop2"
          },
          "width": 17.29
        },
        {
          "type": "colHeader",
          "colKey": {
            "<IDENTIFIER-SET>": "sp_prop3"
          },
          "width": 27.91
        }
      ]
    },
    "name": {
      "literal": "tableStreamProperties"
    }
  }
}