<?xml version="1.0"?>
<Page Version="4000" TimeStamp="2015-12-29 12:44:21">
	<PageEditSize Type="Inherited" />
	<ProjectUUID>3D1CBC88-F0BA-4206-8AC8-7864B594850E</ProjectUUID>
	<TemplatesTabOrderPosition>1</TemplatesTabOrderPosition>
	<Background Inherited="true" />
	<PageObject Type="Network Object">
		<Location top="115" left="289" bottom="785" right="959" />
		<TabOrder>1</TabOrder>
		<Font GUID="00000000-0000-0000-0000-000000000001" Name="Main Font" />
		<Border Style="InShadow" Width="2" MarginTop="5" MarginRight="5" MarginBottom="5" MarginLeft="5" />
		<BackgroundColor Transparent="true" />
		<HorizontalScrollbar>true</HorizontalScrollbar>
		<VerticalScrollbar>true</VerticalScrollbar>
		<ScrollControl>NavigationButtons</ScrollControl>
		<AutoAdjust>Right</AutoAdjust>
		<VisibleArea>
			<Right>10</Right>
			<Bottom>10</Bottom>
		</VisibleArea>
		<Background>
			<Background_Image_Source ID="101">"From File"</Background_Image_Source>
			<Image_File_Name ID="200" LiteralFileName="true">"MainProject\User Files\cn2.png"</Image_File_Name>
			<Left ID="210">0</Left>
			<Right ID="211">10</Right>
			<Top ID="212">10</Top>
			<Bottom ID="213">0</Bottom>
		</Background>
		<Node>
			<Identifier>n</Identifier>
			<XCoordinate>x_coord( n )</XCoordinate>
			<YCoordinate>y_coord( n )</YCoordinate>
			<NumberFormat Width="6" Decimals="2" />
			<MaximumSize>10000</MaximumSize>
			<ScaleFactor>Size2Pixels</ScaleFactor>
			<TextPosition>Right</TextPosition>
			<TextShowWhat>OtherIdentifier</TextShowWhat>
			<Color>node_color( n )</Color>
			<Size>node_size( n )</Size>
			<Text>node_name( n )</Text>
			<ProcedureUponChange>UpdateCoord( n )</ProcedureUponChange>
			<ProcedureUponSelect>SelectNode( n )</ProcedureUponSelect>
			<ProcedureUponDblClick>SolveNode( n )</ProcedureUponDblClick>
			<Shape>Circle</Shape>
		</Node>
		<Arc>
			<Identifier>arcs( n, n1 )</Identifier>
			<NumberFormat Width="6" Decimals="2" />
			<MaximumSize>8</MaximumSize>
			<TextPosition>Right</TextPosition>
			<Shape>Straight</Shape>
			<FirstSegment>Horizontal</FirstSegment>
			<ClickWhere>EntireArc</ClickWhere>
		</Arc>
	</PageObject>
	<PageObject Type="Button">
		<Location top="630" left="1080" bottom="678" right="1284" />
		<TabOrder>3</TabOrder>
		<LeaveOnEnter>false</LeaveOnEnter>
		<ButtonType>Text</ButtonType>
		<Title>"Next Page"</Title>
		<Font GUID="38E90C6B-48DC-4E39-B5C9-A61AAE623EAB" Name="Medium" />
		<ActionSequence>
			<Action Type="Run">
				<RunWhat>SpecificProcecure</RunWhat>
				<Procedure>ResetDemo</Procedure>
				<AbortOnError>true</AbortOnError>
			</Action>
			<Action Type="GotoPage">
				<Destination>Next</Destination>
			</Action>
		</ActionSequence>
	</PageObject>
	<PageObject Type="Text">
		<Location top="120" left="60" bottom="168" right="240" />
		<StaticText>Starting Point
</StaticText>
		<Font GUID="15BECD1F-B269-44B2-B6DF-175ADB1B40E0" Name="Huge" />
		<TextColor RGB="#000000" />
	</PageObject>
	<PageObject Type="Scalar">
		<Location top="228" left="60" bottom="282" right="228" />
		<TabOrder>5</TabOrder>
		<Font GUID="15BECD1F-B269-44B2-B6DF-175ADB1B40E0" Name="Huge" />
		<Border Style="InShadow" Width="2" MarginTop="5" MarginRight="5" MarginBottom="5" MarginLeft="5" />
		<BackgroundColor RGB="#ffffff" />
		<Layout>Text-Value</Layout>
		<SeparatorSign>=</SeparatorSign>
		<ExplicitIdentifier>
			<Identifier>y_start</Identifier>
			<NumberFormat Width="6" Decimals="3" Scientific="IfTooSmallorLarge" Alignment="Center" ShowDefaults="true" />
			<Title>"y"</Title>
			<ProcedureUponChange>StartPoint</ProcedureUponChange>
		</ExplicitIdentifier>
	</PageObject>
	<PageObject Type="Scalar">
		<Location top="168" left="60" bottom="222" right="228" />
		<TabOrder>6</TabOrder>
		<Font GUID="15BECD1F-B269-44B2-B6DF-175ADB1B40E0" Name="Huge" />
		<Border Style="InShadow" Width="2" MarginTop="5" MarginRight="5" MarginBottom="5" MarginLeft="5" />
		<BackgroundColor RGB="#ffffff" />
		<Layout>Text-Value</Layout>
		<SeparatorSign>=</SeparatorSign>
		<ExplicitIdentifier>
			<Identifier>x_start</Identifier>
			<NumberFormat Width="6" Decimals="3" Scientific="IfTooSmallorLarge" Alignment="Center" ShowDefaults="true" />
			<Title>"x"</Title>
		</ExplicitIdentifier>
	</PageObject>
	<PageObject Type="Button">
		<Location top="708" left="72" bottom="756" right="240" />
		<TabOrder>2</TabOrder>
		<LeaveOnEnter>false</LeaveOnEnter>
		<ButtonType>Text</ButtonType>
		<Title>"Reset"</Title>
		<Font GUID="38E90C6B-48DC-4E39-B5C9-A61AAE623EAB" Name="Medium" />
		<ActionSequence>
			<Action Type="Run">
				<RunWhat>SpecificProcecure</RunWhat>
				<Procedure>ResetDemo</Procedure>
				<AbortOnError>true</AbortOnError>
			</Action>
			<Action Type="Run">
				<RunWhat>SpecificProcecure</RunWhat>
				<Procedure>StartPoint</Procedure>
				<AbortOnError>true</AbortOnError>
			</Action>
		</ActionSequence>
	</PageObject>
	<PageObject Type="Text">
		<Location top="156" left="1086" bottom="606" right="1278" />
		<StaticText>This page demonstrates that the starting point has a great influence on the solution found by a local solver in case of nonlinear optimization.

The map to the left contains contour lines for the objective function, and a blue point which represents a starting point. By double-clicking on it, the optimization problem will be solved using this starting point. The optimization point found by the solver will be shown as a red point. The starting point and the corresponding solution will be connected by an arc.

You can drag a blue starting point to somewhere else on the map, and start a new solve by double-clicking on it. You will notice that starting points close to each other will often lead to the same local solution (or saddle point).</StaticText>
		<Font GUID="DFECE976-1EF4-44D8-AB0F-1C24368EA0A7" Name="Arial10" />
		<TextColor RGB="#000000" />
	</PageObject>
	<PageObject Type="Text">
		<Location top="126" left="1086" bottom="150" right="1272" />
		<StaticText>Description</StaticText>
		<Font GUID="DA039AF6-8F8F-4980-9240-1ECCA17EA9F5" Name="Headers" />
		<TextColor>
			<UserColor GUID="B5956EEA-5F3E-4BD0-85C7-9F70EB490991">Header Blue</UserColor>
		</TextColor>
	</PageObject>
	<PageObject Type="Button">
		<Location top="702" left="1080" bottom="750" right="1284" />
		<TabOrder>4</TabOrder>
		<LeaveOnEnter>false</LeaveOnEnter>
		<ButtonType>Text</ButtonType>
		<Title>"Previous Page"</Title>
		<Font GUID="38E90C6B-48DC-4E39-B5C9-A61AAE623EAB" Name="Medium" />
		<ActionSequence>
			<Action Type="Run">
				<RunWhat>SpecificProcecure</RunWhat>
				<Procedure>ResetDemo</Procedure>
				<AbortOnError>true</AbortOnError>
			</Action>
			<Action Type="Run">
				<RunWhat>SpecificProcecure</RunWhat>
				<Procedure>StartPoint</Procedure>
				<AbortOnError>true</AbortOnError>
			</Action>
			<Action Type="GotoPage" />
		</ActionSequence>
	</PageObject>
	<UsedReferences>
		<Model>
			<Symbol>arcs</Symbol>
			<Symbol>x_start</Symbol>
			<Symbol>y_start</Symbol>
			<Symbol>x_coord</Symbol>
			<Symbol>y_coord</Symbol>
			<Symbol>node_size</Symbol>
			<Symbol>node_color</Symbol>
			<Symbol>ResetDemo</Symbol>
			<Symbol>StartPoint</Symbol>
			<Symbol>UpdateCoord</Symbol>
			<Symbol>SelectNode</Symbol>
			<Symbol>SolveNode</Symbol>
			<Symbol>Size2Pixels</Symbol>
			<Symbol>node_name</Symbol>
			<Symbol>n</Symbol>
			<Symbol>n1</Symbol>
		</Model>
	</UsedReferences>
</Page>
