<?xml version="1.0"?>
<Page Version="4000" TimeStamp="2010-08-25 12:43:10">
	<Location top="27" left="8" bottom="310" right="794" />
	<PageEditSize Type="Inherited">
		<Size Width="772" Height="622" />
	</PageEditSize>
	<ProjectUUID>F9544067-E448-4C60-9F8A-54412C921446</ProjectUUID>
	<IsDialogPage>true</IsDialogPage>
	<TemplatesTabOrderPosition>1</TemplatesTabOrderPosition>
	<ResizeData>
		<MainArea Line="FixedFromTop" Value="99">
			<BottomArea Line="FixedFromTop" Value="65" />
		</MainArea>
	</ResizeData>
	<Background Inherited="true" />
	<PageObject Type="Text">
		<Location top="48" left="588" bottom="78" right="720" />
		<StaticText>Error</StaticText>
		<Alignment>Right</Alignment>
		<Font GUID="E986E7D5-0872-47BB-BE73-C71A1B95A2C7" Name="Header" />
		<TextColor>
			<UserColor GUID="33BB2465-9D09-4035-9765-4D4D12BABAAE">white</UserColor>
		</TextColor>
	</PageObject>
	<PageObject Type="Scalar">
		<Location top="168" left="18" bottom="612" right="762" />
		<ReadOnly>"Yes"</ReadOnly>
		<TabOrder>2</TabOrder>
		<TabStop>false</TabStop>
		<Font GUID="C82FBF27-1614-41C9-B718-A431388D2B5A" Name="General Text" />
		<Border Style="None" />
		<BackgroundColor RGB="#ffffff" />
		<TextColor>
			<UserColor GUID="23F33851-505F-45B5-AA1F-5360CB8B3EFB">Text Blue</UserColor>
		</TextColor>
		<Layout>MultipleLineEditField</Layout>
		<VerticalScrollbar>true</VerticalScrollbar>
		<SeparatorSign>=</SeparatorSign>
		<ExplicitIdentifier>
			<Identifier>errorMessage</Identifier>
			<NumberFormat Width="15" Decimals="0" Alignment="Left" ShowDefaults="true" />
		</ExplicitIdentifier>
	</PageObject>
	<UsedReferences>
		<Model>
			<Symbol>errorMessage</Symbol>
		</Model>
	</UsedReferences>
</Page>
