<?xml version="1.0"?>
<Page Version="4000" TimeStamp="2019-02-09 16:16:44">
	<PageEditSize Type="Inherited" />
	<ProjectUUID>3AC5991C-EEF2-45B6-AFF8-6A596FC5349A</ProjectUUID>
	<TemplatesTabOrderPosition>1</TemplatesTabOrderPosition>
	<Background Inherited="true" />
	<PageObject Type="Text">
		<Location top="0" left="12" bottom="30" right="324" />
		<StaticText>Case57-14-AC Branch Power Profile</StaticText>
		<Alignment>Center</Alignment>
		<Font GUID="B0667223-F963-46F0-A458-86DA17ECE351" Name="Title" />
		<TextColor RGB="#000000" />
	</PageObject>
	<PageObject Type="Bar Chart">
		<Location top="36" left="6" bottom="618" right="1218" />
		<TabOrder>1</TabOrder>
		<Font GUID="00000000-0000-0000-0000-000000000001" Name="Main Font" />
		<Border Style="InShadow" Width="2" MarginTop="5" MarginRight="5" MarginBottom="5" MarginLeft="5" />
		<BackgroundColor RGB="#ffffff" />
		<ColorScheme Number="0" />
		<Title>true</Title>
		<Legend>true</Legend>
		<Y-Labels>true</Y-Labels>
		<X-Labels>true</X-Labels>
		<HorizontalGridLines>true</HorizontalGridLines>
		<StatusLine>true</StatusLine>
		<ExplicitIdentifier>
			<Identifier>Sf( l )</Identifier>
			<ScaleFactor>10</ScaleFactor>
		</ExplicitIdentifier>
		<ExplicitIdentifier>
			<Identifier>St( l )</Identifier>
			<ScaleFactor>10</ScaleFactor>
		</ExplicitIdentifier>
		<ExplicitIdentifier>
			<Identifier>RateA( l )</Identifier>
		</ExplicitIdentifier>
		<FillWithColor>true</FillWithColor>
	</PageObject>
	<UsedReferences>
		<Model>
			<Symbol>RateA</Symbol>
			<Symbol>Sf</Symbol>
			<Symbol>St</Symbol>
			<Symbol>l</Symbol>
		</Model>
	</UsedReferences>
</Page>
