<?xml version="1.0"?>
<Page Version="4000" TimeStamp="2020-02-19 12:40:19">
	<PageEditSize Type="Inherited" />
	<ProjectUUID>70D356AD-AC87-4BA5-B70C-DF185A6ABC75</ProjectUUID>
	<TemplatesTabOrderPosition>1</TemplatesTabOrderPosition>
	<Background Inherited="true" />
	<PageObject Type="Table">
		<Location top="252" left="768" bottom="462" right="1086" />
		<TabOrder>1</TabOrder>
		<Font GUID="00000000-0000-0000-0000-000000000001" Name="Main Font" />
		<Border Style="InShadow" Width="2" MarginTop="5" MarginRight="5" MarginBottom="5" MarginLeft="5" />
		<BackgroundColor RGB="#ffffff" />
		<RowIndentation>3</RowIndentation>
		<ExplicitIdentifier>
			<Identifier>PCostCoeff( g, cc )</Identifier>
			<FirstColumn>1</FirstColumn>
			<NumberFormat Width="8" Decimals="5" Alignment="Right" />
		</ExplicitIdentifier>
	</PageObject>
	<PageObject Type="Table">
		<Location top="42" left="564" bottom="660" right="762" />
		<TabOrder>2</TabOrder>
		<Font GUID="00000000-0000-0000-0000-000000000001" Name="Main Font" />
		<Border Style="InShadow" Width="2" MarginTop="5" MarginRight="5" MarginBottom="5" MarginLeft="5" />
		<BackgroundColor RGB="#ffffff" />
		<RowIndentation>3</RowIndentation>
		<ExplicitIdentifier>
			<Identifier>Va( b )</Identifier>
			<FirstColumn>1</FirstColumn>
			<NumberFormat Width="7" Decimals="2" Alignment="Center" />
		</ExplicitIdentifier>
		<ExplicitIdentifier>
			<Identifier>Vm( b )</Identifier>
			<FirstColumn>1</FirstColumn>
			<NumberFormat Width="7" Decimals="2" Alignment="Center" />
		</ExplicitIdentifier>
	</PageObject>
	<PageObject Type="Table">
		<Location top="42" left="768" bottom="246" right="1086" />
		<TabOrder>3</TabOrder>
		<Font GUID="00000000-0000-0000-0000-000000000001" Name="Main Font" />
		<Border Style="InShadow" Width="2" MarginTop="5" MarginRight="5" MarginBottom="5" MarginLeft="5" />
		<BackgroundColor RGB="#ffffff" />
		<RowIndentation>3</RowIndentation>
		<ExplicitIdentifier>
			<Identifier>Pg( g )</Identifier>
			<FirstColumn>1</FirstColumn>
			<NumberFormat Width="9" Decimals="4" Alignment="Right" />
		</ExplicitIdentifier>
		<ExplicitIdentifier>
			<Identifier>Qg( g )</Identifier>
			<FirstColumn>1</FirstColumn>
			<NumberFormat Width="9" Decimals="4" Alignment="Right" />
		</ExplicitIdentifier>
		<ExplicitIdentifier>
			<Identifier>Pmax( g )</Identifier>
			<FirstColumn>1</FirstColumn>
			<NumberFormat Width="7" Decimals="2" Alignment="Center" />
		</ExplicitIdentifier>
		<ExplicitIdentifier>
			<Identifier>Qmin( g )</Identifier>
			<FirstColumn>1</FirstColumn>
			<NumberFormat Width="7" Decimals="1" Alignment="Center" />
		</ExplicitIdentifier>
		<ExplicitIdentifier>
			<Identifier>Qmax( g )</Identifier>
			<FirstColumn>1</FirstColumn>
			<NumberFormat Width="7" Decimals="2" Alignment="Center" />
		</ExplicitIdentifier>
	</PageObject>
	<PageObject Type="Table">
		<Location top="42" left="6" bottom="660" right="558" />
		<TabOrder>4</TabOrder>
		<Font GUID="00000000-0000-0000-0000-000000000001" Name="Main Font" />
		<Border Style="InShadow" Width="2" MarginTop="5" MarginRight="5" MarginBottom="5" MarginLeft="5" />
		<BackgroundColor RGB="#ffffff" />
		<RowIndentation>3</RowIndentation>
		<ExplicitIdentifier>
			<Identifier>fb( l )</Identifier>
			<FirstColumn>1</FirstColumn>
			<NumberFormat Width="5" Decimals="0" Alignment="Right" />
		</ExplicitIdentifier>
		<ExplicitIdentifier>
			<Identifier>tb( l )</Identifier>
			<FirstColumn>1</FirstColumn>
			<NumberFormat Width="5" Decimals="0" Alignment="Right" />
		</ExplicitIdentifier>
		<ExplicitIdentifier>
			<Identifier>Pf( l )</Identifier>
			<FirstColumn>1</FirstColumn>
			<NumberFormat Width="9" Decimals="4" Alignment="Center" />
		</ExplicitIdentifier>
		<ExplicitIdentifier>
			<Identifier>Qf( l )</Identifier>
			<FirstColumn>1</FirstColumn>
			<NumberFormat Width="9" Decimals="2" Alignment="Center" />
		</ExplicitIdentifier>
		<ExplicitIdentifier>
			<Identifier>Pt( l )</Identifier>
			<FirstColumn>1</FirstColumn>
			<NumberFormat Width="9" Decimals="1" Alignment="Center" />
		</ExplicitIdentifier>
		<ExplicitIdentifier>
			<Identifier>Qt( l )</Identifier>
			<FirstColumn>1</FirstColumn>
			<NumberFormat Width="9" Decimals="2" Alignment="Center" />
		</ExplicitIdentifier>
		<ExplicitIdentifier>
			<Identifier>Sf( l )</Identifier>
			<FirstColumn>1</FirstColumn>
			<NumberFormat Width="8" Decimals="3" Alignment="Center" />
		</ExplicitIdentifier>
		<ExplicitIdentifier>
			<Identifier>St( l )</Identifier>
			<FirstColumn>1</FirstColumn>
			<NumberFormat Width="8" Decimals="3" Alignment="Center" />
		</ExplicitIdentifier>
		<ExplicitIdentifier>
			<Identifier>RateA( l )</Identifier>
			<FirstColumn>1</FirstColumn>
			<NumberFormat Width="9" Decimals="3" Alignment="Right" />
		</ExplicitIdentifier>
	</PageObject>
	<PageObject Type="Table">
		<Location top="468" left="768" bottom="660" right="1086" />
		<TabOrder>5</TabOrder>
		<Font GUID="00000000-0000-0000-0000-000000000001" Name="Main Font" />
		<Border Style="InShadow" Width="2" MarginTop="5" MarginRight="5" MarginBottom="5" MarginLeft="5" />
		<BackgroundColor RGB="#ffffff" />
		<RowIndentation>3</RowIndentation>
		<ExplicitIdentifier>
			<Identifier>QCostCoeff( g, cc )</Identifier>
			<FirstColumn>1</FirstColumn>
			<NumberFormat Width="8" Decimals="5" Alignment="Right" />
		</ExplicitIdentifier>
	</PageObject>
	<PageObject Type="Button">
		<Location top="174" left="1092" bottom="216" right="1230" />
		<TabOrder>6</TabOrder>
		<LeaveOnEnter>false</LeaveOnEnter>
		<ButtonType>Text</ButtonType>
		<Title>"Solve OPF"</Title>
		<Font GUID="00000000-0000-0000-0000-000000000001" Name="Main Font" />
		<ActionSequence>
			<Action Type="Run">
				<RunWhat>SpecificProcecure</RunWhat>
				<Procedure>MainExecution</Procedure>
				<AbortOnError>true</AbortOnError>
			</Action>
		</ActionSequence>
	</PageObject>
	<PageObject Type="Button">
		<Location top="126" left="1092" bottom="168" right="1230" />
		<TabOrder>7</TabOrder>
		<LeaveOnEnter>false</LeaveOnEnter>
		<ButtonType>Text</ButtonType>
		<Title>"Initialise"</Title>
		<Font GUID="00000000-0000-0000-0000-000000000001" Name="Main Font" />
		<ActionSequence>
			<Action Type="Run">
				<RunWhat>SpecificProcecure</RunWhat>
				<Procedure>MainInitialization</Procedure>
				<AbortOnError>true</AbortOnError>
			</Action>
		</ActionSequence>
	</PageObject>
	<PageObject Type="Text">
		<Location top="24" left="96" bottom="48" right="342" />
		<StaticText>Branch Power Injections</StaticText>
		<Alignment>Center</Alignment>
		<Font GUID="00000000-0000-0000-0000-000000000001" Name="Main Font" />
		<TextColor RGB="#000000" />
	</PageObject>
	<PageObject Type="Text">
		<Location top="24" left="564" bottom="48" right="708" />
		<StaticText>Bus Voltages</StaticText>
		<Alignment>Center</Alignment>
		<Font GUID="00000000-0000-0000-0000-000000000001" Name="Main Font" />
		<TextColor RGB="#000000" />
	</PageObject>
	<PageObject Type="Text">
		<Location top="24" left="852" bottom="48" right="996" />
		<StaticText>Generation results</StaticText>
		<Alignment>Center</Alignment>
		<Font GUID="00000000-0000-0000-0000-000000000001" Name="Main Font" />
		<TextColor RGB="#000000" />
	</PageObject>
	<PageObject Type="Table">
		<Location top="42" left="1092" bottom="72" right="1230" />
		<TabOrder>9</TabOrder>
		<Font GUID="00000000-0000-0000-0000-000000000001" Name="Main Font" />
		<Border Style="InShadow" Width="2" MarginTop="5" MarginRight="5" MarginBottom="5" MarginLeft="5" />
		<BackgroundColor RGB="#ffffff" />
		<RowIndentation>3</RowIndentation>
		<ExplicitIdentifier>
			<Identifier>Sbase</Identifier>
			<FirstColumn>0</FirstColumn>
			<NumberFormat Width="4" Decimals="0" />
		</ExplicitIdentifier>
	</PageObject>
	<PageObject Type="Text">
		<Location top="24" left="1116" bottom="48" right="1206" />
		<StaticText>MW Base</StaticText>
		<Alignment>Center</Alignment>
		<Font GUID="00000000-0000-0000-0000-000000000001" Name="Main Font" />
		<TextColor RGB="#000000" />
	</PageObject>
	<PageObject Type="Text">
		<Location top="0" left="12" bottom="24" right="186" />
		<StaticText>CaseHVDC-ACDC</StaticText>
		<Alignment>Center</Alignment>
		<Font GUID="00000000-0000-0000-0000-000000000001" Name="Main Font" />
		<TextColor RGB="#000000" />
	</PageObject>
	<PageObject Type="Table">
		<Location top="90" left="1092" bottom="120" right="1230" />
		<TabOrder>8</TabOrder>
		<Font GUID="00000000-0000-0000-0000-000000000001" Name="Main Font" />
		<Border Style="InShadow" Width="2" MarginTop="5" MarginRight="5" MarginBottom="5" MarginLeft="5" />
		<BackgroundColor RGB="#ffffff" />
		<RowIndentation>3</RowIndentation>
		<ExplicitIdentifier>
			<Identifier>GenCost</Identifier>
			<FirstColumn>0</FirstColumn>
			<NumberFormat Width="10" Decimals="4" Alignment="Center" />
		</ExplicitIdentifier>
	</PageObject>
	<PageObject Type="Text">
		<Location top="72" left="1116" bottom="96" right="1206" />
		<StaticText>MW Base</StaticText>
		<Alignment>Center</Alignment>
		<Font GUID="00000000-0000-0000-0000-000000000001" Name="Main Font" />
		<TextColor RGB="#000000" />
	</PageObject>
	<UsedReferences>
		<Model>
			<Symbol>Sbase</Symbol>
			<Symbol>Pmax</Symbol>
			<Symbol>Qmax</Symbol>
			<Symbol>Qmin</Symbol>
			<Symbol>PCostCoeff</Symbol>
			<Symbol>QCostCoeff</Symbol>
			<Symbol>fb</Symbol>
			<Symbol>tb</Symbol>
			<Symbol>RateA</Symbol>
			<Symbol>Va</Symbol>
			<Symbol>Vm</Symbol>
			<Symbol>Pg</Symbol>
			<Symbol>Qg</Symbol>
			<Symbol>Pf</Symbol>
			<Symbol>Pt</Symbol>
			<Symbol>Qf</Symbol>
			<Symbol>Qt</Symbol>
			<Symbol>Sf</Symbol>
			<Symbol>St</Symbol>
			<Symbol>GenCost</Symbol>
			<Symbol>MainInitialization</Symbol>
			<Symbol>MainExecution</Symbol>
			<Symbol>b</Symbol>
			<Symbol>g</Symbol>
			<Symbol>l</Symbol>
			<Symbol>cc</Symbol>
		</Model>
	</UsedReferences>
</Page>
