<?xml version="1.0"?>
<ExportSettings>
	<ExcludedFile>backup</ExcludedFile>
	<ExcludedFile>data\data.csv</ExcludedFile>
	<ExcludedFile>data\data.json</ExcludedFile>
	<ExcludedFile>data\data.xlsx</ExcludedFile>
	<ExcludedFile>data\data2col.csv</ExcludedFile>
	<ExcludedFile>data\lines.parquet</ExcludedFile>
	<ExcludedFile>data\noStars.csv</ExcludedFile>
	<ExcludedFile>data\noStars.json</ExcludedFile>
	<ExcludedFile>data\noStars.parquet</ExcludedFile>
	<ExcludedFile>data\noStars.xlsx</ExcludedFile>
	<ExcludedFile>data\noStars2col.csv</ExcludedFile>
	<ExcludedFile>data\sample.json</ExcludedFile>
	<ExcludedFile>log</ExcludedFile>
	<ExcludedFile>PROTemp</ExcludedFile>
	<ExcludedFile>_Local_Libs_</ExcludedFile>
</ExportSettings>
