<?xml version="1.0"?>
<TemplateManager>
	<Template Name="Size Template" PageGUID="BB65003A-55DB-4DCE-856F-2EAB090B86E8" CrossLibraryDuplicate="66E08D8C-5677-49B5-970F-BB85475A48BE|6A8815C4-5811-47AB-BC76-82C3180C1295|Size Template">
		<Template Name="Navigation Template" PageGUID="C87A544A-212A-491E-BE49-4E4C90450998" CrossLibraryDuplicate="66E08D8C-5677-49B5-970F-BB85475A48BE|3241DDB1-55C5-441B-9DC8-359086631B74|Navigation Template">
			<Template Name="Background Info Template" PageGUID="00A08608-9850-42F9-8CFD-96A2BCBBBBC4" CrossLibraryDuplicate="66E08D8C-5677-49B5-970F-BB85475A48BE|153A8CDB-E916-4F3B-B652-41C25F2C9CB5|Background Info Template">
				<Page Name="AIMMS Demo" PageGUID="8D298103-C69A-4BD9-98FE-026AD4174798" />
			</Template>
			<Page Name="Rolling Horizon Illustrated" PageGUID="5F1B5C8A-E00B-42DE-9CE6-182E09638996" />
			<Page Name="Rolling Horizon vs Calendar" PageGUID="2506184D-4545-4D6C-AD67-BED0687DCEA9" />
		</Template>
	</Template>
	<Page Name="ResultsPerProductHorizon" PageGUID="5156736E-96D9-48B8-87D7-2B67D239EE05" />
	<Page Name="ResultsPerProductCalendar" PageGUID="4CB8DB6D-CE12-4E9B-A5FD-932080C98FD9" />
</TemplateManager>
