<?xml version="1.0" encoding="UTF-8"?>
<DockingPaneLayouts CompactMode="1">
	<DeveloperLayout>
		<Summary Panes="38" TopContainer="23" Client="28"/>
		<Pane-1 Type="0" DockingCX="250" DockingCY="250" Title="Model Explorer: Page Resizability.amb\nModel\n" ID="12" IconID="12" DockingHolder="26" LastHolder="26"/>
		<Pane-2 Type="0" DockingCX="250" DockingCY="250" Title="Model Explorer\nModel\n" ID="112" IconID="12" DockingHolder="29" LastHolder="29"/>
		<Pane-3 Type="0" DockingCX="250" DockingCY="250" Title="Identifier Selector\nIdentifiers\n" ID="13" IconID="13" DockingHolder="26" LastHolder="26"/>
		<Pane-4 Type="0" DockingCX="250" DockingCY="250" Title="Identifier Selector\nIdentifiers\n" ID="113" IconID="13" DockingHolder="29" LastHolder="29"/>
		<Pane-5 Type="0" DockingCX="250" DockingCY="250" Title="Page Manager\nPages\n" ID="14" IconID="14" DockingHolder="26" LastHolder="26"/>
		<Pane-6 Type="0" DockingCX="250" DockingCY="250" Title="Page Manager\nPages\n" ID="114" IconID="14" DockingHolder="29" LastHolder="29"/>
		<Pane-7 Type="0" DockingCX="250" DockingCY="250" Title="Template Manager\nTemplates\n" ID="15" IconID="15" DockingHolder="26" LastHolder="26"/>
		<Pane-8 Type="0" DockingCX="250" DockingCY="250" Title="Template Manager\nTemplates\n" ID="115" IconID="15" DockingHolder="29" LastHolder="29"/>
		<Pane-9 Type="0" DockingCX="250" DockingCY="250" Title="Menu Builder\nMenus\n" ID="16" IconID="16" DockingHolder="26" LastHolder="26"/>
		<Pane-10 Type="0" DockingCX="250" DockingCY="250" Title="Menu Builder\nMenus\n" ID="116" IconID="16" DockingHolder="29" LastHolder="29"/>
		<Pane-11 Type="0" DockingCX="250" DockingCY="250" Title="Data Manager\nData\n" ID="17" IconID="17" DockingHolder="26" LastHolder="26"/>
		<Pane-12 Type="0" DockingCX="250" DockingCY="250" Title="Data Manager\nData\n" ID="117" IconID="17" DockingHolder="29" LastHolder="29"/>
		<Pane-13 Type="0" DockingCX="250" DockingCY="250" Title="Data Management Setup\nData Setup\n" ID="18" IconID="18" DockingHolder="26" LastHolder="26"/>
		<Pane-14 Type="0" DockingCX="250" DockingCY="250" Title="Data Management Setup\nData Setup\n" ID="118" IconID="18" DockingHolder="29" LastHolder="29"/>
		<Pane-15 Type="0" DockingCX="250" DockingCY="250" Title="Project Window\nProject\n" ID="11" IconID="11" DockingHolder="26" LastHolder="26"/>
		<Pane-16 Type="0" DockingCX="250" DockingCY="250" Title="Messages\nMessages\n" ID="20" IconID="20" DockingHolder="30" LastHolder="30"/>
		<Pane-17 Type="0" DockingCX="250" DockingCY="250" Title="Errors/Warnings\nErrors/Warnings\n" ID="21" IconID="21" DockingHolder="30" LastHolder="30"/>
		<Pane-18 Type="0" DockingCX="250" DockingCY="250" Title="Progress\nProgress\n" ID="19" IconID="19" DockingHolder="27" LastHolder="27"/>
		<Pane-19 Type="0" DockingCX="200" DockingCY="200" Title="Resizable Page\n\n" ID="1000" IconID="1000" DockingHolder="31" FloatingHolder="38" LastHolder="38"/>
		<Pane-20 Type="0" DockingCX="200" DockingCY="200" Title="Nonresizable Page\n\n" ID="1001" IconID="1001" DockingHolder="32" FloatingHolder="38" LastHolder="38"/>
		<Pane-21 Type="0" DockingCX="200" DockingCY="200" Title="Complete Page\n\n" ID="1002" IconID="1002" DockingHolder="33" FloatingHolder="38" LastHolder="38"/>
		<Pane-22 Type="0" DockingCX="200" DockingCY="200" Title="Complete Page Nonresizable\n\n" ID="1003" IconID="1003" DockingHolder="34" FloatingHolder="38" LastHolder="38"/>
		<Pane-23 Type="2" Panes="6" Pane-1="24" Pane-2="30" Pane-3="31" Pane-4="32" Pane-5="33" Pane-6="34"/>
		<Pane-24 Type="2" DockingCY="541" Horiz="1" Panes="3" Pane-1="25" Pane-2="28" Pane-3="29"/>
		<Pane-25 Type="2" DockingCX="308" DockingCY="250" Panes="2" Pane-1="26" Pane-2="27"/>
		<Pane-26 Type="1" DockingCX="250" DockingCY="250" Panes="0"/>
		<Pane-27 Type="1" DockingCX="250" DockingCY="250" Panes="0"/>
		<Pane-28 Type="4" DockingCX="1288"/>
		<Pane-29 Type="1" DockingCX="250" DockingCY="250" Panes="0"/>
		<Pane-30 Type="1" DockingCX="250" DockingCY="250" Panes="0"/>
		<Pane-31 Type="1" DockingCX="200" DockingCY="200" Panes="0"/>
		<Pane-32 Type="1" DockingCX="200" DockingCY="200" Panes="0"/>
		<Pane-33 Type="1" DockingCX="200" DockingCY="200" Panes="0"/>
		<Pane-34 Type="1" DockingCX="200" DockingCY="200" Panes="0"/>
		<Pane-35 Type="5" Direction="3" Panes="0"/>
		<Pane-36 Type="3" WindowRectTopPos="207" WindowRectBottomPos="726" WindowRectLeftPos="444" WindowRectRightPos="1234" TopContaner="37"/>
		<Pane-37 Type="2" DockingCX="200" DockingCY="200" Horiz="1" Panes="1" Pane-1="38"/>
		<Pane-38 Type="1" DockingCX="200" DockingCY="200" Panes="0"/>
	</DeveloperLayout>
</DockingPaneLayouts>
