{
  "version": "4.67.0",
  "application": {
    "aimms.widget.type": {
      "literal": "application"
    },
    "theme.classic": {
      "literal": "NOT_ALLOWED"
    }
  },
  "pages/home": {
    "widgets": {
      "literal": [
        {
          "uri": "tag",
          "layoutInfo": {
            "width": "2",
            "height": "1",
            "customPosition": "checked",
            "pos": {
              "x": "950",
              "y": "150"
            }
          }
        },
        {
          "uri": "Get Images",
          "layoutInfo": {
            "width": "2",
            "height": "1",
            "customPosition": "checked",
            "pos": {
              "x": "950",
              "y": "100"
            }
          }
        },
        {
          "uri": "9_1",
          "layoutInfo": {
            "width": "4",
            "height": "2",
            "customPosition": "checked",
            "pos": {
              "x": "1190",
              "y": "810"
            }
          }
        },
        {
          "uri": "6",
          "layoutInfo": {
            "width": "3",
            "height": "2",
            "customPosition": "checked",
            "pos": {
              "x": "110",
              "y": "660"
            }
          }
        },
        {
          "uri": "7",
          "layoutInfo": {
            "width": "3",
            "height": "2",
            "customPosition": "checked",
            "pos": {
              "x": "610",
              "y": "870"
            }
          }
        },
        {
          "uri": "5",
          "layoutInfo": {
            "width": "3",
            "height": "2",
            "customPosition": "checked",
            "pos": {
              "x": "1830",
              "y": "820"
            }
          }
        },
        {
          "uri": "3",
          "layoutInfo": {
            "width": "3",
            "height": "2",
            "customPosition": "checked",
            "pos": {
              "x": "1860",
              "y": "370"
            }
          }
        },
        {
          "uri": "4",
          "layoutInfo": {
            "width": "3",
            "height": "2",
            "customPosition": "checked",
            "pos": {
              "x": "1390",
              "y": "70"
            }
          }
        },
        {
          "uri": "2",
          "layoutInfo": {
            "width": "2",
            "height": "2",
            "customPosition": "checked",
            "pos": {
              "x": "950",
              "y": "390"
            }
          }
        },
        {
          "uri": "photos",
          "layoutInfo": {
            "width": "7",
            "height": "2",
            "customPosition": "checked",
            "pos": {
              "x": "10",
              "y": "130"
            }
          }
        }
      ]
    }
  },
  "widgets/photos": {
    "aimms.widget.type": {
      "literal": "image"
    },
    "contents": {
      "literal": "1.jpg"
    }
  },
  "widgets/2": {
    "aimms.widget.type": {
      "literal": "image"
    },
    "contents": {
      "literal": "2.jpg"
    }
  },
  "widgets/3": {
    "aimms.widget.type": {
      "literal": "image"
    },
    "contents": {
      "literal": "5.jpg"
    }
  },
  "widgets/4": {
    "aimms.widget.type": {
      "literal": "image"
    },
    "contents": {
      "literal": "3.jpg"
    }
  },
  "widgets/5": {
    "aimms.widget.type": {
      "literal": "image"
    },
    "contents": {
      "literal": "6.jpg"
    }
  },
  "widgets/6": {
    "aimms.widget.type": {
      "literal": "image"
    },
    "contents": {
      "literal": "8.jpg"
    }
  },
  "widgets/7": {
    "aimms.widget.type": {
      "literal": "image"
    },
    "contents": {
      "literal": "7.jpg"
    }
  },
  "widgets/8": {
    "aimms.widget.type": {
      "literal": "image"
    },
    "contents": {
      "literal": "The Red-Eyed Leaf (Tree) Frog of Costa Rica [ShotHotspot.com].JPG"
    }
  },
  "widgets/9": {
    "aimms.widget.type": {
      "literal": "image"
    },
    "contents": {
      "literal": "The Red-Eyed Leaf (Tree) Frog of Costa Rica [ShotHotspot.com].jpg"
    }
  },
  "widgets/9_1": {
    "aimms.widget.type": {
      "literal": "image"
    },
    "contents": {
      "literal": "4.jpg"
    }
  },
  "widgets/GetImages": {
    "contents": {
      "aimms": {
        "contents": [
          "PR_GetGalleryId"
        ]
      }
    },
    "aimms.widget.type": {
      "literal": "table"
    }
  },
  "widgets/Get Images": {
    "aimms.widget.type": {
      "literal": "button"
    },
    "title": {
      "literal": "Get Images"
    },
    "action": {
      "literal": {
        "type": "procedure",
        "value": "PR_GoingFurther"
      }
    }
  },
  "widgets/tags": {
    "aimms.widget.type": {
      "literal": "label"
    },
    "contents": {
      "aimms": {
        "contents": [
          "SP_tags"
        ]
      }
    }
  },
  "widgets/tag": {
    "contents": {
      "aimms": {
        "contents": [
          "SP_tags"
        ]
      }
    },
    "aimms.widget.type": {
      "literal": "scalar"
    }
  }
}