<?xml version="1.0"?>
<TemplateManager>
	<Template Name="Size Template" PageGUID="535AC95D-AC3A-4E7F-A76A-7384F2A17043" CrossLibraryDuplicate="66E08D8C-5677-49B5-970F-BB85475A48BE|6A8815C4-5811-47AB-BC76-82C3180C1295|Size Template">
		<Template Name="Navigation Template" PageGUID="4CA6176E-1272-4610-AF2B-95DFE340AE67" CrossLibraryDuplicate="66E08D8C-5677-49B5-970F-BB85475A48BE|3241DDB1-55C5-441B-9DC8-359086631B74|Navigation Template">
			<Template Name="Background Info Template" PageGUID="E0C03625-02D3-48D2-A131-B714D8E11073" CrossLibraryDuplicate="66E08D8C-5677-49B5-970F-BB85475A48BE|153A8CDB-E916-4F3B-B652-41C25F2C9CB5|Background Info Template">
				<Page Name="AIMMS Demo - Aggregate Example" PageGUID="206F579A-4CEE-456C-A458-DDEA62C7D23C" />
			</Template>
			<Page Name="Aggregate Example" PageGUID="86181F83-E6B2-49F7-98C8-D9308127DBE3" />
		</Template>
	</Template>
</TemplateManager>
