<?xml version="1.0"?>
<Page Version="4000" TimeStamp="2009-02-26 01:52:21">
	<Location top="23" left="4" bottom="644" right="768" />
	<PageEditSize Type="Inherited">
		<Size Width="772" Height="622" />
	</PageEditSize>
	<ProjectUUID>F6F7BFDB-3213-402B-8599-37A1EB70A693</ProjectUUID>
	<TemplatesTabOrderPosition>1</TemplatesTabOrderPosition>
	<ResizeData>
		<MainArea Line="FixedFromTop" Value="99">
			<TopArea Line="FixedFromLeft" Value="200" />
			<BottomArea Line="FixedFromLeft" Value="200">
				<LeftArea Line="FixedFromTop" Value="204">
					<BottomArea Line="FixedFromBottom" Value="70">
						<TopArea Line="FixedFromTop" Value="232" />
					</BottomArea>
				</LeftArea>
				<RightArea Line="FixedFromTop" Value="85">
					<BottomArea Line="FixedFromTop" Value="170" />
				</RightArea>
			</BottomArea>
		</MainArea>
	</ResizeData>
	<Background>
		<UserColor GUID="A3F7D4E9-6AD2-4DF0-9627-93C29DDFEB1D">white</UserColor>
	</Background>
	<HorizontalGridDistance>3</HorizontalGridDistance>
	<VerticalGridDistance>3</VerticalGridDistance>
	<PageObject Type="Text">
		<Location top="189" left="207" bottom="321" right="765" />
		<StaticText>On this page you can compare the computed flows and compositions of two or more cases.

You can create a selection of multiple cases by 
- selecting cases in the Data Manager, and 
- add these to the Multiple Case Selection.</StaticText>
		<Font GUID="C82FBF27-1614-41C9-B718-A431388D2B5A" Name="General Text" />
		<TextColor>
			<UserColor GUID="23F33851-505F-45B5-AA1F-5360CB8B3EFB">Text Blue</UserColor>
		</TextColor>
	</PageObject>
	<PageObject Type="Text">
		<Location top="336" left="210" bottom="360" right="480" />
		<StaticText>Case comparison of flows and compositions:</StaticText>
		<Font GUID="107CF1DD-5B8E-41FC-BD55-10C950947E3C" Name="Headers" />
		<TextColor>
			<UserColor GUID="1605E3DF-B5DF-451D-96AE-49E4D21C92F9">default selection</UserColor>
		</TextColor>
	</PageObject>
	<PageObject Type="Table">
		<MultipleCases>true</MultipleCases>
		<Location top="363" left="207" bottom="573" right="483" />
		<TabOrder>4</TabOrder>
		<Font GUID="C82FBF27-1614-41C9-B718-A431388D2B5A" Name="General Text" />
		<Border Style="InShadow" Width="2" MarginTop="5" MarginRight="5" MarginBottom="5" MarginLeft="5" />
		<BackgroundColor RGB="#ffffff" />
		<TextColor>
			<UserColor GUID="1605E3DF-B5DF-451D-96AE-49E4D21C92F9">default selection</UserColor>
		</TextColor>
		<InputColor RGB="#000080" />
		<RowIndentation>3</RowIndentation>
		<ElementTextAsTooltip>false</ElementTextAsTooltip>
		<ExplicitIdentifier>
			<Identifier>MeasuredFlow( f -&gt; FlowEl )</Identifier>
			<FirstColumn>1</FirstColumn>
			<HeaderText>"Meas"</HeaderText>
			<NumberFormat Width="7" Decimals="2" Alignment="Center" />
			<Color>RGB 008000</Color>
		</ExplicitIdentifier>
		<ExplicitIdentifier>
			<Identifier>Flow( f -&gt; FlowEl )</Identifier>
			<FirstColumn>1</FirstColumn>
			<HeaderText>"Flow"</HeaderText>
			<NumberFormat Width="7" Decimals="2" Alignment="Center" />
			<Color>RGB 800000</Color>
		</ExplicitIdentifier>
		<ExplicitIdentifier>
			<Identifier>ObservedFlowError( f -&gt; FlowEl )</Identifier>
			<FirstColumn>1</FirstColumn>
			<HeaderText>"Error"</HeaderText>
			<NumberFormat Width="5" Decimals="2" Alignment="Center" />
			<Color>RGB 0000ff</Color>
		</ExplicitIdentifier>
	</PageObject>
	<PageObject Type="Table">
		<MultipleCases>true</MultipleCases>
		<Location top="363" left="492" bottom="573" right="762" />
		<TabOrder>5</TabOrder>
		<Font GUID="C82FBF27-1614-41C9-B718-A431388D2B5A" Name="General Text" />
		<Border Style="InShadow" Width="2" MarginTop="2" MarginRight="2" MarginBottom="2" MarginLeft="2" />
		<BackgroundColor RGB="#ffffff" />
		<TextColor>
			<UserColor GUID="1605E3DF-B5DF-451D-96AE-49E4D21C92F9">default selection</UserColor>
		</TextColor>
		<InputColor RGB="#000080" />
		<RowIndentation>3</RowIndentation>
		<MultiLineHeaders>true</MultiLineHeaders>
		<ElementTextAsTooltip>false</ElementTextAsTooltip>
		<ExplicitIdentifier>
			<Identifier>MappedMeasuredComposition( FlowEl, c )</Identifier>
			<Permutation>[1,0]</Permutation>
			<FirstColumn>2</FirstColumn>
			<HeaderText>"Meas"</HeaderText>
			<NumberFormat Width="6" Decimals="2" Alignment="Center" />
			<Color>RGB 004000</Color>
		</ExplicitIdentifier>
		<ExplicitIdentifier>
			<Identifier>MappedComposition( FlowEl, c )</Identifier>
			<Permutation>[1,0]</Permutation>
			<FirstColumn>2</FirstColumn>
			<HeaderText>"Comp"</HeaderText>
			<NumberFormat Width="6" Decimals="2" Alignment="Center" />
			<Color>RGB 800000</Color>
		</ExplicitIdentifier>
		<ExplicitIdentifier>
			<Identifier>ObservedCompositionError( FlowEl, c )</Identifier>
			<Permutation>[1,0]</Permutation>
			<FirstColumn>2</FirstColumn>
			<HeaderText>"Error"</HeaderText>
			<NumberFormat Width="5" Decimals="2" Alignment="Center" />
			<Color>RGB 0000ff</Color>
		</ExplicitIdentifier>
	</PageObject>
	<PageObject Type="Selection Object">
		<SelectionType>DropDownList</SelectionType>
		<Location top="327" left="615" bottom="351" right="762" />
		<TabOrder>2</TabOrder>
		<Font GUID="C82FBF27-1614-41C9-B718-A431388D2B5A" Name="General Text" />
		<TextShown>ElementName</TextShown>
		<Border Style="None" />
		<BackgroundColor RGB="#ffffff" />
		<TextColor>
			<UserColor GUID="1605E3DF-B5DF-451D-96AE-49E4D21C92F9">default selection</UserColor>
		</TextColor>
		<ExplicitIdentifier>
			<Identifier>FlowEl</Identifier>
		</ExplicitIdentifier>
	</PageObject>
	<PageObject Type="Text">
		<Location top="336" left="492" bottom="360" right="705" />
		<StaticText>Composition of:</StaticText>
		<Font GUID="107CF1DD-5B8E-41FC-BD55-10C950947E3C" Name="Headers" />
		<TextColor>
			<UserColor GUID="1605E3DF-B5DF-451D-96AE-49E4D21C92F9">default selection</UserColor>
		</TextColor>
	</PageObject>
	<PageObject Type="Button">
		<Location top="507" left="9" bottom="534" right="195" />
		<TabOrder>3</TabOrder>
		<ButtonType>Text</ButtonType>
		<Title>"Select Cases"</Title>
		<Font GUID="0BDEF216-23B3-4F0F-B5D6-83C5A7303CF9" Name="Buttons" />
		<ActionSequence>
			<Action Type="MenuCommand">
				<Command>Data-Multiple Cases</Command>
			</Action>
		</ActionSequence>
	</PageObject>
	<UsedReferences>
		<Model>
			<Symbol>MappedMeasuredComposition</Symbol>
			<Symbol>c</Symbol>
			<Symbol>f</Symbol>
			<Symbol>ObservedCompositionError</Symbol>
			<Symbol>ObservedFlowError</Symbol>
			<Symbol>Flows</Symbol>
			<Symbol>MeasuredFlow</Symbol>
			<Symbol>Flow</Symbol>
			<Symbol>MappedComposition</Symbol>
			<Symbol>FlowEl</Symbol>
		</Model>
	</UsedReferences>
</Page>
