<?xml version="1.0"?>
<Page Version="4000" TimeStamp="2015-03-09 13:28:12">
	<Location top="23" left="4" bottom="644" right="768" />
	<PageEditSize Type="Inherited">
		<Size Width="772" Height="622" />
	</PageEditSize>
	<ProjectUUID>F6F7BFDB-3213-402B-8599-37A1EB70A693</ProjectUUID>
	<Title>"Components"</Title>
	<TemplatesTabOrderPosition>1</TemplatesTabOrderPosition>
	<ResizeData>
		<MainArea Line="FixedFromTop" Value="99">
			<TopArea Line="FixedFromLeft" Value="200" />
			<BottomArea Line="FixedFromLeft" Value="249">
				<LeftArea Line="FixedFromTop" Value="204">
					<BottomArea Line="FixedFromBottom" Value="70">
						<TopArea Line="FixedFromTop" Value="232" />
					</BottomArea>
				</LeftArea>
				<RightArea Line="FixedFromTop" Value="85">
					<BottomArea Line="FixedFromTop" Value="170" />
				</RightArea>
			</BottomArea>
		</MainArea>
	</ResizeData>
	<Background>
		<UserColor GUID="A3F7D4E9-6AD2-4DF0-9627-93C29DDFEB1D">white</UserColor>
	</Background>
	<HorizontalGridDistance>3</HorizontalGridDistance>
	<VerticalGridDistance>3</VerticalGridDistance>
	<PageObject Type="Text">
		<Location top="189" left="207" bottom="336" right="762" />
		<StaticText>On this page you must define all chemical components that are included in a flow anywhere in the chemical process to which you want to apply the data reconciliation model.

In addition, you must specify the molar mass of each component, which will allow the model to impose flow balances for all components over the process units.</StaticText>
		<Font GUID="C82FBF27-1614-41C9-B718-A431388D2B5A" Name="General Text" />
		<TextColor>
			<UserColor GUID="23F33851-505F-45B5-AA1F-5360CB8B3EFB">Text Blue</UserColor>
		</TextColor>
	</PageObject>
	<PageObject Type="Text">
		<Location top="336" left="210" bottom="366" right="426" />
		<StaticText>Add components:</StaticText>
		<Font GUID="107CF1DD-5B8E-41FC-BD55-10C950947E3C" Name="Headers" />
		<TextColor>
			<UserColor GUID="1605E3DF-B5DF-451D-96AE-49E4D21C92F9">default selection</UserColor>
		</TextColor>
	</PageObject>
	<PageObject Type="Text">
		<Location top="336" left="447" bottom="360" right="681" />
		<StaticText>Define molar component mass:</StaticText>
		<Font GUID="107CF1DD-5B8E-41FC-BD55-10C950947E3C" Name="Headers" />
		<TextColor>
			<UserColor GUID="1605E3DF-B5DF-451D-96AE-49E4D21C92F9">default selection</UserColor>
		</TextColor>
	</PageObject>
	<PageObject Type="Table">
		<Location top="360" left="447" bottom="570" right="663" />
		<TabOrder>3</TabOrder>
		<Font GUID="C82FBF27-1614-41C9-B718-A431388D2B5A" Name="General Text" />
		<Border Style="InShadow" Width="2" MarginTop="5" MarginRight="5" MarginBottom="5" MarginLeft="5" />
		<BackgroundColor RGB="#ffffff" />
		<TextColor>
			<UserColor GUID="1605E3DF-B5DF-451D-96AE-49E4D21C92F9">default selection</UserColor>
		</TextColor>
		<InputColor RGB="#000080" />
		<RowIndentation>3</RowIndentation>
		<ElementTextAsTooltip>false</ElementTextAsTooltip>
		<ExplicitIdentifier>
			<Identifier>MolarComponentMass( c )</Identifier>
			<FirstColumn>1</FirstColumn>
			<HeaderText>"Molar component mass"</HeaderText>
			<NumberFormat Width="7" Decimals="3" Alignment="Center" />
			<Unit Display="InTitle" />
		</ExplicitIdentifier>
	</PageObject>
	<PageObject Type="Selection Object">
		<SelectionType>ListBox</SelectionType>
		<Location top="360" left="210" bottom="570" right="426" />
		<TabOrder>2</TabOrder>
		<Font GUID="C82FBF27-1614-41C9-B718-A431388D2B5A" Name="General Text" />
		<TextShown>ElementName</TextShown>
		<EditField>AtTop</EditField>
		<AddAndRemoveButtons>true</AddAndRemoveButtons>
		<Border Style="InShadow" Width="2" MarginTop="2" MarginRight="2" MarginBottom="2" MarginLeft="2" />
		<BackgroundColor RGB="#ffffff" />
		<TextColor>
			<UserColor GUID="1605E3DF-B5DF-451D-96AE-49E4D21C92F9">default selection</UserColor>
		</TextColor>
		<MultipleColumns>true</MultipleColumns>
		<ExplicitIdentifier>
			<Identifier>Components(Components)</Identifier>
		</ExplicitIdentifier>
	</PageObject>
	<UsedReferences>
		<Model>
			<Symbol>Components</Symbol>
			<Symbol>MolarComponentMass</Symbol>
			<Symbol>c</Symbol>
		</Model>
	</UsedReferences>
</Page>
