<?xml version="1.0"?>
<Page Version="4000" TimeStamp="2015-03-09 13:28:12">
	<Location top="23" left="4" bottom="644" right="768" />
	<PageEditSize Type="Inherited">
		<Size Width="772" Height="622" />
	</PageEditSize>
	<ProjectUUID>F6F7BFDB-3213-402B-8599-37A1EB70A693</ProjectUUID>
	<TemplatesTabOrderPosition>4</TemplatesTabOrderPosition>
	<ResizeData>
		<MainArea Line="FixedFromTop" Value="99">
			<TopArea Line="FixedFromLeft" Value="200" />
			<BottomArea Line="FixedFromLeft" Value="201">
				<LeftArea Line="FixedFromTop" Value="204">
					<BottomArea Line="FixedFromTop" Value="116" />
				</LeftArea>
				<RightArea Line="FixedFromTop" Value="85">
					<BottomArea Line="FixedFromLeft" Value="47">
						<RightArea Line="FixedFromRight" Value="516" />
					</BottomArea>
				</RightArea>
			</BottomArea>
		</MainArea>
	</ResizeData>
	<Background>
		<UserColor GUID="A3F7D4E9-6AD2-4DF0-9627-93C29DDFEB1D">white</UserColor>
	</Background>
	<HorizontalGridDistance>3</HorizontalGridDistance>
	<VerticalGridDistance>3</VerticalGridDistance>
	<PageObject Type="Navigation Object">
		<Location top="186" left="15" bottom="333" right="195" />
		<TabOrder>1</TabOrder>
		<TabStop>false</TabStop>
		<Font GUID="C82FBF27-1614-41C9-B718-A431388D2B5A" Name="General Text" />
		<Border Style="None" Width="2" />
		<Display>Text</Display>
		<NumberVisible>5</NumberVisible>
		<Spacing>4</Spacing>
		<BackgroundColor Transparent="true" />
		<TextColor>
			<UserColor GUID="1798981A-C40D-4713-BC08-E97545963465">Link</UserColor>
		</TextColor>
		<NavigationData>
			<ReferencePage>ThisPage</ReferencePage>
			<NumberOfGenerations>1</NumberOfGenerations>
			<ActionSequence>
				<Action Type="GotoNavigationPage" />
				<Action Type="Run">
					<RunWhat>PageProcedure</RunWhat>
				</Action>
				<Action Type="ClosePage" />
			</ActionSequence>
		</NavigationData>
	</PageObject>
	<PageObject Type="Text">
		<Location top="189" left="207" bottom="615" right="762" />
		<SourceType>File</SourceType>
		<FileName LiteralFileName="true">"description.txt"</FileName>
		<Font GUID="C82FBF27-1614-41C9-B718-A431388D2B5A" Name="General Text" />
		<TextColor>
			<UserColor GUID="23F33851-505F-45B5-AA1F-5360CB8B3EFB">Text Blue</UserColor>
		</TextColor>
	</PageObject>
	<PageObject Type="Text">
		<Location top="597" left="14" bottom="615" right="207" />
		<StaticText>© AIMMS B.V., 2015</StaticText>
		<Font GUID="EB2FCD65-1A81-45EB-BE5B-E26C38FA5C00" Name="default" />
		<TextColor>
			<UserColor GUID="23F33851-505F-45B5-AA1F-5360CB8B3EFB">Text Blue</UserColor>
		</TextColor>
	</PageObject>
	<PageObject Type="Button">
		<Location top="333" left="6" bottom="357" right="192" />
		<TabOrder>2</TabOrder>
		<ButtonType>Text</ButtonType>
		<Transparent>true</Transparent>
		<Font GUID="0BDEF216-23B3-4F0F-B5D6-83C5A7303CF9" Name="Buttons" />
		<ActionSequence>
			<Action Type="Run">
				<RunWhat>SpecificProcecure</RunWhat>
				<Procedure>NewCase</Procedure>
				<AbortOnError>true</AbortOnError>
			</Action>
			<Action Type="LinkedPage">
				<Page PageGUID="EED3EC7F-80DF-4A8D-A52A-957FB941BFEE" Name="Units" />
			</Action>
			<Action Type="Run">
				<RunWhat>PageProcedure</RunWhat>
			</Action>
			<Action Type="ClosePage" />
		</ActionSequence>
	</PageObject>
	<PageObject Type="Button">
		<Location top="363" left="6" bottom="387" right="192" />
		<TabOrder>3</TabOrder>
		<ButtonType>Text</ButtonType>
		<Transparent>true</Transparent>
		<Font GUID="0BDEF216-23B3-4F0F-B5D6-83C5A7303CF9" Name="Buttons" />
		<ActionSequence>
			<Action Type="Run">
				<RunWhat>SpecificProcecure</RunWhat>
				<Procedure>LoadNH3Example</Procedure>
				<AbortOnError>true</AbortOnError>
			</Action>
			<Action Type="LinkedPage">
				<Page PageGUID="EED3EC7F-80DF-4A8D-A52A-957FB941BFEE" Name="Units" />
			</Action>
			<Action Type="Run">
				<RunWhat>PageProcedure</RunWhat>
			</Action>
			<Action Type="ClosePage" />
		</ActionSequence>
	</PageObject>
	<PageObject Type="Text">
		<Location top="336" left="18" bottom="354" right="198" />
		<StaticText>Clear Dataset</StaticText>
		<Font GUID="C82FBF27-1614-41C9-B718-A431388D2B5A" Name="General Text" />
		<TextColor>
			<UserColor GUID="1798981A-C40D-4713-BC08-E97545963465">Link</UserColor>
		</TextColor>
	</PageObject>
	<PageObject Type="Text">
		<Location top="366" left="18" bottom="387" right="195" />
		<StaticText>Load Complete NH3 Example</StaticText>
		<Font GUID="C82FBF27-1614-41C9-B718-A431388D2B5A" Name="General Text" />
		<TextColor>
			<UserColor GUID="1798981A-C40D-4713-BC08-E97545963465">Link</UserColor>
		</TextColor>
	</PageObject>
	<UsedReferences>
		<Model>
			<Symbol>NewCase</Symbol>
			<Symbol>LoadNH3Example</Symbol>
		</Model>
	</UsedReferences>
</Page>
