<?xml version="1.0"?>
<Page Version="4000" TimeStamp="2009-02-26 01:52:21">
	<Location top="23" left="4" bottom="644" right="768" />
	<PageEditSize Type="Inherited">
		<Size Width="772" Height="622" />
	</PageEditSize>
	<ProjectUUID>F6F7BFDB-3213-402B-8599-37A1EB70A693</ProjectUUID>
	<UpdateAllIdentifiers>true</UpdateAllIdentifiers>
	<TemplatesTabOrderPosition>1</TemplatesTabOrderPosition>
	<ResizeData>
		<MainArea Line="FixedFromTop" Value="99">
			<TopArea Line="FixedFromLeft" Value="200" />
			<BottomArea Line="FixedFromLeft" Value="200">
				<LeftArea Line="FixedFromTop" Value="204">
					<BottomArea Line="FixedFromBottom" Value="70">
						<TopArea Line="FixedFromTop" Value="232" />
					</BottomArea>
				</LeftArea>
				<RightArea Line="FixedFromTop" Value="85">
					<BottomArea Line="FixedFromTop" Value="170" />
				</RightArea>
			</BottomArea>
		</MainArea>
	</ResizeData>
	<Background>
		<UserColor GUID="A3F7D4E9-6AD2-4DF0-9627-93C29DDFEB1D">white</UserColor>
	</Background>
	<Action>
		<UpdateAllIdentifiers>true</UpdateAllIdentifiers>
	</Action>
	<HorizontalGridDistance>3</HorizontalGridDistance>
	<VerticalGridDistance>3</VerticalGridDistance>
	<PageObject Type="Text">
		<Location top="189" left="207" bottom="285" right="768" />
		<StaticText>This page displays the errors in a flow chart. 

Flows with any flow or composition error above the threshold are displayed red. By clicking on a flow you get to see all relevant data in tabular format on the left.</StaticText>
		<Font GUID="C82FBF27-1614-41C9-B718-A431388D2B5A" Name="General Text" />
		<TextColor>
			<UserColor GUID="23F33851-505F-45B5-AA1F-5360CB8B3EFB">Text Blue</UserColor>
		</TextColor>
	</PageObject>
	<PageObject Type="Text">
		<Location top="309" left="207" bottom="330" right="321" />
		<StaticText>Flow data:</StaticText>
		<Font GUID="107CF1DD-5B8E-41FC-BD55-10C950947E3C" Name="Headers" />
		<TextColor>
			<UserColor GUID="23F33851-505F-45B5-AA1F-5360CB8B3EFB">Text Blue</UserColor>
		</TextColor>
	</PageObject>
	<PageObject Type="Text">
		<Location top="309" left="489" bottom="327" right="645" />
		<StaticText>Flow chart:</StaticText>
		<Font GUID="107CF1DD-5B8E-41FC-BD55-10C950947E3C" Name="Headers" />
		<TextColor>
			<UserColor GUID="23F33851-505F-45B5-AA1F-5360CB8B3EFB">Text Blue</UserColor>
		</TextColor>
	</PageObject>
	<PageObject Type="Table">
		<Location top="465" left="207" bottom="615" right="480" />
		<TabOrder>4</TabOrder>
		<TabStop>false</TabStop>
		<Font GUID="C82FBF27-1614-41C9-B718-A431388D2B5A" Name="General Text" />
		<Border Style="InShadow" Width="2" MarginTop="5" MarginRight="5" MarginBottom="5" MarginLeft="5" />
		<BackgroundColor RGB="#ffffff" />
		<TextColor>
			<UserColor GUID="1605E3DF-B5DF-451D-96AE-49E4D21C92F9">default selection</UserColor>
		</TextColor>
		<InputColor RGB="#000080" />
		<RowIndentation>3</RowIndentation>
		<RemoveDefaults>true</RemoveDefaults>
		<ElementTextAsTooltip>false</ElementTextAsTooltip>
		<ExplicitIdentifier>
			<Identifier>MappedMeasuredComposition( FlowEl, c )</Identifier>
			<Permutation>[1,0]</Permutation>
			<FirstColumn>2</FirstColumn>
			<HeaderText>"Measured"</HeaderText>
			<NumberFormat Width="6" Decimals="2" Alignment="Center" />
			<Unit Display="InTitle" />
		</ExplicitIdentifier>
		<ExplicitIdentifier>
			<Identifier>MappedComposition( FlowEl, c )</Identifier>
			<Permutation>[1,0]</Permutation>
			<FirstColumn>2</FirstColumn>
			<HeaderText>"Composition"</HeaderText>
			<NumberFormat Width="6" Decimals="2" Alignment="Center" />
			<Unit Display="InTitle" />
		</ExplicitIdentifier>
		<ExplicitIdentifier>
			<Identifier>ComponentFlow( FlowEl, c )</Identifier>
			<Permutation>[1,0]</Permutation>
			<FirstColumn>2</FirstColumn>
			<HeaderText>"Flow"</HeaderText>
			<NumberFormat Width="7" Decimals="4" Alignment="Center" />
			<Unit Display="InTitle" />
		</ExplicitIdentifier>
		<ExplicitIdentifier>
			<Identifier>ObservedCompositionError( FlowEl, c )</Identifier>
			<Permutation>[1,0]</Permutation>
			<FirstColumn>2</FirstColumn>
			<HeaderText>"Error"</HeaderText>
			<NumberFormat Width="6" Decimals="1" Alignment="Center" />
			<Color>FlowErrorColor( FlowEl )</Color>
		</ExplicitIdentifier>
	</PageObject>
	<PageObject Type="Selection Object">
		<SelectionType>DropDownList</SelectionType>
		<Location top="357" left="206" bottom="387" right="317" />
		<TabOrder>2</TabOrder>
		<Font GUID="C82FBF27-1614-41C9-B718-A431388D2B5A" Name="General Text" />
		<TextShown>ElementName</TextShown>
		<Border Style="None" Width="2" MarginTop="2" MarginRight="2" MarginBottom="2" MarginLeft="2" />
		<BackgroundColor RGB="#ffffff" />
		<TextColor>
			<UserColor GUID="1605E3DF-B5DF-451D-96AE-49E4D21C92F9">default selection</UserColor>
		</TextColor>
		<ExplicitIdentifier>
			<Identifier>FlowEl</Identifier>
		</ExplicitIdentifier>
	</PageObject>
	<PageObject Type="Scalar">
		<Location top="360" left="318" bottom="459" right="480" />
		<TabOrder>5</TabOrder>
		<TabStop>false</TabStop>
		<Font GUID="C82FBF27-1614-41C9-B718-A431388D2B5A" Name="General Text" />
		<Border Style="InShadow" Width="2" MarginTop="1" MarginRight="1" MarginBottom="1" MarginLeft="1" />
		<BackgroundColor RGB="#ffffff" />
		<TextColor>
			<UserColor GUID="1605E3DF-B5DF-451D-96AE-49E4D21C92F9">default selection</UserColor>
		</TextColor>
		<SelectionColor RGB="#000080" />
		<Layout>Text-Value</Layout>
		<SeparatorSign>=</SeparatorSign>
		<ExplicitIdentifier>
			<Identifier>MeasuredFlow( FlowEl )</Identifier>
			<Unit AlternativeUnit="[ton/h]" Display="PerValue" />
			<NumberFormat Width="7" Decimals="2" Alignment="Center" />
			<Title>"Measured"</Title>
		</ExplicitIdentifier>
		<ExplicitIdentifier>
			<Identifier>Flow( FlowEl )</Identifier>
			<Unit AlternativeUnit="[ton/h]" Display="PerValue" />
			<NumberFormat Width="7" Decimals="2" Alignment="Center" ShowDefaults="true" />
			<Title>"Flow"</Title>
		</ExplicitIdentifier>
		<ExplicitIdentifier>
			<Identifier>MappedMoleFlow( FlowEl )</Identifier>
			<Unit Display="PerValue" />
			<NumberFormat Width="7" Decimals="4" Alignment="Center" />
			<Title>" "</Title>
		</ExplicitIdentifier>
		<ExplicitIdentifier>
			<Identifier>ObservedFlowError( FlowEl )</Identifier>
			<NumberFormat Width="6" Decimals="1" Alignment="Center" />
			<Color>FlowErrorColor( FlowEl )</Color>
			<Title>"Error"</Title>
		</ExplicitIdentifier>
	</PageObject>
	<PageObject Type="Scalar">
		<Location top="333" left="714" bottom="354" right="762" />
		<TabOrder>3</TabOrder>
		<Font GUID="C82FBF27-1614-41C9-B718-A431388D2B5A" Name="General Text" />
		<Border Style="InShadow" Width="2" MarginTop="1" MarginRight="1" MarginBottom="1" MarginLeft="2" />
		<BackgroundColor RGB="#ffffff" />
		<SelectionColor RGB="#000080" />
		<Layout>SingleLineEditField</Layout>
		<SeparatorSign>=</SeparatorSign>
		<ExplicitIdentifier>
			<Identifier>ShowErrorThreshold</Identifier>
			<NumberFormat Width="5" Decimals="1" Alignment="Center" ShowDefaults="true" />
		</ExplicitIdentifier>
	</PageObject>
	<PageObject Type="Text">
		<Location top="336" left="492" bottom="354" right="714" />
		<StaticText>Shown error threshold:</StaticText>
		<Font GUID="C82FBF27-1614-41C9-B718-A431388D2B5A" Name="General Text" />
		<TextColor>
			<UserColor GUID="23F33851-505F-45B5-AA1F-5360CB8B3EFB">Text Blue</UserColor>
		</TextColor>
	</PageObject>
	<PageObject Type="Network Object">
		<Location top="360" left="489" bottom="615" right="762" />
		<ReadOnly>"Yes"</ReadOnly>
		<TabOrder>6</TabOrder>
		<TabStop>false</TabStop>
		<PopupMenu None="true" />
		<Font GUID="C82FBF27-1614-41C9-B718-A431388D2B5A" Name="General Text" />
		<Border Style="InShadow" Width="2" MarginTop="2" MarginRight="2" MarginBottom="2" MarginLeft="2" />
		<BackgroundColor>
			<UserColor GUID="CCB23DE4-D3C9-4647-BE46-7A1779576484">Background yellow</UserColor>
		</BackgroundColor>
		<SelectionColor RGB="#000080" />
		<AllowZoom>false</AllowZoom>
		<EqualXYScale>false</EqualXYScale>
		<ScrollControl>NoScrolling</ScrollControl>
		<VisibleArea>
			<Left>NetworkBound( 'Left' )</Left>
			<Right>NetworkBound( 'Right' )</Right>
			<Top>NetworkBound( 'Top' )</Top>
			<Bottom>NetworkBound( 'Bottom' )</Bottom>
		</VisibleArea>
		<Node>
			<Identifier>n</Identifier>
			<XCoordinate>NodeCoordinate( n -&gt; NodeEl, 'x' )</XCoordinate>
			<YCoordinate>NodeCoordinate( n, 'y' )</YCoordinate>
			<NumberFormat Width="6" Decimals="2" />
			<MaximumSize>8</MaximumSize>
			<TextPosition>Top</TextPosition>
			<TextShowWhat>OtherIdentifier</TextShowWhat>
			<Color>NodeColor( n )</Color>
			<Size>NodeSize( n )</Size>
			<Text>UnitMap( n )</Text>
			<Shape>Circle</Shape>
		</Node>
		<Arc>
			<Identifier>FlowMap( f -&gt; FlowEl, nto -&gt; SourceNode, nfrom -&gt; DestinationNode )</Identifier>
			<NumberFormat Width="6" Decimals="2" />
			<MaximumSize>8</MaximumSize>
			<TextPosition>Right</TextPosition>
			<TextShowWhat>OtherIdentifier</TextShowWhat>
			<Color>UnitErrorColor( f )</Color>
			<Text>"f"</Text>
			<Shape>Straight</Shape>
			<FirstSegment>Horizontal</FirstSegment>
			<ClickWhere>EntireArc</ClickWhere>
		</Arc>
	</PageObject>
	<UsedReferences>
		<Model>
			<Symbol>MappedMeasuredComposition</Symbol>
			<Symbol>MappedMoleFlow</Symbol>
			<Symbol>c</Symbol>
			<Symbol>f</Symbol>
			<Symbol>n</Symbol>
			<Symbol>nto</Symbol>
			<Symbol>DestinationNode</Symbol>
			<Symbol>FlowMap</Symbol>
			<Symbol>NodeEl</Symbol>
			<Symbol>UnitMap</Symbol>
			<Symbol>NetworkBound</Symbol>
			<Symbol>NodeSize</Symbol>
			<Symbol>FlowErrorColor</Symbol>
			<Symbol>ComponentFlow</Symbol>
			<Symbol>nfrom</Symbol>
			<Symbol>ObservedCompositionError</Symbol>
			<Symbol>ObservedFlowError</Symbol>
			<Symbol>Flows</Symbol>
			<Symbol>NodeCoordinate</Symbol>
			<Symbol>ShowErrorThreshold</Symbol>
			<Symbol>NodeColor</Symbol>
			<Symbol>MeasuredFlow</Symbol>
			<Symbol>Flow</Symbol>
			<Symbol>SourceNode</Symbol>
			<Symbol>MappedComposition</Symbol>
			<Symbol>FlowEl</Symbol>
			<Symbol>UnitErrorColor</Symbol>
		</Model>
	</UsedReferences>
</Page>
