<?xml version="1.0"?>
<Page Version="4000" TimeStamp="2015-03-09 13:28:12">
	<Location top="23" left="4" bottom="644" right="768" />
	<PageEditSize Type="Inherited">
		<Size Width="772" Height="622" />
	</PageEditSize>
	<ProjectUUID>F6F7BFDB-3213-402B-8599-37A1EB70A693</ProjectUUID>
	<TemplatesTabOrderPosition>1</TemplatesTabOrderPosition>
	<ResizeData>
		<MainArea Line="FixedFromTop" Value="99">
			<TopArea Line="FixedFromLeft" Value="200" />
			<BottomArea Line="FixedFromLeft" Value="249">
				<LeftArea Line="FixedFromTop" Value="204">
					<BottomArea Line="FixedFromBottom" Value="70">
						<TopArea Line="FixedFromTop" Value="232" />
					</BottomArea>
				</LeftArea>
				<RightArea Line="FixedFromTop" Value="85">
					<BottomArea Line="FixedFromTop" Value="170" />
				</RightArea>
			</BottomArea>
		</MainArea>
	</ResizeData>
	<Background>
		<UserColor GUID="A3F7D4E9-6AD2-4DF0-9627-93C29DDFEB1D">white</UserColor>
	</Background>
	<HorizontalGridDistance>3</HorizontalGridDistance>
	<VerticalGridDistance>3</VerticalGridDistance>
	<PageObject Type="Text">
		<Location top="189" left="207" bottom="324" right="759" />
		<StaticText>On this page you must select the flows for which measurements are available. In addition, you must provide information about the distribution of absolute or relative errors in the flow measurements by specifying the systematic error (if any), as well as (an estimate of) its standard deviation.

This accuracy indication plays a key role in the data reconconciliation: changes in less accurate measurements (i.e. with a large deviation) are preferred over changes in more accurate values.</StaticText>
		<Font GUID="C82FBF27-1614-41C9-B718-A431388D2B5A" Name="General Text" />
		<TextColor>
			<UserColor GUID="23F33851-505F-45B5-AA1F-5360CB8B3EFB">Text Blue</UserColor>
		</TextColor>
	</PageObject>
	<PageObject Type="Text">
		<Location top="336" left="210" bottom="366" right="396" />
		<StaticText>Select measured flows:</StaticText>
		<Font GUID="107CF1DD-5B8E-41FC-BD55-10C950947E3C" Name="Headers" />
		<TextColor>
			<UserColor GUID="9B4C3B3E-A80D-43F1-9D8C-419D94537DE4">old text font</UserColor>
		</TextColor>
	</PageObject>
	<PageObject Type="Text">
		<Location top="336" left="432" bottom="366" right="741" />
		<Hidden>FlowAccuracyIsRelative</Hidden>
		<StaticText>Absolute measured flow accuracy:</StaticText>
		<Font GUID="107CF1DD-5B8E-41FC-BD55-10C950947E3C" Name="Headers" />
		<TextColor>
			<UserColor GUID="9B4C3B3E-A80D-43F1-9D8C-419D94537DE4">old text font</UserColor>
		</TextColor>
	</PageObject>
	<PageObject Type="Table">
		<Location top="366" left="429" bottom="615" right="762" />
		<Hidden>FlowAccuracyIsRelative</Hidden>
		<TabOrder>4</TabOrder>
		<Font GUID="C82FBF27-1614-41C9-B718-A431388D2B5A" Name="General Text" />
		<Border Style="InShadow" Width="2" MarginTop="5" MarginRight="5" MarginBottom="5" MarginLeft="5" />
		<BackgroundColor RGB="#ffffff" />
		<TextColor>
			<UserColor GUID="1605E3DF-B5DF-451D-96AE-49E4D21C92F9">default selection</UserColor>
		</TextColor>
		<InputColor RGB="#8000ff" />
		<RowIndentation>3</RowIndentation>
		<ElementTextAsTooltip>false</ElementTextAsTooltip>
		<ExplicitIdentifier>
			<Identifier>AbsoluteMeanFlowError( f in MeasuredFlows )</Identifier>
			<FirstColumn>1</FirstColumn>
			<HeaderText>"Systematic error"</HeaderText>
			<NumberFormat Width="6" Decimals="2" Alignment="Center" />
			<Unit Display="InTitle" />
		</ExplicitIdentifier>
		<ExplicitIdentifier>
			<Identifier>AbsoluteFlowErrorDeviation( f in MeasuredFlows )</Identifier>
			<FirstColumn>1</FirstColumn>
			<HeaderText>"Standard error deviation"</HeaderText>
			<NumberFormat Width="7" Decimals="2" Alignment="Center" />
			<Unit Display="InTitle" />
		</ExplicitIdentifier>
	</PageObject>
	<PageObject Type="Selection Object">
		<SelectionType>ListBox</SelectionType>
		<Location top="366" left="204" bottom="615" right="423" />
		<TabOrder>3</TabOrder>
		<Font GUID="C82FBF27-1614-41C9-B718-A431388D2B5A" Name="General Text" />
		<TextShown>ElementName</TextShown>
		<Border Style="InShadow" Width="2" MarginTop="2" MarginRight="2" MarginBottom="2" MarginLeft="2" />
		<BackgroundColor RGB="#ffffff" />
		<TextColor>
			<UserColor GUID="1605E3DF-B5DF-451D-96AE-49E4D21C92F9">default selection</UserColor>
		</TextColor>
		<MultipleColumns>true</MultipleColumns>
		<ExplicitIdentifier>
			<Identifier>MeasuredFlows( Flows )</Identifier>
		</ExplicitIdentifier>
	</PageObject>
	<PageObject Type="Selection Object">
		<SelectionType>CheckBoxes</SelectionType>
		<Location top="336" left="630" bottom="354" right="765" />
		<TabOrder>2</TabOrder>
		<Font GUID="3D4F8FDE-28E6-4338-998E-C89108819645" Name="Legend" />
		<TextShown>IdentifierText</TextShown>
		<Border Style="None" MarginTop="2" MarginRight="2" MarginLeft="2" />
		<BackgroundColor>
			<UserColor GUID="A3F7D4E9-6AD2-4DF0-9627-93C29DDFEB1D">white</UserColor>
		</BackgroundColor>
		<TextColor>
			<UserColor GUID="9B4C3B3E-A80D-43F1-9D8C-419D94537DE4">old text font</UserColor>
		</TextColor>
		<ExplicitIdentifier>
			<Identifier>FlowAccuracyIsRelative</Identifier>
			<Description>"error is relative"</Description>
		</ExplicitIdentifier>
	</PageObject>
	<PageObject Type="Table">
		<Location top="366" left="429" bottom="615" right="762" />
		<Hidden>FlowAccuracyIsAbsolute</Hidden>
		<TabOrder>5</TabOrder>
		<Font GUID="C82FBF27-1614-41C9-B718-A431388D2B5A" Name="General Text" />
		<Border Style="InShadow" Width="2" MarginTop="5" MarginRight="5" MarginBottom="5" MarginLeft="5" />
		<BackgroundColor RGB="#ffffff" />
		<TextColor>
			<UserColor GUID="1605E3DF-B5DF-451D-96AE-49E4D21C92F9">default selection</UserColor>
		</TextColor>
		<InputColor RGB="#8000ff" />
		<RowIndentation>3</RowIndentation>
		<ElementTextAsTooltip>false</ElementTextAsTooltip>
		<ExplicitIdentifier>
			<Identifier>RelativeMeanFlowError( f in MeasuredFlows )</Identifier>
			<FirstColumn>1</FirstColumn>
			<HeaderText>"Systematic error"</HeaderText>
			<NumberFormat Width="6" Decimals="2" Alignment="Center" />
			<Unit Display="InTitle" />
		</ExplicitIdentifier>
		<ExplicitIdentifier>
			<Identifier>RelativeFlowErrorDeviation( f in MeasuredFlows )</Identifier>
			<FirstColumn>1</FirstColumn>
			<HeaderText>"Standard error deviation"</HeaderText>
			<NumberFormat Width="7" Decimals="2" Alignment="Center" />
			<Unit Display="InTitle" />
		</ExplicitIdentifier>
	</PageObject>
	<PageObject Type="Text">
		<Location top="336" left="432" bottom="366" right="741" />
		<Hidden>FlowAccuracyIsAbsolute</Hidden>
		<StaticText>Relative measured flow accuracy:</StaticText>
		<Font GUID="107CF1DD-5B8E-41FC-BD55-10C950947E3C" Name="Headers" />
		<TextColor>
			<UserColor GUID="9B4C3B3E-A80D-43F1-9D8C-419D94537DE4">old text font</UserColor>
		</TextColor>
	</PageObject>
	<UsedReferences>
		<Model>
			<Symbol>Flows</Symbol>
			<Symbol>MeasuredFlows</Symbol>
			<Symbol>AbsoluteMeanFlowError</Symbol>
			<Symbol>AbsoluteFlowErrorDeviation</Symbol>
			<Symbol>FlowAccuracyIsRelative</Symbol>
			<Symbol>FlowAccuracyIsAbsolute</Symbol>
			<Symbol>RelativeMeanFlowError</Symbol>
			<Symbol>RelativeFlowErrorDeviation</Symbol>
			<Symbol>f</Symbol>
		</Model>
	</UsedReferences>
</Page>
