<?xml version="1.0"?>
<Page Version="4000" TimeStamp="2009-02-26 01:52:21" NeedsCompiledModel="false">
	<Location top="23" left="4" bottom="644" right="768" />
	<PageEditSize Type="Inherited">
		<Size Width="772" Height="622" />
	</PageEditSize>
	<ProjectUUID>F6F7BFDB-3213-402B-8599-37A1EB70A693</ProjectUUID>
	<TemplatesTabOrderPosition>1</TemplatesTabOrderPosition>
	<ResizeData>
		<MainArea Line="FixedFromTop" Value="99">
			<TopArea Line="FixedFromLeft" Value="200" />
			<BottomArea Line="FixedFromLeft" Value="200">
				<LeftArea Line="FixedFromTop" Value="204">
					<BottomArea Line="FixedFromBottom" Value="70">
						<TopArea Line="FixedFromTop" Value="232" />
					</BottomArea>
				</LeftArea>
				<RightArea Line="FixedFromTop" Value="85">
					<BottomArea Line="FixedFromRight" Value="180">
						<RightArea Line="FixedFromTop" Value="216" />
					</BottomArea>
				</RightArea>
			</BottomArea>
		</MainArea>
	</ResizeData>
	<Background>
		<UserColor GUID="A3F7D4E9-6AD2-4DF0-9627-93C29DDFEB1D">white</UserColor>
	</Background>
	<PageObject Type="Text">
		<Location top="192" left="210" bottom="618" right="762" />
		<StaticText>This area of the data reconciliation application lets you define the flows and compositions for which measurements are available and their accuracies. The accuracies form the key numbers in computing the correct reconciled flows and compositions. 

You must provide the accuracy by specifying the (estimated) mean and standard deviation of the distribution of the absolute (or relative) error in all measured values. The error in a measurement is defined as the reconciled value minus the measured value.

The buttons on the right will bring you directly to the relevant pages for specifying your knowledge about the measured data.

When entering a new data reconciliation model you are advised to enter the data in sequence.</StaticText>
		<Font GUID="3D4F8FDE-28E6-4338-998E-C89108819645" Name="Legend" />
		<TextColor>
			<UserColor GUID="23F33851-505F-45B5-AA1F-5360CB8B3EFB">Text Blue</UserColor>
		</TextColor>
	</PageObject>
	<UsedReferences>
		<Model />
	</UsedReferences>
</Page>
