<?xml version="1.0"?>
<Page Version="4000" TimeStamp="2014-10-02 11:08:38">
	<Location top="23" left="4" bottom="644" right="768" />
	<PageEditSize Type="Inherited">
		<Size Width="772" Height="622" />
	</PageEditSize>
	<ProjectUUID>894D76AE-7EA1-4115-B498-4CFD422DA695</ProjectUUID>
	<TemplatesTabOrderPosition>1</TemplatesTabOrderPosition>
	<ResizeData>
		<MainArea Line="FixedFromTop" Value="99">
			<TopArea Line="FixedFromLeft" Value="200" />
			<BottomArea Line="FixedFromLeft" Value="201">
				<LeftArea Line="FixedFromTop" Value="204" />
				<RightArea Line="FixedFromTop" Value="85">
					<BottomArea Line="FixedFromTop" Value="122" />
				</RightArea>
			</BottomArea>
		</MainArea>
	</ResizeData>
	<Background>
		<UserColor GUID="9751AE1D-88DF-46C1-A42B-2AF305B6200C">white</UserColor>
	</Background>
	<Action>
		<EntryProcedure>MainExecution</EntryProcedure>
	</Action>
	<HorizontalGridDistance>3</HorizontalGridDistance>
	<VerticalGridDistance>3</VerticalGridDistance>
	<PageObject Type="Button">
		<Location top="186" left="6" bottom="210" right="192" />
		<TabOrder>2</TabOrder>
		<ButtonType>Text</ButtonType>
		<Transparent>true</Transparent>
		<Font GUID="0BDEF216-23B3-4F0F-B5D6-83C5A7303CF9" Name="Buttons" />
		<ActionSequence>
			<Action Type="GotoPage">
				<Destination>Parent</Destination>
			</Action>
			<Action Type="ClosePage" />
		</ActionSequence>
	</PageObject>
	<PageObject Type="Selection Object">
		<SelectionType>DropDownList</SelectionType>
		<Location top="246" left="591" bottom="270" right="759" />
		<TabOrder>5</TabOrder>
		<Font GUID="428A93A5-26E1-4F42-8B0F-227299B289C7" Name="Table Text" />
		<TextShown>ElementName</TextShown>
		<Border Style="None" Width="2" MarginRight="5" MarginLeft="5" />
		<BackgroundColor RGB="#ffffff" />
		<TextColor>
			<UserColor GUID="1089C605-BF4E-4655-9228-7B729CAE873A">default selection</UserColor>
		</TextColor>
		<ExplicitIdentifier>
			<Identifier>CompMethod</Identifier>
		</ExplicitIdentifier>
	</PageObject>
	<PageObject Type="Composite Table">
		<Location top="312" left="207" bottom="567" right="759" />
		<ReadOnly>"Yes"</ReadOnly>
		<Hidden>DataView( 'Optimization Data' )</Hidden>
		<TabOrder>8</TabOrder>
		<TabStop>false</TabStop>
		<Font GUID="428A93A5-26E1-4F42-8B0F-227299B289C7" Name="Table Text" />
		<Border Style="InShadow" Width="2" />
		<BackgroundColor>
			<UserColor GUID="CCB23DE4-D3C9-4647-BE46-7A1779576484">Background yellow</UserColor>
		</BackgroundColor>
		<Domain>
			<Identifier>vp</Identifier>
			<Index Name="vp">
				<NumberFormat Alignment="Right" />
				<TitleText>"Period"</TitleText>
			</Index>
		</Domain>
		<ExplicitIdentifier>
			<Identifier>OrderingNumber( CompMethod, vp )</Identifier>
			<NumberFormat Width="3" Decimals="0" Alignment="Right" />
			<TitleText>"Ordering Number"</TitleText>
		</ExplicitIdentifier>
		<ExplicitIdentifier>
			<Identifier>OrderingElement( CompMethod, vp )</Identifier>
			<NumberFormat Width="15" Decimals="0" Alignment="Right" />
			<TitleText>"Corresponding Element"</TitleText>
		</ExplicitIdentifier>
		<ExplicitIdentifier>
			<Identifier>Previous( CompMethod, vp )</Identifier>
			<NumberFormat Width="15" Decimals="0" Alignment="Right" />
			<TitleText>"Previous Element"</TitleText>
		</ExplicitIdentifier>
		<ExplicitIdentifier>
			<Identifier>PreviousCyclic( CompMethod, vp )</Identifier>
			<NumberFormat Width="15" Decimals="0" Alignment="Right" />
			<TitleText>"Previous Element (cyclic)"</TitleText>
		</ExplicitIdentifier>
		<ExplicitIdentifier>
			<Identifier>Next( CompMethod, vp )</Identifier>
			<NumberFormat Width="15" Decimals="0" Alignment="Right" />
			<TitleText>"Next Element"</TitleText>
		</ExplicitIdentifier>
		<ExplicitIdentifier>
			<Identifier>NextCyclic( CompMethod, vp )</Identifier>
			<NumberFormat Width="15" Decimals="0" Alignment="Right" />
			<TitleText>"Next Element (cyclic)"</TitleText>
		</ExplicitIdentifier>
	</PageObject>
	<PageObject Type="Selection Object">
		<SelectionType>DropDownList</SelectionType>
		<Location top="222" left="591" bottom="246" right="759" />
		<TabOrder>4</TabOrder>
		<Font GUID="428A93A5-26E1-4F42-8B0F-227299B289C7" Name="Table Text" />
		<TextShown>ElementName</TextShown>
		<Border Style="None" Width="2" MarginRight="5" MarginLeft="5" />
		<BackgroundColor RGB="#ffffff" />
		<TextColor>
			<UserColor GUID="1089C605-BF4E-4655-9228-7B729CAE873A">default selection</UserColor>
		</TextColor>
		<ExplicitIdentifier>
			<Identifier>View</Identifier>
		</ExplicitIdentifier>
	</PageObject>
	<PageObject Type="Scalar">
		<Location top="222" left="207" bottom="294" right="423" />
		<TabOrder>3</TabOrder>
		<Font GUID="428A93A5-26E1-4F42-8B0F-227299B289C7" Name="Table Text" />
		<Border Style="InShadow" Width="2" MarginTop="2" MarginRight="5" MarginBottom="2" MarginLeft="5" />
		<BackgroundColor RGB="#ffffff" />
		<TextColor>
			<UserColor GUID="1089C605-BF4E-4655-9228-7B729CAE873A">default selection</UserColor>
		</TextColor>
		<Layout>Text-Value</Layout>
		<SeparatorSign>=</SeparatorSign>
		<ExplicitIdentifier>
			<Identifier>MaxPeriod</Identifier>
			<NumberFormat Width="5" Decimals="0" Alignment="Center" ShowDefaults="true" />
			<Title>"Maximum number of periods"</Title>
			<ProcedureUponChange>MainExecution</ProcedureUponChange>
		</ExplicitIdentifier>
		<ExplicitIdentifier>
			<Identifier>IntervalStart</Identifier>
			<NumberFormat Width="6" Decimals="0" Alignment="Center" ShowDefaults="true" />
			<Title>"Start of planning interval"</Title>
			<ProcedureUponChange>MainExecution</ProcedureUponChange>
		</ExplicitIdentifier>
		<ExplicitIdentifier>
			<Identifier>PlanningLength</Identifier>
			<NumberFormat Width="5" Decimals="0" Alignment="Center" ShowDefaults="true" />
			<Title>"Length of planning interval"</Title>
			<ProcedureUponChange>MainExecution</ProcedureUponChange>
		</ExplicitIdentifier>
	</PageObject>
	<PageObject Type="Text">
		<Location top="222" left="438" bottom="246" right="594" />
		<StaticText>View Horizon Interval:</StaticText>
		<Font GUID="428A93A5-26E1-4F42-8B0F-227299B289C7" Name="Table Text" />
		<TextColor>
			<UserColor GUID="1089C605-BF4E-4655-9228-7B729CAE873A">default selection</UserColor>
		</TextColor>
	</PageObject>
	<PageObject Type="Text">
		<Location top="246" left="438" bottom="270" right="594" />
		<StaticText>Binding behavior:</StaticText>
		<Font GUID="428A93A5-26E1-4F42-8B0F-227299B289C7" Name="Table Text" />
		<TextColor>
			<UserColor GUID="1089C605-BF4E-4655-9228-7B729CAE873A">default selection</UserColor>
		</TextColor>
	</PageObject>
	<PageObject Type="Text">
		<Location top="189" left="210" bottom="222" right="762" />
		<StaticText>View the result of various index bindings within an horizon in combination with lag and lead operators.  </StaticText>
		<Font GUID="C82FBF27-1614-41C9-B718-A431388D2B5A" Name="General Text" />
		<TextColor>
			<UserColor GUID="23F33851-505F-45B5-AA1F-5360CB8B3EFB">Text Blue</UserColor>
		</TextColor>
	</PageObject>
	<PageObject Type="Composite Table">
		<Location top="309" left="207" bottom="567" right="762" />
		<Hidden>DataView( 'Horizon Data' )</Hidden>
		<TabOrder>7</TabOrder>
		<TabStop>false</TabStop>
		<Font GUID="428A93A5-26E1-4F42-8B0F-227299B289C7" Name="Table Text" />
		<Border Style="InShadow" Width="2" />
		<BackgroundColor>
			<UserColor GUID="9751AE1D-88DF-46C1-A42B-2AF305B6200C">white</UserColor>
		</BackgroundColor>
		<Domain>
			<Identifier>vp</Identifier>
			<Index Name="vp">
				<NumberFormat Alignment="Right" />
				<TitleText>"Period"</TitleText>
			</Index>
		</Domain>
		<ExplicitIdentifier>
			<Identifier>StockBounds( vp, 'Min' )</Identifier>
			<NumberFormat Width="5" Decimals="2" Alignment="Center" />
			<TitleText>"Min Stock"</TitleText>
		</ExplicitIdentifier>
		<ExplicitIdentifier>
			<Identifier>Stock( vp )</Identifier>
			<NumberFormat Width="5" Decimals="1" Alignment="Center" />
			<TitleText>"Stock"</TitleText>
			<ProcedureUponChange>SolveProductionModelWithDummyData</ProcedureUponChange>
		</ExplicitIdentifier>
		<ExplicitIdentifier>
			<Identifier>StockBounds( vp, 'Max' )</Identifier>
			<NumberFormat Width="5" Decimals="1" Alignment="Center" />
			<TitleText>"Max Stock"</TitleText>
		</ExplicitIdentifier>
		<ExplicitIdentifier>
			<Identifier>ProductionBounds( vp, 'Min' )</Identifier>
			<NumberFormat Width="5" Decimals="2" Alignment="Center" />
			<TitleText>"Min Production"</TitleText>
		</ExplicitIdentifier>
		<ExplicitIdentifier>
			<Identifier>Production( vp )</Identifier>
			<NumberFormat Width="5" Decimals="2" Alignment="Center" />
			<TitleText>"Production"</TitleText>
		</ExplicitIdentifier>
		<ExplicitIdentifier>
			<Identifier>ProductionBounds( vp, 'Max' )</Identifier>
			<NumberFormat Width="5" Decimals="1" Alignment="Center" />
			<TitleText>"Max Production"</TitleText>
		</ExplicitIdentifier>
		<ExplicitIdentifier>
			<Identifier>Demand( vp )</Identifier>
			<NumberFormat Width="5" Decimals="2" Alignment="Center" />
			<TitleText>"Demand"</TitleText>
		</ExplicitIdentifier>
		<ExplicitIdentifier>
			<Identifier>Sales( vp )</Identifier>
			<NumberFormat Width="5" Decimals="2" Alignment="Center" />
			<TitleText>"Sales"</TitleText>
		</ExplicitIdentifier>
	</PageObject>
	<PageObject Type="Selection Object">
		<SelectionType>DropDownList</SelectionType>
		<Location top="270" left="591" bottom="294" right="759" />
		<TabOrder>6</TabOrder>
		<Font GUID="428A93A5-26E1-4F42-8B0F-227299B289C7" Name="Table Text" />
		<TextShown>ElementName</TextShown>
		<Border Style="None" Width="2" MarginRight="5" MarginLeft="5" />
		<BackgroundColor RGB="#ffffff" />
		<TextColor>
			<UserColor GUID="1089C605-BF4E-4655-9228-7B729CAE873A">default selection</UserColor>
		</TextColor>
		<ExplicitIdentifier>
			<Identifier>DataView( dv )</Identifier>
		</ExplicitIdentifier>
	</PageObject>
	<PageObject Type="Text">
		<Location top="270" left="438" bottom="294" right="594" />
		<StaticText>View horizon/optimization:</StaticText>
		<Font GUID="428A93A5-26E1-4F42-8B0F-227299B289C7" Name="Table Text" />
		<TextColor>
			<UserColor GUID="1089C605-BF4E-4655-9228-7B729CAE873A">default selection</UserColor>
		</TextColor>
	</PageObject>
	<PageObject Type="Text">
		<Location top="192" left="18" bottom="210" right="195" />
		<StaticText>Problem Description</StaticText>
		<Font GUID="0BDEF216-23B3-4F0F-B5D6-83C5A7303CF9" Name="Buttons" />
		<TextColor>
			<UserColor GUID="1798981A-C40D-4713-BC08-E97545963465">Link</UserColor>
		</TextColor>
	</PageObject>
	<UsedReferences>
		<Model>
			<Symbol>MaxPeriod</Symbol>
			<Symbol>PlanningLength</Symbol>
			<Symbol>ComputationMethods</Symbol>
			<Symbol>OrderingNumber</Symbol>
			<Symbol>OrderingElement</Symbol>
			<Symbol>Previous</Symbol>
			<Symbol>PreviousCyclic</Symbol>
			<Symbol>Next</Symbol>
			<Symbol>NextCyclic</Symbol>
			<Symbol>ProductionBounds</Symbol>
			<Symbol>Demand</Symbol>
			<Symbol>StockBounds</Symbol>
			<Symbol>Production</Symbol>
			<Symbol>Sales</Symbol>
			<Symbol>Stock</Symbol>
			<Symbol>PeriodViews</Symbol>
			<Symbol>DataView</Symbol>
			<Symbol>MainExecution</Symbol>
			<Symbol>SolveProductionModelWithDummyData</Symbol>
			<Symbol>IntervalStart</Symbol>
			<Symbol>CompMethod</Symbol>
			<Symbol>View</Symbol>
			<Symbol>vp</Symbol>
			<Symbol>dv</Symbol>
		</Model>
	</UsedReferences>
</Page>
