<?xml version="1.0"?>
<UserFonts>
	<UserFont Name="Main Font" FaceName="Arial" PointSize="120" UUID="00000000-0000-0000-0000-000000000001" />
	<UserFont Name="Button Font" FaceName="Verdana" PointSize="100" UUID="5E96D929-BB25-448A-BA80-CD688AEF3BE2" InternalID="1" />
	<UserFont Name="Level Name Font" FaceName="Arial" PointSize="260" UUID="7E0A0DC8-C7C5-4BD9-87A7-180BF81DBE00" InternalID="2" />
	<UserFont Name="Story font" FaceName="Verdana" PointSize="100" Italic="true" UUID="3B306CB4-26E0-48D2-8501-0ADB2214346C" InternalID="3" />
	<UserFont Name="Page Title Font" FaceName="Arial" PointSize="160" UUID="5701D1B4-9BC4-44D6-92DE-589FC32F31CA" InternalID="4" />
	<UserFont Name="Problem Description Font" FaceName="Arial" PointSize="140" UUID="0381B98A-0C0E-4728-AC53-8781FDF812D0" InternalID="5" />
	<UserFont Name="Table Font" FaceName="Verdana" PointSize="80" UUID="186974F1-1FD0-4BC5-8CA3-5654401408B0" InternalID="6" />
	<UserFont Name="Text Label Font" FaceName="Arial" PointSize="100" UUID="CEC152FF-26EE-438B-AF97-6C38870096E7" InternalID="7" />
	<UserFont Name="System Page Font" FaceName="Arial" PointSize="120" UUID="7B29BCC7-E607-402F-A0B6-C685C68AB57E" InternalID="8" />
	<UserFont Name="Mail Font" FaceName="Arial" PointSize="100" Underline="true" UUID="019EF2E2-D735-46E9-9CED-7B75FF3B3DF4" InternalID="9" />
</UserFonts>
