<?xml version="1.0"?>
<Page Version="4000" TimeStamp="2015-09-23 09:55:58">
	<Location top="23" left="4" bottom="644" right="768" />
	<PageEditSize Type="Inherited">
		<Size Width="772" Height="622" />
	</PageEditSize>
	<ProjectUUID>61630490-7AD4-48A2-B4EA-BEE62479E224</ProjectUUID>
	<TemplatesTabOrderPosition>1</TemplatesTabOrderPosition>
	<ResizeData>
		<MainArea Line="FixedFromTop" Value="99">
			<TopArea Line="FixedFromLeft" Value="200" />
			<BottomArea Line="FixedFromLeft" Value="201">
				<LeftArea Line="FixedFromTop" Value="204">
					<BottomArea Line="FixedFromTop" Value="311" />
				</LeftArea>
				<RightArea Line="FixedFromTop" Value="85" />
			</BottomArea>
		</MainArea>
	</ResizeData>
	<Background Inherited="true" />
	<HorizontalGridDistance>3</HorizontalGridDistance>
	<VerticalGridDistance>3</VerticalGridDistance>
	<PageObject Type="Scalar">
		<Location top="756" left="1158" bottom="828" right="1422" />
		<TabOrder>2</TabOrder>
		<Font GUID="00000000-0000-0000-0000-000000000001" Name="Main Font" />
		<Border Style="InShadow" Width="2" MarginTop="5" MarginRight="5" MarginBottom="5" MarginLeft="5" />
		<BackgroundColor RGB="#ffffff" />
		<Layout>Text-Value</Layout>
		<SeparatorSign>=</SeparatorSign>
		<ExplicitIdentifier>
			<Identifier>x</Identifier>
			<NumberFormat Width="7" Decimals="3" Scientific="IfTooSmallorLarge" Alignment="Center" ShowDefaults="true" />
		</ExplicitIdentifier>
		<ExplicitIdentifier>
			<Identifier>y</Identifier>
			<NumberFormat Width="7" Decimals="3" Scientific="IfTooSmallorLarge" Alignment="Center" ShowDefaults="true" />
		</ExplicitIdentifier>
		<ExplicitIdentifier>
			<Identifier>MaxIteration</Identifier>
			<NumberFormat Width="5" Decimals="1" Scientific="IfTooSmallorLarge" Alignment="Center" ShowDefaults="true" />
		</ExplicitIdentifier>
		<ExplicitIdentifier>
			<Identifier>SamplePoints</Identifier>
			<NumberFormat Width="7" Decimals="3" Scientific="IfTooSmallorLarge" Alignment="Center" ShowDefaults="true" />
		</ExplicitIdentifier>
		<ExplicitIdentifier>
			<Identifier>SelectedSamplePoints</Identifier>
			<NumberFormat Width="7" Decimals="3" Scientific="IfTooSmallorLarge" Alignment="Center" ShowDefaults="true" />
		</ExplicitIdentifier>
	</PageObject>
	<PageObject Type="Gantt Chart">
		<Location top="423" left="207" bottom="615" right="768" />
		<TabOrder>3</TabOrder>
		<Font GUID="00000000-0000-0000-0000-000000000001" Name="Main Font" />
		<Border Style="InShadow" Width="2" MarginTop="5" MarginRight="5" MarginBottom="5" MarginLeft="5" />
		<BackgroundColor RGB="#ffffff" />
		<ColorScheme Number="0" />
		<Y-Labels>true</Y-Labels>
		<X-Labels>true</X-Labels>
		<VerticalGridLines>true</VerticalGridLines>
		<StatusLine>true</StatusLine>
		<TimeRange>
			<Upper Value="5" />
		</TimeRange>
		<IndexLocations>
			<RowDomain>MulStart::cp</RowDomain>
		</IndexLocations>
		<TaskGroup>
			<Domain>GC_ClusterPoint( MulStart::cp )</Domain>
			<Start>GC_ClusterStartPoint( MulStart::cp )</Start>
			<Duration>GC_ClusterLength( MulStart::cp )</Duration>
			<RightOfBarText>GC_ObjectiveValue( MulStart::cp )</RightOfBarText>
			<Description>GC_ObjectiveValue( MulStart::cp )</Description>
		</TaskGroup>
		<ElementText Index="MulStart::cp">GC_ClusterPointDescription( MulStart::cp )</ElementText>
	</PageObject>
	<PageObject Type="Text">
		<Location top="219" left="18" bottom="237" right="195" />
		<StaticText>View Sample Points</StaticText>
		<Font GUID="0BDEF216-23B3-4F0F-B5D6-83C5A7303CF9" Name="Buttons" />
		<TextColor>
			<UserColor GUID="1798981A-C40D-4713-BC08-E97545963465">Link</UserColor>
		</TextColor>
	</PageObject>
	<PageObject Type="Text">
		<Location top="402" left="210" bottom="423" right="510" />
		<StaticText>Each cluster and its range</StaticText>
		<Font GUID="107CF1DD-5B8E-41FC-BD55-10C950947E3C" Name="Headers" />
		<TextColor>
			<UserColor GUID="23F33851-505F-45B5-AA1F-5360CB8B3EFB">Text Blue</UserColor>
		</TextColor>
	</PageObject>
	<UsedReferences>
		<Model>
			<Symbol>x</Symbol>
			<Symbol>y</Symbol>
			<Symbol>MaxIteration</Symbol>
			<Symbol>SamplePoints</Symbol>
			<Symbol>SelectedSamplePoints</Symbol>
			<Symbol>GC_ClusterPoint</Symbol>
			<Symbol>GC_ClusterStartPoint</Symbol>
			<Symbol>GC_ClusterLength</Symbol>
			<Symbol>GC_ObjectiveValue</Symbol>
			<Symbol>GC_ClusterPointDescription</Symbol>
			<Symbol>MulStart::cp</Symbol>
		</Model>
	</UsedReferences>
</Page>
