<?xml version="1.0"?>
<Page Version="4000" TimeStamp="2015-09-23 09:55:58" NeedsCompiledModel="false">
	<Location top="29" left="8" bottom="694" right="785" />
	<PageEditSize Type="Specified">
		<Size Width="720" Height="630" />
	</PageEditSize>
	<ProjectUUID>61630490-7AD4-48A2-B4EA-BEE62479E224</ProjectUUID>
	<IsDialogPage>true</IsDialogPage>
	<TemplatesTabOrderPosition>1</TemplatesTabOrderPosition>
	<Background Inherited="true" />
	<PageObject Type="Rectangle">
		<Location top="162" left="60" bottom="474" right="660" />
		<Shape>In-Shadow</Shape>
		<FillColor RGB="#ffffff" />
		<LineColor RGB="#000000" />
	</PageObject>
	<PageObject Type="Text">
		<Location top="174" left="78" bottom="480" right="648" />
		<SourceType>File</SourceType>
		<FileName LiteralFileName="true">"Algorithm.TXT"</FileName>
		<Font GUID="3D4F8FDE-28E6-4338-998E-C89108819645" Name="Legend" />
		<TextColor>
			<UserColor GUID="23F33851-505F-45B5-AA1F-5360CB8B3EFB">Text Blue</UserColor>
		</TextColor>
	</PageObject>
	<PageObject Type="Button">
		<Location top="588" left="280" bottom="618" right="440" />
		<TabOrder>1</TabOrder>
		<LeaveOnEnter>false</LeaveOnEnter>
		<ButtonType>Text</ButtonType>
		<Title>"OK"</Title>
		<ForegroundColor>
			<UserColor GUID="23F33851-505F-45B5-AA1F-5360CB8B3EFB">Text Blue</UserColor>
		</ForegroundColor>
		<Font GUID="00000000-0000-0000-0000-000000000001" Name="Main Font" />
		<ActionSequence>
			<Action Type="ClosePage" />
		</ActionSequence>
	</PageObject>
	<PageObject Type="Text">
		<Location top="120" left="60" bottom="156" right="672" />
		<StaticText>How setting paramters MaxInterations, SamplePoints and SelectedSamplePoints work can be shown in the following multi-start algorithm.</StaticText>
		<Font GUID="107CF1DD-5B8E-41FC-BD55-10C950947E3C" Name="Headers" />
		<TextColor>
			<UserColor GUID="23F33851-505F-45B5-AA1F-5360CB8B3EFB">Text Blue</UserColor>
		</TextColor>
	</PageObject>
	<PageObject Type="Text">
		<Location top="486" left="60" bottom="588" right="672" />
		<StaticText>Setting "Show Multistart Progress" shows the algorithm solving progress; "Show Assigned Points" shows the sample points assigned to an existing cluster; "Show Solved Points" shows the actual solved sample points. 

All the settings only take effect during the solve procedure.</StaticText>
		<Font GUID="107CF1DD-5B8E-41FC-BD55-10C950947E3C" Name="Headers" />
		<TextColor>
			<UserColor GUID="23F33851-505F-45B5-AA1F-5360CB8B3EFB">Text Blue</UserColor>
		</TextColor>
	</PageObject>
	<PageObject Type="Picture">
		<Location top="0" left="0" bottom="102" right="816" />
		<FileName LiteralFileName="true">"_Example Style Library\User Files\Examples_screen_header.jpg"</FileName>
		<Display>StretchOrShrink</Display>
		<KeepRatio>true</KeepRatio>
	</PageObject>
	<UsedReferences>
		<Model />
	</UsedReferences>
</Page>
