{
  "version": "4.67.0",
  "application": {
    "aimms.widget.type": {
      "literal": "application"
    },
    "browsername": {
      "aimms": {
        "contents": [
          "webui::ClientBrowserName"
        ]
      }
    },
    "browsertimezone": {
      "aimms": {
        "contents": [
          "webui::BrowserTimeZone"
        ]
      }
    },
    "ignoredst": {
      "aimms": {
        "contents": [
          "webui::IgnoreDST"
        ]
      }
    },
    "theme.classic": {
      "literal": "NOT_ALLOWED"
    },
    "timezone": {
      "aimms": {
        "contents": [
          "webui::DisplayTimeZone"
        ]
      }
    },
    "timezone.dst.readonly": {
      "aimms": {
        "contents": [
          "webui::DefaultDSTSettingForDisplayTimeZone"
        ]
      }
    }
  },
  "pages/home": {
    "bindings": {
      "literal": [
        {
          "widgetUri": "scalarFormulaSpecification",
          "gridArea": "area-a",
          "dndId": "area-ascalarFormulaSpecification0"
        },
        {
          "widgetUri": "linechartGraph",
          "gridArea": "area-b",
          "dndId": "Unassigned widgetslinechartGraph"
        }
      ]
    },
    "secondarypageactions": {
      "aimms": {
        "contents": [
          "sp_secondaryActions"
        ],
        "slices": [
          {
            "identifier": "sp_secondaryActions",
            "slice": [
              {
                "index": "webui::indexPageExtension",
                "type": "free",
                "value": "webui::indexPageExtension"
              },
              {
                "index": "webui::indexPageActionSpec",
                "type": "free",
                "value": "webui::indexPageActionSpec"
              }
            ]
          }
        ]
      }
    },
    "widgets": {
      "literal": [
        {
          "uri": "scalarFormulaSpecification",
          "layoutInfo": {
            "width": "2",
            "height": "1"
          }
        },
        {
          "uri": "linechartGraph",
          "layoutInfo": {
            "width": "2",
            "height": "1"
          }
        }
      ]
    }
  },
  "widgets/linechartGraph": {
    "aimms.widget.type": {
      "literal": "linechart"
    },
    "contents": {
      "aimms": {
        "contents": [
          "Y"
        ]
      }
    },
    "name": {
      "literal": "linechartGraph"
    }
  },
  "widgets/scalarFormulaSpecification": {
    "aimms.widget.type": {
      "literal": "scalar"
    },
    "contents": {
      "aimms": {
        "contents": [
          "someFormula",
          "itsArgument",
          "varLowerBound",
          "varUpperBound",
          "boundedVariable"
        ]
      }
    },
    "name": {
      "literal": "scalarFormulaSpecification"
    }
  }
}