{
	"nodes": [
		{
			"node": "0",
			"names": "Final",
			"group": "final"
		},
		{
			"node": "1",
			"names": "lead",
			"group": "element"
		},
		{
			"node": "2",
			"names": "zinc",
			"group": "element"
		},
		{
			"node": "3",
			"names": "tin",
			"group": "element"
		},
		{
			"node": "4",
			"names": "B",
			"group": "alloy"
		},
		{
			"node": "5",
			"names": "D",
			"group": "alloy"
		}
	],
	"links": [
		{
			"source": "0",
			"target": "4",
			"value": 60.0
		},
		{
			"source": "0",
			"target": "5",
			"value": 40.0
		},
		{
			"source": "4",
			"target": "1",
			"value": 6.0
		},
		{
			"source": "4",
			"target": "2",
			"value": 18.0
		},
		{
			"source": "4",
			"target": "3",
			"value": 36.0
		},
		{
			"source": "5",
			"target": "1",
			"value": 24.0
		},
		{
			"source": "5",
			"target": "2",
			"value": 12.0
		},
		{
			"source": "5",
			"target": "3",
			"value": 4.0
		}
	],
	"unit": "%"
}