<?xml version="1.0"?>
<TemplateManager>
	<Template Name="Size Template" PageGUID="BBDFCFBD-CE3F-49E4-9E3E-B6C30AA96B63" CrossLibraryDuplicate="66E08D8C-5677-49B5-970F-BB85475A48BE|6A8815C4-5811-47AB-BC76-82C3180C1295|Size Template">
		<Template Name="Navigation Template" PageGUID="847E9683-C485-4BF6-8D95-C37C154479A9" CrossLibraryDuplicate="66E08D8C-5677-49B5-970F-BB85475A48BE|3241DDB1-55C5-441B-9DC8-359086631B74|Navigation Template">
			<Template Name="Background Info Template" PageGUID="7704CD47-A966-46CB-825C-0FEA597B2B2F" CrossLibraryDuplicate="66E08D8C-5677-49B5-970F-BB85475A48BE|153A8CDB-E916-4F3B-B652-41C25F2C9CB5|Background Info Template">
				<Page Name="AIMMS Demo" PageGUID="739BCD59-40E1-4D31-ABEC-5DC13F8DF978" />
			</Template>
			<Page Name="Example Page" PageGUID="B4B2257A-8FCC-4226-AF65-B1BE372D08AA" />
		</Template>
	</Template>
</TemplateManager>
