{
	"$id": "https://www.aimms.com/Schema/dataset-Dense-schema",
	"$schema": "https://json-schema.org/draft/2020-12/schema",
	"$comment": "Schema generated by AIMMS at 2024-10-22T10:09:13",
	"type": "object",
	"properties": {
		"datasets": {
			"$ref": "#/$defs/datasets"
		}
	},
	"$defs": {
		"datasets": {
			"type": "object",
			"properties": {
				"pletCopy": {
					"type": "object",
					"properties": {
						"instance": {
							"type": "string"
						},
						"tables": {
							"type": "object",
							"properties": {
								"errorinfo": {
									"$ref": "#/$defs/errorinfo"
								},
								"errorstack": {
									"$ref": "#/$defs/errorstack"
								},
								"lastline": {
									"$ref": "#/$defs/lastline"
								},
								"loglines": {
									"$ref": "#/$defs/loglines"
								},
								"sysinfo": {
									"$ref": "#/$defs/sysinfo"
								},
								"tasks": {
									"$ref": "#/$defs/tasks"
								}
							}
						}
					}
				}
			}
		},
		"errorinfo": {
			"type": "object",
			"properties": {
				"rows": {
					"type": "array",
					"items": {
						"type": "object",
						"properties": {
							"dp::i_task": {
								"type": "string",
								"x-aimms-binds-to": "dp::i_task",
								"x-aimms-binds-set": "dp::s_tasks"
							},
							"dp::i_errno": {
								"type": "string",
								"x-aimms-binds-to": "dp::i_errno",
								"x-aimms-binds-set": "dp::s_errnos"
							},
							"dp::p_severity": {
								"type": "number",
								"x-aimms-maps-to": "dp::p_severity(dp::i_task,dp::i_errno)"
							},
							"dp::sp_moment": {
								"type": "string",
								"x-aimms-maps-to": "dp::sp_moment(dp::i_task,dp::i_errno)"
							},
							"dp::sp_message": {
								"type": "string",
								"x-aimms-maps-to": "dp::sp_message(dp::i_task,dp::i_errno)"
							}
						}
					}
				}
			}
		},
		"errorstack": {
			"type": "object",
			"properties": {
				"rows": {
					"type": "array",
					"items": {
						"type": "object",
						"properties": {
							"dp::i_task": {
								"type": "string",
								"x-aimms-binds-to": "dp::i_task",
								"x-aimms-binds-set": "dp::s_tasks"
							},
							"dp::i_errno": {
								"type": "string",
								"x-aimms-binds-to": "dp::i_errno",
								"x-aimms-binds-set": "dp::s_errnos"
							},
							"dp::i_stacklevel": {
								"type": "string",
								"x-aimms-binds-to": "dp::i_stacklevel",
								"x-aimms-binds-set": "dp::s_stacklevels"
							},
							"dp::p_errStkLine": {
								"type": "number",
								"x-aimms-maps-to": "dp::p_errStkLine(dp::i_task,dp::i_errno,dp::i_stacklevel)"
							},
							"dp::sp_errStkAttr": {
								"type": "string",
								"x-aimms-maps-to": "dp::sp_errStkAttr(dp::i_task,dp::i_errno,dp::i_stacklevel)"
							},
							"dp::sp_errStkNode": {
								"type": "string",
								"x-aimms-maps-to": "dp::sp_errStkNode(dp::i_task,dp::i_errno,dp::i_stacklevel)"
							}
						}
					}
				}
			}
		},
		"lastline": {
			"type": "object",
			"properties": {
				"rows": {
					"type": "array",
					"items": {
						"type": "object",
						"properties": {
							"dp::i_task": {
								"type": "string",
								"x-aimms-binds-to": "dp::i_task",
								"x-aimms-binds-set": "dp::s_tasks"
							},
							"dp::p_lastline": {
								"type": "number",
								"x-aimms-maps-to": "dp::p_lastline(dp::i_task)"
							}
						}
					}
				}
			}
		},
		"loglines": {
			"type": "object",
			"properties": {
				"rows": {
					"type": "array",
					"items": {
						"type": "object",
						"properties": {
							"dp::i_task": {
								"type": "string",
								"x-aimms-binds-to": "dp::i_task",
								"x-aimms-binds-set": "dp::s_tasks"
							},
							"dp::i_lineno": {
								"type": "string",
								"x-aimms-binds-to": "dp::i_lineno",
								"x-aimms-binds-set": "dp::s_linenos"
							},
							"dp::p_logLev": {
								"type": "number",
								"x-aimms-maps-to": "dp::p_logLev(dp::i_task,dp::i_lineno)"
							},
							"dp::sp_logMom": {
								"type": "string",
								"x-aimms-maps-to": "dp::sp_logMom(dp::i_task,dp::i_lineno)"
							},
							"dp::sp_logMsg": {
								"type": "string",
								"x-aimms-maps-to": "dp::sp_logMsg(dp::i_task,dp::i_lineno)"
							}
						}
					}
				}
			}
		},
		"sysinfo": {
			"type": "object",
			"properties": {
				"rows": {
					"type": "array",
					"items": {
						"type": "object",
						"properties": {
							"dp::i_sysInfoAttr": {
								"type": "string",
								"x-aimms-binds-to": "dp::i_sysInfoAttr",
								"x-aimms-binds-set": "dp::s_sysInfoAttr"
							},
							"dp::sp_sysInfoVal": {
								"type": "string",
								"x-aimms-maps-to": "dp::sp_sysInfoVal(dp::i_sysInfoAttr)"
							}
						}
					}
				}
			}
		},
		"tasks": {
			"type": "object",
			"properties": {
				"rows": {
					"type": "array",
					"items": {
						"type": "object",
						"properties": {
							"dp::i_task": {
								"type": "string",
								"x-aimms-binds-to": "dp::i_task",
								"x-aimms-binds-set": "dp::s_tasks"
							},
							"dp::sp_aimmsrestsession": {
								"type": "string",
								"x-aimms-maps-to": "dp::sp_aimmsrestsession(dp::i_task)"
							},
							"dp::sp_username": {
								"type": "string",
								"x-aimms-maps-to": "dp::sp_username(dp::i_task)"
							},
							"dp::sp_envname": {
								"type": "string",
								"x-aimms-maps-to": "dp::sp_envname(dp::i_task)"
							},
							"dp::sp_app": {
								"type": "string",
								"x-aimms-maps-to": "dp::sp_app(dp::i_task)"
							},
							"dp::sp_ver": {
								"type": "string",
								"x-aimms-maps-to": "dp::sp_ver(dp::i_task)"
							},
							"dp::sp_service": {
								"type": "string",
								"x-aimms-maps-to": "dp::sp_service(dp::i_task)"
							},
							"dp::sp_starttime": {
								"type": "string",
								"x-aimms-maps-to": "dp::sp_starttime(dp::i_task)"
							},
							"dp::sp_stoptime": {
								"type": "string",
								"x-aimms-maps-to": "dp::sp_stoptime(dp::i_task)"
							}
						}
					}
				}
			}
		}
	}
}