{
	"$id": "https://www.aimms.com/Schema/dataset-RowOriented-schema",
	"$schema": "https://json-schema.org/draft/2020-12/schema",
	"$comment": "Schema generated by AIMMS at 2024-10-22T10:09:13",
	"type": "object",
	"properties": {
		"datasets": {
			"$ref": "#/$defs/datasets"
		}
	},
	"$defs": {
		"datasets": {
			"type": "object",
			"properties": {
				"pletCopy": {
					"type": "object",
					"properties": {
						"instance": {
							"type": "string"
						},
						"tables": {
							"type": "object",
							"properties": {
								"errorinfo": {
									"$ref": "#/$defs/errorinfo"
								},
								"errorstack": {
									"$ref": "#/$defs/errorstack"
								},
								"lastline": {
									"$ref": "#/$defs/lastline"
								},
								"loglines": {
									"$ref": "#/$defs/loglines"
								},
								"sysinfo": {
									"$ref": "#/$defs/sysinfo"
								},
								"tasks": {
									"$ref": "#/$defs/tasks"
								}
							}
						}
					}
				}
			}
		},
		"errorinfo": {
			"type": "object",
			"properties": {
				"rows": {
					"type": "object",
					"properties": {
						"meta": {
							"type": "array",
							"maxItems": 5,
							"minItems": 5,
							"items": {
								"type": "string"
							}
						},
						"data": {
							"type": "array",
							"items": {
								"type": "array",
								"maxItems": 5,
								"minItems": 5,
								"prefixItems": [
									{
										"type": "string",
										"x-aimms-binds-to": "dp::i_task",
										"x-aimms-binds-set": "dp::s_tasks"
									},
									{
										"type": "string",
										"x-aimms-binds-to": "dp::i_errno",
										"x-aimms-binds-set": "dp::s_errnos"
									},
									{
										"type": "number",
										"x-aimms-maps-to": "dp::p_severity(dp::i_task,dp::i_errno)"
									},
									{
										"type": "string",
										"x-aimms-maps-to": "dp::sp_moment(dp::i_task,dp::i_errno)"
									},
									{
										"type": "string",
										"x-aimms-maps-to": "dp::sp_message(dp::i_task,dp::i_errno)"
									}
								]
							}
						}
					}
				}
			}
		},
		"errorstack": {
			"type": "object",
			"properties": {
				"rows": {
					"type": "object",
					"properties": {
						"meta": {
							"type": "array",
							"maxItems": 6,
							"minItems": 6,
							"items": {
								"type": "string"
							}
						},
						"data": {
							"type": "array",
							"items": {
								"type": "array",
								"maxItems": 6,
								"minItems": 6,
								"prefixItems": [
									{
										"type": "string",
										"x-aimms-binds-to": "dp::i_task",
										"x-aimms-binds-set": "dp::s_tasks"
									},
									{
										"type": "string",
										"x-aimms-binds-to": "dp::i_errno",
										"x-aimms-binds-set": "dp::s_errnos"
									},
									{
										"type": "string",
										"x-aimms-binds-to": "dp::i_stacklevel",
										"x-aimms-binds-set": "dp::s_stacklevels"
									},
									{
										"type": "number",
										"x-aimms-maps-to": "dp::p_errStkLine(dp::i_task,dp::i_errno,dp::i_stacklevel)"
									},
									{
										"type": "string",
										"x-aimms-maps-to": "dp::sp_errStkAttr(dp::i_task,dp::i_errno,dp::i_stacklevel)"
									},
									{
										"type": "string",
										"x-aimms-maps-to": "dp::sp_errStkNode(dp::i_task,dp::i_errno,dp::i_stacklevel)"
									}
								]
							}
						}
					}
				}
			}
		},
		"lastline": {
			"type": "object",
			"properties": {
				"rows": {
					"type": "object",
					"properties": {
						"meta": {
							"type": "array",
							"maxItems": 2,
							"minItems": 2,
							"items": {
								"type": "string"
							}
						},
						"data": {
							"type": "array",
							"items": {
								"type": "array",
								"maxItems": 2,
								"minItems": 2,
								"prefixItems": [
									{
										"type": "string",
										"x-aimms-binds-to": "dp::i_task",
										"x-aimms-binds-set": "dp::s_tasks"
									},
									{
										"type": "number",
										"x-aimms-maps-to": "dp::p_lastline(dp::i_task)"
									}
								]
							}
						}
					}
				}
			}
		},
		"loglines": {
			"type": "object",
			"properties": {
				"rows": {
					"type": "object",
					"properties": {
						"meta": {
							"type": "array",
							"maxItems": 5,
							"minItems": 5,
							"items": {
								"type": "string"
							}
						},
						"data": {
							"type": "array",
							"items": {
								"type": "array",
								"maxItems": 5,
								"minItems": 5,
								"prefixItems": [
									{
										"type": "string",
										"x-aimms-binds-to": "dp::i_task",
										"x-aimms-binds-set": "dp::s_tasks"
									},
									{
										"type": "string",
										"x-aimms-binds-to": "dp::i_lineno",
										"x-aimms-binds-set": "dp::s_linenos"
									},
									{
										"type": "number",
										"x-aimms-maps-to": "dp::p_logLev(dp::i_task,dp::i_lineno)"
									},
									{
										"type": "string",
										"x-aimms-maps-to": "dp::sp_logMom(dp::i_task,dp::i_lineno)"
									},
									{
										"type": "string",
										"x-aimms-maps-to": "dp::sp_logMsg(dp::i_task,dp::i_lineno)"
									}
								]
							}
						}
					}
				}
			}
		},
		"sysinfo": {
			"type": "object",
			"properties": {
				"rows": {
					"type": "object",
					"properties": {
						"meta": {
							"type": "array",
							"maxItems": 2,
							"minItems": 2,
							"items": {
								"type": "string"
							}
						},
						"data": {
							"type": "array",
							"items": {
								"type": "array",
								"maxItems": 2,
								"minItems": 2,
								"prefixItems": [
									{
										"type": "string",
										"x-aimms-binds-to": "dp::i_sysInfoAttr",
										"x-aimms-binds-set": "dp::s_sysInfoAttr"
									},
									{
										"type": "string",
										"x-aimms-maps-to": "dp::sp_sysInfoVal(dp::i_sysInfoAttr)"
									}
								]
							}
						}
					}
				}
			}
		},
		"tasks": {
			"type": "object",
			"properties": {
				"rows": {
					"type": "object",
					"properties": {
						"meta": {
							"type": "array",
							"maxItems": 9,
							"minItems": 9,
							"items": {
								"type": "string"
							}
						},
						"data": {
							"type": "array",
							"items": {
								"type": "array",
								"maxItems": 9,
								"minItems": 9,
								"prefixItems": [
									{
										"type": "string",
										"x-aimms-binds-to": "dp::i_task",
										"x-aimms-binds-set": "dp::s_tasks"
									},
									{
										"type": "string",
										"x-aimms-maps-to": "dp::sp_aimmsrestsession(dp::i_task)"
									},
									{
										"type": "string",
										"x-aimms-maps-to": "dp::sp_username(dp::i_task)"
									},
									{
										"type": "string",
										"x-aimms-maps-to": "dp::sp_envname(dp::i_task)"
									},
									{
										"type": "string",
										"x-aimms-maps-to": "dp::sp_app(dp::i_task)"
									},
									{
										"type": "string",
										"x-aimms-maps-to": "dp::sp_ver(dp::i_task)"
									},
									{
										"type": "string",
										"x-aimms-maps-to": "dp::sp_service(dp::i_task)"
									},
									{
										"type": "string",
										"x-aimms-maps-to": "dp::sp_starttime(dp::i_task)"
									},
									{
										"type": "string",
										"x-aimms-maps-to": "dp::sp_stoptime(dp::i_task)"
									}
								]
							}
						}
					}
				}
			}
		}
	}
}