<?xml version="1.0"?>
<Page Version="4000" TimeStamp="2014-10-02 11:08:38">
	<Location top="23" left="4" bottom="644" right="768" />
	<PageEditSize Type="Inherited">
		<Size Width="772" Height="622" />
	</PageEditSize>
	<ProjectUUID>16D89216-2E28-47FA-B001-7809F747136F</ProjectUUID>
	<Title>"AIMMS API"</Title>
	<TemplatesTabOrderPosition>6</TemplatesTabOrderPosition>
	<ResizeData>
		<MainArea Line="FixedFromTop" Value="99">
			<TopArea Line="FixedFromLeft" Value="200" />
			<BottomArea Line="FixedFromLeft" Value="201">
				<LeftArea Line="FixedFromTop" Value="204">
					<BottomArea Line="FixedFromTop" Value="102" />
				</LeftArea>
				<RightArea Line="FixedFromTop" Value="85">
					<BottomArea Line="FixedFromTop" Value="50">
						<TopArea Line="FixedFromLeft" Value="255">
							<RightArea Line="FixedFromLeft" Value="308" />
						</TopArea>
						<BottomArea Line="FixedFromLeft" Value="255">
							<RightArea Line="FixedFromLeft" Value="308" />
						</BottomArea>
					</BottomArea>
				</RightArea>
			</BottomArea>
		</MainArea>
	</ResizeData>
	<Background>
		<UserColor GUID="7BFCCC16-7039-4FB5-885E-628E76E92387">white</UserColor>
	</Background>
	<HorizontalGridDistance>3</HorizontalGridDistance>
	<VerticalGridDistance>3</VerticalGridDistance>
	<PageObject Type="Button">
		<Location top="186" left="6" bottom="210" right="192" />
		<TabOrder>1</TabOrder>
		<ButtonType>Text</ButtonType>
		<Transparent>true</Transparent>
		<Font GUID="0BDEF216-23B3-4F0F-B5D6-83C5A7303CF9" Name="Buttons" />
		<ActionSequence>
			<Action Type="ClosePage" />
			<Action Type="LinkedPage">
				<Page PageGUID="8E165954-3070-465A-9AEB-E39E589FD0B5" Name="AIMMS Demo" />
			</Action>
		</ActionSequence>
	</PageObject>
	<PageObject Type="Button">
		<Location top="342" left="6" bottom="366" right="192" />
		<TabOrder>2</TabOrder>
		<ButtonType>Text</ButtonType>
		<Title>"Generate output file"</Title>
		<Font GUID="0BDEF216-23B3-4F0F-B5D6-83C5A7303CF9" Name="Buttons" />
		<ActionSequence>
			<Action Type="Run">
				<RunWhat>SpecificProcecure</RunWhat>
				<Procedure>RunExternalProcedure</Procedure>
				<AbortOnError>true</AbortOnError>
			</Action>
		</ActionSequence>
	</PageObject>
	<PageObject Type="Button">
		<Location top="372" left="6" bottom="396" right="192" />
		<TabOrder>3</TabOrder>
		<ButtonType>Text</ButtonType>
		<Title>"View output file"</Title>
		<Font GUID="0BDEF216-23B3-4F0F-B5D6-83C5A7303CF9" Name="Buttons" />
		<ActionSequence>
			<Action Type="Run">
				<RunWhat>SpecificProcecure</RunWhat>
				<Procedure>ViewOutput</Procedure>
				<AbortOnError>true</AbortOnError>
			</Action>
		</ActionSequence>
	</PageObject>
	<PageObject Type="Selection Object">
		<SelectionType>ListBox</SelectionType>
		<SingleSelect>true</SingleSelect>
		<Location top="237" left="216" bottom="429" right="444" />
		<TabOrder>4</TabOrder>
		<Font GUID="C82FBF27-1614-41C9-B718-A431388D2B5A" Name="General Text" />
		<TextShown>ElementName</TextShown>
		<EditField>AtTop</EditField>
		<AddAndRemoveButtons>true</AddAndRemoveButtons>
		<Border Style="InShadow" Width="2" MarginTop="1" MarginRight="1" MarginBottom="1" MarginLeft="1" />
		<BackgroundColor RGB="#ffffff" />
		<TextColor>
			<UserColor GUID="7AD9B451-F5DE-485F-AECA-A8DC146217D0">default selection</UserColor>
		</TextColor>
		<MultipleColumns>true</MultipleColumns>
		<ExplicitIdentifier>
			<Identifier>Cities(Cities)</Identifier>
		</ExplicitIdentifier>
	</PageObject>
	<PageObject Type="Composite Table">
		<Location top="237" left="461" bottom="429" right="762" />
		<TabOrder>5</TabOrder>
		<Font GUID="C82FBF27-1614-41C9-B718-A431388D2B5A" Name="General Text" />
		<Border Style="InShadow" Width="2" MarginTop="1" MarginRight="1" MarginBottom="1" MarginLeft="1" />
		<BackgroundColor RGB="#ffffff" />
		<TextColor>
			<UserColor GUID="7AD9B451-F5DE-485F-AECA-A8DC146217D0">default selection</UserColor>
		</TextColor>
		<AutomaticReSort>false</AutomaticReSort>
		<Domain>
			<Identifier>TransportCost( i, j )</Identifier>
			<Index Name="i">
				<TitleText>"From"</TitleText>
				<AllowCellSelection>false</AllowCellSelection>
			</Index>
			<Index Name="j">
				<TitleText>"To"</TitleText>
				<AllowCellSelection>false</AllowCellSelection>
			</Index>
			<AllowRowAdd>true</AllowRowAdd>
			<AllowRowDelete>true</AllowRowDelete>
		</Domain>
		<ExplicitIdentifier>
			<Identifier>TransportCost( i, j )</Identifier>
			<NumberFormat Width="5" Decimals="1" Alignment="Center" />
			<TitleText>"Transport Cost"</TitleText>
		</ExplicitIdentifier>
	</PageObject>
	<PageObject Type="Text">
		<Location top="192" left="216" bottom="225" right="444" />
		<StaticText>Add or delete elements to the set Cities</StaticText>
		<Font GUID="C82FBF27-1614-41C9-B718-A431388D2B5A" Name="General Text" />
		<TextColor>
			<UserColor GUID="7AD9B451-F5DE-485F-AECA-A8DC146217D0">default selection</UserColor>
		</TextColor>
	</PageObject>
	<PageObject Type="Text">
		<Location top="192" left="461" bottom="225" right="761" />
		<StaticText>Press Ins or Del to insert or remove</StaticText>
		<Font GUID="C82FBF27-1614-41C9-B718-A431388D2B5A" Name="General Text" />
		<TextColor>
			<UserColor GUID="7AD9B451-F5DE-485F-AECA-A8DC146217D0">default selection</UserColor>
		</TextColor>
	</PageObject>
	<PageObject Type="Rectangle">
		<Location top="312" left="6" bottom="336" right="192" />
		<FillColor>
			<UserColor GUID="A3839E01-47DC-46BB-819D-6CECB851B151">Bar Blue</UserColor>
		</FillColor>
		<LineColor>
			<UserColor GUID="A3839E01-47DC-46BB-819D-6CECB851B151">Bar Blue</UserColor>
		</LineColor>
	</PageObject>
	<PageObject Type="Text">
		<Location top="315" left="18" bottom="333" right="186" />
		<StaticText>Execution</StaticText>
		<Font GUID="107CF1DD-5B8E-41FC-BD55-10C950947E3C" Name="Headers" />
		<TextColor>
			<UserColor GUID="B5956EEA-5F3E-4BD0-85C7-9F70EB490991">Header Blue</UserColor>
		</TextColor>
	</PageObject>
	<PageObject Type="Text">
		<Location top="159" left="201" bottom="177" right="375" />
		<StaticText>  Input Tables</StaticText>
		<Font GUID="107CF1DD-5B8E-41FC-BD55-10C950947E3C" Name="Headers" />
		<TextColor>
			<UserColor GUID="B5956EEA-5F3E-4BD0-85C7-9F70EB490991">Header Blue</UserColor>
		</TextColor>
	</PageObject>
	<PageObject Type="Text">
		<Location top="192" left="18" bottom="207" right="189" />
		<StaticText>Problem Description</StaticText>
		<Font GUID="C82FBF27-1614-41C9-B718-A431388D2B5A" Name="General Text" />
		<TextColor>
			<UserColor GUID="1798981A-C40D-4713-BC08-E97545963465">Link</UserColor>
		</TextColor>
	</PageObject>
	<UsedReferences>
		<Model>
			<Symbol>Cities</Symbol>
			<Symbol>TransportCost</Symbol>
			<Symbol>RunExternalProcedure</Symbol>
			<Symbol>ViewOutput</Symbol>
			<Symbol>i</Symbol>
			<Symbol>j</Symbol>
		</Model>
	</UsedReferences>
</Page>
