<?xml version="1.0"?>
<TemplateManager>
	<Template Name="Size Template" PageGUID="3EEEA726-761A-460D-9E1C-8F0F54D2425F" CrossLibraryDuplicate="66E08D8C-5677-49B5-970F-BB85475A48BE|6A8815C4-5811-47AB-BC76-82C3180C1295|Size Template">
		<Template Name="Navigation Template" PageGUID="ABDA8602-8565-4FAC-9587-9690DEB0E886" CrossLibraryDuplicate="66E08D8C-5677-49B5-970F-BB85475A48BE|3241DDB1-55C5-441B-9DC8-359086631B74|Navigation Template">
			<Template Name="Background Info Template" PageGUID="5201887A-E93E-49E8-A727-80F56C70FA92" CrossLibraryDuplicate="66E08D8C-5677-49B5-970F-BB85475A48BE|153A8CDB-E916-4F3B-B652-41C25F2C9CB5|Background Info Template">
				<Page Name="AIMMS Demo - A Bandwidth Allocation Problem" PageGUID="CC16F2BE-FD9F-4F5E-8A86-0F1CEC1D9EC9" />
			</Template>
			<Page Name="Bandwidth Allocation Problem" PageGUID="077714AB-3875-4C9D-A3B0-67639544A4C5" />
		</Template>
	</Template>
	<Page Name="All Data Pages" PageGUID="BA5CE9CD-33F5-424A-9A80-4DDA3451615F" />
</TemplateManager>
