<?xml version="1.0"?>
<ViewDefinition Name="Domain - Range - Default">
	<Column Attribute="index domain" ColumnWidth="100" />
	<Column Attribute="range" ColumnWidth="100" />
	<Column Attribute="default" ColumnWidth="100" />
</ViewDefinition>
<ViewDefinition Name="Domain - Definition">
	<Column Attribute="index domain" ColumnWidth="100" />
	<Column Attribute="definition" ColumnWidth="100" />
</ViewDefinition>
<ViewDefinition Name="Domain - Unit">
	<Column Attribute="index domain" ColumnWidth="100" />
	<Column Attribute="unit" ColumnWidth="100" />
</ViewDefinition>
<ViewDefinition Name="Domain - Text">
	<Column Attribute="index domain" ColumnWidth="100" />
	<Column Attribute="text" ColumnWidth="100" />
</ViewDefinition>
<ViewDefinition Name="Subset of - Index">
	<Column Attribute="subset of" ColumnWidth="100" />
	<Column Attribute="index" ColumnWidth="100" />
</ViewDefinition>
