<?xml version="1.0"?>
<TemplateManager>
	<Template Name="Size Template" PageGUID="74AE2700-80E6-4549-80C9-F40E3AB9FFBB" CrossLibraryDuplicate="66E08D8C-5677-49B5-970F-BB85475A48BE|6A8815C4-5811-47AB-BC76-82C3180C1295|Size Template">
		<Template Name="Navigation Template" PageGUID="7A1A64DB-AC04-428D-9BA5-1FF0A304F375" CrossLibraryDuplicate="66E08D8C-5677-49B5-970F-BB85475A48BE|3241DDB1-55C5-441B-9DC8-359086631B74|Navigation Template">
			<Template Name="Background Info Template" PageGUID="17933F87-5AAE-4290-AA68-24DDC268E439" CrossLibraryDuplicate="66E08D8C-5677-49B5-970F-BB85475A48BE|153A8CDB-E916-4F3B-B652-41C25F2C9CB5|Background Info Template">
				<Page Name="AIMMS Demo - A Media Selection Problem" PageGUID="7CBFB455-5717-4395-B594-E917A2055BE6" />
			</Template>
			<Page Name="A Media Selection Problem" PageGUID="0633EC90-31E7-47A3-91C9-2EA464B3C88A" />
		</Template>
	</Template>
	<Page Name="All Data Pages" PageGUID="9188C4EC-2C89-47C1-85B9-A81B5E26C4FF" />
	<Page Name="[Data Page] Incidence" PageGUID="DFD0D514-613B-4B70-BD19-5A944EFA8B4D" />
</TemplateManager>
