<?xml version="1.0"?>
<PageManager>
	<Page Name="Aimms Demo" PageGUID="892CF05C-5A18-4118-9BB6-2C620E193D29">
		<Page Name="Page 1-1" PageGUID="46495D20-454F-4E26-9BEA-F3C1F3B7F417">
			<Page Name="Page 1-1-1" PageGUID="198290AF-35B4-4402-9BD7-1ECB7A6DCA91" />
			<Page Name="Page 1-1-2" PageGUID="7104CF03-0980-4277-AE29-A223CCCE753A" />
			<Page Name="Page 1-1-3" PageGUID="D3AF560C-2E56-47A2-BD0C-B1F2AF9DAAD3" />
			<Page Name="Page 1-1-4" PageGUID="0AF9B3BA-0032-42C4-A78B-3538BFC1FEB0" />
		</Page>
		<Page Name="Page 1-2" PageGUID="6725AB91-7744-4740-B3D9-D2A03B9F2328">
			<Page Name="Page 1-2-1" PageGUID="BE5B3C72-C664-4549-A6FA-99FF983E7DF4" />
			<Page Name="Page 1-2-2" PageGUID="1900ACA1-CAFB-4E1D-9016-300B6BC44633" />
			<Page Name="Page 1-2-3" PageGUID="1CCE9B69-8FC2-47CE-968E-40CA32BE3211" />
		</Page>
		<Page Name="Page 1-3" PageGUID="4ECF534F-9B12-43F3-AFFB-7A7B4371BAAC">
			<Page Name="Page 1-3-1" PageGUID="18B1C2BA-DA6F-405A-9CE6-8CBD3AB6D9C6" />
			<Page Name="Page 1-3-2" PageGUID="51EF1541-E70B-417E-83C5-E02E2342B579" />
			<Page Name="Page 1-3-3" PageGUID="243AAC10-AC02-422D-A958-6F7BCC710F73" />
			<Page Name="Page 1-3-4" PageGUID="67292474-0D00-4A9F-B240-3D6119CFC126" />
			<Page Name="Page 1-3-5" PageGUID="544128DF-D131-40FB-B359-7DD8B3CD66F2" />
		</Page>
	</Page>
</PageManager>
