<?xml version="1.0"?>
<TemplateManager>
	<Template Name="Size Template" PageGUID="80E694F4-001B-442E-9B42-6863AC1F11F2" CrossLibraryDuplicate="66E08D8C-5677-49B5-970F-BB85475A48BE|6A8815C4-5811-47AB-BC76-82C3180C1295|Size Template">
		<Template Name="Navigation Template" PageGUID="D82F953D-BA85-435D-9EB2-90AE44332E50" CrossLibraryDuplicate="66E08D8C-5677-49B5-970F-BB85475A48BE|3241DDB1-55C5-441B-9DC8-359086631B74|Navigation Template">
			<Template Name="Background Info Template" PageGUID="3935716F-BE4E-4C5A-BE8E-0D3E6CDC87BB" CrossLibraryDuplicate="66E08D8C-5677-49B5-970F-BB85475A48BE|153A8CDB-E916-4F3B-B652-41C25F2C9CB5|Background Info Template">
				<Page Name="AIMMS Demo" PageGUID="F22BD25F-046F-47BF-B41F-46ADB6B61450" />
			</Template>
			<Page Name="Tea Consumption Overview" PageGUID="3DB46BD4-6654-4208-AB8E-B6BC53483491" />
		</Template>
	</Template>
</TemplateManager>
